Item ID,continent,index,iso3,country,year,sdg_index_score,goal_1_score,goal_2_score,goal_3_score,goal_4_score,goal_5_score,goal_6_score,goal_7_score,goal_8_score,goal_9_score,goal_10_score,goal_11_score,goal_12_score,goal_13_score,goal_14_score,goal_15_score,goal_16_score,goal_17_score,discrimination_level_judge_score,ethnic_fractionalization_level_judge_score,media_freedom_score_judge_score,political_stability_judge_score,religiosity_level_judge_score,forest_share_pct,gdp,population,gdp_per_capita
4579,Asia,1,AFG,Afghanistan,2000,36.0,28.8,27.3,19.2,1.6,20.8,32.4,21.0,38.5,5.2,0.0,25.8,94.7,99.4,0.0,51.9,39.2,34.2,90,12,5,5,20,1.85,6206547590.07403,20130327.0,308.318269746638
4580,Asia,2,AFG,Afghanistan,2001,36.3,28.8,30.6,19.4,1.6,20.8,32.4,22.3,38.5,5.2,0.0,25.8,94.5,99.4,0.0,51.9,39.2,34.2,85,72,5,5,85,1.85,5621147630.73068,20284307.0,277.118051443941
4581,Asia,3,AFG,Afghanistan,2002,36.3,28.8,30.7,19.7,1.6,20.8,32.7,21.5,38.4,5.2,0.0,26.1,94.1,99.4,0.0,51.8,39.2,34.2,78,63,13,12,10,1.85,7228795918.92525,21378117.0,338.139973643387
4582,Asia,4,AFG,Afghanistan,2003,36.7,28.8,32.5,19.9,1.6,20.8,33.0,24.5,38.4,5.2,0.0,26.5,94.4,99.4,0.0,51.8,39.2,34.2,75,64,12,11,15,1.85,7867263256.28817,22733049.0,346.071627096223
4583,Asia,5,AFG,Afghanistan,2004,37.1,28.8,32.1,21.1,1.6,20.8,33.3,28.0,38.5,5.2,0.0,26.8,94.8,99.4,0.0,51.8,39.2,34.2,70,65,7,17,40,1.85,7978515641.58304,23560654.0,338.637273888197
4584,Asia,6,AFG,Afghanistan,2005,37.5,28.8,35.9,22.6,1.6,20.8,33.6,27.4,38.4,5.2,0.0,26.9,95.7,99.4,0.0,51.8,39.2,34.2,70,70,10,12,10,1.85,8874480195.58321,24404567.0,363.640141436773
4585,Asia,7,AFG,Afghanistan,2006,37.6,28.8,36.5,22.7,1.6,20.8,33.9,27.5,38.5,5.2,0.0,27.3,95.9,99.3,0.0,51.8,39.2,34.7,75,66,8,12,10,1.85,9349921885.77888,25424094.0,367.75831169358
4586,Asia,8,AFG,Afghanistan,2007,38.0,28.8,39.5,24.4,1.6,21.0,34.6,27.6,38.5,5.2,0.0,27.6,96.2,99.3,0.0,51.8,39.2,34.8,85,72,9,8,8,1.85,10642671963.1135,25909852.0,410.757728879097
4587,Asia,9,AFG,Afghanistan,2008,37.3,28.8,37.8,25.9,1.6,21.0,35.7,14.2,38.5,5.2,0.0,28.0,96.3,99.2,0.0,51.8,39.2,36.0,75,70,10,9,10,1.85,11060395115.6809,26482622.0,417.647282647498
4588,Asia,10,AFG,Afghanistan,2009,38.3,28.8,43.0,28.1,1.6,20.8,36.9,15.4,38.5,5.4,0.0,30.3,96.6,99.1,0.0,53.0,39.9,36.7,70,78,14,11,10,1.85,13426272073.2398,27466101.0,488.830652491949
4589,Asia,11,AFG,Afghanistan,2010,38.8,28.8,43.2,31.4,1.6,21.0,38.0,15.2,38.5,5.5,0.0,29.9,96.3,99.0,0.0,53.0,43.8,36.6,75,68,12,14,15,1.85,15354612541.5059,28284089.0,542.871030476037
4590,Asia,12,AFG,Afghanistan,2011,38.4,27.9,42.0,30.6,1.6,21.0,39.2,15.7,38.5,5.6,0.0,25.9,96.0,98.8,0.0,53.0,43.0,36.9,80,70,8,11,15,1.85,15420077665.5323,29347708.0,525.42698276582
4591,Asia,13,AFG,Afghanistan,2012,39.7,30.5,44.3,30.4,1.6,21.0,40.4,23.9,38.5,6.5,0.0,31.4,96.1,98.9,0.0,53.0,43.5,35.3,78,72,15,13,5,1.85,17386490239.3536,30560034.0,568.929021458341
4592,Asia,14,AFG,Afghanistan,2013,39.7,31.0,44.2,29.6,1.6,21.3,41.6,24.5,38.5,6.6,0.0,28.9,96.0,99.0,0.0,53.0,44.3,35.6,73,70,10,14,7,1.85,18360263162.7578,31622704.0,580.603833333096
4593,Asia,15,AFG,Afghanistan,2014,40.8,30.7,44.3,30.9,1.6,21.8,42.9,31.6,38.7,5.8,0.0,33.6,96.3,99.1,0.0,53.0,45.3,36.0,75,63,12,14,10,1.85,18860496494.0404,32792523.0,575.146245808546
4594,Asia,16,AFG,Afghanistan,2015,41.6,30.1,45.0,33.4,17.5,22.4,44.1,26.6,39.1,6.4,0.0,31.3,96.6,99.1,0.0,53.0,44.3,35.5,82,63,11,11,85,1.85,19134221644.7325,33831764.0,565.569730408751
4595,Asia,17,AFG,Afghanistan,2016,44.7,29.8,44.3,34.4,37.4,24.8,45.4,36.5,38.5,8.0,0.0,36.0,96.5,99.2,0.0,56.5,45.7,38.2,78,63,15,11,10,1.85,19566715174.1633,34700612.0,563.872336723147
4596,Asia,18,AFG,Afghanistan,2017,45.6,29.6,43.5,35.1,38.9,27.1,46.6,38.3,39.9,8.8,0.0,33.6,96.6,99.1,0.0,60.9,45.5,40.1,75,63,12,9,10,1.85,20084646751.4954,35688935.0,562.769574140988
4597,Asia,19,AFG,Afghanistan,2018,46.3,29.1,47.8,36.9,40.2,29.0,47.9,35.4,40.8,9.5,0.0,32.8,96.7,99.0,0.0,60.9,45.6,42.1,78,66,11,10,75,1.85,20323499020.3639,36743039.0,553.125151688293
4598,Asia,20,AFG,Afghanistan,2019,46.4,29.4,47.0,36.5,42.0,30.8,49.2,35.6,40.6,9.7,0.0,29.8,96.7,99.0,0.0,60.9,46.1,42.0,75,65,20,12,20,1.85,21118473702.3471,37856121.0,557.861533207459
4599,Asia,21,AFG,Afghanistan,2020,47.3,27.9,46.0,37.6,42.0,30.2,50.4,35.9,41.1,9.8,0.0,30.2,96.7,99.0,0.0,73.2,45.3,44.1,80,55,10,7,60,1.85,20621957125.2077,39068979.0,527.834554499306
4600,Asia,22,AFG,Afghanistan,2021,46.3,20.0,46.7,37.5,34.4,32.9,50.4,35.9,39.5,9.7,0.0,29.4,96.7,99.0,0.0,73.2,44.6,45.3,91,70,10,5,70,,16345202562.5485,40000412.0,408.625855217403
4601,Asia,23,AFG,Afghanistan,2022,49.0,12.4,46.9,37.5,34.4,32.9,50.4,35.9,39.5,9.7,0.0,24.5,96.7,99.0,0.0,73.2,44.8,45.3,85,75,11,6,75,,15325233810.1388,40578842.0,377.665627080705
4602,Europe,24,ALB,Albania,2000,65.9,96.4,47.0,73.6,81.7,36.7,68.8,75.0,61.2,17.6,84.4,74.8,84.3,90.0,35.2,66.7,66.1,60.0,12,42,22,14,5,28.08,6153077235.62289,3089027.0,1991.91435867116
4603,Europe,25,ALB,Albania,2001,65.9,96.4,46.2,74.7,82.8,37.3,69.0,73.4,61.5,17.6,84.4,74.6,84.4,89.9,36.0,66.5,65.4,60.0,25,25,23,20,10,28.12,6698469429.12028,3060173.0,2188.91854451375
4604,Europe,26,ALB,Albania,2002,65.7,96.4,45.4,74.6,82.8,37.4,69.3,71.9,61.8,17.6,84.4,75.2,83.9,89.4,35.5,66.4,65.4,59.1,15,25,18,15,5,28.17,7008501111.79519,3051010.0,2297.10853513924
4605,Europe,27,ALB,Albania,2003,65.7,96.4,43.7,74.2,81.2,37.5,69.6,72.8,62.3,17.6,84.4,75.0,83.8,88.9,37.3,66.3,65.8,59.5,10,30,25,35,7,28.22,7382282996.75923,3039616.0,2428.68934653563
4606,Europe,28,ALB,Albania,2004,66.2,96.4,44.1,75.0,80.8,38.0,69.9,74.8,62.7,17.7,84.4,75.5,83.1,89.0,38.2,69.6,65.7,60.2,15,25,24,20,8,28.26,7771053341.65332,3026939.0,2567.29763687121
4607,Europe,29,ALB,Albania,2005,66.5,96.4,44.2,74.9,80.8,38.5,70.2,75.8,62.9,18.2,88.1,75.4,83.2,88.9,38.0,70.2,65.0,60.0,20,25,20,20,8,28.31,8169772250.74253,3011487.0,2712.86983830331
4608,Europe,30,ALB,Albania,2006,66.6,96.4,44.6,74.6,80.8,38.6,70.5,74.2,63.1,18.8,88.1,75.9,83.3,89.2,38.0,70.3,65.5,59.7,30,30,30,30,5,28.36,8661509309.89701,2992547.0,2894.36032580174
4609,Europe,31,ALB,Albania,2007,66.8,96.4,45.6,75.2,82.3,38.7,70.8,73.0,62.8,19.6,88.1,75.8,82.9,89.1,39.2,72.1,63.6,59.6,30,35,28,18,10,28.4,9224515436.60112,2970017.0,3105.8796756386
4610,Europe,32,ALB,Albania,2008,67.5,96.4,48.1,75.7,80.8,38.8,71.1,76.4,64.4,21.3,89.8,77.9,83.2,88.7,39.2,72.6,63.6,59.3,30,35,30,22,7,28.45,9861658465.33864,2947314.0,3345.98161761476
4611,Europe,33,ALB,Albania,2009,68.0,96.4,47.3,77.6,78.0,43.9,71.3,79.0,64.1,24.0,89.8,77.3,83.1,88.7,39.2,72.5,64.2,59.5,20,25,32,20,8,28.5,10127011190.7491,2927519.0,3459.24695646692
4612,Europe,34,ALB,Albania,2010,69.2,96.4,49.4,79.1,79.7,44.3,71.6,80.6,63.9,24.9,89.8,78.4,83.5,88.3,44.8,79.2,63.2,59.7,10,40,33,25,15,28.54,10428102872.2706,2913021.0,3579.82413181046
4613,Europe,35,ALB,Albania,2011,69.6,96.3,49.7,80.2,83.5,44.3,71.9,78.4,64.2,26.6,89.8,79.0,83.2,87.3,44.8,79.8,65.2,58.6,33,32,32,20,5,28.59,10685000942.5337,2905195.0,3677.89457937717
4614,Europe,36,ALB,Albania,2012,70.7,95.9,50.5,81.2,87.7,46.1,72.1,81.9,64.3,30.9,93.6,78.4,83.3,89.1,44.8,80.4,64.0,57.8,35,35,34,25,8,28.65,10790155229.5092,2900401.0,3720.22876474985
4615,Europe,37,ALB,Albania,2013,70.6,94.3,50.8,80.1,90.2,48.3,72.4,83.9,62.9,33.1,93.6,72.0,83.3,88.7,46.5,80.6,61.9,58.4,10,35,34,25,15,28.7,10974367815.094,2895092.0,3790.68016321899
4616,Europe,38,ALB,Albania,2014,69.6,92.0,50.3,80.4,93.1,49.5,72.6,81.1,63.2,34.0,75.1,76.5,83.0,88.2,44.6,80.5,60.4,59.5,25,40,40,20,8,28.75,11220218560.8998,2889104.0,3883.63262828191
4617,Europe,39,ALB,Albania,2015,70.9,96.7,50.2,80.7,93.6,51.5,72.8,83.2,61.6,35.8,81.5,76.5,82.4,91.1,43.1,80.4,63.1,60.5,30,45,35,33,10,28.8,11470171826.9575,2880703.0,3981.72662261867
4618,Europe,40,ALB,Albania,2016,71.1,96.5,49.5,80.9,96.5,53.7,73.0,84.7,62.6,35.0,78.5,75.8,82.0,91.0,44.5,80.3,63.3,61.1,40,44,40,42,20,28.8,11918533446.9749,2876101.0,4143.98988316994
4619,Europe,41,ALB,Albania,2017,71.9,96.7,56.9,81.7,93.8,55.5,73.3,81.5,64.3,37.0,81.0,77.5,81.8,89.9,45.1,80.1,62.6,62.8,30,40,40,33,8,28.8,12309839868.7084,2873457.0,4283.98262744437
4620,Europe,42,ALB,Albania,2018,73.5,97.4,57.6,82.5,96.1,56.1,73.5,84.6,65.6,38.7,90.5,80.6,81.8,90.3,45.4,80.2,64.1,65.4,25,35,20,28,5,28.8,12761785703.1071,2866376.0,4452.23714652476
4621,Europe,43,ALB,Albania,2019,73.7,98.5,58.3,82.6,95.2,57.4,73.6,84.2,66.1,39.3,88.1,78.1,81.7,90.3,49.4,80.1,63.4,65.7,25,50,35,25,8,28.79,13025007474.8895,2854191.0,4563.4673625169
4622,Europe,44,ALB,Albania,2020,73.7,98.4,59.0,82.7,94.3,57.3,73.7,84.3,65.1,41.3,88.1,76.6,81.7,90.5,50.3,79.9,63.5,65.9,40,35,44,39,10,28.79,12593390460.142,2837849.0,4437.65346927974
4623,Europe,45,ALB,Albania,2021,73.7,98.5,59.1,82.1,86.8,60.7,73.7,84.3,66.1,43.6,88.1,77.4,81.7,90.6,50.2,79.8,63.6,66.1,43,40,30,46,15,,13722964212.462,2811666.0,4880.72346162808
4624,Europe,46,ALB,Albania,2022,73.5,98.6,59.3,81.9,86.8,60.8,73.7,84.3,66.2,43.6,88.1,77.4,81.7,90.6,50.2,79.6,60.7,66.1,35,45,40,46,5,,14385329993.5341,2777689.0,5178.88431481499
4625,Africa,47,DZA,Algeria,2000,65.3,95.4,48.7,69.4,71.5,29.6,60.9,58.1,59.3,19.2,97.0,71.7,89.8,89.2,66.1,54.5,64.5,65.6,35,30,20,23,8,0.66,109811551032.426,30903893.0,3553.32420521991
4626,Africa,48,DZA,Algeria,2001,66.1,95.4,51.2,70.0,73.5,30.4,60.5,59.6,59.3,19.3,97.0,71.5,89.8,89.2,69.1,60.3,64.5,63.4,20,40,17,20,10,0.68,113105897561.895,31331221.0,3610.00605631983
4627,Africa,49,DZA,Algeria,2002,66.0,95.4,45.6,70.4,75.9,32.5,59.9,59.6,59.3,19.8,97.0,71.3,89.3,89.0,69.3,60.3,64.5,63.3,10,38,20,35,10,0.69,119213616030.237,31750835.0,3754.66081538446
4628,Africa,50,DZA,Algeria,2003,66.6,95.4,48.1,70.9,76.4,33.2,59.4,59.9,60.5,19.2,97.0,71.1,89.5,89.0,69.8,62.3,64.5,65.5,50,45,25,40,5,0.71,126962501072.943,32175818.0,3945.89816094007
4629,Africa,51,DZA,Algeria,2004,67.2,95.4,47.4,71.0,77.1,33.8,59.0,61.4,63.9,19.6,97.0,70.9,89.4,89.2,69.9,69.3,64.5,64.2,35,25,25,35,7,0.72,132675813620.929,32628286.0,4066.28204806495
4630,Africa,52,DZA,Algeria,2005,67.7,95.4,47.4,72.0,80.3,34.5,58.6,60.0,65.3,19.4,97.0,71.0,89.7,88.3,71.4,69.6,64.5,67.1,10,37,35,18,5,0.73,139840307556.055,33109249.0,4223.60252133943
4631,Africa,53,DZA,Algeria,2006,68.4,95.4,53.7,73.2,79.3,35.4,58.2,61.3,67.0,19.8,97.0,70.8,89.6,88.7,71.4,69.6,64.6,67.1,30,40,30,20,10,0.75,143895676473.864,33623506.0,4279.61547120827
4632,Africa,54,DZA,Algeria,2007,68.3,95.4,52.8,73.4,77.7,36.6,57.7,61.7,66.1,20.2,97.0,70.6,89.4,88.4,71.0,69.6,64.7,68.0,35,45,20,40,20,0.76,148356442446.405,34189416.0,4339.25055772831
4633,Africa,55,DZA,Algeria,2008,68.3,95.4,51.3,73.3,77.8,37.0,57.3,62.7,67.5,20.4,97.0,70.4,89.1,88.4,70.5,70.9,64.6,67.8,53,50,30,45,10,0.78,152065353506.518,34816961.0,4367.56538017541
4634,Africa,56,DZA,Algeria,2009,68.8,95.4,54.1,73.9,80.8,37.5,57.4,61.3,68.1,20.8,97.0,70.3,89.2,88.0,69.0,72.7,64.7,69.8,40,30,20,52,15,0.79,153890137748.132,35490445.0,4336.10054052949
4635,Africa,57,DZA,Algeria,2010,69.0,95.4,54.6,76.0,79.6,37.9,57.5,63.4,68.2,21.0,97.0,70.4,89.4,88.2,65.0,72.7,67.4,69.0,10,40,18,48,10,0.81,161276864361.482,36188236.0,4456.6102741643
4636,Africa,58,DZA,Algeria,2011,69.4,96.1,54.6,75.9,81.8,38.5,57.6,64.3,68.2,21.4,97.0,70.2,89.0,88.0,63.3,73.3,68.7,71.8,8,40,25,18,10,0.81,166115170291.39,36903376.0,4501.3543013352
4637,Africa,59,DZA,Algeria,2012,71.2,96.4,55.5,76.8,90.8,51.8,57.7,64.4,67.7,21.8,97.0,71.9,89.2,87.8,63.6,73.3,68.8,75.5,30,30,30,35,10,0.81,170101934378.955,37646166.0,4518.43978956464
4638,Africa,60,DZA,Algeria,2013,71.2,96.8,56.0,77.3,86.4,53.0,57.8,64.4,68.3,22.6,97.0,71.6,89.1,87.4,65.5,73.3,69.5,74.8,63,40,20,35,5,0.81,174524584673.849,38414171.0,4543.23444006767
4639,Africa,61,DZA,Algeria,2014,71.8,97.0,53.9,78.6,84.6,53.0,57.8,64.4,70.7,30.0,97.0,72.9,88.9,86.8,66.6,73.3,69.5,75.6,47,42,25,55,10,0.82,181680092643.147,39205031.0,4634.10149179952
4640,Africa,62,DZA,Algeria,2015,72.2,97.2,55.1,79.4,83.6,54.1,57.8,64.6,70.2,34.3,97.0,72.2,89.0,87.5,65.1,73.3,69.2,77.0,40,30,28,52,15,0.82,187493855609.345,40019529.0,4685.05902729002
4641,Africa,63,DZA,Algeria,2016,71.9,97.3,54.3,77.3,84.5,54.9,57.9,65.1,70.8,39.0,97.0,65.3,89.1,88.0,64.9,73.3,68.0,75.2,35,38,25,60,5,0.82,194806115978.439,40850721.0,4768.73140081027
4642,Africa,64,DZA,Algeria,2017,72.0,97.3,54.2,77.0,84.6,52.3,57.9,65.6,69.5,43.5,97.0,68.6,89.2,88.0,63.2,73.3,68.5,74.6,45,30,30,30,10,0.82,197728207716.082,41689299.0,4742.90075532529
4643,Africa,65,DZA,Algeria,2018,71.7,97.4,57.1,75.8,88.1,49.4,58.0,65.2,69.5,44.7,97.0,68.7,89.3,88.4,63.5,61.8,69.2,75.8,65,33,30,35,5,0.82,200496402625.853,42505035.0,4717.0035885361
4644,Africa,66,DZA,Algeria,2019,70.8,97.5,58.0,75.8,76.9,49.9,58.0,65.4,69.2,47.9,97.0,62.2,89.2,88.3,64.8,62.1,64.0,77.0,10,30,25,28,10,0.82,202300870247.92,43294546.0,4672.66408678635
4645,Africa,67,DZA,Algeria,2020,71.3,97.1,57.6,77.0,77.0,49.8,58.0,65.5,66.8,49.9,97.0,67.1,89.2,88.7,64.8,62.0,66.2,77.8,30,35,25,37,7,0.82,192185826737.373,44042091.0,4363.68533767783
4646,Africa,68,DZA,Algeria,2021,71.0,97.3,57.5,76.8,69.3,40.9,58.0,65.5,67.4,53.2,97.0,64.7,89.2,88.6,64.8,67.1,67.7,81.3,35,28,25,32,15,,199488888151.485,44761099.0,4456.74687637774
4647,Africa,69,DZA,Algeria,2022,70.8,97.7,57.6,77.3,70.1,41.0,58.0,65.5,67.5,53.9,97.0,62.6,89.2,88.6,64.8,67.1,65.3,81.1,45,35,18,50,10,,206670488126.832,45477389.0,4544.46688060372
4671,Africa,93,AGO,Angola,2000,47.8,55.1,44.4,21.9,35.6,37.4,43.6,14.1,63.5,5.3,15.5,50.6,94.3,93.8,68.5,67.1,39.6,62.4,15,40,15,25,15,62.33,31304495193.7788,16194869.0,1932.98847886814
4672,Africa,94,AGO,Angola,2001,47.7,55.1,45.2,21.9,35.6,37.9,44.3,13.1,63.5,5.3,15.5,50.6,94.1,93.8,65.0,67.1,39.6,64.0,35,55,12,19,15,61.89,32621161809.6533,16747208.0,1947.85672988915
4673,Africa,95,AGO,Angola,2002,47.4,55.1,45.9,22.7,35.6,38.3,45.0,14.9,63.6,5.3,15.5,50.6,94.3,93.4,67.7,67.1,39.6,51.6,40,66,15,20,10,61.44,37079068252.7358,17327699.0,2139.87259662901
4674,Africa,96,AGO,Angola,2003,47.8,55.1,46.9,22.9,35.6,38.8,45.6,15.2,63.6,5.3,15.5,51.0,94.2,94.0,67.9,67.1,39.6,54.4,55,60,15,35,10,61.0,38187732393.4926,17943712.0,2128.19579323903
4675,Africa,97,AGO,Angola,2004,47.7,55.1,47.4,23.1,35.6,39.1,46.3,15.5,63.6,5.3,15.5,51.4,94.2,92.7,67.4,67.1,39.6,52.8,20,60,20,18,12,60.55,42369289092.8509,18600423.0,2277.86696532928
4676,Africa,98,AGO,Angola,2005,47.8,55.1,48.4,23.3,35.6,39.5,46.9,17.8,63.6,5.3,15.5,51.9,94.1,92.7,66.7,67.1,39.6,48.9,20,35,10,38,5,60.11,48737393239.5031,19291161.0,2526.41057941008
4677,Africa,99,AGO,Angola,2006,48.6,55.1,48.2,23.8,35.6,40.0,47.5,19.8,63.7,5.3,15.5,50.6,94.2,92.4,66.1,67.1,39.6,62.4,30,63,10,20,8,59.66,54366562157.632,20015279.0,2716.25302638209
4678,Africa,100,AGO,Angola,2007,49.0,55.1,48.3,25.9,35.6,40.5,48.0,20.3,63.7,5.3,15.5,51.0,93.8,92.2,66.5,67.1,39.6,64.0,10,40,18,33,5,59.21,61983317520.5949,20778561.0,2983.0418728513
4679,Africa,101,AGO,Angola,2008,51.4,55.1,48.7,26.3,35.6,52.3,48.6,24.9,63.6,5.3,39.4,49.7,93.4,92.2,68.2,67.1,39.6,64.3,10,47,10,25,7,58.77,68906854084.0594,21578655.0,3193.28772270836
4680,Africa,102,AGO,Angola,2009,50.9,55.1,52.5,26.7,35.0,53.5,49.1,24.2,63.7,5.3,39.4,50.1,93.3,92.1,67.9,67.1,39.6,51.1,30,60,12,30,10,58.32,69499453030.6657,22414773.0,3100.60927365473
4681,Africa,103,AGO,Angola,2010,51.8,55.1,55.1,29.6,35.3,53.9,49.7,25.3,60.5,5.4,39.4,49.4,93.7,92.1,68.8,67.1,39.6,60.6,35,60,15,32,8,57.88,72556300249.883,23294825.0,3114.69608592822
4682,Africa,104,AGO,Angola,2011,52.5,55.0,57.3,31.2,36.1,54.1,50.2,25.3,61.7,5.7,39.4,49.8,93.6,91.5,67.5,67.1,43.3,64.1,30,66,15,45,8,57.43,75075493556.7676,24218352.0,3099.9422899117
4683,Africa,105,AGO,Angola,2012,52.4,54.5,55.1,30.7,36.1,52.5,50.8,26.4,61.3,12.0,39.4,48.4,93.7,91.9,67.5,67.1,41.8,60.8,35,43,18,35,10,56.99,81488522604.1031,25177394.0,3236.57494513146
4684,Africa,106,AGO,Angola,2013,53.1,53.1,57.6,31.1,36.1,52.3,51.3,31.8,60.8,13.3,39.4,48.1,93.5,91.8,66.8,67.1,45.5,62.9,42,55,15,35,6,56.54,85525963563.9192,26165620.0,3268.63890723473
4685,Africa,107,AGO,Angola,2014,52.0,53.7,55.4,32.0,38.5,54.2,51.9,27.0,58.9,12.5,39.4,44.8,93.4,90.4,65.8,67.1,42.9,56.1,35,50,18,35,15,56.1,89650503847.7041,27160769.0,3300.73510980871
4686,Africa,108,AGO,Angola,2015,52.2,49.7,58.4,33.1,38.5,53.6,52.4,34.1,58.9,12.8,39.4,45.4,93.7,91.7,69.7,67.1,42.2,46.4,30,58,17,40,10,55.65,90496420506.5957,28157798.0,3213.90261080059
4687,Africa,109,AGO,Angola,2016,52.1,47.6,58.1,32.7,42.2,53.1,52.9,34.9,58.9,13.1,39.4,44.2,94.1,94.4,68.6,67.1,42.6,42.6,20,50,18,40,12,55.21,88161567931.4379,29183070.0,3020.98332805417
4688,Africa,110,AGO,Angola,2017,52.1,44.2,57.5,33.0,42.2,49.9,53.5,36.5,58.9,13.6,39.4,44.5,94.0,94.9,69.3,67.1,42.6,43.8,20,63,18,20,7,54.76,88031782694.3787,30234839.0,2911.60084214038
4689,Africa,111,AGO,Angola,2018,50.9,38.4,57.1,34.4,42.2,49.9,54.0,41.3,59.0,12.8,16.5,43.2,94.1,96.0,67.4,66.2,43.0,50.3,25,55,18,30,7,54.32,86872966032.8735,31297155.0,2775.74642272991
4690,Africa,112,AGO,Angola,2019,50.7,34.1,56.2,35.3,42.2,49.8,54.1,43.1,57.6,13.6,16.5,43.2,94.1,96.2,67.7,66.2,42.6,49.8,10,40,15,40,7,53.87,86262880684.9456,32375632.0,2664.43850995544
4691,Africa,113,AGO,Angola,2020,50.8,31.1,55.1,35.1,42.2,49.8,54.3,43.6,58.7,13.5,16.5,43.2,94.1,96.3,67.5,66.2,44.0,51.9,25,58,15,33,10,53.43,81399194250.7301,33451132.0,2433.37637275564
4692,Africa,114,AGO,Angola,2021,51.0,32.8,54.9,35.2,44.6,49.7,54.3,43.6,58.8,13.7,16.5,43.2,94.1,96.3,67.4,66.3,44.4,50.8,20,59,15,40,7,,82375341952.5616,34532429.0,2385.44881834294
4693,Africa,115,AGO,Angola,2022,50.8,33.2,54.8,35.2,44.6,49.7,54.3,43.6,59.0,13.7,16.5,43.2,94.1,96.3,67.4,66.3,41.6,50.4,40,60,21,60,8,,84883445838.1604,35635029.0,2382.02263952585
4717,South America,139,ARG,Argentina,2000,66.2,96.3,67.9,76.6,94.5,71.6,75.2,68.3,66.8,24.8,16.8,76.0,78.6,89.0,60.9,53.6,53.1,55.8,30,30,30,21,5,12.2,395646066535.875,37213984.0,10631.6503639029
4718,South America,140,ARG,Argentina,2001,66.1,96.3,68.2,76.6,94.6,71.6,75.4,69.9,65.6,25.2,13.7,76.1,78.9,89.4,59.7,53.8,53.1,56.0,15,30,24,6,8,12.08,378202665751.853,37624825.0,10051.9448463043
4719,South America,141,ARG,Argentina,2002,66.3,96.3,68.7,78.3,94.5,73.8,75.6,70.3,64.3,25.4,13.0,76.3,79.6,89.9,59.9,54.0,52.8,53.9,30,20,17,9,8,11.97,336999433710.193,38029349.0,8861.56199282278
4720,South America,142,ARG,Argentina,2003,66.7,96.3,67.8,79.1,93.2,73.8,75.8,70.1,66.7,25.6,17.0,76.4,78.9,89.5,61.2,54.6,53.2,55.3,20,25,50,35,5,11.85,366780211148.674,38424282.0,9545.53194119994
4721,South America,143,ARG,Argentina,2004,67.0,96.3,68.7,79.2,92.5,75.3,76.0,69.2,67.7,26.3,20.6,76.7,78.4,88.6,61.2,54.8,53.7,54.8,20,15,25,30,10,11.73,399898899166.738,38815916.0,10302.4465316428
4722,South America,144,ARG,Argentina,2005,67.8,96.3,68.8,79.9,92.9,76.5,76.2,69.7,68.8,26.6,21.5,76.7,78.4,88.5,66.3,55.2,53.8,55.6,20,40,40,18,7,11.62,435296589745.339,39216789.0,11099.7509190602
4723,South America,145,ARG,Argentina,2006,67.9,96.3,67.2,79.1,92.2,75.9,76.4,69.9,69.6,27.5,23.5,77.0,78.1,88.0,67.2,55.2,54.4,56.7,30,28,30,50,5,11.5,470325565798.353,39622115.0,11870.2791559298
4724,South America,146,ARG,Argentina,2007,68.1,96.3,68.0,78.3,91.7,78.5,76.6,69.3,70.5,28.3,23.7,76.2,77.5,88.1,67.2,55.2,53.7,58.3,30,43,45,45,7,11.39,512690850741.56,40016763.0,12811.9021206578
4725,South America,147,ARG,Argentina,2008,68.3,96.3,67.9,78.1,92.2,78.5,76.7,69.1,70.8,28.8,27.5,74.9,78.0,87.6,65.2,55.5,53.0,60.2,25,35,34,45,7,11.27,533491913656.279,40424148.0,13197.3570267029
4726,South America,148,ARG,Argentina,2009,69.3,96.3,65.0,79.7,92.6,77.7,76.9,70.1,70.4,30.4,34.2,80.6,79.5,88.0,63.0,56.8,53.1,64.3,30,30,45,35,5,11.16,501917060966.235,40854831.0,12285.3784651865
4727,South America,149,ARG,Argentina,2010,69.9,96.3,68.8,80.0,93.4,77.7,77.1,70.5,70.9,32.0,34.7,83.0,78.7,87.8,61.7,56.8,54.3,64.2,30,32,30,42,10,11.04,552738161802.463,41288694.0,13387.1553748458
4728,South America,150,ARG,Argentina,2011,70.3,97.3,68.8,80.4,93.8,77.1,77.3,70.7,71.1,34.9,39.6,81.9,78.1,86.5,60.6,56.8,56.1,63.9,20,50,35,30,8,10.96,585924294024.785,41730660.0,14040.6189124444
4729,South America,151,ARG,Argentina,2012,70.7,97.3,67.4,80.5,93.8,77.1,77.5,70.9,71.2,37.1,46.4,80.1,78.5,86.8,60.1,57.1,55.2,65.6,30,10,30,40,7,10.88,579910247223.428,42161721.0,13754.4254235596
4730,South America,152,ARG,Argentina,2013,71.1,97.5,68.3,80.7,95.0,76.1,77.6,71.3,71.2,39.8,48.0,79.5,78.3,86.6,61.4,57.0,54.7,66.2,15,35,35,33,7,10.8,593858966307.156,42582455.0,13946.0950832252
4731,South America,153,ARG,Argentina,2014,71.9,97.3,68.4,81.7,96.2,76.3,77.7,71.9,73.8,42.9,45.5,84.4,78.4,87.5,61.6,57.1,54.9,66.9,30,35,30,40,8,10.71,578937574935.696,43024071.0,13456.1319159151
4732,South America,154,ARG,Argentina,2015,72.9,97.4,68.2,81.4,96.7,76.5,77.8,71.8,75.8,47.0,45.5,85.3,78.4,86.6,67.5,57.2,58.0,68.3,15,37,25,36,7,10.63,594749285413.212,43477012.0,13679.6264980954
4733,South America,155,ARG,Argentina,2016,72.1,97.3,68.7,81.3,96.2,76.3,77.9,72.0,75.5,47.4,43.1,81.7,78.1,87.4,62.2,57.3,58.8,65.1,30,38,35,40,10,10.59,582376550428.09,43900313.0,13265.8860639123
4734,South America,156,ARG,Argentina,2017,72.9,97.5,69.9,80.1,95.5,77.7,77.9,72.6,74.5,52.4,47.5,82.9,78.2,87.3,60.9,57.3,61.3,66.2,30,43,35,40,10,10.56,598790850843.677,44288894.0,13520.1129846159
4735,South America,157,ARG,Argentina,2018,73.0,96.8,68.1,80.8,95.9,78.7,77.9,72.8,74.2,53.7,46.6,83.1,78.3,88.9,61.2,59.1,62.7,62.9,35,38,40,40,18,10.52,583118120294.002,44654882.0,13058.3285449954
4736,South America,158,ARG,Argentina,2019,73.0,96.1,69.5,81.5,97.2,79.6,77.9,73.0,74.0,53.0,38.2,85.7,78.1,89.0,61.4,59.2,64.1,63.5,25,35,48,35,15,10.48,571450737224.442,44973465.0,12706.3978108968
4737,South America,159,ARG,Argentina,2020,72.7,95.9,68.9,80.0,97.9,80.0,77.9,73.0,73.0,52.8,41.1,80.9,78.1,89.4,61.5,59.1,62.5,64.1,45,45,45,40,7,10.44,514874343768.066,45191965.0,11393.0505957877
4738,South America,160,ARG,Argentina,2021,73.4,96.5,68.7,80.3,97.9,82.1,77.9,73.0,78.0,54.1,41.1,81.7,78.1,88.8,61.7,60.0,61.5,66.2,35,38,33,40,5,,568636554720.066,45312281.0,12549.2811699342
4739,South America,161,ARG,Argentina,2022,73.7,96.8,68.7,81.0,97.9,82.6,77.9,73.0,79.2,54.6,41.1,83.4,78.1,88.8,61.7,60.0,61.7,66.2,41,38,50,35,7,,598603016935.287,45407904.0,13182.7933950725
4740,Asia,162,ARM,Armenia,2000,66.9,88.8,49.4,63.9,68.6,47.2,67.1,69.0,68.0,19.1,70.6,80.0,91.7,94.6,0.0,59.3,76.8,56.1,10,30,18,28,10,11.68,3959424772.65728,3221100.0,1229.21510436102
4741,Asia,163,ARM,Armenia,2001,67.2,88.8,52.2,64.7,68.5,47.3,67.9,69.0,68.0,19.4,70.6,80.1,91.8,94.5,0.0,59.3,76.8,56.2,5,10,20,18,5,11.68,4339529550.80371,3211800.0,1351.12072694555
4742,Asia,164,ARM,Armenia,2002,67.4,88.8,50.4,64.8,68.5,47.4,68.1,71.1,68.1,19.4,72.5,80.3,91.5,94.7,0.0,59.8,77.0,55.4,25,10,20,20,10,11.67,4912347451.42022,3199800.0,1535.20452885187
4743,Asia,165,ARM,Armenia,2003,67.8,88.8,50.0,65.6,67.3,48.2,67.1,72.3,68.2,20.2,78.6,80.3,91.4,94.5,0.0,59.8,77.0,55.4,5,10,17,25,5,11.66,5600076094.6952,3182500.0,1759.64684829386
4744,Asia,166,ARM,Armenia,2004,67.1,88.8,55.1,65.3,68.5,48.7,64.9,72.5,68.4,20.1,62.2,80.5,91.1,94.4,0.0,59.7,77.3,56.2,30,30,15,20,15,11.65,6188084084.57212,3164900.0,1955.22262459229
4745,Asia,167,ARM,Armenia,2005,67.5,88.8,52.8,65.3,72.5,48.4,63.8,71.6,68.5,20.4,67.8,80.6,90.9,94.0,0.0,59.6,77.4,57.8,30,38,20,25,5,11.65,7048227772.27278,3146400.0,2240.09273209788
4746,Asia,168,ARM,Armenia,2006,68.9,88.8,47.9,65.7,75.5,48.5,63.8,72.2,68.6,20.3,90.2,80.8,90.3,94.0,0.0,59.5,77.9,58.3,30,25,18,25,10,11.64,7978593838.17516,3127100.0,2551.43546358452
4747,Asia,169,ARM,Armenia,2007,69.0,88.8,54.3,67.3,76.7,50.5,63.1,71.7,68.7,20.5,85.9,74.0,90.0,93.6,0.0,59.4,79.8,60.2,20,15,25,25,15,11.63,9071661194.12856,3107400.0,2919.3734936373
4748,Asia,170,ARM,Armenia,2008,69.5,88.8,54.6,66.9,75.2,50.2,63.9,71.1,68.5,20.5,92.4,78.6,90.2,93.3,0.0,59.3,77.6,61.5,20,30,25,20,15,11.63,9697605816.5624,3087100.0,3141.33193500774
4749,Asia,171,ARM,Armenia,2009,70.4,88.8,53.2,66.6,78.1,50.7,66.0,72.7,68.6,22.4,96.2,79.0,90.1,93.9,0.0,61.0,76.4,62.7,10,38,20,20,8,11.62,8330243396.35924,3066000.0,2716.97436280471
4750,Asia,172,ARM,Armenia,2010,70.6,88.8,52.9,69.4,77.2,54.4,67.8,74.4,68.2,24.9,89.3,76.9,90.5,94.0,0.0,61.0,77.7,61.8,35,30,20,22,10,11.61,8513508751.09706,3044800.0,2796.08143428043
4751,Asia,173,ARM,Armenia,2011,70.9,90.1,55.8,70.3,76.0,54.1,66.5,73.7,68.0,29.1,91.7,74.5,90.4,93.7,0.0,61.9,77.7,61.7,30,37,20,30,5,11.6,8913643662.28574,3027900.0,2943.83687119315
4752,Asia,174,ARM,Armenia,2012,71.1,90.5,55.2,70.8,76.7,55.3,64.4,72.9,67.7,30.9,90.7,76.9,90.0,93.8,0.0,61.9,78.6,60.8,35,30,35,30,10,11.6,9555426006.05632,3024100.0,3159.75860786889
4753,Asia,175,ARM,Armenia,2013,71.0,90.8,56.6,71.5,76.8,55.3,64.5,73.0,67.6,31.5,87.9,74.9,89.6,93.7,0.0,61.9,79.3,61.5,25,20,28,30,12,11.59,9870755064.25618,3022000.0,3266.29882999873
4754,Asia,176,ARM,Armenia,2014,71.1,90.6,58.5,71.8,75.5,55.3,65.1,73.2,67.4,34.0,84.4,76.7,89.7,93.7,0.0,61.9,79.1,61.4,15,35,20,35,10,11.58,10226102246.6276,3013800.0,3393.09252326884
4755,Asia,177,ARM,Armenia,2015,71.1,91.9,58.5,73.0,75.9,55.5,63.4,75.4,67.2,35.5,81.1,74.1,89.8,94.3,0.0,61.9,79.3,61.3,10,25,20,45,10,11.57,10553337518.414,3004600.0,3512.39350276709
4756,Asia,178,ARM,Armenia,2016,71.0,91.3,55.8,73.7,71.8,55.4,63.9,76.3,67.0,37.5,81.6,77.6,88.2,94.3,0.0,61.9,78.0,61.0,35,30,20,23,5,11.57,10574444193.4325,2992300.0,3533.88503607007
4757,Asia,179,ARM,Armenia,2017,71.1,91.4,52.7,74.4,73.3,59.2,65.5,76.0,72.1,38.8,76.9,77.0,88.7,93.5,0.0,61.9,75.8,61.0,35,25,22,35,15,11.56,11367527508.1135,2979400.0,3815.3747426037
4758,Asia,180,ARM,Armenia,2018,71.1,91.0,54.1,75.3,74.0,59.2,66.3,74.6,71.9,42.9,73.5,73.3,88.5,92.5,0.0,61.9,78.0,60.3,25,35,35,20,30,11.55,11958638938.496,2969000.0,4027.83393010979
4759,Asia,181,ARM,Armenia,2019,72.6,91.1,52.3,76.9,73.2,62.7,65.6,74.4,72.5,44.0,89.4,76.8,88.4,92.2,0.0,61.9,77.8,62.3,15,37,30,30,15,11.54,12867495497.6469,2962500.0,4343.45839583019
4760,Asia,182,ARM,Armenia,2020,74.1,94.4,53.0,76.8,77.0,63.4,65.6,74.4,72.5,45.2,100.0,76.8,88.4,92.1,0.0,61.9,79.3,64.5,30,35,40,30,5,11.54,11941035821.9185,2961500.0,4032.09043454955
4761,Asia,183,ARM,Armenia,2021,73.7,95.0,53.6,76.8,66.7,68.4,65.6,74.4,73.6,46.7,100.0,75.2,88.4,91.9,0.0,61.9,76.0,64.7,30,18,28,25,10,,12633615899.6682,2962300.0,4264.79961505187
4762,Asia,184,ARM,Armenia,2022,73.3,96.3,53.6,77.0,66.7,68.4,65.6,74.4,73.4,46.7,100.0,75.6,88.4,91.9,0.0,61.9,75.6,64.6,30,38,28,24,5,,14225451502.9981,2969200.0,4791.00481712183
4763,Oceania,185,AUS,Australia,2000,70.7,99.7,63.3,90.5,71.7,72.2,93.8,70.6,85.6,77.6,80.9,82.2,47.0,3.4,52.7,59.3,85.1,66.2,10,40,50,75,5,17.16,872651653770.258,19028802.0,45859.5162097045
4764,Oceania,186,AUS,Australia,2001,70.9,99.7,62.9,91.0,74.5,72.2,93.8,71.1,85.4,78.5,80.9,82.2,47.5,3.1,51.4,59.2,85.2,66.2,15,20,60,70,10,17.13,890323770708.066,19274701.0,46191.3142366289
4765,Oceania,187,AUS,Australia,2002,71.4,99.7,63.4,91.2,74.5,73.5,93.8,71.0,85.6,79.1,80.9,82.2,46.5,3.1,56.5,60.1,85.1,66.6,15,8,65,70,5,17.1,925754967998.798,19495210.0,47486.2783216389
4766,Oceania,188,AUS,Australia,2003,70.9,99.7,57.3,91.7,73.9,73.6,93.8,70.4,85.8,79.1,80.9,82.3,45.8,2.8,57.1,60.1,85.2,66.5,15,30,70,79,7,17.07,954367849882.364,19720737.0,48394.1269478095
4767,Oceania,189,AUS,Australia,2004,71.4,99.7,63.0,91.8,74.2,73.3,93.8,70.3,86.0,79.5,81.5,82.4,45.1,2.0,59.4,60.1,85.3,66.8,18,25,62,79,5,17.04,994683066030.821,19932722.0,49902.0187022536
4768,Oceania,190,AUS,Australia,2005,71.5,99.7,61.0,92.1,74.7,73.4,93.8,69.9,86.2,81.0,81.5,82.5,45.1,2.1,60.9,60.0,85.3,66.7,15,20,75,75,7,17.01,1026057036344.3,20176844.0,50853.1976727529
4769,Oceania,191,AUS,Australia,2006,71.7,99.7,62.6,92.3,74.8,73.7,93.8,69.9,86.3,82.7,81.5,82.6,45.0,2.0,60.3,60.2,85.3,66.4,15,30,70,65,10,16.98,1054328458936.16,20450966.0,51553.9685966991
4770,Oceania,192,AUS,Australia,2007,71.5,99.7,56.1,92.4,75.0,74.8,93.8,70.1,86.4,83.3,81.5,82.3,44.7,1.9,62.5,60.8,84.5,66.6,20,28,58,70,5,16.95,1094111663603.91,20827622.0,52531.7611201084
4771,Oceania,193,AUS,Australia,2008,71.5,99.7,57.8,92.6,75.0,75.1,93.9,69.7,86.5,84.4,78.2,81.6,45.2,2.2,61.4,60.9,84.7,66.7,30,20,68,70,8,16.92,1133349428616.57,21249199.0,53336.1012157008
4772,Oceania,194,AUS,Australia,2009,71.8,99.7,59.4,92.7,75.2,75.6,93.9,69.9,85.9,84.8,78.2,81.7,45.8,2.6,61.6,61.6,84.9,67.9,10,25,65,65,6,16.89,1154798699180.01,21691653.0,53237.0077642312
4773,Oceania,195,AUS,Australia,2010,72.2,99.7,58.9,94.0,75.3,74.5,93.9,70.4,85.9,84.9,79.2,84.6,45.1,3.3,62.2,61.7,85.1,68.4,18,15,75,79,10,16.86,1180435002406.5,22031750.0,53578.8125049759
4774,Oceania,196,AUS,Australia,2011,72.2,99.7,59.9,94.1,74.0,74.6,93.9,70.7,85.8,88.5,79.2,82.5,44.5,3.0,62.9,62.0,84.8,67.9,15,40,70,70,8,16.96,1208849019421.68,22340024.0,54111.357240336
4775,Oceania,197,AUS,Australia,2012,72.5,99.6,60.6,94.0,74.2,74.7,93.9,70.6,85.8,90.8,79.2,84.4,44.5,3.3,63.1,62.2,84.9,67.4,12,30,65,77,5,17.05,1256196122893.84,22733465.0,55257.5739287362
4776,Oceania,198,AUS,Australia,2013,73.7,99.6,58.4,94.4,89.7,77.5,93.9,71.1,85.6,91.7,79.2,85.0,44.9,4.4,63.0,62.7,83.9,67.6,15,33,65,75,2,17.14,1288884775424.06,23128129.0,55728.0174035719
4777,Oceania,199,AUS,Australia,2014,73.9,99.5,58.4,94.6,91.0,77.4,93.9,71.7,85.4,91.8,76.5,84.5,45.4,6.5,63.3,63.0,83.6,69.1,10,45,60,70,5,17.23,1322334997273.41,23475686.0,56327.8533063277
4778,Oceania,200,AUS,Australia,2015,74.5,99.6,57.8,95.2,92.9,78.1,93.9,71.3,84.8,90.9,76.5,86.7,46.4,11.1,64.2,62.9,85.1,69.9,33,30,65,75,5,17.32,1351296372254.31,23815995.0,56739.0265346593
4779,Oceania,201,AUS,Australia,2016,75.0,99.6,57.3,95.3,94.7,79.5,93.9,71.7,85.0,91.2,80.0,85.6,46.3,11.7,64.5,63.5,84.9,69.8,15,30,65,79,7,17.35,1388583854795.63,24190907.0,57401.0662268939
4780,Oceania,202,AUS,Australia,2017,75.3,99.5,60.4,95.6,92.8,79.7,93.9,72.0,86.6,91.0,80.0,87.7,46.1,10.5,65.3,63.6,84.9,70.1,15,20,60,55,7,17.37,1420237898460.73,24592588.0,57750.6482221688
4781,Oceania,203,AUS,Australia,2018,75.1,99.3,57.5,95.5,92.6,79.9,93.9,72.1,86.1,91.5,77.9,85.3,46.8,14.1,65.2,64.0,84.8,69.9,25,35,70,79,7,17.4,1461119016244.31,24963258.0,58530.7821697117
4782,Oceania,204,AUS,Australia,2019,75.2,99.3,57.0,95.6,91.0,81.0,93.9,72.2,85.9,91.8,77.9,87.0,46.7,14.6,65.8,64.2,84.4,70.4,20,33,75,65,7,17.42,1492847874023.89,25334826.0,58924.733646242
4783,Oceania,205,AUS,Australia,2020,75.4,99.3,56.7,95.4,89.6,81.1,93.9,72.2,84.1,92.2,79.2,89.0,46.7,16.0,65.9,64.1,83.7,71.9,20,45,75,75,7,17.44,1491062566266.52,25649248.0,58132.798523626
4784,Oceania,206,AUS,Australia,2021,76.0,99.3,58.4,95.4,89.6,81.7,93.9,72.2,85.7,92.2,79.2,89.4,52.3,16.9,65.9,62.9,82.9,73.2,15,45,72,75,8,,1522541404227.63,25685412.0,59276.503107197
4785,Oceania,207,AUS,Australia,2022,75.9,99.3,58.4,95.2,89.6,82.0,93.9,72.2,86.7,92.2,79.2,88.2,52.3,16.9,65.9,62.6,83.1,72.6,15,40,63,75,7,,1587133480804.53,26014399.0,61009.8077147403
4786,Europe,208,AUT,Austria,2000,78.6,99.7,71.6,83.9,98.2,69.9,92.2,81.8,82.9,67.3,95.0,86.2,47.1,55.5,0.0,70.3,90.6,64.9,15,8,78,45,7,46.51,309014800203.266,8011566.0,38571.0858780001
4787,Europe,209,AUT,Austria,2001,78.8,99.7,72.9,84.7,97.5,70.2,92.2,81.2,83.3,69.3,95.0,86.2,47.8,54.7,0.0,70.6,90.6,64.9,15,10,75,70,8,46.54,313084486481.847,8042293.0,38929.753800545
4788,Europe,210,AUT,Austria,2002,78.5,99.7,72.6,84.9,96.0,70.5,92.2,80.7,82.8,69.3,95.0,86.2,45.3,54.4,0.0,70.7,90.7,64.9,10,20,35,70,5,46.57,317731814841.85,8081957.0,39313.7225107545
4789,Europe,211,AUT,Austria,2003,78.7,99.7,71.9,85.3,95.7,74.4,92.2,79.1,82.8,70.7,94.1,86.2,48.4,53.3,0.0,70.7,90.7,64.8,10,10,75,60,7,46.6,321358930178.288,8121423.0,39569.2885567329
4790,Europe,212,AUT,Austria,2004,79.1,99.7,76.2,85.0,95.9,74.7,92.2,79.7,82.2,72.3,93.6,86.2,47.8,53.4,0.0,71.6,90.7,64.7,18,20,70,75,10,46.63,329602607297.434,8171966.0,40333.3307183894
4791,Europe,213,AUT,Austria,2005,79.3,99.7,74.4,86.5,96.4,75.0,92.2,80.3,82.4,73.7,95.2,86.1,47.2,53.2,0.0,71.6,90.7,64.6,10,10,75,73,7,46.66,337250591306.488,8227829.0,40989.0131778975
4792,Europe,214,AUT,Austria,2006,79.4,99.7,73.3,87.4,96.5,74.0,92.2,81.4,82.6,74.4,93.9,86.1,47.5,53.8,0.0,71.9,90.6,64.5,10,20,68,70,7,46.69,348276446349.075,8268641.0,42120.1557002022
4793,Europe,215,AUT,Austria,2007,79.6,99.7,73.6,87.6,96.6,74.2,92.2,82.8,82.6,75.5,92.5,86.1,48.1,54.4,0.0,72.0,90.9,64.4,15,12,50,80,8,46.72,361424664731.668,8295487.0,43568.8302243941
4794,Europe,216,AUT,Austria,2008,79.7,99.7,76.6,88.4,96.4,71.0,92.2,83.3,83.0,77.2,93.1,82.8,48.8,54.5,0.0,72.2,91.4,65.0,15,20,70,79,5,46.75,366677269701.416,8321496.0,44063.8642019916
4795,Europe,217,AUT,Austria,2009,79.8,99.7,74.3,87.8,96.6,72.4,92.2,84.5,82.7,80.0,90.3,81.7,49.5,55.8,0.0,72.2,90.7,66.2,15,20,75,68,8,46.78,353527252121.64,8343323.0,42372.4758254763
4796,Europe,218,AUT,Austria,2010,80.4,99.7,73.0,89.7,96.8,72.7,92.2,84.2,82.9,81.3,93.6,86.2,49.2,54.9,0.0,72.5,91.4,66.1,8,15,55,70,5,46.82,359922497999.326,8363404.0,43035.4073531933
4797,Europe,219,AUT,Austria,2011,80.6,99.5,76.4,90.8,96.9,72.8,92.2,84.2,82.9,83.4,92.5,85.0,49.0,53.8,0.0,72.8,92.1,65.7,10,15,75,78,10,46.86,370459113959.145,8391643.0,44146.1956805294
4798,Europe,220,AUT,Austria,2012,80.8,99.4,72.5,91.3,97.3,72.9,92.2,86.2,82.8,87.1,93.9,83.9,49.0,54.6,0.0,72.8,92.1,65.7,10,15,60,75,10,46.9,372786509411.403,8429991.0,44221.4599530893
4799,Europe,221,AUT,Austria,2013,81.5,99.6,71.9,92.3,96.1,79.3,92.2,86.0,82.6,89.1,92.5,87.7,49.1,55.9,0.0,73.0,91.0,65.8,22,15,70,60,10,46.95,371851835129.742,8479823.0,43851.3675497404
4800,Europe,222,AUT,Austria,2014,81.6,99.6,74.7,92.0,96.9,79.0,92.2,86.5,82.2,87.9,93.6,88.0,48.8,54.5,0.0,73.0,90.6,65.8,10,25,70,60,5,46.99,374662287024.534,8546356.0,43838.8345892137
4801,Europe,223,AUT,Austria,2015,81.5,99.3,72.0,92.4,96.6,78.3,92.2,86.0,82.7,88.8,93.9,89.6,49.1,54.8,0.0,73.0,89.4,65.8,20,15,45,60,8,47.03,379546097300.633,8642699.0,43915.228020857
4802,Europe,224,AUT,Austria,2016,81.6,99.2,73.9,91.7,98.2,78.6,92.2,86.1,82.5,84.4,92.2,92.2,49.6,57.7,0.0,73.0,89.0,65.8,20,25,75,75,10,47.08,387581921834.297,8736668.0,44362.6702805116
4803,Europe,225,AUT,Austria,2017,82.6,99.5,71.8,93.1,99.0,80.8,92.2,85.8,82.7,94.5,95.0,91.1,49.8,58.6,0.0,73.0,89.3,65.9,22,18,55,60,10,47.12,396388751744.592,8797566.0,45056.6385912412
4804,Europe,226,AUT,Austria,2018,82.6,99.4,71.5,92.7,98.8,81.0,92.2,85.8,83.0,95.6,92.9,90.7,49.5,56.8,0.0,73.6,91.5,66.3,15,18,75,65,5,47.16,406235924915.185,8840521.0,45951.5819164034
4805,Europe,227,AUT,Austria,2019,83.1,99.5,73.0,92.9,98.2,83.8,92.2,86.0,83.4,96.0,94.6,92.5,49.6,56.6,0.0,73.6,91.7,66.4,15,30,72,78,7,47.21,413365268699.049,8879920.0,46550.5622459492
4806,Europe,228,AUT,Austria,2020,83.1,99.4,73.1,92.8,97.9,84.0,92.2,86.0,82.6,96.3,94.6,90.9,49.6,57.8,0.0,73.6,90.5,68.4,18,30,70,71,7,47.25,387247796560.501,8916864.0,43428.6983137234
4807,Europe,229,AUT,Austria,2021,83.1,99.4,73.1,92.6,97.9,84.5,92.2,86.0,82.5,97.0,94.6,93.0,49.6,57.3,0.0,73.6,88.0,68.9,18,20,78,75,10,,405817601897.046,8955797.0,45313.3988964964
4808,Europe,230,AUT,Austria,2022,82.3,99.5,73.1,92.5,97.9,84.6,92.2,86.0,83.3,97.0,94.6,92.5,49.6,57.3,0.0,73.6,87.9,71.1,28,25,72,72,10,,427236226728.298,9041851.0,47250.9695999523
4809,Asia,231,AZE,Azerbaijan,2000,62.3,100.0,49.1,54.8,51.6,47.3,52.9,60.0,67.1,14.7,66.7,63.1,88.2,82.2,0.0,60.7,71.5,67.5,28,20,14,25,10,11.94,12110978461.8648,8048600.0,1504.73106650409
4810,Asia,232,AZE,Azerbaijan,2001,63.7,100.0,56.2,55.8,61.0,47.5,54.8,61.2,67.7,14.7,66.7,63.4,88.2,82.4,0.0,60.7,71.6,66.8,40,33,15,30,5,12.0,13309965292.1306,8111200.0,1640.93664218988
4811,Asia,233,AZE,Azerbaijan,2002,66.4,100.0,58.2,56.6,65.2,47.7,55.6,62.6,68.3,15.1,99.3,65.4,88.0,82.3,0.0,60.6,71.6,66.1,30,20,14,30,5,12.05,14566281781.2554,8171950.0,1782.47318953927
4812,Asia,234,AZE,Azerbaijan,2003,66.5,100.0,58.9,56.6,63.3,47.8,55.8,63.4,68.8,15.3,97.5,65.7,87.3,82.2,0.0,63.2,71.6,66.4,30,20,12,25,5,12.11,16053251525.9443,8234100.0,1949.60609246235
4813,Asia,235,AZE,Azerbaijan,2004,66.9,100.0,60.9,57.7,63.2,48.0,56.0,63.9,69.6,15.3,97.3,67.7,87.2,81.9,0.0,63.7,71.6,66.8,10,15,15,30,5,12.16,17538787528.5628,8306500.0,2111.45338332183
4814,Asia,236,AZE,Azerbaijan,2005,67.0,100.0,61.2,56.4,62.7,49.4,56.3,64.1,70.1,15.4,97.5,68.3,87.3,81.6,0.0,63.8,71.4,66.1,40,35,18,33,10,12.22,22442902280.1195,8391850.0,2674.36885551094
4815,Asia,237,AZE,Azerbaijan,2006,67.2,100.0,59.3,56.8,64.7,49.8,56.9,65.2,70.5,15.7,97.5,70.3,87.1,80.7,0.0,64.6,71.5,65.3,20,30,15,20,5,12.27,30178119967.2975,8484550.0,3556.83212041859
4816,Asia,238,AZE,Azerbaijan,2007,67.6,100.0,59.2,57.6,64.7,50.0,58.0,66.5,70.6,16.3,97.5,70.6,87.4,82.5,0.0,64.6,70.3,65.4,35,30,15,30,10,12.33,37862439810.9789,8581300.0,4412.20325719633
4817,Asia,239,AZE,Azerbaijan,2008,67.9,100.0,59.8,58.9,64.1,50.1,59.5,65.9,70.9,16.7,97.5,75.0,87.2,81.6,0.0,64.9,69.7,65.1,20,40,14,18,7,12.38,41872616381.686,8763400.0,4778.12451579136
4818,Asia,240,AZE,Azerbaijan,2009,68.3,100.0,58.0,59.6,65.7,49.8,60.9,66.3,71.0,18.8,97.5,73.3,87.6,82.4,0.0,65.2,70.0,66.9,30,10,19,28,7,12.44,45795872339.3796,8947243.0,5118.43395103717
4819,Asia,241,AZE,Azerbaijan,2010,68.6,100.0,56.3,61.8,65.4,52.3,62.0,67.4,71.1,21.9,97.5,70.6,87.4,82.7,0.0,65.2,70.8,65.9,12,20,15,25,15,12.49,47988960053.705,9054332.0,5300.11049447988
4820,Asia,242,AZE,Azerbaijan,2011,69.0,100.0,58.0,63.4,66.4,52.4,62.7,67.1,71.2,22.9,97.5,72.4,87.3,81.5,0.0,65.2,70.4,65.2,35,40,15,20,10,12.6,47234094853.6774,9173082.0,5149.20665199301
4821,Asia,243,AZE,Azerbaijan,2012,69.7,100.0,58.9,65.0,69.0,52.3,63.0,67.3,71.4,27.9,97.5,74.9,87.4,81.7,0.0,65.2,69.2,64.9,15,30,12,30,10,12.71,48274633161.2178,9295784.0,5193.175009361
4822,Asia,244,AZE,Azerbaijan,2013,70.7,100.0,61.5,67.5,70.0,53.3,64.0,67.4,71.5,32.5,97.5,77.9,87.1,81.8,0.0,65.2,68.5,65.4,35,36,19,40,5,12.82,51095520684.588,9416801.0,5425.99558858555
4823,Asia,245,AZE,Azerbaijan,2014,71.3,100.0,60.4,67.7,70.5,53.4,65.3,67.7,74.1,37.0,97.5,77.7,87.2,81.9,0.0,65.2,68.7,65.8,35,32,12,30,5,12.93,52524961528.705,9535079.0,5508.6026585312
4824,Asia,246,AZE,Azerbaijan,2015,71.4,100.0,61.4,70.0,70.1,54.2,66.0,67.7,74.1,37.4,97.5,79.5,87.1,82.3,0.0,65.2,67.6,61.8,40,40,14,30,15,13.04,53076235354.746,9649341.0,5500.50364628486
4825,Asia,247,AZE,Azerbaijan,2016,71.6,100.0,61.3,71.2,71.2,54.1,66.0,67.8,74.1,37.1,97.5,80.4,87.0,82.9,0.0,65.2,67.9,62.1,42,37,14,42,15,13.17,51450192629.2354,9757812.0,5272.71816973266
4826,Asia,248,AZE,Azerbaijan,2017,72.5,100.0,62.1,71.8,80.4,53.9,66.0,68.0,74.0,37.4,97.5,81.4,86.7,82.9,0.0,65.2,68.9,63.5,40,42,15,38,10,13.3,51529227660.8621,9854033.0,5229.25259747579
4827,Asia,249,AZE,Azerbaijan,2018,72.9,100.0,61.8,72.4,81.3,53.9,66.2,68.0,74.0,38.2,97.5,79.0,86.5,83.2,0.0,65.7,68.6,69.5,55,41,15,42,5,13.43,52302373072.2866,9939771.0,5261.92938170171
4828,Asia,250,AZE,Azerbaijan,2019,73.2,100.0,62.4,73.1,80.8,53.8,66.1,67.8,74.1,38.9,97.5,82.2,86.3,82.7,0.0,65.7,69.5,71.0,33,42,18,30,10,13.56,53599371992.657,10024283.0,5346.95319282755
4829,Asia,251,AZE,Azerbaijan,2020,73.9,100.0,62.4,71.7,87.9,54.1,66.3,67.8,72.6,41.0,97.5,82.2,86.3,82.8,0.0,65.7,68.8,75.2,50,37,19,33,10,13.69,51348755377.7597,10093121.0,5087.50022691293
4830,Asia,252,AZE,Azerbaijan,2021,74.1,100.0,62.7,72.9,87.7,54.7,66.3,67.8,73.4,41.2,97.5,82.2,86.3,82.7,0.0,65.7,68.8,76.0,45,42,16,25,15,,54232727552.2244,10137750.0,5349.5822595965
4831,Asia,253,AZE,Azerbaijan,2022,73.5,100.0,62.7,72.9,87.7,54.7,66.3,67.8,73.8,41.2,97.5,82.2,86.3,82.7,0.0,65.7,67.1,76.0,35,41,23,25,0,,56789627316.8954,10141756.0,5599.58525100539
4832,North America,254,BHS,"Bahamas, The",2000,56.5,0.0,55.6,72.7,57.8,69.2,46.5,69.7,66.7,22.7,0.0,90.7,56.4,58.0,60.2,43.6,61.8,15.1,10,20,35,30,5,50.94,10500295805.8692,323835.0,32424.8330349383
4833,North America,255,BHS,"Bahamas, The",2001,56.9,0.0,56.0,73.9,57.8,69.3,46.7,70.1,67.1,23.6,0.0,90.7,56.4,58.6,59.3,43.6,65.5,15.3,0,10,10,55,5,50.94,10776034605.578,327836.0,32870.1991409669
4834,North America,256,BHS,"Bahamas, The",2002,57.0,0.0,55.2,75.5,57.8,69.4,46.9,70.2,65.5,24.6,0.0,90.7,56.4,58.3,59.9,44.3,64.6,15.1,10,6,40,55,5,50.94,11067521626.8539,331614.0,33374.7116432175
4835,North America,257,BHS,"Bahamas, The",2003,57.2,0.0,56.0,76.2,57.8,72.0,47.0,70.4,64.1,25.0,0.0,90.7,55.3,58.2,60.0,44.3,64.9,15.4,15,40,40,55,5,50.94,10927526700.1623,335618.0,32559.4178505392
4836,North America,258,BHS,"Bahamas, The",2004,57.3,0.0,57.5,74.5,57.8,72.1,47.2,70.3,64.6,25.2,0.0,90.7,55.1,58.5,60.9,44.2,65.6,15.4,20,30,45,55,5,50.94,11023948326.6897,339782.0,32444.1798761845
4837,North America,259,BHS,"Bahamas, The",2005,57.5,0.0,57.5,75.2,58.8,72.2,47.4,70.9,64.5,26.1,0.0,90.9,54.9,59.3,60.8,44.1,64.8,15.5,5,20,18,45,5,50.94,11398330894.6195,343894.0,33144.8960860599
4838,North America,260,BHS,"Bahamas, The",2006,57.4,0.0,56.5,77.4,55.4,72.3,47.5,71.1,66.4,26.0,0.0,90.9,55.2,59.7,58.8,44.1,63.9,15.6,7,10,45,50,10,50.94,11685180402.7959,348375.0,33541.9602520154
4839,North America,261,BHS,"Bahamas, The",2007,57.4,0.0,56.2,78.1,58.7,68.4,47.7,71.5,66.2,26.8,0.0,90.9,55.5,59.7,57.5,44.0,62.2,16.9,12,30,60,25,8,50.94,11854159786.3595,353334.0,33549.4455284788
4840,North America,262,BHS,"Bahamas, The",2008,57.5,0.0,57.8,77.8,59.2,68.4,47.8,70.1,66.2,27.1,0.0,90.9,57.4,59.6,56.0,44.0,62.8,17.9,10,30,45,50,5,50.94,11578710831.2195,358120.0,32331.930166479
4841,North America,263,BHS,"Bahamas, The",2009,57.5,0.0,59.4,78.6,59.2,68.5,48.0,71.5,61.4,28.0,0.0,90.9,56.6,59.6,57.4,43.9,61.5,18.5,10,40,48,55,10,50.94,11095250090.5948,362810.0,30581.4340580326
4842,North America,264,BHS,"Bahamas, The",2010,57.4,0.0,62.7,79.8,56.1,68.5,48.2,69.6,61.4,29.3,0.0,90.8,57.4,60.0,57.5,43.9,57.4,18.3,10,10,48,60,5,50.94,11265968541.5708,367478.0,30657.531992584
4843,North America,265,BHS,"Bahamas, The",2011,57.6,0.0,62.8,79.2,56.1,68.6,48.3,71.1,61.2,33.4,0.0,90.4,56.3,63.0,57.6,43.8,54.2,18.0,10,25,45,50,7,50.94,11335048163.7823,371729.0,30492.7734015434
4844,North America,266,BHS,"Bahamas, The",2012,57.8,0.0,62.5,79.9,56.6,69.2,48.5,70.5,61.7,37.5,0.0,91.3,53.3,63.7,57.6,44.1,52.2,17.8,30,28,40,48,8,50.94,11847406407.9084,375469.0,31553.6206928091
4845,North America,267,BHS,"Bahamas, The",2013,57.5,0.0,62.9,80.4,53.8,68.5,48.6,68.1,60.0,39.2,0.0,91.6,52.8,64.6,57.4,44.0,51.4,18.6,10,30,53,50,8,50.94,11508181986.1643,378953.0,30368.3622669943
4846,North America,268,BHS,"Bahamas, The",2014,58.3,0.0,63.5,81.9,56.1,68.6,48.7,69.4,61.7,44.9,0.0,92.4,52.3,60.9,57.4,44.0,54.2,17.9,20,18,55,60,8,50.94,11720773315.8347,382298.0,30658.7356351188
4847,North America,269,BHS,"Bahamas, The",2015,58.8,0.0,63.5,82.2,53.8,68.6,48.8,70.4,63.2,46.3,0.0,92.2,53.4,63.9,59.5,47.3,52.0,16.9,10,30,55,50,7,50.94,11837600000.0,385346.0,30719.405417469
4848,North America,270,BHS,"Bahamas, The",2016,59.1,0.0,63.4,81.7,54.7,68.6,48.8,70.9,62.6,47.0,0.0,93.0,52.8,64.1,59.5,47.2,54.5,18.1,10,30,50,25,8,50.94,11700725733.1649,388055.0,30152.2354644699
4849,North America,271,BHS,"Bahamas, The",2017,59.5,0.0,63.5,82.3,58.0,68.6,48.8,70.5,64.5,50.6,0.0,93.1,52.9,63.2,59.2,47.0,49.1,21.3,20,25,58,60,8,50.94,12095184868.2213,390485.0,30974.774621871
4850,North America,272,BHS,"Bahamas, The",2018,59.9,0.0,63.4,82.1,55.1,68.8,48.8,71.0,64.6,50.9,0.0,93.5,53.1,67.3,60.0,42.2,53.7,23.9,10,40,45,50,8,50.94,12385290297.053,392717.0,31537.4437497052
4851,North America,273,BHS,"Bahamas, The",2019,60.3,0.0,63.4,80.9,58.0,68.9,48.8,70.8,66.1,54.7,0.0,93.8,52.9,68.1,59.1,42.1,53.1,23.1,12,20,50,50,7,50.94,12281371357.6813,394675.0,31117.6825430577
4852,North America,274,BHS,"Bahamas, The",2020,60.6,0.0,63.4,81.7,58.0,68.8,48.8,70.8,64.0,56.3,0.0,93.8,52.9,69.7,59.0,41.9,54.0,25.8,18,25,40,40,8,50.94,9814098450.91068,395863.0,24791.6538067733
4853,North America,275,BHS,"Bahamas, The",2021,61.1,0.0,63.4,80.7,58.0,71.7,48.8,70.8,64.8,57.0,0.0,93.8,52.9,68.8,59.5,44.8,52.4,29.1,10,30,70,60,10,,11540093873.1804,396373.0,29114.2279448407
4854,North America,276,BHS,"Bahamas, The",2022,60.9,0.0,63.4,80.7,58.0,72.0,48.8,70.8,66.4,57.0,0.0,93.8,52.9,68.8,60.1,44.5,52.4,29.4,10,20,48,55,7,,12795362392.8778,397538.0,32186.513975715
4855,Asia,277,BHR,Bahrain,2000,57.5,0.0,68.0,76.2,87.0,32.4,67.8,68.9,78.4,30.1,0.0,68.2,58.7,21.5,51.7,50.7,71.4,31.8,10,20,12,30,5,0.48,16199663949.4689,637582.0,25407.9694054552
4856,Asia,278,BHR,Bahrain,2001,57.7,0.0,68.0,75.4,84.9,32.3,67.8,70.6,78.4,31.5,0.0,68.2,59.9,22.7,52.6,50.4,71.4,31.8,10,20,15,25,15,0.5,16603189276.6705,661316.0,25106.2869742612
4857,Asia,279,BHR,Bahrain,2002,57.6,0.0,68.0,75.5,85.4,33.3,67.8,70.3,78.4,31.6,0.0,68.2,58.0,21.5,52.2,50.2,71.5,31.8,40,20,17,25,5,0.52,17159155482.6073,710553.0,24149.0156013799
4858,Asia,280,BHR,Bahrain,2003,57.9,0.0,67.9,76.3,84.7,34.3,67.8,70.1,78.4,33.2,0.0,68.2,58.7,21.5,53.8,49.9,71.5,31.8,40,30,15,20,10,0.54,18239571633.5594,764517.0,23857.6403579769
4859,Asia,281,BHR,Bahrain,2004,58.0,0.0,67.8,77.2,85.0,35.3,67.8,69.9,78.3,33.3,0.0,68.2,59.1,21.5,53.8,49.7,71.5,31.8,40,20,15,35,10,0.56,19512869154.2447,823741.0,23688.1121059225
4860,Asia,282,BHR,Bahrain,2005,57.8,0.0,67.7,77.7,82.9,36.3,67.9,70.3,78.3,33.6,0.0,69.6,57.2,21.5,51.2,49.4,71.5,31.8,40,15,20,40,10,0.58,20833694755.6476,888822.0,23439.6704353038
4861,Asia,283,BHR,Bahrain,2006,57.9,0.0,67.7,77.2,84.1,38.0,67.9,70.8,78.3,34.8,0.0,69.6,58.4,21.5,49.6,49.2,71.5,29.9,45,20,18,20,7,0.6,22181009695.3903,960424.0,23095.0181330228
4862,Asia,284,BHR,Bahrain,2007,58.2,0.0,67.6,79.0,84.1,39.1,67.9,69.4,78.3,35.3,0.0,69.6,60.8,21.5,50.2,48.9,71.8,28.8,40,20,14,20,10,0.62,24020694053.4652,1039295.0,23112.4888058398
4863,Asia,285,BHR,Bahrain,2008,58.2,0.0,67.5,80.1,84.4,40.1,67.9,69.1,78.1,37.9,0.0,69.6,62.6,21.5,44.8,48.7,71.7,28.4,43,20,18,25,10,0.64,25520789027.3601,1103496.0,23127.2148040048
4864,Asia,286,BHR,Bahrain,2009,59.0,0.0,67.4,80.7,84.2,41.2,67.9,69.3,78.3,38.2,0.0,69.6,64.8,21.5,48.6,48.5,71.5,33.8,40,20,17,20,8,0.66,26168987898.7969,1178415.0,22206.9371985225
4865,Asia,287,BHR,Bahrain,2010,59.3,0.0,67.3,83.5,82.7,42.3,67.9,69.5,78.3,39.0,0.0,70.8,65.6,21.5,45.3,48.4,74.5,32.7,37,30,13,20,10,0.68,27303230073.1892,1228543.0,22224.0736166249
4866,Asia,288,BHR,Bahrain,2011,58.3,0.0,67.2,82.2,84.9,45.9,67.9,69.7,78.1,43.1,0.0,61.3,64.2,19.5,45.0,48.1,66.0,31.7,70,40,15,20,10,0.7,27829679463.9972,1195020.0,23288.0449398313
4867,Asia,289,BHR,Bahrain,2012,58.9,0.0,67.0,82.8,82.3,45.7,67.9,70.0,77.8,54.0,0.0,66.2,62.4,9.0,52.8,47.9,66.1,30.9,37,30,15,19,10,0.72,28888050241.9569,1208964.0,23894.8804447088
4868,Asia,290,BHR,Bahrain,2013,58.2,0.0,66.8,85.6,85.6,48.1,67.9,69.6,77.9,56.9,0.0,56.4,61.0,7.4,46.5,47.6,65.4,30.7,40,25,18,18,5,0.74,30416985616.3829,1253191.0,24271.6278814506
4869,Asia,291,BHR,Bahrain,2014,59.4,0.0,66.5,85.4,89.8,46.7,67.9,69.8,81.8,56.4,0.0,62.3,62.4,9.8,48.2,47.4,66.3,30.9,44,30,15,18,5,0.76,31727610007.9685,1314562.0,24135.4991304849
4870,Asia,292,BHR,Bahrain,2015,60.8,0.0,66.3,85.6,92.3,46.5,67.9,69.8,82.0,58.8,0.0,69.1,65.4,13.6,48.2,47.1,66.7,32.8,45,30,15,30,5,0.78,32523297872.3404,1370322.0,23734.0551143019
4871,Asia,293,BHR,Bahrain,2016,60.9,0.0,66.1,86.6,92.1,46.4,67.9,70.0,81.9,60.9,0.0,68.0,64.8,11.6,50.7,46.9,66.3,32.6,60,30,18,22,10,0.81,33764059498.7261,1423726.0,23715.2791328712
4872,Asia,294,BHR,Bahrain,2017,60.4,0.0,66.2,86.6,89.3,46.3,67.9,69.9,81.7,60.4,0.0,68.2,65.3,15.1,48.3,46.6,63.3,30.7,50,18,16,30,20,0.83,35436675410.8102,1501116.0,23606.8867501313
4873,Asia,295,BHR,Bahrain,2018,60.9,0.0,66.2,87.1,86.4,52.5,67.9,71.1,82.1,59.5,0.0,67.8,66.5,14.6,48.2,46.4,62.9,34.3,55,10,15,40,10,0.86,36164044588.1584,1503091.0,24059.7838641562
4874,Asia,296,BHR,Bahrain,2019,60.7,0.0,66.3,88.4,85.2,52.3,67.9,71.4,82.1,58.8,0.0,64.1,66.3,14.6,47.9,46.2,64.3,34.0,42,25,17,33,35,0.88,36906448210.9064,1483756.0,24873.6640060134
4875,Asia,297,BHR,Bahrain,2020,61.0,0.0,66.3,86.8,85.2,51.9,67.9,71.4,81.7,59.2,0.0,65.7,67.4,14.6,47.9,46.0,64.3,38.5,60,30,15,31,15,0.91,34724774104.3146,1472204.0,23586.9309581516
4876,Asia,298,BHR,Bahrain,2021,61.3,0.0,66.4,86.8,85.2,52.1,67.9,71.4,81.8,63.7,0.0,65.7,67.4,14.6,47.9,45.8,64.3,38.3,60,33,20,40,5,,36235315986.0804,1504365.0,24086.7847803428
4877,Asia,299,BHR,Bahrain,2022,63.7,0.0,66.4,86.8,85.2,52.6,67.9,71.4,81.9,63.7,0.0,65.7,67.4,14.6,48.0,45.3,64.7,38.1,40,20,15,25,10,,38474716945.1891,1524693.0,25234.40256182
4878,Asia,300,BGD,Bangladesh,2000,55.6,52.5,57.3,38.0,60.5,36.1,59.6,25.6,73.0,17.7,77.7,40.6,96.7,98.9,59.8,57.2,53.5,40.1,20,15,15,20,8,14.75,83492876905.7611,134544304.0,620.560472822105
4879,Asia,301,BGD,Bangladesh,2001,54.8,52.5,56.6,38.5,45.3,36.3,60.0,26.0,72.8,17.7,77.7,40.6,96.5,98.9,61.1,57.0,53.4,40.0,5,40,12,20,10,14.73,87732050538.1162,136805810.0,641.288922876274
4880,Asia,302,BGD,Bangladesh,2002,54.7,52.5,57.1,38.5,45.7,32.6,60.4,27.1,72.6,17.7,77.7,40.8,96.5,98.9,61.9,56.8,53.5,39.9,37,20,20,15,10,14.7,91094928770.2862,138933658.0,655.672139362272
4881,Asia,303,BGD,Bangladesh,2003,54.9,52.5,57.7,38.8,45.7,32.4,60.8,27.9,72.4,17.7,77.7,40.9,96.6,98.8,62.7,56.6,53.5,40.0,40,5,23,18,10,14.68,95412434316.9993,140970351.0,676.826252046427
4882,Asia,304,BGD,Bangladesh,2004,54.8,52.5,55.8,39.9,44.3,32.3,61.1,29.0,72.4,17.7,77.7,41.1,96.6,98.8,63.3,56.4,53.4,39.8,40,35,15,25,15,14.65,100411600213.555,142902856.0,702.656357081873
4883,Asia,305,BGD,Bangladesh,2005,55.4,52.5,57.4,41.3,43.7,38.8,61.5,30.3,72.5,17.7,78.4,39.8,96.6,98.8,63.9,56.2,53.5,39.7,20,10,15,20,10,14.63,106974447115.636,144715786.0,739.203718353409
4884,Asia,306,BGD,Bangladesh,2006,55.8,52.5,59.6,41.4,43.4,38.8,61.9,32.4,72.8,17.7,78.4,40.0,96.5,98.7,63.6,56.0,53.7,40.1,40,35,17,24,14,14.61,114111680586.242,146405973.0,779.419570444998
4885,Asia,307,BGD,Bangladesh,2007,55.6,52.5,57.5,42.2,42.8,38.9,62.3,31.3,72.5,17.7,78.4,40.5,96.5,98.7,63.9,55.8,53.9,40.3,33,30,25,18,10,14.58,122166366935.51,147989278.0,825.508229964537
4886,Asia,308,BGD,Bangladesh,2008,55.9,52.5,58.0,45.4,42.3,34.4,62.7,34.0,72.3,17.8,78.4,44.0,96.6,98.7,64.2,55.6,54.0,39.9,38,5,18,30,10,14.56,129513195397.247,149474264.0,866.45815762135
4887,Asia,309,BGD,Bangladesh,2009,56.3,52.5,58.0,45.8,43.0,40.5,63.1,35.0,72.0,17.9,78.4,40.8,95.9,98.6,65.4,56.3,53.9,39.7,35,30,15,15,10,14.53,136047297736.462,150873714.0,901.729626251937
4888,Asia,310,BGD,Bangladesh,2010,56.9,52.5,58.7,47.6,43.5,40.4,63.5,34.5,72.9,18.1,82.4,42.2,95.8,98.6,67.0,57.1,52.1,39.8,45,28,20,30,15,14.51,143627564998.204,152201981.0,943.66422864236
4889,Asia,311,BGD,Bangladesh,2011,57.8,54.9,59.2,49.6,53.1,42.3,63.9,36.2,72.7,18.2,82.4,41.1,95.6,98.4,65.6,56.9,52.5,40.5,35,38,24,28,15,14.5,152912195327.661,153591076.0,995.579947155662
4890,Asia,312,BGD,Bangladesh,2012,58.3,55.8,61.9,49.6,53.0,45.4,64.3,38.4,72.5,18.4,82.4,40.3,95.9,98.4,63.7,56.7,53.2,40.9,35,15,20,24,5,14.49,162884301114.117,155070101.0,1050.39140404066
4891,Asia,313,BGD,Bangladesh,2013,59.3,57.3,65.6,51.6,59.5,48.2,64.7,37.8,72.3,18.7,82.4,42.5,95.7,98.3,64.4,56.5,52.5,40.7,35,50,18,21,12,14.48,172679520662.469,156532141.0,1103.15695907123
4892,Asia,314,BGD,Bangladesh,2014,59.5,58.0,63.3,53.3,59.5,48.2,65.1,38.2,72.2,18.9,82.4,43.0,95.4,98.1,66.2,56.3,52.3,40.7,35,35,20,28,10,14.48,183145728910.398,157964929.0,1159.40753475981
4893,Asia,315,BGD,Bangladesh,2015,60.0,59.7,62.4,55.3,60.6,49.1,65.5,41.8,72.0,19.4,82.4,44.1,95.3,97.8,66.5,56.0,51.9,39.5,40,15,25,32,10,14.47,195146608978.131,159383179.0,1224.38647668165
4894,Asia,316,BGD,Bangladesh,2016,61.2,59.8,63.2,56.8,65.5,49.3,65.9,42.9,72.0,25.1,81.3,50.2,96.0,97.7,66.1,55.8,51.9,40.3,50,30,20,36,20,14.47,209028320490.615,160811932.0,1299.83091360792
4895,Asia,317,BGD,Bangladesh,2017,61.8,62.5,64.1,60.0,64.9,51.1,66.2,46.6,73.2,26.0,81.3,46.8,95.9,97.5,66.6,55.6,50.6,41.1,42,35,22,40,50,14.47,222803809377.443,162186147.0,1373.75363740186
4896,Asia,318,BGD,Bangladesh,2018,63.0,67.0,70.3,59.9,68.5,51.7,66.6,48.0,72.9,31.7,81.3,48.7,95.7,96.4,66.6,54.8,50.3,40.5,50,40,20,34,30,14.47,239111739541.452,163523103.0,1462.25050255713
4897,Asia,319,BGD,Bangladesh,2019,63.6,69.0,69.8,62.5,69.2,53.8,67.0,48.2,73.5,34.6,81.3,51.5,95.6,96.3,65.2,54.6,48.6,40.2,55,30,25,33,15,14.47,257958323968.613,164913055.0,1564.20802445636
4898,Asia,320,BGD,Bangladesh,2020,63.9,69.8,70.1,63.4,69.0,54.1,67.3,49.7,73.6,37.9,81.3,50.1,95.6,96.3,65.2,54.4,47.6,41.5,24,20,20,25,7,14.47,266852772253.895,166298024.0,1604.6659234742
4899,Asia,321,BGD,Bangladesh,2021,65.5,73.4,70.5,61.7,89.7,54.3,67.3,49.7,74.3,39.0,81.3,47.7,95.6,96.3,65.2,53.9,49.1,43.9,35,35,17,25,15,,285368829855.224,167658854.0,1702.08028414189
4900,Asia,322,BGD,Bangladesh,2022,65.9,79.1,70.8,60.5,89.7,54.5,67.3,49.7,74.6,41.0,81.3,49.3,95.6,96.3,65.2,53.6,47.6,44.2,55,30,22,28,8,,305629528154.311,169384897.0,1804.3493461776
4901,North America,323,BRB,Barbados,2000,67.6,0.0,58.0,76.2,95.1,65.4,46.2,74.7,69.1,22.7,0.0,86.3,56.4,88.8,60.6,68.5,78.1,67.6,7,10,40,60,5,14.65,5071302668.44555,262063.0,19351.4638405481
4902,North America,324,BRB,Barbados,2001,67.8,0.0,57.4,76.7,94.6,65.4,46.4,73.9,68.6,25.5,0.0,86.3,56.4,88.4,60.5,68.4,77.5,70.9,9,18,60,65,5,14.65,4951342795.64428,262425.0,18867.6490259856
4903,North America,325,BRB,Barbados,2002,67.8,0.0,58.4,76.9,91.4,65.4,46.5,73.6,68.2,28.7,0.0,86.3,56.4,88.4,60.3,68.3,77.5,71.0,18,5,50,60,8,14.65,4990329769.45117,264148.0,18892.1732114238
4904,North America,326,BRB,Barbados,2003,68.2,0.0,57.7,77.4,93.0,66.8,46.6,73.0,67.5,31.9,0.0,86.3,56.4,88.0,60.5,68.2,76.7,73.2,10,20,65,60,8,14.65,5098893435.15078,265776.0,19184.9280414739
4905,North America,327,BRB,Barbados,2004,68.4,0.0,55.9,76.5,92.5,66.8,46.8,73.0,68.9,35.0,0.0,86.3,56.4,87.8,60.6,68.2,77.9,74.0,10,20,60,65,8,14.65,5170869328.53859,267298.0,19344.9607873556
4906,North America,328,BRB,Barbados,2005,68.9,0.0,57.4,82.1,92.1,66.8,50.5,73.1,69.4,34.2,0.0,86.3,56.4,87.4,60.4,68.1,77.1,72.1,10,30,65,60,10,14.65,5375400852.08861,268706.0,20004.7667416753
4907,North America,329,BRB,Barbados,2006,69.0,0.0,57.0,81.3,93.8,66.8,50.6,73.1,69.7,35.7,0.0,86.3,56.4,87.2,60.9,68.1,76.5,71.8,15,25,55,70,8,14.65,5701717045.14943,270002.0,21117.3141130415
4908,North America,330,BRB,Barbados,2007,68.9,0.0,56.5,79.4,95.0,66.8,50.8,73.0,71.0,35.8,0.0,86.3,56.4,87.1,60.6,68.0,77.7,69.9,15,20,60,60,10,14.65,5820266225.84265,271288.0,21454.1971109767
4909,North America,331,BRB,Barbados,2008,68.8,0.0,56.2,81.7,95.4,65.0,50.9,71.5,70.3,36.8,0.0,86.3,56.4,84.8,60.6,67.9,78.4,69.8,15,15,55,60,10,14.65,5857135318.66646,272714.0,21477.2080592359
4910,North America,332,BRB,Barbados,2009,68.6,0.0,57.5,82.2,94.9,65.0,51.1,71.6,68.4,37.4,0.0,86.3,56.4,85.0,60.5,67.9,74.4,71.0,8,20,55,60,8,14.65,5563266710.20276,274123.0,20294.7826712927
4911,North America,333,BRB,Barbados,2010,68.9,0.0,56.6,81.9,95.2,65.0,51.2,71.9,67.8,37.0,0.0,86.4,56.4,86.3,60.8,67.8,76.8,72.4,10,15,20,60,5,14.65,5439889540.40666,275243.0,19763.952363572
4912,North America,334,BRB,Barbados,2011,68.5,0.0,56.8,82.4,91.7,65.0,51.4,69.7,67.3,38.4,0.0,85.7,56.4,85.9,60.1,67.7,77.0,71.8,8,35,8,65,8,14.65,5400100308.35573,276139.0,19555.7321072204
4913,North America,335,BRB,Barbados,2012,69.1,0.0,56.3,81.0,91.7,65.0,51.5,70.0,66.9,47.4,0.0,87.2,56.4,86.4,60.1,67.7,77.2,72.2,10,18,60,80,10,14.65,5383181191.92017,276938.0,19438.2179113021
4914,North America,336,BRB,Barbados,2013,69.4,0.0,54.6,81.3,91.7,69.4,51.6,69.1,66.9,48.7,0.0,87.7,56.4,86.7,61.3,67.6,77.2,70.9,10,15,50,60,10,14.65,5328790506.40994,277665.0,19191.4375467197
4915,North America,337,BRB,Barbados,2014,70.2,0.0,55.5,83.7,95.6,70.4,51.8,70.0,66.3,49.9,0.0,88.3,56.4,87.9,61.2,67.6,77.1,71.9,10,30,65,60,7,14.65,5333181721.68845,278348.0,19160.122299023
4916,North America,338,BRB,Barbados,2015,70.2,0.0,55.0,83.2,97.7,70.7,51.9,69.9,68.7,52.1,0.0,88.6,56.4,87.9,59.5,67.5,73.9,70.0,10,25,55,60,8,14.65,5288057750.0,278990.0,18954.2913724506
4917,North America,339,BRB,Barbados,2016,70.1,0.0,55.0,84.7,95.4,70.4,52.1,70.1,70.2,51.5,0.0,89.4,56.0,87.8,60.1,67.4,72.9,68.4,15,25,50,75,10,14.65,5382816060.91822,279598.0,19251.9834223357
4918,North America,340,BRB,Barbados,2017,70.4,0.0,55.8,83.9,97.0,70.1,52.2,71.3,71.4,51.7,0.0,89.6,55.7,88.8,61.5,67.4,72.4,67.3,10,30,40,60,5,14.65,5389730072.92036,280171.0,19237.287488428
4919,North America,341,BRB,Barbados,2018,70.4,0.0,56.4,83.4,97.1,71.5,52.2,71.5,68.2,54.6,0.0,90.1,55.3,88.1,62.5,65.3,70.2,69.5,10,15,65,60,10,14.65,5326451133.48749,280711.0,18974.8571786909
4920,North America,342,BRB,Barbados,2019,69.6,0.0,56.5,83.9,96.2,72.2,52.4,70.7,67.1,51.9,0.0,90.5,55.0,89.1,63.4,65.3,65.9,64.2,10,20,55,65,8,14.65,5361210776.86546,281207.0,19064.9975884863
4921,North America,343,BRB,Barbados,2020,69.8,0.0,56.7,83.4,90.4,72.1,52.4,70.7,66.9,53.1,0.0,90.5,55.0,90.5,63.9,65.2,70.0,66.1,10,15,50,60,8,14.65,4554114648.02364,281698.0,16166.6559507829
4922,North America,344,BRB,Barbados,2021,70.8,0.0,56.7,82.5,92.1,72.3,52.4,70.7,67.5,60.0,0.0,90.5,55.8,89.6,63.9,63.2,70.4,73.6,10,25,70,60,15,,4542503209.52524,282147.0,16099.7749737734
4923,North America,345,BRB,Barbados,2022,69.4,0.0,56.7,82.5,92.1,72.5,52.4,70.7,69.4,60.0,0.0,90.5,55.8,89.6,63.9,63.0,70.4,73.6,15,30,50,60,5,,5352561584.79213,282318.0,18959.3351638653
4924,Europe,346,BLR,Belarus,2000,72.3,98.5,61.2,71.5,96.1,63.7,82.8,65.6,62.2,27.8,86.9,80.8,75.4,68.5,0.0,86.1,58.7,71.4,20,15,6,15,8,40.76,26100310428.2051,9979610.0,2615.36376954661
4925,Europe,347,BLR,Belarus,2001,72.7,98.5,60.6,72.1,96.9,63.9,82.8,65.8,62.6,28.3,88.4,80.8,74.6,68.6,0.0,88.4,58.8,71.4,5,15,5,23,7,40.93,27333629973.4611,9928549.0,2753.03369842472
4926,Europe,348,BLR,Belarus,2002,72.7,98.5,62.1,70.4,96.6,64.0,82.8,66.6,63.0,28.7,89.2,81.2,74.6,68.6,0.0,88.5,58.7,69.5,20,20,5,25,0,41.11,28712684736.8819,9865548.0,2910.39937536991
4927,Europe,349,BLR,Belarus,2003,72.7,98.5,61.5,64.3,97.0,64.1,82.8,66.5,63.2,28.7,94.3,81.2,73.1,68.3,0.0,88.5,58.7,72.3,40,15,10,20,8,41.29,30734974394.6102,9796749.0,3137.26261585453
4928,Europe,350,BLR,Belarus,2004,74.4,98.5,64.0,71.3,96.3,74.0,82.9,67.5,63.4,28.8,99.5,81.7,73.1,67.7,0.0,88.6,59.1,73.3,35,30,7,19,7,41.46,34254050013.8492,9730146.0,3520.40452567199
4929,Europe,351,BLR,Belarus,2005,74.8,98.5,62.9,72.3,96.3,74.0,82.9,67.6,64.0,29.2,98.0,81.7,77.1,67.5,0.0,89.5,59.3,75.7,30,18,7,25,7,41.64,37473931237.761,9663915.0,3877.71738863193
4930,Europe,352,BLR,Belarus,2006,74.7,98.5,62.3,72.1,96.6,74.1,82.9,67.8,64.3,30.0,95.6,82.2,75.7,67.0,0.0,89.6,59.3,78.0,45,15,10,18,15,41.81,41221322382.2424,9604924.0,4291.68647063136
4931,Europe,353,BLR,Belarus,2007,74.5,98.5,63.5,71.5,96.7,74.2,83.0,68.2,64.4,31.8,91.3,81.1,73.3,67.2,0.0,89.6,60.9,77.4,35,20,10,28,8,41.99,44766358828.1695,9560953.0,4682.20676622607
4932,Europe,354,BLR,Belarus,2008,75.1,98.5,65.5,71.6,96.9,75.7,83.0,68.6,64.6,31.1,96.9,82.4,71.7,66.7,0.0,89.7,61.2,77.0,35,18,9,35,7,42.17,49332527213.9653,9527985.0,5177.64534830453
4933,Europe,355,BLR,Belarus,2009,75.0,98.5,64.4,72.7,96.9,75.8,83.1,68.0,65.5,31.5,97.0,82.1,73.6,67.1,0.0,89.7,61.6,71.7,25,18,10,20,8,42.34,49431189907.6087,9504583.0,5200.77418521241
4934,Europe,356,BLR,Belarus,2010,74.7,98.5,62.4,73.9,96.2,76.0,83.1,68.9,65.0,32.2,94.3,85.0,69.9,66.7,0.0,89.8,63.4,70.6,60,15,6,22,5,42.52,53262115561.6184,9483836.0,5616.09411651767
4935,Europe,357,BLR,Belarus,2011,74.9,98.6,63.0,74.3,96.1,76.1,83.1,68.3,65.0,34.5,98.5,81.5,69.5,69.0,0.0,89.9,64.2,66.6,44,15,7,35,8,42.52,56218149512.2046,9461643.0,5941.68999107287
4936,Europe,358,BLR,Belarus,2012,75.5,98.8,64.0,76.8,97.6,73.5,83.2,67.9,65.1,37.4,99.1,81.6,71.2,69.3,0.0,90.2,64.3,68.4,35,28,5,20,7,42.52,57178272623.3733,9446836.0,6052.63737227717
4937,Europe,359,BLR,Belarus,2013,75.1,98.9,63.0,78.1,98.7,74.1,83.2,68.0,64.9,40.3,98.8,82.8,70.9,60.2,0.0,90.3,61.6,68.5,40,20,5,33,10,42.53,57749323055.2672,9443211.0,6115.43288138613
4938,Europe,360,BLR,Belarus,2014,75.9,99.0,65.7,78.7,98.4,74.2,83.3,68.8,67.1,40.2,97.8,83.6,71.3,64.1,0.0,93.0,62.4,67.2,55,17,10,35,7,42.53,58702836383.7944,9448515.0,6212.91667355075
4939,Europe,361,BLR,Belarus,2015,76.9,98.9,64.9,80.9,98.5,74.7,83.3,69.2,66.9,41.5,100.0,86.0,71.9,68.2,0.0,93.9,62.4,69.1,45,16,7,40,10,42.53,56454769844.7632,9461076.0,5967.05595058777
4940,Europe,362,BLR,Belarus,2016,77.6,98.9,64.5,80.5,99.1,78.6,83.3,69.1,67.0,41.1,100.0,86.1,73.0,74.5,0.0,94.0,62.4,69.6,58,25,9,35,10,42.67,55028470324.337,9469379.0,5811.20159245258
4941,Europe,363,BLR,Belarus,2017,77.9,98.9,64.8,81.6,98.1,78.5,83.3,69.4,66.5,47.1,100.0,85.3,72.3,73.7,0.0,94.0,63.2,69.3,40,30,10,32,8,42.8,56421892170.3189,9458989.0,5964.89668930991
4942,Europe,364,BLR,Belarus,2018,78.1,99.0,62.8,81.4,97.9,78.3,83.3,69.7,66.4,53.3,100.0,85.1,71.9,68.3,0.0,94.0,63.1,74.7,55,20,7,45,8,42.93,58198729040.8946,9438785.0,6165.91320184691
4943,Europe,365,BLR,Belarus,2019,78.3,99.0,63.5,83.5,96.4,78.9,83.3,70.3,67.2,53.3,100.0,84.5,71.7,68.3,0.0,94.1,64.6,73.9,50,25,5,20,10,43.06,59040547744.6036,9419758.0,6267.7350887999
4944,Europe,366,BLR,Belarus,2020,78.4,99.1,64.3,83.4,95.2,78.8,83.3,70.3,67.2,54.5,100.0,85.0,71.7,68.8,0.0,94.1,64.6,74.7,69,38,9,12,6,43.19,58643356621.6418,9379952.0,6251.98898903127
4945,Europe,367,BLR,Belarus,2021,78.4,99.1,63.6,83.6,94.9,79.0,83.3,70.3,66.9,55.8,100.0,85.0,71.1,68.6,0.0,94.2,63.2,75.9,73,26,6,11,7,,60073587234.5107,9302585.0,6457.73053774952
4946,Europe,368,BLR,Belarus,2022,77.5,99.1,63.6,83.6,94.9,79.0,83.3,70.3,66.6,55.5,100.0,85.0,71.1,68.6,0.0,94.3,61.2,76.0,78,18,9,14,7,,57275121700.3422,9228071.0,6206.61909735439
4947,Europe,369,BEL,Belgium,2000,73.1,98.9,72.1,84.3,99.1,70.7,61.8,69.0,84.7,68.9,92.1,89.5,43.9,46.0,54.7,74.2,81.6,51.5,20,10,70,40,7,22.04,367797580320.048,10251250.0,35878.3153586195
4948,Europe,370,BEL,Belgium,2001,73.2,98.9,71.2,84.7,99.1,70.9,62.9,68.7,85.0,69.5,92.1,89.5,44.2,46.2,54.1,74.2,81.4,51.8,10,20,55,70,5,22.11,371841895842.954,10286570.0,36148.2880924306
4949,Europe,371,BEL,Belgium,2002,73.5,98.9,71.6,85.3,98.9,71.0,64.0,69.2,84.5,71.2,92.1,89.5,44.1,46.2,54.7,74.7,81.4,51.8,10,45,75,30,8,22.19,378188843981.109,10332785.0,36600.862592332
4950,Europe,372,BEL,Belgium,2003,74.4,98.9,71.9,86.1,98.2,77.2,64.4,69.1,84.1,71.5,99.2,89.5,44.2,46.1,52.8,78.0,81.4,52.9,15,20,85,50,5,22.26,382114274683.528,10376133.0,36826.2699296094
4951,Europe,373,BEL,Belgium,2004,74.3,98.9,72.1,86.6,97.1,77.0,64.7,69.2,84.2,72.0,95.8,89.5,44.0,46.1,53.7,78.0,81.4,53.2,10,45,80,60,7,22.34,395760365336.901,10421137.0,37976.6972967442
4952,Europe,374,BEL,Belgium,2005,75.1,98.9,71.8,88.0,96.8,77.2,65.0,69.5,83.5,72.2,97.5,89.6,43.9,46.7,57.8,78.8,81.4,57.6,20,35,75,70,5,22.41,404948883847.345,10478617.0,38645.2605193362
4953,Europe,375,BEL,Belgium,2006,75.1,98.9,71.8,88.9,93.7,77.2,65.3,69.5,83.5,72.9,99.2,89.6,44.8,47.1,56.6,78.8,81.4,57.5,20,45,80,70,7,22.48,415284559725.448,10547958.0,39371.0858277448
4954,Europe,376,BEL,Belgium,2007,74.9,98.9,71.5,88.7,93.0,77.6,65.5,70.0,83.9,73.7,97.6,87.6,44.2,47.8,56.5,78.8,80.9,57.4,10,40,75,62,7,22.56,430554259966.472,10625700.0,40520.0843207009
4955,Europe,377,BEL,Belgium,2008,75.1,98.9,71.6,89.0,92.4,77.6,65.7,70.0,84.1,74.2,98.7,89.6,43.8,47.9,55.0,78.8,80.4,59.2,5,45,75,65,7,22.63,432478429044.827,10709973.0,40380.9075004042
4956,Europe,378,BEL,Belgium,2009,75.6,98.9,71.9,89.5,92.5,79.2,66.1,70.9,83.8,75.4,98.5,89.6,45.4,50.0,54.2,78.9,80.4,60.4,20,45,75,55,10,22.71,424233482718.834,10796493.0,39293.637546825
4957,Europe,379,BEL,Belgium,2010,75.8,98.9,71.3,90.5,94.4,80.3,66.2,71.5,83.6,76.9,98.7,88.2,46.0,49.0,53.3,78.9,81.2,60.2,10,20,60,35,8,22.78,435731531598.616,10895586.0,39991.5646206286
4958,Europe,380,BEL,Belgium,2011,76.4,99.1,71.4,91.1,95.8,79.8,68.7,72.0,84.1,79.7,99.2,86.6,45.5,50.6,55.6,78.9,80.8,60.4,25,45,80,48,5,22.78,444146182962.729,11038264.0,40236.9596308558
4959,Europe,381,BEL,Belgium,2012,76.7,99.3,71.1,91.3,96.0,79.9,68.1,72.3,84.1,82.0,100.0,87.8,46.1,51.1,54.8,78.9,81.5,60.3,15,25,80,60,7,22.78,445104666468.521,11106932.0,40074.492800399
4960,Europe,382,BEL,Belgium,2013,77.5,99.2,71.2,92.0,96.5,83.1,69.4,72.4,83.5,85.1,99.7,91.6,46.4,51.2,55.1,78.9,80.7,60.9,10,43,75,30,7,22.77,446464436962.24,11159407.0,40007.8997891411
4961,Europe,383,BEL,Belgium,2014,77.5,99.4,71.2,91.8,96.4,84.1,70.2,72.4,83.7,86.5,99.2,91.5,46.6,52.2,47.6,79.4,84.0,60.9,10,45,75,50,8,22.77,454346946885.841,11209057.0,40533.9135027898
4962,Europe,384,BEL,Belgium,2015,78.0,99.5,72.2,92.4,96.9,84.5,71.7,72.1,82.2,87.4,99.7,90.2,47.2,53.5,48.0,79.6,87.6,61.0,20,48,82,65,10,22.76,461044767544.531,11274196.0,40893.804537772
4963,Europe,385,BEL,Belgium,2016,77.9,99.4,71.2,92.8,97.1,84.5,71.2,73.2,82.5,88.6,99.9,88.8,46.6,51.9,47.4,81.8,87.2,61.1,30,32,80,65,7,22.76,466547349432.055,11331422.0,41172.8862831209
4964,Europe,386,BEL,Belgium,2017,77.9,99.4,71.5,93.0,96.3,84.4,70.6,73.4,82.8,90.7,100.0,89.2,45.8,52.3,46.9,81.8,85.5,61.2,20,40,85,60,6,22.76,473426439010.72,11375158.0,41619.328629169
4965,Europe,387,BEL,Belgium,2018,78.2,99.5,71.2,93.2,95.6,85.1,70.6,72.9,83.7,91.6,100.0,86.8,44.9,52.1,49.7,81.9,87.0,63.4,25,45,75,60,10,22.76,482317238282.145,11427054.0,42208.3625650272
4966,Europe,388,BEL,Belgium,2019,79.0,99.5,71.2,93.2,94.4,87.5,70.6,74.0,84.4,94.6,100.0,88.1,44.9,52.2,56.7,82.0,86.1,63.2,30,35,75,70,8,22.76,494099718080.569,11488980.0,43006.4042308863
4967,Europe,389,BEL,Belgium,2020,79.4,99.4,71.2,93.2,95.3,87.2,70.6,74.0,84.5,96.4,100.0,90.2,44.9,53.6,56.7,82.0,85.4,65.7,25,35,75,65,10,22.76,470417598101.755,11538604.0,40769.0218072962
4968,Europe,390,BEL,Belgium,2021,79.5,99.4,71.2,93.4,95.3,87.7,70.6,74.0,84.1,97.1,100.0,88.6,44.9,52.9,56.7,81.8,88.1,66.4,25,40,78,68,8,,499619240040.636,11586195.0,43121.9429709785
4969,Europe,391,BEL,Belgium,2022,79.5,99.5,71.2,93.4,95.3,87.8,70.6,74.0,84.3,97.1,100.0,88.1,44.9,52.9,56.7,81.8,85.8,67.4,25,45,85,60,8,,520899825783.061,11680210.0,44596.7859981166
4970,North America,392,BLZ,Belize,2000,61.4,57.9,65.9,64.6,67.5,52.6,63.4,69.9,71.4,15.3,0.0,65.7,70.1,93.2,59.3,50.6,66.5,48.4,20,45,22,20,10,63.98,1363484410.72849,240799.0,5662.33419045965
4971,North America,393,BLZ,Belize,2001,61.2,57.9,66.3,64.8,67.9,52.6,63.6,64.7,72.6,15.2,0.0,66.0,69.6,92.9,59.3,50.6,64.2,50.8,15,40,30,20,8,63.68,1431576382.54347,248379.0,5763.67721322443
4972,North America,394,BLZ,Belize,2002,61.0,57.9,61.8,65.1,67.9,52.7,63.9,66.4,72.0,15.6,0.0,66.3,68.0,93.1,60.3,50.6,62.0,51.4,30,50,35,30,7,63.38,1508840332.99239,256009.0,5893.70035034857
4973,North America,395,BLZ,Belize,2003,61.3,57.9,62.3,67.0,70.3,50.8,64.2,67.9,71.8,15.9,0.0,66.5,68.0,93.2,60.3,50.6,64.3,50.5,15,35,35,35,7,63.08,1654694732.35595,263780.0,6273.01058592748
4974,North America,396,BLZ,Belize,2004,62.0,57.9,63.2,67.8,71.4,52.6,64.5,69.6,71.6,16.7,0.0,66.8,72.0,93.5,60.4,50.6,63.3,50.6,20,35,40,30,5,62.79,1733803048.07364,271688.0,6381.59597801024
4975,North America,397,BLZ,Belize,2005,62.6,57.9,67.4,67.5,71.1,52.6,64.8,68.9,71.4,18.5,0.0,66.7,73.0,93.4,61.7,50.5,63.4,52.0,20,40,35,35,5,62.49,1772285480.1682,279731.0,6335.67777675053
4976,North America,398,BLZ,Belize,2006,63.5,57.9,63.6,71.0,71.9,52.8,65.1,76.1,72.4,20.0,0.0,67.0,74.9,93.4,63.4,50.5,62.6,52.8,10,40,30,40,10,62.19,1852241206.95534,287878.0,6434.11864385377
4977,North America,399,BLZ,Belize,2007,63.1,57.9,63.0,70.4,70.3,51.2,65.4,72.0,73.0,19.4,0.0,67.3,75.6,93.3,63.3,50.4,62.4,54.8,10,45,35,25,5,61.89,1914351453.57427,296100.0,6465.21936364157
4978,North America,400,BLZ,Belize,2008,63.3,57.9,60.1,70.9,69.8,50.3,65.7,73.7,73.2,19.8,0.0,67.5,77.5,93.6,63.4,50.4,62.1,56.6,10,40,30,35,5,61.59,1882149832.93556,304361.0,6183.93891771798
4979,North America,401,BLZ,Belize,2009,63.6,57.9,67.6,75.1,71.5,50.4,65.9,70.9,73.2,20.8,0.0,67.8,76.9,93.2,63.4,50.3,55.1,57.4,30,40,40,40,8,61.3,1874822219.57041,312614.0,5997.24330826644
4980,North America,402,BLZ,Belize,2010,64.2,57.9,64.6,77.5,72.2,50.5,66.2,77.7,73.2,21.0,0.0,68.0,78.4,93.2,64.0,50.2,53.2,60.0,25,35,25,55,7,61.0,1895708410.0466,320245.0,5919.55662085777
4981,North America,403,BLZ,Belize,2011,65.0,58.0,66.6,77.1,73.8,50.5,66.5,82.6,73.2,21.1,0.0,67.9,78.0,92.8,67.8,50.3,53.9,59.6,10,40,20,20,5,60.49,1891072573.01966,327298.0,5777.83112948952
4982,North America,404,BLZ,Belize,2012,65.6,59.1,65.6,76.3,76.1,51.5,66.8,86.7,73.2,21.4,0.0,69.2,76.9,93.2,70.4,50.6,53.5,58.6,10,40,15,18,5,59.97,1961756625.75293,334414.0,5866.25148992843
4983,North America,405,BLZ,Belize,2013,64.9,60.8,63.6,75.0,78.5,54.7,67.1,82.0,73.1,22.3,0.0,69.0,75.9,93.2,57.2,50.5,56.4,59.1,20,30,30,30,7,59.46,2049139661.32515,341627.0,5998.17830945783
4984,North America,406,BLZ,Belize,2014,65.8,61.4,65.4,74.1,80.1,54.9,67.4,77.8,73.2,24.6,0.0,74.3,75.0,92.5,65.1,50.5,56.2,60.3,20,35,40,40,8,58.95,2131737316.74054,348923.0,6109.47778375326
4985,North America,407,BLZ,Belize,2015,65.5,62.1,62.8,74.4,78.1,52.8,67.7,73.9,73.6,25.9,0.0,74.5,75.1,90.2,69.4,50.4,55.9,60.7,25,30,15,60,5,58.43,2193050000.0,356333.0,6154.49593498217
4986,North America,408,BLZ,Belize,2016,66.2,61.8,64.0,74.0,79.3,53.3,67.9,75.9,74.0,34.2,0.0,75.5,74.7,90.8,68.6,50.3,53.8,61.9,25,40,33,45,8,57.94,2194246345.03921,364705.0,6016.49646985703
4987,North America,409,BLZ,Belize,2017,66.9,60.9,68.2,75.4,78.1,56.2,68.1,78.9,74.2,32.7,0.0,75.7,75.8,91.9,69.2,50.3,50.6,64.2,15,38,30,40,7,57.45,2154467872.48551,373202.0,5772.92692023491
4988,North America,410,BLZ,Belize,2018,67.1,61.2,68.0,75.8,78.2,56.3,68.3,77.4,68.5,33.9,0.0,76.1,77.5,93.0,69.7,50.2,52.6,66.6,20,15,40,40,8,56.96,2178394773.26969,380226.0,5729.21045186202
4989,North America,411,BLZ,Belize,2019,67.0,62.6,66.1,76.4,78.0,56.3,68.3,75.1,66.6,35.9,0.0,76.4,77.5,92.6,70.3,50.1,54.2,66.3,25,40,45,40,8,56.48,2271360752.35822,385829.0,5886.9622354935
4990,North America,412,BLZ,Belize,2020,66.8,55.8,67.1,74.2,78.8,56.4,68.3,76.3,64.6,36.9,0.0,76.4,77.5,93.0,70.7,50.0,55.1,68.5,15,30,35,35,10,55.99,1955575509.71701,390812.0,5003.87784847193
4991,North America,413,BLZ,Belize,2021,66.5,61.0,68.6,74.3,60.7,58.0,68.3,76.3,65.9,38.4,0.0,76.4,79.6,92.7,70.4,48.1,53.8,71.3,5,55,40,40,7,,2302615266.50756,395346.0,5824.30394264153
4992,North America,414,BLZ,Belize,2022,64.6,62.1,68.7,74.3,60.7,58.2,68.3,76.3,66.0,38.4,0.0,76.4,79.6,92.7,70.1,48.0,53.4,71.4,25,40,43,50,8,,2524886205.2506,402733.0,6269.37997445105
4993,Africa,415,BEN,Benin,2000,47.7,20.6,58.3,32.9,30.7,20.6,46.7,7.7,70.1,14.2,58.2,41.1,97.5,98.7,59.9,66.8,45.9,40.7,38,45,18,20,15,36.67,6219354272.65514,7221619.0,861.213292013209
4994,Africa,416,BEN,Benin,2001,47.7,20.6,58.3,32.7,30.7,20.7,46.8,7.5,70.2,14.2,58.2,40.9,97.4,98.7,59.9,66.8,45.9,41.4,15,40,18,15,5,36.23,6551040876.0552,7445596.0,879.854463773645
4995,Africa,417,BEN,Benin,2002,47.6,20.6,58.3,32.5,29.5,20.9,46.9,7.6,70.2,14.2,58.2,40.7,97.3,98.6,60.0,66.8,45.9,41.3,20,35,18,18,10,35.79,6855207726.28555,7675426.0,893.137100961634
4996,Africa,418,BEN,Benin,2003,47.7,20.6,58.7,32.9,29.5,21.1,47.0,7.7,70.2,14.2,58.2,40.5,97.3,98.5,59.9,66.8,45.9,41.3,30,40,18,15,15,35.34,7091272067.48876,7913070.0,896.146763201736
4997,Africa,419,BEN,Benin,2004,47.8,20.6,58.8,31.6,31.2,21.8,47.2,7.9,70.2,14.3,58.2,40.3,97.4,98.5,59.9,66.8,45.9,42.1,5,20,25,30,8,34.9,7405393050.93385,8159094.0,907.624431209378
4998,Africa,420,BEN,Benin,2005,47.7,20.6,58.7,31.9,29.0,22.0,47.3,8.0,70.2,14.3,58.2,41.6,97.3,98.5,59.8,66.8,45.9,41.5,15,30,9,15,10,34.46,7532259620.47862,8426144.0,893.91536869992
4999,Africa,421,BEN,Benin,2006,48.1,20.6,58.8,33.2,32.9,22.3,47.5,8.5,70.1,14.3,58.2,41.4,97.2,98.4,59.7,66.8,45.9,42.0,20,30,15,35,10,34.01,7829312267.7691,8693242.0,900.62053578735
5000,Africa,422,BEN,Benin,2007,48.5,20.6,59.5,34.9,32.9,24.4,47.6,8.4,70.1,14.4,58.2,41.2,97.1,98.3,59.6,66.8,45.9,44.5,15,40,35,15,15,33.57,8298002249.61043,8953969.0,926.740113754071
5001,Africa,423,BEN,Benin,2008,48.8,20.6,61.7,35.3,34.7,24.6,47.7,8.9,70.1,14.4,58.2,41.0,97.2,98.3,59.8,66.8,46.9,43.7,20,40,35,25,10,33.12,8704320326.21926,9228466.0,943.203380303862
5002,Africa,424,BEN,Benin,2009,49.0,20.6,62.2,35.7,36.9,24.9,47.9,9.0,70.1,14.4,58.2,40.8,97.1,98.3,59.9,66.9,46.9,43.8,33,50,50,20,8,32.68,8906198943.30981,9509423.0,936.565651071554
5003,Africa,425,BEN,Benin,2010,49.3,20.6,62.0,36.7,37.3,25.1,48.0,9.8,70.0,14.6,58.2,40.6,97.1,98.2,60.0,66.9,47.0,45.4,20,35,20,20,15,32.24,9094481753.64081,9797484.0,928.246655329144
5004,Africa,426,BEN,Benin,2011,48.2,20.6,63.2,37.2,40.9,26.1,48.2,10.6,69.1,14.8,37.1,36.6,97.3,98.3,60.0,66.9,46.1,45.9,25,40,35,35,10,31.79,9364019722.08608,10093623.0,927.716412836707
5005,Africa,427,BEN,Benin,2012,48.5,20.4,62.9,37.8,42.1,26.9,48.3,11.2,69.2,15.6,37.1,38.2,97.3,98.3,59.3,66.9,48.4,44.0,30,46,20,35,15,31.35,9814543622.24071,10397657.0,943.918771531001
5006,Africa,428,BEN,Benin,2013,48.7,20.7,63.3,37.4,45.1,31.3,48.4,10.5,69.3,15.7,37.1,37.2,97.0,98.0,59.2,66.9,45.5,44.5,25,30,12,40,10,30.91,10520350021.8969,10708834.0,982.399206290516
5007,Africa,429,BEN,Benin,2014,48.8,20.9,63.8,36.9,44.3,32.5,48.6,10.2,70.4,14.5,37.1,38.8,96.9,97.9,59.9,66.9,45.7,43.9,10,35,25,35,15,30.46,11189200116.267,11030004.0,1014.4330062135
5008,Africa,430,BEN,Benin,2015,47.8,21.4,63.4,37.8,44.8,31.9,48.7,9.0,70.4,15.6,21.4,37.5,97.1,98.1,60.0,66.9,44.3,43.9,30,65,20,40,15,30.02,11388160996.7738,11360681.0,1002.41886879614
5009,Africa,431,BEN,Benin,2016,49.2,26.6,64.1,38.9,55.5,32.0,48.9,10.6,70.5,17.0,21.4,40.1,97.1,98.1,60.0,66.9,44.6,43.5,10,60,35,35,10,29.58,11768488383.3269,11697842.0,1006.03926633023
5010,Africa,432,BEN,Benin,2017,50.3,34.3,63.5,41.0,55.6,32.8,49.0,9.9,74.0,18.5,21.4,41.2,97.1,98.0,60.0,66.9,47.0,45.7,25,35,25,40,10,29.13,12435945492.7429,12039780.0,1032.90471194182
5011,Africa,433,BEN,Benin,2018,53.9,46.0,64.7,43.2,58.3,32.8,49.1,11.1,74.1,20.6,62.0,43.3,96.9,97.8,60.0,65.4,46.7,44.7,30,55,18,35,12,28.69,13268812302.6618,12383347.0,1071.50452156932
5012,Africa,434,BEN,Benin,2019,54.0,46.7,64.6,42.8,56.3,33.6,49.3,11.5,73.7,21.5,62.0,42.9,96.9,97.8,60.0,65.4,48.3,44.1,5,35,18,25,10,28.25,14179807374.6843,12726755.0,1114.17304526443
5013,Africa,435,BEN,Benin,2020,54.4,47.1,65.1,41.7,52.3,33.6,49.4,11.8,74.6,23.5,62.0,47.2,96.9,97.9,60.0,65.4,48.6,47.5,30,40,20,30,10,27.8,14725558723.2985,13070169.0,1126.65404122154
5014,Africa,436,BEN,Benin,2021,55.1,52.4,65.2,42.5,57.3,34.1,49.4,11.8,76.0,25.9,62.0,41.6,96.9,97.8,60.0,66.4,47.6,49.6,35,42,18,35,5,,15779238957.3117,13413417.0,1176.37727637273
5015,Africa,437,BEN,Benin,2022,55.1,57.2,65.4,42.0,57.3,34.2,49.4,11.8,76.0,25.9,62.0,39.1,96.9,97.8,60.0,66.4,46.0,49.6,20,45,20,35,20,,16765906414.7949,13759501.0,1218.49668929091
5016,Asia,438,BTN,Bhutan,2000,57.8,78.7,43.3,48.1,17.1,44.9,58.4,37.2,73.7,9.0,48.3,85.5,88.9,92.1,0.0,62.8,78.3,59.3,25,10,30,72,15,68.36,751822818.964787,596863.0,1259.6237645235
5017,Asia,439,BTN,Bhutan,2001,58.4,78.7,44.0,49.3,21.0,44.9,58.8,40.8,73.5,9.0,48.3,85.5,88.8,92.2,0.0,62.7,78.3,58.6,40,30,35,30,20,68.62,806919209.637853,610794.0,1321.09878230279
5018,Asia,440,BTN,Bhutan,2002,58.4,78.7,43.7,49.4,21.0,44.9,59.6,43.1,73.5,9.2,48.3,85.5,88.7,92.1,0.0,62.7,78.3,56.1,30,35,15,65,10,68.88,891192074.385711,624409.0,1427.25693317315
5019,Asia,441,BTN,Bhutan,2003,58.7,78.7,45.4,53.7,21.0,44.9,60.3,43.6,73.6,9.1,48.3,85.6,88.9,92.3,0.0,62.7,79.1,52.7,30,30,15,60,10,69.14,960585283.615957,637663.0,1506.4152751782
5020,Asia,442,BTN,Bhutan,2004,59.5,78.7,49.6,54.3,23.5,44.8,61.0,47.8,73.0,9.5,48.3,85.6,88.7,92.6,0.0,62.7,78.6,53.6,5,30,25,48,20,69.4,1010125138.87137,650544.0,1552.73915195801
5021,Asia,443,BTN,Bhutan,2005,60.1,78.7,49.7,55.1,28.8,44.9,61.7,51.0,72.5,9.6,48.3,84.6,88.7,92.3,0.0,62.7,78.8,55.0,35,30,20,35,20,69.67,1080178039.16497,661865.0,1632.02169500573
5022,Asia,444,BTN,Bhutan,2006,60.4,78.7,50.4,55.9,32.1,41.5,62.4,52.6,72.5,10.1,48.3,84.6,89.4,92.3,0.0,62.7,78.9,54.8,10,20,15,70,10,69.93,1141108777.66963,670799.0,1701.11878173586
5023,Asia,445,BTN,Bhutan,2007,62.0,78.7,50.7,58.4,33.5,41.5,63.0,57.6,72.1,10.0,60.7,84.6,89.0,92.4,0.0,62.7,78.7,58.0,15,30,35,75,18,70.19,1324881877.57243,678641.0,1952.25734603779
5024,Asia,446,BTN,Bhutan,2008,62.6,78.7,53.8,58.3,37.3,44.5,63.6,57.9,72.0,10.0,60.7,84.6,89.2,92.3,0.0,64.7,78.5,55.4,38,38,35,65,40,70.45,1384891723.57233,686351.0,2017.76018913403
5025,Asia,447,BTN,Bhutan,2009,62.9,78.7,50.6,58.5,41.5,44.5,64.3,60.7,71.8,10.3,60.7,84.7,88.9,92.4,0.0,64.7,78.6,55.9,25,35,35,60,25,70.71,1491078191.02509,693988.0,2148.56480375034
5026,Asia,448,BTN,Bhutan,2010,63.5,78.7,51.2,60.9,45.8,44.5,64.9,62.8,72.3,11.9,60.7,84.6,88.4,92.1,0.0,64.7,78.6,53.5,30,35,38,65,10,70.97,1668991759.59852,701632.0,2378.72810760985
5027,Asia,449,BTN,Bhutan,2011,64.1,82.4,54.6,61.9,46.9,44.8,65.5,64.9,72.4,12.0,60.7,85.1,88.0,90.8,0.0,64.7,77.9,53.6,30,40,30,66,40,71.02,1810676784.15218,709377.0,2552.48871073094
5028,Asia,450,BTN,Bhutan,2012,65.3,81.9,54.2,63.2,53.6,45.2,66.0,68.2,73.3,15.8,57.4,85.0,87.8,91.3,0.0,64.7,77.8,59.0,20,40,35,70,5,71.07,1904194983.13207,717279.0,2654.74798946027
5029,Asia,451,BTN,Bhutan,2013,66.6,94.8,54.7,65.7,54.6,47.8,66.6,67.8,72.7,19.7,57.4,85.5,88.0,91.9,0.0,64.7,78.3,54.9,32,38,30,70,10,71.12,1937258289.82484,725273.0,2671.07460201171
5030,Asia,452,BTN,Bhutan,2014,66.8,92.2,55.4,65.3,56.5,49.3,67.2,69.5,72.9,22.6,57.4,81.8,88.0,91.4,0.0,65.9,79.5,54.8,33,35,40,65,10,71.18,2051190106.33281,733139.0,2797.81883971908
5031,Asia,453,BTN,Bhutan,2015,67.6,93.0,56.3,66.6,55.2,51.2,67.8,71.4,73.0,27.6,57.4,83.1,88.0,90.4,0.0,65.9,79.6,55.5,15,35,35,70,5,71.23,2187815803.36833,740618.0,2954.04081911097
5032,Asia,454,BTN,Bhutan,2016,68.1,91.1,57.5,65.8,57.0,52.5,68.3,72.4,72.7,31.3,57.4,84.1,87.8,90.2,0.0,65.9,80.2,55.8,10,40,35,55,15,71.28,2373253832.39027,747866.0,3173.36773217431
5033,Asia,455,BTN,Bhutan,2017,69.5,90.9,58.3,68.3,60.9,53.5,68.7,72.4,72.5,36.2,64.4,83.9,87.6,90.0,0.0,65.9,80.4,57.8,25,35,30,70,20,71.33,2422779966.72395,754335.0,3211.80903275593
5034,Asia,456,BTN,Bhutan,2018,70.6,93.5,57.3,68.5,62.2,58.5,69.0,73.1,72.2,38.6,64.4,84.2,88.2,90.4,0.0,65.7,82.8,60.5,15,30,35,60,5,71.38,2507622616.54362,759759.0,3300.55006461736
5035,Asia,457,BTN,Bhutan,2019,71.0,94.5,56.5,73.2,62.9,60.5,69.3,73.7,72.7,40.8,64.4,84.5,88.1,90.1,0.0,65.7,83.3,56.5,20,37,22,60,20,71.43,2651940022.25787,764824.0,3467.38598979356
5036,Asia,458,BTN,Bhutan,2020,71.4,93.1,57.8,72.9,68.7,60.4,69.6,73.9,70.9,41.2,64.4,84.6,88.1,90.0,0.0,65.7,83.1,58.5,18,35,40,60,10,71.49,2380954251.4208,770006.0,3092.12428399363
5037,Asia,459,BTN,Bhutan,2021,73.1,93.8,57.7,73.5,87.2,61.5,69.6,73.9,71.8,42.5,64.4,84.6,88.1,89.9,0.0,65.8,83.1,63.0,30,35,25,60,20,,2486224986.25084,775442.0,3206.20366997254
5038,Asia,460,BTN,Bhutan,2022,72.3,94.8,57.9,73.5,87.2,61.6,69.6,73.9,72.1,42.5,64.4,84.6,88.1,89.9,0.0,65.7,80.0,63.2,35,35,45,65,35,,2615853471.18587,780914.0,3349.73309632799
5039,South America,461,BOL,Bolivia,2000,59.2,79.4,56.0,52.9,82.6,44.2,57.8,50.4,71.0,12.7,2.0,69.7,92.7,95.4,0.0,69.3,49.9,60.4,35,50,18,20,5,50.86,17334777888.1262,8606326.0,2014.19024658446
5040,South America,462,BOL,Bolivia,2001,59.9,79.4,56.7,53.2,84.0,44.4,58.3,53.5,71.0,12.8,7.9,69.6,93.1,95.5,0.0,69.2,49.9,59.7,10,60,17,30,10,50.68,17626660726.9117,8752736.0,2013.84581083123
5041,South America,463,BOL,Bolivia,2002,60.2,79.4,56.3,54.3,85.5,48.4,58.8,51.0,71.0,12.9,5.2,70.2,92.8,95.5,0.0,70.5,49.9,60.9,38,60,20,30,10,50.49,18064782966.6648,8900355.0,2029.66993638623
5042,South America,464,BOL,Bolivia,2003,60.5,79.4,56.6,55.2,86.3,48.9,59.3,52.8,71.0,12.9,5.2,70.1,92.9,95.2,0.0,70.5,49.9,61.3,40,40,24,17,5,50.31,18554580623.7088,9050700.0,2050.07133411878
5043,South America,465,BOL,Bolivia,2004,61.2,79.4,55.5,55.4,87.5,49.8,59.8,54.7,71.0,13.1,11.3,70.7,92.8,95.2,0.0,70.5,49.9,62.5,30,60,20,22,15,50.12,19328918118.4657,9204287.0,2099.99081063701
5044,South America,466,BOL,Bolivia,2005,61.0,79.4,56.1,57.0,87.7,49.2,60.3,52.4,71.0,13.2,6.3,69.8,92.5,95.1,0.0,70.7,49.9,64.7,35,56,20,25,5,49.93,20183533307.223,9360754.0,2156.18670325307
5045,South America,467,BOL,Bolivia,2006,61.2,79.4,57.0,56.1,87.0,49.7,60.8,53.5,70.9,13.4,8.9,70.4,92.4,95.0,0.0,70.7,49.1,64.9,40,60,22,20,5,49.75,21151739180.8768,9521689.0,2221.42722587104
5046,South America,468,BOL,Bolivia,2007,61.8,79.4,56.0,58.3,86.3,49.5,61.3,57.9,70.9,14.1,12.0,70.7,92.3,94.9,0.0,70.9,49.7,65.0,30,58,22,20,5,49.56,22117185836.643,9685960.0,2283.4273357151
5047,South America,469,BOL,Bolivia,2008,62.5,79.4,56.0,59.2,87.3,49.4,61.9,58.5,70.9,14.4,17.2,71.7,92.3,94.8,0.0,70.9,50.3,65.0,38,62,24,25,5,49.38,23477060537.7351,9850858.0,2383.25032578229
5048,South America,470,BOL,Bolivia,2009,62.8,79.4,58.8,62.0,84.9,52.3,62.5,59.4,70.7,14.5,19.4,70.0,92.3,94.7,0.0,70.9,48.6,65.0,35,55,18,23,15,49.19,24265185360.0464,10016275.0,2422.57579390006
5049,South America,471,BOL,Bolivia,2010,63.1,79.4,58.9,63.1,83.0,54.4,63.1,59.9,70.9,15.3,19.4,70.0,92.0,94.5,0.0,70.9,49.7,65.0,35,55,22,25,8,49.0,25266542246.0612,10182345.0,2481.40700850945
5050,South America,472,BOL,Bolivia,2011,63.7,81.7,59.5,65.5,81.7,54.9,63.7,59.9,71.1,16.7,23.8,69.9,92.0,94.0,0.0,70.8,49.5,63.7,35,52,25,30,5,48.81,26581436461.7176,10348929.0,2568.5205166368
5051,South America,473,BOL,Bolivia,2012,63.7,80.8,61.0,64.9,80.3,55.4,64.3,60.2,71.2,18.9,23.1,67.8,92.0,94.0,0.0,70.8,49.1,65.0,35,66,25,27,7,48.61,27943010890.6533,10515807.0,2657.23884915854
5052,South America,474,BOL,Bolivia,2013,63.9,82.7,60.7,64.4,82.4,56.6,64.9,60.5,71.0,20.2,21.7,68.2,91.8,93.7,0.0,70.8,47.8,64.9,40,58,24,40,15,48.42,29842021104.1396,10682608.0,2793.51457098675
5053,South America,475,BOL,Bolivia,2014,65.5,85.3,62.2,65.6,84.7,70.5,65.5,60.5,73.4,18.2,21.4,67.3,91.7,93.1,0.0,70.8,50.9,66.8,35,56,20,20,5,48.22,31471565408.6312,10848888.0,2900.90241586338
5054,South America,476,BOL,Bolivia,2015,66.2,86.2,63.5,68.5,84.8,69.2,66.1,61.0,71.9,21.8,23.0,66.8,91.7,93.1,0.0,70.8,52.1,69.0,30,58,18,25,5,48.03,33000198248.9146,11014705.0,2996.01289811344
5055,South America,477,BOL,Bolivia,2016,67.0,83.9,63.4,69.4,86.6,72.4,66.7,60.9,71.6,24.8,25.2,70.7,91.7,93.1,0.0,70.8,51.2,69.0,35,63,5,35,10,47.81,34407300587.1524,11180020.0,3077.57057564767
5056,South America,478,BOL,Bolivia,2017,67.7,86.0,62.5,68.8,86.3,72.9,67.3,60.9,73.4,28.1,28.9,73.1,91.8,92.9,0.0,70.8,50.5,69.8,35,45,22,25,5,47.59,35850757840.6068,11344587.0,3160.16421228968
5057,South America,479,BOL,Bolivia,2018,68.8,89.0,64.5,66.6,87.1,73.7,67.9,61.9,73.9,29.2,40.9,73.3,91.7,93.0,0.0,66.2,51.2,71.2,30,62,25,23,5,47.37,37364958928.4415,11508368.0,3246.76434820658
5058,South America,480,BOL,Bolivia,2019,69.8,93.0,64.2,66.7,89.1,72.1,68.5,63.8,73.9,30.1,45.8,75.9,91.7,93.1,0.0,66.2,52.7,69.6,35,55,18,16,15,47.15,38193230080.2463,11671386.0,3272.38171029956
5059,South America,481,BOL,Bolivia,2020,68.7,90.0,63.7,66.0,91.2,69.5,69.1,64.6,71.3,32.1,35.2,69.0,91.7,93.5,0.0,66.2,52.4,74.3,30,43,35,25,5,46.92,34855949803.3644,11816299.0,2949.81955038243
5060,South America,482,BOL,Bolivia,2021,69.2,90.9,64.7,66.3,90.6,69.2,69.1,64.6,75.1,33.7,35.2,73.0,91.9,93.2,0.0,61.6,51.3,76.3,38,46,20,27,15,,36986126802.9765,11937360.0,3098.35062383781
5061,South America,483,BOL,Bolivia,2022,68.9,91.7,64.9,66.8,90.6,69.5,69.1,64.6,75.4,33.7,35.2,71.8,91.9,93.2,0.0,61.6,48.9,76.5,38,55,22,30,10,,38319728337.5714,12077154.0,3172.91046695036
5062,Europe,484,BIH,Bosnia and Herzegovina,2000,67.4,99.6,55.0,68.8,37.5,26.7,73.6,65.0,68.0,20.1,89.5,79.2,81.1,90.1,83.4,62.7,69.9,74.9,44,82,28,25,20,41.24,10676417585.1095,4159771.0,2566.58782060588
5063,Europe,485,BIH,Bosnia and Herzegovina,2001,67.7,99.6,57.6,70.5,37.5,26.8,73.5,65.4,68.0,20.1,89.5,79.3,81.4,90.3,83.4,62.7,70.1,74.9,42,75,45,20,5,41.23,10935140618.7269,4179438.0,2616.41412523094
5064,Europe,486,BIH,Bosnia and Herzegovina,2002,67.7,99.6,59.6,69.5,37.5,26.8,73.5,65.2,68.0,20.3,89.5,79.3,80.7,89.9,83.6,62.7,70.0,74.9,45,85,40,25,20,41.21,11484898712.3276,4188002.0,2742.33362647095
5065,Europe,487,BIH,Bosnia and Herzegovina,2003,67.8,99.6,55.7,70.4,37.5,31.8,73.5,65.1,67.9,20.7,89.5,79.3,80.4,89.9,83.5,62.7,70.0,74.9,42,85,45,28,10,41.19,11929035686.0139,4178523.0,2854.84504596813
5066,Europe,488,BIH,Bosnia and Herzegovina,2004,67.5,99.6,61.6,70.4,37.5,31.9,73.5,65.0,67.9,22.5,76.7,79.3,80.6,89.4,83.5,62.7,70.1,74.9,35,72,35,28,5,41.17,12683578944.5033,4140987.0,3062.93618997193
5067,Europe,489,BIH,Bosnia and Herzegovina,2005,67.5,99.6,60.4,73.2,37.5,32.0,73.5,64.4,67.9,23.7,76.7,79.1,80.2,89.1,83.5,62.7,70.1,74.9,45,75,33,35,5,41.16,13177880591.4628,4096493.0,3216.86881717187
5068,Europe,490,BIH,Bosnia and Herzegovina,2006,67.8,99.6,63.6,73.0,37.5,30.9,73.5,63.1,67.9,24.3,76.7,79.2,80.3,88.5,83.4,62.7,70.1,77.7,42,75,45,35,5,41.14,13891331517.2397,4063272.0,3418.75501252184
5069,Europe,491,BIH,Bosnia and Herzegovina,2007,68.2,99.6,59.7,73.9,37.5,30.0,73.5,60.6,67.9,25.0,80.4,79.2,80.3,88.4,83.4,71.1,70.1,78.3,38,70,38,33,10,41.12,14704964354.8142,4013424.0,3663.94488965387
5070,Europe,492,BIH,Bosnia and Herzegovina,2008,68.9,99.6,63.9,73.3,37.5,30.4,73.4,60.9,69.3,26.2,80.4,78.5,80.2,87.2,83.4,79.6,70.1,77.5,43,70,50,35,10,41.1,15505477767.974,3947544.0,3927.87965579966
5071,Europe,493,BIH,Bosnia and Herzegovina,2009,69.2,99.6,62.2,74.4,37.5,34.4,73.4,62.3,69.0,27.0,80.4,78.5,80.1,86.8,83.4,79.6,70.1,76.9,38,85,35,30,30,41.09,15039622521.6786,3879794.0,3876.39718028292
5072,Europe,494,BIH,Bosnia and Herzegovina,2010,69.1,99.6,60.0,74.5,37.5,33.5,73.4,63.5,68.0,28.6,80.4,78.6,80.2,86.4,83.4,79.6,70.2,78.1,42,70,25,40,10,41.07,15169815910.7044,3811472.0,3980.04128344756
5073,Europe,495,BIH,Bosnia and Herzegovina,2011,69.0,99.5,59.6,75.6,37.3,36.3,73.4,59.2,68.0,29.6,80.8,76.8,79.5,84.8,83.4,79.6,70.3,78.6,40,60,35,35,10,41.29,15315372000.5534,3741798.0,4093.05152243746
5074,Europe,496,BIH,Bosnia and Herzegovina,2012,69.1,99.5,58.8,75.8,36.6,36.4,73.3,59.6,68.0,35.4,80.8,72.4,79.6,86.0,83.3,79.6,70.3,79.3,38,75,45,35,10,41.52,15189504687.2909,3670113.0,4138.70218363601
5075,Europe,497,BIH,Bosnia and Herzegovina,2013,70.3,99.6,62.3,76.2,45.6,38.8,73.3,63.0,68.0,37.8,80.8,72.9,79.5,85.9,83.3,79.7,70.1,78.1,38,75,42,33,20,41.75,15546436275.2992,3610859.0,4305.4675564178
5076,Europe,498,BIH,Bosnia and Herzegovina,2014,70.5,99.6,60.8,76.0,51.9,39.6,73.2,65.3,67.4,36.7,80.8,77.4,78.9,86.6,73.8,79.7,71.6,79.2,38,72,45,33,10,41.97,15725819000.0295,3564829.0,4411.38102277262
5077,Europe,499,BIH,Bosnia and Herzegovina,2015,70.7,99.7,60.5,75.6,54.9,40.0,73.2,66.1,67.1,38.4,80.8,75.6,78.8,87.3,73.8,79.7,71.4,78.3,40,75,40,33,10,42.2,16404348871.4437,3518541.0,4662.25883724069
5078,Europe,500,BIH,Bosnia and Herzegovina,2016,71.0,99.7,64.8,74.1,56.1,40.1,73.2,65.2,67.4,40.7,80.8,78.7,78.7,85.3,73.5,79.7,71.2,77.8,40,65,22,35,15,42.3,16936219727.6767,3473003.0,4876.5347244666
5079,Europe,501,BIH,Bosnia and Herzegovina,2017,70.9,99.7,60.6,74.8,58.8,41.1,73.2,62.0,69.8,42.8,80.8,76.2,78.3,84.4,73.7,79.7,70.9,78.7,10,85,45,35,5,42.41,17485647794.2627,3428682.0,5099.81613758953
5080,Europe,502,BIH,Bosnia and Herzegovina,2018,72.4,99.8,65.9,76.5,64.1,41.2,73.3,71.4,70.4,44.0,80.8,78.1,77.9,84.3,74.1,79.7,67.9,81.5,38,72,40,35,5,42.52,18154910824.6593,3387000.0,5360.17443893099
5081,Europe,503,BIH,Bosnia and Herzegovina,2019,73.0,99.8,65.7,77.0,64.1,43.4,73.2,71.3,73.4,43.2,80.8,75.4,77.8,84.8,83.6,79.7,66.8,80.6,40,70,40,25,30,42.63,18679105433.9912,3345533.0,5583.29732033466
5082,Europe,504,BIH,Bosnia and Herzegovina,2020,73.4,99.8,67.2,76.1,64.1,46.1,73.2,71.3,73.3,44.8,80.8,74.2,77.8,84.6,83.8,81.3,67.8,82.2,40,75,35,35,5,42.73,18115912632.4361,3299349.0,5490.75367062899
5083,Europe,505,BIH,Bosnia and Herzegovina,2021,74.1,99.8,63.8,76.5,64.1,47.2,73.2,71.3,76.7,47.3,80.8,74.6,78.3,88.2,83.8,81.3,68.5,84.8,40,78,42,35,10,,19454671753.5435,3244907.0,5995.44817572385
5084,Europe,506,BIH,Bosnia and Herzegovina,2022,74.0,99.9,63.8,76.9,64.1,47.1,73.2,71.3,76.9,47.3,80.8,74.6,78.3,88.2,83.7,81.3,66.2,84.7,43,63,40,38,20,,20276983961.3676,3204802.0,6327.06293910437
5085,Africa,507,BWA,Botswana,2000,54.7,55.3,43.7,38.5,62.4,68.2,56.2,22.5,65.2,21.4,0.0,66.7,82.4,85.2,0.0,74.1,65.5,67.5,12,30,35,80,5,31.09,8491986059.02571,1677382.0,5062.64289173588
5086,Africa,508,BWA,Botswana,2001,54.8,55.3,43.8,37.9,62.9,68.1,56.7,23.4,63.7,21.4,0.0,66.7,84.0,85.2,0.0,74.1,65.5,68.0,15,30,24,60,6,30.88,8513264763.90086,1712254.0,4971.96371794188
5087,Africa,509,BWA,Botswana,2002,54.7,55.3,44.4,38.4,62.3,67.9,57.0,21.5,62.3,21.5,0.0,67.3,84.5,85.1,0.0,74.1,64.9,68.4,15,35,15,65,10,30.67,9029979997.34259,1744763.0,5175.47655317231
5088,Africa,510,BWA,Botswana,2003,54.5,55.3,46.9,37.4,62.3,67.8,57.4,19.8,60.8,21.6,0.0,67.3,84.2,85.3,0.0,74.1,64.2,68.1,15,35,20,60,8,30.47,9447697367.92895,1775736.0,5320.440295139
5089,Africa,511,BWA,Botswana,2004,54.5,55.3,44.5,37.4,63.2,64.7,57.7,22.3,61.8,21.6,0.0,67.8,83.6,85.3,0.0,74.1,65.0,67.8,20,40,25,70,8,30.26,9703335214.03812,1807146.0,5369.42516766112
5090,Africa,512,BWA,Botswana,2005,55.1,55.3,45.0,38.6,63.2,64.5,58.1,24.4,63.0,21.8,0.0,67.5,84.2,85.2,0.0,74.1,63.3,73.3,20,30,30,65,7,30.05,10145481816.2871,1839877.0,5514.21742664705
5091,Africa,513,BWA,Botswana,2006,55.4,55.3,45.3,39.8,64.5,64.4,58.7,23.0,64.2,22.3,0.0,68.0,84.7,85.2,0.0,74.1,63.8,73.2,20,10,35,60,8,29.84,10994036837.1472,1874516.0,5865.00026521361
5092,Africa,514,BWA,Botswana,2007,55.0,55.3,45.2,38.8,62.8,64.3,59.6,22.6,64.5,22.2,0.0,68.0,84.6,85.2,0.0,74.1,62.9,70.7,10,37,30,65,7,29.63,11630872553.1126,1911201.0,6085.6354476126
5093,Africa,515,BWA,Botswana,2008,55.1,55.3,44.8,40.7,62.5,64.1,60.5,23.6,64.8,22.6,0.0,64.1,84.4,85.1,0.0,74.1,63.9,71.6,18,30,35,60,15,29.42,12009117014.1882,1949970.0,6158.61629368051
5094,Africa,516,BWA,Botswana,2009,55.2,55.3,43.9,41.4,62.2,62.4,61.3,23.6,65.1,22.5,3.5,64.0,84.2,85.7,0.0,74.1,61.8,72.5,10,38,22,75,7,29.21,10310519328.3503,1990673.0,5179.4138607146
5095,Africa,517,BWA,Botswana,2010,55.7,55.3,44.9,40.6,62.2,62.2,62.2,26.2,64.1,22.4,3.5,70.2,84.3,85.2,0.0,74.1,63.7,70.0,20,20,30,65,10,29.0,11353915358.3593,2033111.0,5584.50343260122
5096,Africa,518,BWA,Botswana,2011,56.2,55.9,44.7,41.2,62.2,62.5,63.0,26.8,63.9,23.2,3.5,68.2,84.2,86.9,0.0,74.1,68.5,70.0,20,40,30,65,5,28.8,12130342698.4549,2073535.0,5850.07858485864
5097,Africa,519,BWA,Botswana,2012,57.1,58.1,44.5,44.6,64.9,62.7,63.7,27.8,63.8,27.7,3.5,68.3,84.3,87.0,0.0,74.1,66.9,72.5,15,25,25,75,5,28.59,12109617144.6873,2108617.0,5742.919242654
5098,Africa,520,BWA,Botswana,2013,58.2,60.0,44.5,45.3,66.0,65.9,64.4,28.4,63.7,36.6,3.5,68.4,84.4,87.7,0.0,74.1,65.2,73.7,20,45,45,60,7,28.38,13454136659.5295,2140682.0,6284.97677820877
5099,Africa,521,BWA,Botswana,2014,59.1,59.2,41.8,45.1,67.3,67.1,65.1,40.8,66.9,34.8,3.5,68.9,84.5,87.2,0.0,74.1,65.8,73.4,10,35,35,75,5,28.17,14220638228.6159,2172044.0,6547.12253923766
5100,Africa,522,BWA,Botswana,2015,60.0,59.1,43.3,46.4,67.3,67.5,65.7,46.6,62.7,36.8,13.7,72.0,84.6,88.7,0.0,74.1,64.8,66.7,20,40,35,60,10,27.96,13530748844.505,2203273.0,6141.20394726616
5101,Africa,523,BWA,Botswana,2016,60.3,59.5,42.6,46.6,67.3,67.7,66.3,44.9,62.7,42.7,13.7,74.3,84.5,88.2,0.0,74.1,64.3,66.1,20,37,37,70,10,27.75,14505561464.3559,2234776.0,6490.83463593483
5102,Africa,524,BWA,Botswana,2017,60.9,59.3,43.7,48.3,66.8,67.9,66.9,46.0,65.3,43.5,13.7,74.4,85.1,89.1,0.0,74.1,61.4,69.6,18,42,22,60,15,27.54,15102375175.2916,2266747.0,6662.5764477869
5103,Africa,525,BWA,Botswana,2018,61.0,61.0,44.0,48.6,65.8,68.1,67.5,46.6,64.8,47.6,13.7,74.6,84.8,88.4,0.0,74.3,61.8,64.6,15,25,20,72,10,27.33,15734967214.9686,2299141.0,6843.84612121161
5104,Africa,526,BWA,Botswana,2019,61.7,61.6,44.1,50.6,65.8,69.0,68.0,48.0,65.2,50.1,13.7,74.6,84.7,89.0,0.0,74.3,63.2,65.2,10,38,32,65,15,27.13,16212015760.8999,2332083.0,6951.73188985979
5105,Africa,527,BWA,Botswana,2020,62.2,62.0,44.9,49.9,65.8,69.0,68.1,48.8,63.3,52.6,13.7,74.6,84.7,89.4,0.0,74.3,65.1,68.5,20,35,20,66,5,26.92,14796887968.598,2365894.0,6254.24806377545
5106,Africa,528,BWA,Botswana,2021,62.4,62.7,45.0,51.4,65.8,69.2,68.1,48.8,63.8,53.8,13.7,74.6,84.6,89.3,0.0,74.4,64.3,68.8,15,40,45,60,10,,16560125447.6096,2401441.0,6895.91184943107
5107,Africa,529,BWA,Botswana,2022,62.7,64.8,45.1,51.3,65.8,69.4,68.1,48.8,64.0,53.5,13.7,76.2,84.6,89.3,0.0,74.4,62.4,68.8,17,40,30,55,15,,17468616755.5627,2439892.0,7159.5860618268
5108,South America,530,BRA,Brazil,2000,67.9,82.5,66.8,72.4,81.2,62.8,80.4,83.5,75.2,40.5,6.5,75.2,85.4,93.2,58.3,62.3,58.7,69.2,30,52,30,48,7,65.93,1186419100640.61,174018282.0,6817.784240857
5109,South America,531,BRA,Brazil,2001,68.1,82.5,68.3,72.8,81.2,63.4,80.7,83.0,75.2,40.9,6.5,75.3,85.5,93.1,59.4,62.4,58.5,69.1,40,40,35,34,10,65.46,1202909097020.67,176301203.0,6823.03396999891
5110,South America,532,BRA,Brazil,2002,68.3,82.5,68.1,72.8,81.2,63.1,81.0,84.1,75.2,41.5,6.9,76.3,85.5,93.2,59.1,62.7,58.3,69.2,40,40,50,40,7,64.99,1239639467497.76,178503484.0,6944.62337495755
5111,South America,533,BRA,Brazil,2003,68.6,82.5,70.2,73.5,81.2,64.2,81.3,85.6,74.9,42.2,7.6,76.3,85.2,93.2,59.1,62.8,58.2,68.9,20,40,55,35,5,64.52,1253781634016.71,180622688.0,6941.4404574508
5112,South America,534,BRA,Brazil,2004,69.0,82.5,69.8,73.6,82.0,64.2,81.6,85.9,75.5,43.0,9.2,77.3,85.1,93.1,59.8,62.8,58.6,69.2,35,40,35,50,5,64.04,1325999012757.63,182675143.0,7258.78185165912
5113,South America,535,BRA,Brazil,2005,69.3,82.5,69.5,74.7,82.8,64.2,81.9,86.6,75.2,43.6,9.4,77.5,85.1,93.1,60.2,63.0,58.8,69.9,40,55,50,50,5,63.57,1368459252277.73,184688101.0,7409.56913232718
5114,South America,536,BRA,Brazil,2006,69.6,82.5,70.0,75.3,83.2,64.3,82.2,87.4,75.7,45.0,10.4,78.5,85.0,93.1,60.0,63.3,56.6,70.8,40,55,55,55,5,63.1,1422677453370.7,186653106.0,7622.04007133264
5115,South America,537,BRA,Brazil,2007,69.9,82.5,70.6,75.2,83.2,64.4,82.5,88.2,75.9,45.9,11.4,80.2,84.6,93.0,59.5,63.4,56.2,70.9,40,42,40,38,7,62.63,1509032133942.18,188552320.0,8003.25413096047
5116,South America,538,BRA,Brazil,2008,70.3,82.5,71.4,76.2,83.2,64.4,82.8,88.4,76.5,46.8,12.7,78.3,84.4,92.8,61.0,63.7,59.1,71.4,40,45,35,60,10,62.15,1585905180197.0,190367302.0,8330.76459841304
5117,South America,539,BRA,Brazil,2009,70.3,82.5,70.7,77.2,81.1,64.3,83.0,89.8,75.8,48.2,13.1,77.2,84.6,93.0,61.2,63.7,56.7,72.1,30,45,48,60,8,61.68,1583909921137.42,192079951.0,8246.09706995094
5118,South America,540,BRA,Brazil,2010,70.6,82.5,71.5,77.7,80.9,64.2,83.3,89.0,76.6,49.6,13.1,80.5,84.1,92.6,61.8,63.9,56.7,72.2,40,55,50,55,5,61.21,1703150236756.78,193701929.0,8792.63436120342
5119,South America,541,BRA,Brazil,2011,70.7,83.7,71.1,78.1,79.9,64.2,83.6,88.7,76.8,52.0,14.2,76.9,83.9,92.1,61.6,63.9,58.2,72.2,30,44,38,55,5,61.02,1770840632844.1,195284734.0,9067.99316348047
5120,South America,542,BRA,Brazil,2012,70.9,85.6,71.6,77.7,78.5,64.2,83.9,88.0,77.0,54.2,13.5,78.5,83.9,92.0,62.3,63.8,57.5,72.7,35,45,52,55,10,60.84,1804861597828.48,196876111.0,9167.49923929815
5121,South America,543,BRA,Brazil,2013,71.3,87.4,71.5,78.8,82.3,65.7,84.1,87.6,77.1,59.3,14.5,76.8,83.8,91.6,63.3,63.9,52.9,72.2,35,63,45,28,15,60.66,1859094488272.12,198478299.0,9366.73932434359
5122,South America,544,BRA,Brazil,2014,71.7,88.6,71.3,78.3,83.5,66.5,84.4,87.2,79.2,63.2,15.5,75.4,83.8,91.8,62.3,63.9,53.3,71.5,35,58,60,35,7,60.47,1868463501662.3,200085127.0,9338.34278278114
5123,South America,545,BRA,Brazil,2015,72.6,87.3,72.2,79.0,83.0,66.8,84.7,88.2,78.9,65.7,15.6,79.6,84.1,93.0,62.1,63.9,55.6,73.8,40,58,55,34,7,60.29,1802212206814.5,201675532.0,8936.19661712113
5124,South America,546,BRA,Brazil,2016,71.5,85.3,69.7,78.2,85.1,66.9,84.9,89.3,77.1,53.0,13.7,79.2,84.0,93.7,62.2,63.9,55.1,74.5,35,55,45,33,7,60.11,1743173232416.64,203218114.0,8577.84376650911
5125,South America,547,BRA,Brazil,2017,72.0,84.6,71.7,79.0,85.2,67.8,85.2,89.2,74.1,63.6,13.7,80.1,83.8,93.6,62.7,63.9,52.8,72.7,30,55,33,37,5,59.94,1766233131666.66,204703445.0,8628.25308908043
5126,South America,548,BRA,Brazil,2018,72.0,84.3,70.9,79.1,85.5,70.2,85.5,90.0,73.1,64.1,12.8,79.9,83.7,93.9,63.2,59.2,55.3,73.9,35,59,45,45,15,59.77,1797736844969.16,206107261.0,8722.33630317935
5127,South America,549,BRA,Brazil,2019,72.4,84.7,70.8,78.2,86.1,70.5,85.8,90.5,72.1,64.8,13.4,80.9,83.5,93.9,63.7,59.2,58.1,74.7,38,55,55,40,15,59.59,1819683217699.38,207455459.0,8771.44051292177
5128,South America,550,BRA,Brazil,2020,72.9,92.6,70.1,78.4,85.8,69.2,86.1,90.6,70.7,66.7,19.9,76.4,83.5,94.2,63.8,59.2,58.4,73.9,42,58,44,40,10,59.42,1760056587795.46,208660842.0,8435.01143254978
5129,South America,551,BRA,Brazil,2021,73.4,93.0,68.7,77.2,85.9,70.0,86.1,90.6,73.6,68.8,19.9,78.4,83.5,93.9,63.8,61.7,57.9,74.6,35,59,45,34,5,,1843881119920.2,209550294.0,8799.22945810901
5130,South America,552,BRA,Brazil,2022,73.7,93.3,68.7,77.7,85.9,70.4,86.1,90.6,76.0,69.0,19.9,80.9,83.5,93.9,63.8,61.7,56.9,74.6,40,65,44,35,5,,1899505377558.02,210306415.0,9032.08481566299
5131,Asia,553,BRN,Brunei Darussalam,2000,61.1,0.0,50.1,76.1,98.7,53.7,59.2,67.5,70.3,36.3,0.0,99.8,48.2,19.2,39.0,68.0,67.4,62.3,15,10,13,60,10,75.33,12244033124.2164,326424.0,37509.5983267664
5132,Asia,554,BRN,Brunei Darussalam,2001,61.2,0.0,49.7,75.6,98.7,53.6,59.2,67.6,70.3,36.6,0.0,99.8,48.2,20.6,40.9,67.9,67.4,62.2,10,18,10,75,10,75.01,12423538058.8336,333345.0,37269.3097506594
5133,Asia,555,BRN,Brunei Darussalam,2002,62.1,0.0,50.3,76.7,98.7,53.4,59.2,68.6,69.8,36.6,0.0,99.8,48.2,21.7,51.2,67.9,67.4,62.2,15,10,10,70,5,74.69,12915688955.2488,340099.0,37976.262662486
5134,Asia,556,BRN,Brunei Darussalam,2003,62.4,0.0,50.9,78.5,98.7,53.3,59.2,69.3,70.1,37.9,0.0,99.8,48.2,21.1,51.4,67.8,67.5,62.3,20,17,15,60,5,74.36,13378513489.2322,346637.0,38595.1686901058
5135,Asia,557,BRN,Brunei Darussalam,2004,62.3,0.0,50.0,78.0,98.7,53.2,59.2,68.8,70.0,39.7,0.0,99.8,48.2,19.6,52.4,67.8,67.5,62.2,35,18,14,70,5,74.04,13392499178.5515,352911.0,37948.6589495693
5136,Asia,558,BRN,Brunei Darussalam,2005,62.5,0.0,51.1,79.5,98.7,53.0,59.2,68.7,70.1,40.5,0.0,99.7,48.2,20.0,51.6,67.8,67.3,61.7,18,15,15,65,5,73.72,13391973497.6844,358916.0,37312.2777967112
5137,Asia,559,BRN,Brunei Darussalam,2006,62.6,0.0,50.7,80.7,98.4,53.3,59.2,68.8,69.8,41.9,0.0,99.7,48.2,21.0,52.0,67.8,67.2,61.2,35,20,15,60,10,73.4,13940831828.212,364663.0,38229.3564968534
5138,Asia,560,BRN,Brunei Darussalam,2007,61.2,0.0,50.6,79.3,98.6,53.5,59.0,64.2,69.6,42.1,0.0,99.7,48.2,9.0,47.5,67.7,67.2,61.3,10,20,15,80,0,73.07,13416151408.817,370873.0,36174.5163676434
5139,Asia,561,BRN,Brunei Darussalam,2008,61.3,0.0,50.7,81.5,98.6,53.7,59.0,62.8,69.7,42.7,0.0,99.7,48.2,9.0,47.6,67.7,67.4,61.3,18,18,10,65,10,72.75,12892826139.0708,377793.0,34126.6940866315
5140,Asia,562,BRN,Brunei Darussalam,2009,62.0,0.0,51.4,81.9,99.1,53.9,59.0,65.3,69.5,43.3,0.0,99.7,48.2,9.0,52.2,67.7,67.2,62.3,18,18,10,60,10,72.43,12647829712.4652,384952.0,32855.6020295133
5141,Asia,563,BRN,Brunei Darussalam,2010,61.7,0.0,51.9,83.8,99.0,54.2,59.0,65.4,69.4,44.4,0.0,99.6,48.2,9.0,47.0,67.7,67.8,58.5,18,15,18,80,15,72.11,12994552805.373,392332.0,33121.3176732283
5142,Asia,564,BRN,Brunei Darussalam,2011,61.4,0.0,52.6,82.5,98.6,54.7,59.0,63.4,69.0,45.9,0.0,99.6,48.2,0.0,50.8,67.7,67.8,60.5,20,12,12,60,7,72.11,13481121670.6159,399389.0,33754.3639675001
5143,Asia,565,BRN,Brunei Darussalam,2012,62.5,0.0,52.2,84.0,99.5,55.2,59.0,64.0,68.9,61.3,0.0,99.6,48.2,0.0,50.7,67.7,67.5,59.4,60,20,14,65,7,72.11,13604222554.7176,405557.0,33544.538880398
5144,Asia,566,BRN,Brunei Darussalam,2013,63.3,0.0,52.5,84.3,98.7,58.8,59.0,67.2,68.7,62.8,0.0,99.9,48.2,2.3,50.8,67.6,68.8,59.5,15,13,15,65,10,72.11,13315162321.2607,411202.0,32381.0738305277
5145,Asia,567,BRN,Brunei Darussalam,2014,63.6,0.0,53.5,84.9,99.6,59.8,59.0,66.1,68.9,66.7,0.0,99.9,48.2,0.0,49.6,67.6,68.8,60.7,20,18,20,70,10,72.11,12981233067.5755,416750.0,31148.729616258
5146,Asia,568,BRN,Brunei Darussalam,2015,64.7,0.0,55.0,84.6,98.4,60.9,59.0,67.5,68.4,69.0,0.0,99.9,48.2,6.7,54.8,67.6,68.3,61.8,30,15,17,65,25,72.11,12930296852.4882,422212.0,30625.128732694
5147,Asia,569,BRN,Brunei Darussalam,2016,64.3,0.0,54.0,84.7,95.5,61.6,59.2,66.9,67.9,73.9,0.0,99.9,48.1,9.4,49.5,67.6,61.9,64.5,30,15,18,62,20,72.11,12609894729.6867,427564.0,29492.4145383772
5148,Asia,570,BRN,Brunei Darussalam,2017,64.7,0.0,54.6,85.4,96.6,64.1,59.2,64.9,67.3,74.5,0.0,99.9,48.3,6.3,54.6,67.6,62.9,63.9,20,18,17,80,18,72.11,12777445744.2444,432772.0,29524.65904505
5149,Asia,571,BRN,Brunei Darussalam,2018,64.1,0.0,55.5,85.7,97.2,62.8,59.2,65.1,67.5,74.7,0.0,99.9,48.3,1.3,48.6,67.6,63.9,64.2,23,13,18,75,20,72.11,12784137427.3154,437810.0,29200.1951241759
5150,Asia,572,BRN,Brunei Darussalam,2019,63.6,0.0,55.6,85.3,92.4,61.5,59.2,62.9,68.9,74.7,0.0,99.9,48.4,1.3,49.7,67.6,63.2,63.7,20,18,16,82,20,72.11,13278735782.1319,442680.0,29996.2405849189
5151,Asia,573,BRN,Brunei Darussalam,2020,64.1,0.0,57.5,85.3,96.9,61.5,59.2,62.9,68.5,74.8,0.0,99.9,48.4,1.3,49.7,67.6,63.8,64.1,35,19,15,75,40,72.11,13429259999.6183,447404.0,30015.9587299585
5152,Asia,574,BRN,Brunei Darussalam,2021,64.4,0.0,57.5,85.6,97.0,61.7,59.2,62.9,68.5,76.3,0.0,99.9,48.5,1.3,49.7,68.2,63.7,65.5,40,18,20,85,10,,13215632370.1015,451721.0,29256.1832859253
5153,Asia,575,BRN,Brunei Darussalam,2022,65.7,0.0,57.6,85.6,97.0,62.0,59.2,62.9,68.8,76.4,0.0,99.9,48.5,1.3,49.7,68.2,61.7,65.7,18,19,18,65,5,,13000438059.9791,455370.0,28549.175527547
5154,Europe,576,BGR,Bulgaria,2000,68.8,100.0,61.8,70.9,93.7,56.1,65.3,63.5,72.6,28.2,72.2,75.9,79.3,86.3,51.9,59.8,65.7,65.5,10,30,30,45,5,31.09,30376118719.9264,8170172.0,3717.92891507381
5155,Europe,577,BGR,Bulgaria,2001,69.3,100.0,64.5,71.0,93.7,64.3,65.8,63.0,70.5,28.5,72.2,76.0,78.7,85.5,50.7,61.1,65.8,67.2,15,33,32,35,8,31.42,31537611700.0659,8009142.0,3937.70165394319
5156,Europe,578,BGR,Bulgaria,2002,70.5,100.0,64.0,71.8,92.9,64.6,64.5,64.2,71.6,28.9,72.2,76.0,78.6,86.0,63.1,66.5,65.9,67.8,0,45,18,40,10,31.76,33389478557.9651,7837161.0,4260.40482745795
5157,Europe,579,BGR,Bulgaria,2003,70.5,100.0,60.1,72.4,93.0,65.0,64.6,63.9,74.0,29.7,72.2,76.0,78.1,85.0,62.1,66.5,65.9,69.1,20,35,33,50,7,32.09,35138136847.8786,7775327.0,4519.18444688932
5158,Europe,580,BGR,Bulgaria,2004,70.7,100.0,66.0,72.6,93.4,65.4,64.8,64.2,74.9,30.9,72.2,76.1,78.0,85.2,59.9,66.5,66.0,65.8,15,30,30,56,8,32.42,37425778955.007,7716860.0,4849.87144447444
5159,Europe,581,BGR,Bulgaria,2005,70.7,100.0,63.1,72.4,92.5,63.9,64.9,64.7,76.1,31.6,72.2,76.4,78.0,84.9,60.4,66.6,66.1,68.8,10,40,30,55,10,32.76,40066672613.315,7658972.0,5231.33817610444
5160,Europe,582,BGR,Bulgaria,2006,70.8,100.0,64.6,72.0,93.3,64.5,65.0,64.9,76.6,32.4,72.2,76.4,78.1,84.5,59.2,66.7,67.1,66.8,15,35,20,35,6,33.09,42792243672.1494,7601022.0,5629.80131778982
5161,Europe,583,BGR,Bulgaria,2007,72.4,100.0,59.2,72.4,95.2,64.7,65.1,63.3,77.8,34.5,68.5,76.5,77.3,83.6,65.0,93.1,67.5,67.3,10,45,35,60,5,33.42,45639805449.7998,7545338.0,6048.74234259616
5162,Europe,584,BGR,Bulgaria,2008,74.0,100.0,66.1,72.6,95.4,65.2,64.7,64.5,78.4,35.3,79.8,76.5,77.3,83.9,67.7,93.3,67.7,68.8,40,30,20,30,7,33.76,48437324160.5999,7492561.0,6464.72203037118
5163,Europe,585,BGR,Bulgaria,2009,73.9,100.0,63.3,72.5,95.1,65.4,65.2,66.3,77.8,37.1,79.6,73.3,77.7,85.7,69.3,93.3,69.1,65.6,40,35,23,35,10,34.09,46816058446.5322,7444443.0,6288.72548913763
5164,Europe,586,BGR,Bulgaria,2010,74.1,100.0,65.2,74.8,95.3,65.9,65.5,68.2,75.9,42.0,76.9,73.1,78.8,85.2,68.2,93.3,68.5,63.7,30,30,45,60,7,34.42,47544216522.1298,7395599.0,6428.71747401797
5165,Europe,587,BGR,Bulgaria,2011,73.9,100.0,64.4,75.1,95.1,66.3,64.8,67.3,75.3,42.6,76.4,75.0,75.9,83.1,71.1,93.3,68.3,62.5,35,42,45,35,10,34.6,48537973978.2645,7348328.0,6605.30857880385
5166,Europe,588,BGR,Bulgaria,2012,74.6,100.0,64.0,75.9,92.3,67.7,65.9,69.0,74.8,51.1,70.2,80.9,77.0,83.3,69.1,93.3,69.7,63.5,35,50,40,35,5,34.78,48901433558.017,7305888.0,6693.42776100824
5167,Europe,589,BGR,Bulgaria,2013,74.8,100.0,67.4,76.0,90.1,69.5,66.3,71.0,74.4,52.8,70.0,78.1,76.6,85.5,67.7,93.3,66.2,66.5,30,40,45,29,10,34.95,48636020243.4761,7160005.0,6792.73551393835
5168,Europe,590,BGR,Bulgaria,2014,74.2,100.0,66.2,75.5,89.0,67.4,66.4,70.4,76.8,53.3,65.1,78.4,76.0,84.0,64.7,93.3,66.3,67.9,5,35,40,49,8,35.13,49097794444.0662,7073572.0,6941.01854679167
5169,Europe,591,BGR,Bulgaria,2015,74.4,100.0,64.7,77.4,87.1,67.9,66.0,70.6,77.7,56.1,61.2,82.7,76.8,84.8,61.9,93.3,69.0,67.3,30,23,45,50,8,35.31,50765918159.1476,6984225.0,7268.65445473873
5170,Europe,592,BGR,Bulgaria,2016,73.3,100.0,65.2,77.4,86.5,68.0,65.9,70.3,78.5,53.5,50.6,79.5,76.4,85.3,61.9,93.3,68.7,65.2,38,45,35,48,7,35.42,52302414125.4377,6894139.0,7586.50414873238
5171,Europe,593,BGR,Bulgaria,2017,73.9,100.0,67.3,78.2,82.1,70.1,65.9,69.6,80.9,55.6,52.8,81.1,76.0,84.5,61.6,93.3,70.5,67.6,30,38,35,54,6,35.53,53738599947.3683,6803468.0,7898.70694583532
5172,Europe,594,BGR,Bulgaria,2018,73.8,100.0,67.4,78.5,79.1,70.1,66.3,71.8,81.6,60.8,47.8,74.8,75.9,84.2,61.9,94.2,69.6,71.2,43,35,35,55,7,35.64,55108646393.7011,6710798.0,8211.93640364397
5173,Europe,595,BGR,Bulgaria,2019,74.6,100.0,67.7,79.2,79.5,71.4,66.3,71.4,81.0,63.5,51.0,77.2,75.7,84.5,65.3,94.2,68.9,72.1,35,40,40,48,10,35.75,57196630543.6142,6616726.0,8644.24951911477
5174,Europe,596,BGR,Bulgaria,2020,74.7,100.0,65.2,79.4,79.4,72.0,66.3,71.3,80.2,64.6,51.0,79.3,75.7,85.6,65.5,94.2,69.2,71.6,32,38,33,53,5,35.86,55357337083.979,6550696.0,8450.60388758371
5175,Europe,597,BGR,Bulgaria,2021,74.9,100.0,68.2,79.3,79.5,70.8,66.3,71.3,81.7,66.5,51.0,80.4,75.1,84.2,65.6,94.2,68.0,71.9,44,35,40,49,7,,59664478253.8097,6507301.0,9168.85176416607
5176,Europe,598,BGR,Bulgaria,2022,74.6,100.0,68.2,79.3,79.5,71.6,66.3,71.3,82.3,66.2,51.0,73.4,75.1,84.2,65.7,94.1,68.5,71.9,37,35,32,30,10,,62074193826.5485,6465097.0,9601.43271269533
5177,Africa,599,BFA,Burkina Faso,2000,43.7,19.0,52.8,25.1,0.0,24.4,46.0,12.0,70.0,6.3,37.7,36.2,96.0,99.2,0.0,82.1,54.3,37.4,25,55,10,25,10,26.38,5107828181.20084,11925546.0,428.309796566198
5178,Africa,600,BFA,Burkina Faso,2001,44.0,19.0,54.1,27.3,0.0,24.4,46.1,12.8,70.0,6.3,37.7,36.2,95.9,99.2,0.0,83.6,54.3,37.4,5,45,18,30,5,26.19,5445629583.60137,12295001.0,442.914122870048
5179,Africa,601,BFA,Burkina Faso,2002,44.4,19.0,54.6,27.8,0.0,26.3,46.1,14.0,70.0,6.8,37.7,37.7,95.8,99.2,0.0,83.6,54.3,37.5,35,55,15,20,10,26.01,5682675869.68484,12680897.0,448.128856317091
5180,Africa,602,BFA,Burkina Faso,2003,44.6,19.0,54.6,29.8,0.0,26.3,46.1,15.9,69.9,6.7,37.7,37.5,95.4,99.2,0.0,83.6,54.3,37.9,40,60,15,20,7,25.83,6126066307.13183,13082532.0,468.263047790124
5181,Africa,603,BFA,Burkina Faso,2004,44.9,19.0,54.7,30.4,0.0,26.3,46.1,16.1,69.6,6.5,37.7,39.0,95.4,99.2,0.0,83.6,54.3,40.1,40,40,18,18,7,25.65,6400419254.55947,13500533.0,474.086412333459
5182,Africa,604,BFA,Burkina Faso,2005,45.3,19.0,55.9,31.3,0.0,26.7,46.1,16.5,69.2,6.3,37.7,40.9,95.4,99.2,0.0,83.6,54.3,42.7,38,40,18,20,10,25.46,6954815456.4763,13932123.0,499.192797571217
5183,Africa,605,BFA,Burkina Faso,2006,45.6,19.0,56.3,33.2,0.0,27.7,46.1,15.3,69.4,6.4,37.7,42.3,95.5,99.2,0.0,83.6,54.3,43.4,35,55,18,20,15,25.28,7389711520.7284,14373707.0,514.113131757062
5184,Africa,606,BFA,Burkina Faso,2007,45.4,19.0,54.9,34.2,0.6,28.1,46.1,15.0,69.6,6.1,37.7,41.0,95.6,99.2,0.0,83.6,52.2,44.1,20,60,16,15,10,25.1,7693530569.65392,14816307.0,519.26101218434
5185,Africa,607,BFA,Burkina Faso,2008,45.9,19.0,56.3,34.4,3.9,28.1,46.0,15.6,69.6,6.4,37.7,42.4,95.6,99.1,0.0,83.6,52.7,43.3,35,50,23,35,15,24.91,8139754707.2893,15258093.0,533.471299938288
5186,Africa,608,BFA,Burkina Faso,2009,47.3,19.0,55.8,35.1,5.5,28.1,45.9,16.6,69.5,6.5,53.3,42.3,95.6,99.1,0.0,87.9,52.7,44.4,37,35,15,15,15,24.73,8380850241.73524,15710066.0,533.470084831931
5187,Africa,609,BFA,Burkina Faso,2010,47.6,19.0,53.4,34.1,3.5,32.9,45.9,15.0,69.5,6.5,53.3,47.6,95.6,99.1,0.0,87.9,54.1,44.1,40,30,18,20,5,24.55,9088720451.70527,16176498.0,561.847221302489
5188,Africa,610,BFA,Burkina Faso,2011,48.5,20.5,57.1,35.8,6.1,33.9,45.8,16.0,69.4,6.6,53.3,48.9,95.6,99.1,0.0,87.9,54.9,45.2,35,60,12,30,5,24.37,9690626654.34607,16661908.0,581.603658737407
5189,Africa,611,BFA,Burkina Faso,2012,49.1,24.0,58.4,34.9,7.3,34.9,45.7,16.3,69.3,10.1,53.3,48.4,95.5,98.8,0.0,87.9,55.8,45.5,35,63,18,18,15,24.18,10315931043.8746,17172287.0,600.731343697818
5190,Africa,612,BFA,Burkina Faso,2013,49.7,26.1,60.9,33.3,8.3,34.8,45.6,16.6,69.2,11.3,53.3,53.3,95.4,98.9,0.0,87.9,52.5,48.2,40,40,18,23,18,24.0,10913490102.1529,17695409.0,616.741331164082
5191,Africa,613,BFA,Burkina Faso,2014,51.5,26.3,61.6,34.9,12.2,33.7,45.5,18.7,69.3,11.3,70.9,59.1,95.5,99.0,0.0,87.9,51.3,47.1,35,63,20,20,15,23.82,11385699970.03,18229461.0,624.576885187665
5192,Africa,614,BFA,Burkina Faso,2015,51.0,25.9,59.6,42.5,13.8,33.7,45.4,19.1,67.1,12.2,70.9,50.7,95.5,99.1,0.0,87.9,47.2,45.7,30,63,30,35,10,23.63,11832159315.6298,18777487.0,630.124750752312
5193,Africa,615,BFA,Burkina Faso,2016,52.0,25.8,61.4,42.8,17.9,36.3,45.3,19.9,67.1,15.0,70.9,52.6,95.5,99.0,0.0,87.9,47.1,48.3,42,63,22,25,15,23.45,12537116611.6541,19334856.0,648.420480176012
5194,Africa,616,BFA,Burkina Faso,2017,53.1,25.4,60.7,44.1,20.6,40.4,45.2,19.2,71.1,18.0,70.9,52.2,95.5,98.9,0.0,87.9,46.7,53.2,44,63,25,18,20,23.27,13314855313.1302,19894407.0,669.276310328333
5195,Africa,617,BFA,Burkina Faso,2018,51.1,24.6,61.1,45.3,27.7,41.5,45.1,19.3,70.9,16.7,22.1,58.8,95.7,98.8,0.0,87.9,49.2,52.9,35,63,20,18,15,23.09,14194244128.6065,20438288.0,694.492813126351
5196,Africa,618,BFA,Burkina Faso,2019,51.5,24.6,61.1,46.1,26.5,43.6,45.0,20.8,71.0,15.4,22.1,60.7,95.7,98.8,0.0,87.9,49.4,54.8,35,58,18,25,15,22.9,15030172259.3791,20961952.0,717.021595096634
5197,Africa,619,BFA,Burkina Faso,2020,51.4,24.3,60.3,46.4,25.1,40.4,44.8,21.1,71.5,19.3,22.1,61.3,95.7,98.8,0.0,87.9,50.3,53.3,55,63,18,15,18,22.72,15332394848.5201,21478690.0,713.8421779224
5198,Africa,620,BFA,Burkina Faso,2021,51.6,25.8,58.5,46.6,26.7,40.6,44.8,21.1,70.2,21.9,22.1,60.5,95.6,98.8,0.0,87.9,47.4,57.4,70,63,18,18,15,,16396850182.5889,21995243.0,745.472563435144
5199,Africa,621,BFA,Burkina Faso,2022,52.4,26.9,58.6,46.6,26.7,40.7,44.8,21.1,70.2,21.9,22.1,60.5,95.6,98.8,0.0,87.9,45.5,57.2,35,63,18,15,15,,16642350339.7932,22509038.0,739.363021191451
5200,Africa,622,BDI,Burundi,2000,45.8,0.0,57.0,19.9,12.8,38.0,51.3,13.3,53.7,8.7,77.8,36.1,96.5,99.7,0.0,72.9,50.1,44.2,70,70,7,15,7,7.55,1955416620.30264,6470194.0,302.219163799824
5201,Africa,623,BDI,Burundi,2001,46.2,0.0,57.4,20.7,12.8,38.6,51.5,17.4,53.7,8.7,77.8,36.3,96.4,99.8,0.0,72.9,50.1,45.0,70,65,14,15,15,7.55,1995616214.18073,6634365.0,300.799882759047
5202,Africa,624,BDI,Burundi,2002,46.5,0.0,57.1,22.0,12.8,41.3,51.7,17.9,53.6,8.7,77.8,36.5,96.4,99.8,0.0,72.9,50.1,44.9,76,70,12,10,10,7.55,2084351676.53824,6824132.0,305.4383585397
5203,Africa,625,BDI,Burundi,2003,46.6,0.0,57.1,22.6,12.8,42.0,52.0,18.3,53.6,8.7,77.8,36.7,96.4,99.8,0.0,72.9,50.1,44.6,78,40,10,14,10,7.55,2058844882.28283,7043154.0,292.318595090044
5204,Africa,626,BDI,Burundi,2004,46.8,0.0,57.1,23.8,13.3,42.6,52.2,15.9,53.6,8.7,77.8,37.6,96.4,99.8,0.0,72.9,50.1,47.6,70,60,10,15,15,7.55,2158362397.86831,7310656.0,295.235119511615
5205,Africa,627,BDI,Burundi,2005,47.7,0.0,56.5,27.5,15.0,49.3,52.4,18.3,53.5,8.7,77.8,38.2,96.5,99.8,0.0,72.9,50.1,46.8,60,50,15,15,10,7.55,2177787659.46859,7587299.0,287.030688980174
5206,Africa,628,BDI,Burundi,2006,48.5,0.0,56.4,28.5,24.0,49.9,52.6,16.8,53.5,8.7,77.8,39.9,96.6,99.8,0.0,72.9,50.7,47.3,60,60,15,20,10,7.55,2295688883.37796,7865547.0,291.866399549575
5207,Africa,629,BDI,Burundi,2007,48.8,0.0,56.3,29.3,28.0,50.5,52.8,17.6,54.0,8.7,77.8,40.1,96.6,99.8,0.0,72.9,49.6,47.5,62,55,12,15,7,7.55,2374934882.81749,8161874.0,290.979116170807
5208,Africa,630,BDI,Burundi,2008,49.3,0.0,56.1,31.5,28.5,51.0,53.0,17.2,54.5,8.5,77.8,41.8,96.5,99.8,0.0,72.9,50.8,48.6,60,64,10,14,5,7.55,2490397480.72402,8505637.0,292.793764973044
5209,Africa,631,BDI,Burundi,2009,50.1,0.0,56.1,33.7,27.5,51.1,53.2,19.1,54.6,8.5,77.8,47.6,96.6,99.8,0.0,72.9,51.8,51.1,75,63,12,18,5,7.55,2585349995.27363,8947646.0,288.941917826614
5210,Africa,632,BDI,Burundi,2010,51.4,0.0,58.7,38.5,35.9,55.7,53.4,16.5,54.6,8.5,77.8,49.8,96.6,99.8,0.0,72.9,52.4,52.0,72,50,11,15,5,7.55,2717827465.44662,9376444.0,289.856950614392
5211,Africa,633,BDI,Burundi,2011,51.4,0.0,58.2,37.7,36.1,54.5,53.6,15.2,54.6,8.5,77.8,47.0,96.5,99.7,0.0,72.9,54.4,55.3,63,63,15,15,5,8.22,2827426575.50415,9717978.0,290.948032142504
5212,Africa,634,BDI,Burundi,2012,51.3,0.0,57.4,40.6,36.6,54.1,53.8,14.9,54.6,8.4,77.8,48.2,96.6,99.7,0.0,72.9,52.3,53.1,50,40,12,20,10,8.89,2953153932.04472,10071028.0,293.232620547249
5213,Africa,635,BDI,Burundi,2013,50.3,0.0,58.1,41.7,37.7,53.7,54.0,16.3,54.6,8.4,58.4,48.9,96.5,99.7,0.0,72.9,54.6,49.7,40,60,18,25,10,9.55,3098572839.6491,10439341.0,296.816900573427
5214,Africa,636,BDI,Burundi,2014,51.0,0.0,57.8,42.3,40.9,53.3,54.2,17.2,54.6,13.0,58.4,52.3,96.5,99.7,0.0,72.9,48.7,54.1,70,60,14,15,10,10.22,3229972475.40545,10799785.0,299.077479357732
5215,Africa,637,BDI,Burundi,2015,51.3,0.0,57.7,44.2,43.1,56.7,54.4,16.6,54.6,13.9,58.4,52.6,96.5,99.7,0.0,72.9,48.3,51.3,75,63,11,8,5,10.89,3104003546.26497,11047580.0,280.966831311923
5216,Africa,638,BDI,Burundi,2016,51.4,0.0,59.6,44.8,45.1,59.1,54.6,15.8,54.8,11.4,58.4,54.5,96.5,99.8,0.0,72.9,45.5,49.2,75,60,15,14,10,10.89,3085379496.76838,11239451.0,274.513363399011
5217,Africa,639,BDI,Burundi,2017,52.1,0.0,58.3,45.8,51.6,59.4,54.8,17.3,54.8,12.0,58.4,54.8,96.5,99.7,0.0,72.9,44.4,52.6,75,63,15,18,5,10.89,3100806433.20295,11506762.0,269.47688960656
5218,Africa,640,BDI,Burundi,2018,52.6,0.0,59.3,46.6,49.3,59.5,55.0,17.0,54.9,12.1,58.4,59.0,96.6,99.8,0.0,72.4,48.8,53.3,60,62,12,19,10,10.89,3150727414.31633,11859446.0,265.672394335817
5219,Africa,641,BDI,Burundi,2019,52.9,0.0,59.5,48.4,49.6,59.5,55.2,19.2,55.0,12.0,58.4,59.3,96.6,99.8,0.0,72.4,49.7,52.0,72,40,15,25,6,10.89,3207836406.88248,12255336.0,261.750180238427
5220,Africa,642,BDI,Burundi,2020,52.8,0.0,58.4,48.3,48.2,60.5,55.2,19.3,54.9,12.2,58.4,60.0,96.6,99.8,0.0,72.4,49.1,52.0,61,55,10,16,10,10.89,3218331064.79216,12617036.0,255.078218433565
5221,Africa,643,BDI,Burundi,2021,53.0,0.0,58.8,48.5,50.2,60.5,55.2,19.3,54.9,12.1,58.4,60.0,96.6,99.8,0.0,72.2,51.1,51.2,60,55,15,20,15,,3318099327.75908,12965481.0,255.917950730796
5222,Africa,644,BDI,Burundi,2022,53.9,0.0,59.5,48.5,50.2,60.5,55.2,19.3,55.0,12.1,58.4,60.0,96.6,99.8,0.0,72.2,50.7,52.2,50,59,15,20,5,,3379450965.7308,13321097.0,253.69164159159
5223,Africa,645,CPV,Cabo Verde,2000,59.9,70.9,44.2,61.9,75.4,54.8,52.4,47.4,61.8,15.2,14.8,69.7,82.2,98.4,50.3,68.1,84.5,65.5,12,18,30,60,7,9.86,923550525.289887,453317.0,2037.31720912714
5224,Africa,646,CPV,Cabo Verde,2001,60.0,70.9,44.0,62.7,74.3,54.8,53.1,48.2,61.7,15.3,14.8,70.2,82.2,98.1,50.6,68.1,84.5,66.0,10,22,42,60,8,9.93,944160982.565559,460293.0,2051.21733888102
5225,Africa,647,CPV,Cabo Verde,2002,60.0,70.9,43.3,63.7,74.0,54.8,53.8,47.4,61.8,15.4,14.8,70.7,82.2,98.0,49.2,68.1,84.5,67.8,8,28,18,65,7,10.0,993737848.225922,467046.0,2127.70872296502
5226,Africa,648,CPV,Cabo Verde,2003,60.3,70.9,44.8,63.6,73.9,54.8,54.5,48.7,61.9,15.6,14.8,71.2,82.2,97.8,50.6,68.1,84.5,67.5,10,20,55,70,5,10.08,1035238917.7863,473383.0,2186.89500422765
5227,Africa,649,CPV,Cabo Verde,2004,60.5,70.9,44.9,64.2,73.4,54.8,55.2,49.5,62.0,15.7,14.8,71.7,82.2,97.9,52.8,68.1,84.0,66.6,8,28,50,60,15,10.15,1140802982.16763,479370.0,2379.79636224135
5228,Africa,650,CPV,Cabo Verde,2005,61.2,70.9,45.0,66.4,74.4,54.8,56.0,48.5,62.1,15.8,14.8,76.1,82.2,97.7,56.5,71.2,81.9,66.3,10,28,45,60,10,10.23,1219660508.68448,485115.0,2514.16779255327
5229,Africa,651,CPV,Cabo Verde,2006,61.9,70.9,44.8,67.6,80.5,56.9,56.8,49.0,62.2,16.3,14.8,76.6,82.2,97.5,56.5,71.3,82.8,66.5,15,25,20,60,8,10.3,1317035160.01005,490728.0,2683.83943856892
5230,Africa,652,CPV,Cabo Verde,2007,62.2,70.9,44.1,67.7,79.4,58.4,57.6,49.8,62.3,16.4,22.3,77.1,82.2,97.5,55.8,71.3,82.8,62.7,10,25,65,65,15,10.38,1516838454.63714,496190.0,3056.97102851154
5231,Africa,653,CPV,Cabo Verde,2008,62.6,70.9,43.9,67.8,80.5,58.4,58.3,51.7,62.3,17.4,22.3,77.5,82.2,97.7,54.8,71.4,82.8,63.5,10,20,45,60,10,10.45,1623608884.79583,501355.0,3238.44159287498
5232,Africa,654,CPV,Cabo Verde,2009,62.5,70.9,43.1,68.8,80.0,58.4,59.1,51.9,62.3,18.8,22.3,78.0,82.2,97.5,53.2,71.5,82.8,61.0,10,20,22,60,5,10.53,1599196517.15668,506141.0,3159.58698693977
5233,Africa,655,CPV,Cabo Verde,2010,63.2,70.9,43.6,72.5,79.2,58.4,59.9,54.8,62.4,20.3,22.3,80.2,82.2,97.3,54.1,71.5,82.8,61.9,15,25,33,60,12,10.6,1628564468.24228,509784.0,3194.61667734233
5234,Africa,656,CPV,Cabo Verde,2011,62.8,72.5,43.8,72.1,82.7,59.8,60.6,55.2,62.1,20.6,22.3,78.1,82.2,97.1,43.7,71.5,82.8,61.3,12,28,65,60,15,10.67,1692481034.54407,511447.0,3309.20121643898
5235,Africa,657,CPV,Cabo Verde,2012,63.7,74.5,43.8,72.4,83.0,59.8,61.3,57.4,61.8,24.5,22.3,77.8,82.2,97.6,47.0,71.5,82.8,62.5,15,30,40,50,5,10.75,1710821579.61286,511955.0,3341.7421054836
5236,Africa,658,CPV,Cabo Verde,2013,64.2,75.9,43.3,72.6,83.2,64.7,62.0,58.7,61.5,28.4,22.3,78.8,82.2,97.7,46.1,71.5,81.0,61.5,10,20,70,60,10,10.82,1721636311.15762,512225.0,3361.09387702205
5237,Africa,659,CPV,Cabo Verde,2014,64.5,77.1,45.2,73.6,82.0,65.2,62.7,59.4,61.2,30.3,22.3,79.6,82.2,97.8,47.1,71.5,79.9,59.7,10,20,65,65,10,10.9,1733630380.4449,512326.0,3383.8422809791
5238,Africa,660,CPV,Cabo Verde,2015,66.4,79.1,44.8,74.1,81.6,65.5,63.6,60.1,60.9,33.6,41.6,75.8,82.2,97.8,53.4,71.6,78.9,64.2,15,30,40,60,5,10.97,1749857620.35329,512394.0,3415.06266730931
5239,Africa,661,CPV,Cabo Verde,2016,67.2,79.7,44.7,74.6,83.7,67.6,64.5,60.4,60.6,34.9,41.6,79.5,81.9,97.6,55.1,71.6,78.8,65.8,20,25,50,60,10,11.05,1824764034.95256,512554.0,3560.1400729534
5240,Africa,662,CPV,Cabo Verde,2017,67.6,82.2,45.1,75.1,83.5,68.1,65.3,61.0,60.3,36.9,41.6,79.1,81.6,97.4,55.6,71.6,80.5,64.8,15,20,65,60,7,11.12,1907814790.72833,512893.0,3719.71306047915
5241,Africa,663,CPV,Cabo Verde,2018,67.6,82.3,45.6,75.6,78.5,67.9,66.0,60.5,60.4,36.4,41.6,79.1,81.5,97.4,59.7,70.9,80.3,64.8,15,28,52,66,5,11.2,1978536809.33193,513415.0,3853.67940035241
5242,Africa,664,CPV,Cabo Verde,2019,67.7,84.2,46.1,75.4,79.0,67.9,66.7,61.0,60.4,38.7,41.6,79.0,81.3,97.3,56.8,70.9,80.6,63.9,15,35,65,65,5,11.27,2116002110.92756,514104.0,4115.90283469406
5243,Africa,665,CPV,Cabo Verde,2020,67.7,78.8,44.8,75.3,79.0,68.4,67.4,61.9,56.9,39.1,41.6,79.5,81.3,97.3,56.9,70.9,80.3,71.4,12,32,65,60,10,11.34,1675762033.71886,514679.0,3255.93628984058
5244,Africa,666,CPV,Cabo Verde,2021,68.7,82.3,44.9,75.5,79.2,75.9,67.4,61.9,58.1,41.0,41.6,79.5,81.3,97.1,57.0,71.6,80.3,73.3,10,25,30,60,5,,1793627260.88123,516649.0,3471.6553421786
5245,Africa,667,CPV,Cabo Verde,2022,68.8,84.9,45.0,75.5,79.2,76.2,67.4,61.9,58.7,41.0,41.6,79.5,81.3,97.1,57.0,71.6,79.3,73.0,15,25,65,60,10,,2077803747.08658,519741.0,3997.76763250653
5246,Asia,668,KHM,Cambodia,2000,47.6,0.0,45.6,28.5,39.4,33.0,43.6,17.3,58.1,11.3,0.0,45.4,94.9,98.2,67.9,38.8,51.5,40.7,35,40,15,18,10,61.08,7459479704.67578,12462336.0,598.561915252147
5247,Asia,669,KHM,Cambodia,2001,47.6,0.0,44.2,30.1,39.4,33.3,44.7,16.1,58.0,11.3,0.0,45.9,94.9,98.1,66.8,39.2,51.8,40.6,35,30,8,32,10,60.97,8010713670.8994,12658484.0,632.833573980849
5248,Asia,670,KHM,Cambodia,2002,48.5,0.0,45.3,31.2,41.1,33.6,45.8,21.9,58.0,11.3,0.0,48.1,94.9,98.1,66.6,39.1,51.8,40.9,35,20,17,30,7,60.86,8512590714.58905,12855241.0,662.188341283454
5249,Asia,671,KHM,Cambodia,2003,49.4,0.0,48.1,34.3,45.3,35.2,47.0,21.8,58.0,11.3,0.0,48.7,94.8,98.1,66.4,39.0,51.6,40.8,20,20,15,22,8,60.75,9387998414.66106,13050968.0,719.333494240509
5250,Asia,672,KHM,Cambodia,2004,50.0,0.0,48.5,36.5,46.2,35.5,48.1,24.8,58.0,11.3,0.0,50.8,94.8,98.1,66.6,38.8,51.6,40.6,30,25,15,35,10,60.64,10275886653.5849,13244731.0,775.847139030978
5251,Asia,673,KHM,Cambodia,2005,50.9,0.0,56.8,40.1,44.6,38.4,49.1,24.3,58.0,11.3,0.0,51.1,94.4,98.1,66.0,38.7,51.8,40.4,20,10,15,20,7,60.53,11642922159.7044,13439202.0,866.340290123209
5252,Asia,674,KHM,Cambodia,2006,51.4,0.0,56.9,40.9,43.7,38.9,50.1,29.3,57.9,11.4,0.0,53.2,94.4,98.1,65.7,38.6,51.9,40.0,40,25,15,30,8,60.42,12917049054.0975,13639028.0,947.065220050691
5253,Asia,675,KHM,Cambodia,2007,52.4,0.0,58.4,43.2,45.4,44.4,51.0,31.3,57.9,11.4,0.0,53.8,94.3,98.0,63.9,38.5,53.7,40.8,35,40,18,35,7,60.31,14260222987.8994,13841770.0,1030.23117620792
5254,Asia,676,KHM,Cambodia,2008,53.0,0.0,59.5,45.9,50.7,43.2,51.9,28.6,58.1,11.4,0.0,57.6,94.3,98.0,62.9,38.3,53.1,42.0,38,40,15,31,10,60.21,15326369460.3469,14053479.0,1090.57475806147
5255,Asia,677,KHM,Cambodia,2009,53.5,0.0,60.7,46.7,50.6,46.1,52.9,27.8,58.3,11.4,0.0,63.3,94.2,97.9,59.9,38.2,53.1,41.0,40,20,15,23,10,60.1,15950885068.8658,14276810.0,1117.25834194514
5256,Asia,678,KHM,Cambodia,2010,53.5,0.0,60.7,52.7,47.4,49.6,53.8,18.2,58.2,11.4,0.0,65.1,94.2,97.8,60.3,38.1,53.4,41.5,25,25,15,45,10,59.99,16760698493.0409,14500726.0,1155.85236856699
5257,Asia,679,KHM,Cambodia,2011,54.2,0.0,61.6,53.5,48.6,50.1,54.8,25.1,58.3,11.7,0.0,63.8,94.1,97.6,60.0,38.0,54.3,41.4,40,38,22,33,12,58.01,17981993293.903,14722584.0,1221.38839852454
5258,Asia,680,KHM,Cambodia,2012,55.3,0.0,62.8,54.8,50.3,51.1,55.7,32.6,58.3,13.1,0.0,65.8,94.0,97.4,60.1,37.8,53.5,42.7,40,30,15,33,7,56.04,19357661918.8519,14945085.0,1295.25271477893
5259,Asia,681,KHM,Cambodia,2013,55.5,0.0,63.4,54.6,50.0,49.7,56.6,37.9,58.3,13.7,0.0,64.5,93.9,97.2,59.6,37.7,51.1,43.7,50,43,15,30,10,54.07,20878690156.7817,15170208.0,1376.29557595926
5260,Asia,682,KHM,Cambodia,2014,57.0,0.0,65.6,57.3,53.8,52.2,57.5,42.4,60.4,20.5,0.0,64.3,94.1,97.3,58.0,37.6,47.4,45.8,40,37,15,32,15,52.09,22549052336.9265,15396772.0,1464.53115866927
5261,Asia,683,KHM,Cambodia,2015,58.0,0.0,66.0,59.7,55.3,53.2,58.5,45.8,61.1,23.2,0.0,66.5,93.7,96.9,59.0,38.0,46.6,46.4,20,33,15,40,8,50.12,24174170369.0738,15623251.0,1547.32010444393
5262,Asia,684,KHM,Cambodia,2016,59.2,0.0,67.2,60.7,54.7,53.8,59.4,48.6,61.0,25.0,0.0,69.3,93.3,96.2,58.6,45.2,47.8,47.3,30,38,15,33,7,49.24,26085259688.3373,15852803.0,1645.46671578126
5263,Asia,685,KHM,Cambodia,2017,60.7,0.0,67.2,61.4,56.2,54.4,60.2,55.1,59.7,27.5,0.0,70.8,93.6,96.0,59.0,48.5,51.3,49.4,50,45,15,35,10,48.35,28191654621.9478,16073372.0,1753.93530504662
5264,Asia,686,KHM,Cambodia,2018,61.8,0.0,67.9,62.5,59.6,54.8,61.1,56.0,61.4,28.4,0.0,73.7,93.4,95.5,60.8,48.6,51.9,50.8,35,43,15,30,15,47.47,30665817313.8491,16274522.0,1884.28374817086
5265,Asia,687,KHM,Cambodia,2019,62.3,0.0,68.1,63.0,59.8,55.4,62.0,55.6,61.1,33.3,0.0,74.2,93.3,95.2,59.7,49.3,50.7,53.7,40,36,15,37,7,46.59,33099747942.811,16481304.0,2008.32094006706
5266,Asia,688,KHM,Cambodia,2020,62.9,0.0,68.3,62.2,66.5,55.4,62.9,57.3,60.7,33.8,0.0,72.7,93.3,95.1,59.8,49.2,52.6,53.0,40,20,18,32,15,45.71,31922812945.0881,16725474.0,1908.63427518336
5267,Asia,689,KHM,Cambodia,2021,63.2,0.0,68.8,62.5,66.5,56.3,62.9,57.3,62.2,34.8,0.0,72.7,93.6,95.1,60.0,49.1,51.8,54.8,40,45,6,30,8,,32909177695.6837,16974305.0,1938.76436741791
5268,Asia,690,KHM,Cambodia,2022,64.8,0.0,69.0,62.0,66.5,56.3,62.9,57.3,62.2,34.8,0.0,76.8,93.6,95.1,60.0,48.8,49.2,55.1,30,45,17,36,10,,34597385966.8205,17201724.0,2011.27433313199
5269,Africa,691,CMR,Cameroon,2000,47.9,37.2,50.4,17.7,37.3,32.8,51.7,36.1,60.8,11.1,42.7,36.4,96.1,98.5,66.4,59.3,36.4,43.1,38,60,20,30,10,45.69,17168567484.5749,14912631.0,1151.27689302947
5270,Africa,692,CMR,Cameroon,2001,48.2,37.2,49.9,18.5,37.3,33.1,51.9,38.0,60.9,11.1,42.7,36.1,96.1,98.5,66.3,61.1,36.0,44.4,30,60,20,22,17,45.54,17910981185.5697,15309490.0,1169.92670464984
5271,Africa,693,CMR,Cameroon,2002,48.4,37.2,50.9,19.5,37.3,35.1,52.0,33.3,61.3,11.2,42.7,36.8,96.1,98.5,68.9,61.1,35.6,44.5,40,63,15,20,15,45.39,18712860619.4251,15725528.0,1189.96707897027
5272,Africa,694,CMR,Cameroon,2003,48.7,37.2,51.2,21.2,37.3,35.4,52.3,34.2,61.7,11.2,42.7,36.6,96.1,98.5,69.4,61.1,35.7,45.4,30,60,20,30,10,45.25,19733301668.5758,16160340.0,1221.09446141454
5273,Africa,695,CMR,Cameroon,2004,48.6,37.2,51.2,22.4,33.7,35.6,52.5,36.0,62.2,11.3,42.7,37.3,96.1,98.5,68.6,61.1,35.7,45.1,10,60,15,20,10,45.1,21124275032.771,16610487.0,1271.74326874167
5274,Africa,696,CMR,Cameroon,2005,49.2,37.2,53.3,23.0,33.7,35.8,52.7,36.4,62.6,11.3,42.7,39.5,96.1,98.5,70.8,62.9,35.7,44.7,30,45,15,30,8,44.95,21594980960.2444,17074594.0,1264.74345218659
5275,Africa,697,CMR,Cameroon,2006,49.6,37.2,52.9,24.8,32.5,36.3,53.0,38.8,63.0,11.4,42.7,40.2,96.2,98.5,72.2,62.9,35.7,44.5,5,50,20,28,15,44.8,22417659743.2882,17550407.0,1277.32990712342
5276,Africa,698,CMR,Cameroon,2007,49.9,37.2,53.6,26.3,36.6,39.3,53.2,38.2,63.3,11.5,39.2,42.4,96.1,98.3,69.4,63.5,35.8,45.0,38,63,18,35,5,44.66,23387803922.5771,18049896.0,1295.73067471287
5277,Africa,699,CMR,Cameroon,2008,50.0,37.2,54.1,28.0,38.5,39.8,53.4,39.7,63.1,11.6,39.2,37.4,96.3,98.4,69.9,63.5,35.7,44.3,40,65,18,35,10,44.51,24053813243.6522,18574056.0,1295.02211276052
5278,Africa,700,CMR,Cameroon,2009,50.6,37.2,55.3,28.6,39.5,40.2,53.6,39.2,62.9,11.7,39.2,40.8,96.4,98.3,71.3,64.5,36.8,44.8,40,40,20,30,5,44.36,24674221649.2686,19113974.0,1290.89961351149
5279,Africa,701,CMR,Cameroon,2010,51.1,37.2,56.5,30.7,40.6,40.7,53.9,40.0,62.7,11.8,39.2,41.6,96.4,98.3,72.2,64.5,38.1,44.7,10,50,15,25,10,44.21,25389533434.6495,19668066.0,1290.9013745759
5280,Africa,702,CMR,Cameroon,2011,51.7,37.8,58.4,31.2,44.2,42.7,54.1,41.5,62.8,12.0,39.2,41.6,96.3,98.2,72.3,64.5,37.3,44.6,35,63,15,32,7,44.1,26247499413.6974,20232304.0,1297.3064962694
5281,Africa,703,CMR,Cameroon,2012,52.7,39.4,59.1,32.9,48.6,43.1,54.3,42.7,62.9,13.5,39.2,44.2,96.4,98.3,72.9,64.8,39.5,44.6,30,62,20,35,10,43.98,27461703151.6573,20809529.0,1319.66961634054
5282,Africa,704,CMR,Cameroon,2013,53.5,41.1,59.2,34.0,48.7,51.0,54.5,45.0,63.0,14.0,39.2,43.8,96.3,98.2,72.8,64.8,40.1,44.4,30,63,20,35,10,43.86,28833560540.7901,21402376.0,1347.2130636706
5283,Africa,705,CMR,Cameroon,2014,52.9,42.8,59.6,34.2,49.1,53.8,54.7,44.8,62.7,12.1,23.1,43.0,96.4,98.1,74.6,64.8,41.0,44.9,30,63,18,28,8,43.74,30482787768.4783,22059893.0,1381.81938454907
5284,Africa,706,CMR,Cameroon,2015,53.4,44.6,59.6,37.0,53.5,54.1,54.9,46.2,62.9,13.0,23.1,40.9,96.4,98.2,74.7,64.8,40.1,43.9,45,61,17,35,15,43.62,32210233020.4569,22763414.0,1415.00009710569
5285,Africa,707,CMR,Cameroon,2016,53.5,44.5,59.4,36.7,52.9,54.3,55.1,46.1,62.8,17.1,23.1,41.6,96.4,98.2,73.9,64.8,39.4,43.0,38,63,18,23,7,43.5,33671222913.4548,23454161.0,1435.61830727839
5286,Africa,708,CMR,Cameroon,2017,54.0,45.6,59.8,37.6,48.8,54.5,55.4,47.7,67.5,18.9,23.1,40.5,96.4,98.3,75.4,64.8,39.2,44.9,60,63,15,25,18,43.38,34863580363.1151,24128601.0,1444.90682916573
5287,Africa,709,CMR,Cameroon,2018,54.2,47.1,60.6,38.3,43.4,54.1,55.6,48.1,65.6,22.6,23.1,42.2,96.4,98.1,75.5,64.2,40.1,45.7,35,70,18,30,8,43.27,36242614248.5756,24806383.0,1461.01969999317
5288,Africa,710,CMR,Cameroon,2019,54.5,48.1,60.8,39.0,48.1,54.4,55.8,48.9,66.3,24.2,23.1,40.5,96.4,98.1,73.7,64.2,40.9,44.4,55,70,25,35,15,43.15,37502066832.7403,25506095.0,1470.31785276187
5289,Africa,711,CMR,Cameroon,2020,54.7,46.9,61.0,40.2,48.2,55.8,56.0,49.1,66.4,29.6,23.1,40.0,96.4,98.1,73.7,64.2,38.1,43.9,70,66,20,30,15,43.03,37599547048.5841,26210558.0,1434.51913723409
5290,Africa,712,CMR,Cameroon,2021,55.0,48.2,61.2,40.3,49.2,55.9,56.0,49.1,68.8,29.4,23.1,40.8,96.4,98.1,73.7,63.6,38.5,43.2,40,64,22,40,12,,38854942334.5769,26915758.0,1443.57600237663
5291,Africa,713,CMR,Cameroon,2022,55.1,50.6,61.3,39.8,49.2,56.0,56.0,49.1,68.8,29.4,23.1,42.4,96.4,98.1,73.7,63.5,36.2,43.7,60,61,18,30,5,,40306867605.1364,27632771.0,1458.66180431693
5292,North America,714,CAN,Canada,2000,74.5,99.5,65.2,88.8,96.0,76.0,86.3,80.3,83.3,75.5,81.8,89.3,49.2,23.4,57.0,57.7,87.6,69.3,15,40,50,70,5,38.25,1163199675162.51,30685730.0,37906.8601321366
5293,North America,715,CAN,Canada,2001,74.5,99.5,63.1,89.1,96.0,76.1,86.3,80.0,83.1,77.5,81.8,89.3,49.2,24.1,57.6,57.8,87.6,69.0,15,25,70,80,7,38.24,1185010810251.65,31020855.0,38200.456120621
5294,North America,716,CAN,Canada,2002,74.6,99.5,62.1,89.0,96.0,76.1,86.3,80.3,82.9,77.5,81.8,89.3,49.9,24.2,58.0,58.0,87.6,69.3,10,18,70,75,5,38.24,1220552310378.31,31359199.0,38921.6673033743
5295,North America,717,CAN,Canada,2003,74.7,99.5,64.0,89.6,96.0,76.2,86.3,79.7,82.9,77.9,81.8,89.3,48.9,23.6,59.1,58.1,87.6,69.6,15,50,65,78,5,38.23,1242600185731.73,31642461.0,39270.0234577749
5296,North America,718,CAN,Canada,2004,74.9,99.5,65.1,89.8,96.0,76.6,86.3,79.9,83.1,78.2,81.3,89.3,49.5,23.9,59.8,58.1,87.5,69.6,10,25,75,75,5,38.23,1281025904587.38,31938807.0,40108.7587456658
5297,North America,719,CAN,Canada,2005,75.2,99.5,65.0,90.7,96.0,76.7,86.3,80.2,83.3,79.0,82.5,89.2,49.4,24.5,60.9,59.1,87.1,69.2,12,20,80,79,7,38.22,1322152656986.39,32242732.0,41006.2229523971
5298,North America,720,CAN,Canada,2006,75.1,99.5,64.6,91.0,96.0,76.6,86.3,80.0,83.5,79.0,82.5,89.2,49.1,25.1,60.6,59.1,86.5,69.0,20,44,75,75,5,38.22,1357030300367.79,32571193.0,41663.5123057295
5299,North America,721,CAN,Canada,2007,74.9,99.5,63.2,91.4,96.0,77.0,86.3,80.1,83.6,78.9,82.1,88.4,48.4,24.1,60.2,59.1,86.2,69.2,10,30,75,65,5,38.21,1384848127424.16,32888886.0,42106.8724378248
5300,North America,722,CAN,Canada,2008,75.2,99.5,64.9,91.4,96.0,77.4,86.3,80.3,83.5,79.3,82.4,87.9,49.4,25.2,59.9,59.3,85.9,69.2,15,40,80,79,8,38.21,1398632992945.77,33247298.0,42067.5687072607
5301,North America,723,CAN,Canada,2009,75.5,99.5,64.2,91.6,96.0,77.5,86.2,80.6,82.4,80.0,82.4,89.6,51.3,27.2,59.5,59.4,85.9,70.9,10,35,75,65,10,38.2,1357861635362.94,33630069.0,40376.4153847836
5302,North America,724,CAN,Canada,2010,75.7,99.5,63.9,92.6,96.0,77.6,86.2,80.3,82.4,79.7,82.7,88.8,50.4,26.9,61.0,59.9,87.1,71.7,10,40,82,80,5,38.19,1399830508940.89,34005902.0,41164.3399119626
5303,North America,725,CAN,Canada,2011,75.8,99.4,63.4,92.4,96.0,79.0,86.2,80.5,82.6,81.2,83.3,90.8,49.7,26.7,59.6,59.9,86.8,71.2,15,35,68,70,10,38.19,1443745913580.69,34339221.0,42043.6419795513
5304,North America,726,CAN,Canada,2012,75.9,99.5,63.5,92.6,98.2,79.0,86.2,80.7,82.8,81.5,82.5,89.7,49.6,26.9,59.9,59.9,87.6,70.5,10,45,78,76,10,38.19,1469093201732.39,34713395.0,42320.6431330726
5305,North America,727,CAN,Canada,2013,76.2,99.3,66.5,93.4,98.2,80.8,86.2,80.9,82.9,83.0,82.1,89.4,50.1,27.0,59.7,59.9,85.9,70.2,15,38,60,80,7,38.18,1503261570451.97,35080992.0,42851.170527104
5306,North America,728,CAN,Canada,2014,76.5,99.5,64.1,93.1,98.2,80.9,86.2,80.8,83.5,83.8,83.8,90.3,50.4,28.1,60.0,59.9,86.7,70.4,20,23,75,70,7,38.18,1546457292263.22,35434066.0,43643.2356440047
5307,North America,729,CAN,Canada,2015,76.8,99.5,64.2,93.9,98.3,81.2,86.2,80.9,83.8,85.2,82.2,90.8,50.9,31.0,59.8,60.0,87.6,70.8,15,45,68,78,10,38.17,1556508816217.14,35704498.0,43594.1941045394
5308,North America,730,CAN,Canada,2016,77.2,99.6,66.0,93.6,98.6,81.3,86.2,80.6,83.8,86.6,85.5,88.5,51.2,33.0,60.7,60.1,86.6,71.1,20,44,75,75,7,38.17,1572673952924.25,36110803.0,43551.3425975115
5309,North America,731,CAN,Canada,2017,77.6,99.6,65.7,94.3,98.6,81.6,86.1,80.7,85.2,87.1,84.3,91.0,51.8,36.7,58.9,60.4,85.3,71.2,35,45,75,70,8,38.16,1620386284360.03,36545075.0,44339.3886689254
5310,North America,732,CAN,Canada,2018,77.7,99.6,65.1,94.2,98.5,82.1,86.1,80.3,84.8,87.7,85.3,90.2,51.7,37.1,61.4,60.5,84.8,71.2,10,50,85,72,10,38.16,1664832887873.71,37072620.0,44907.3436912123
5311,North America,733,CAN,Canada,2019,77.8,99.6,65.3,94.2,98.9,83.0,86.1,80.3,84.6,87.8,86.2,90.6,51.7,37.4,61.8,60.5,83.9,71.4,15,50,76,78,10,38.16,1696605090551.84,37618495.0,45100.2915069262
5312,North America,734,CAN,Canada,2020,78.4,99.6,65.4,94.0,99.4,82.7,86.1,80.3,82.8,86.7,89.3,92.7,51.7,39.9,62.2,60.8,83.0,76.5,18,40,75,65,8,38.15,1611126165625.03,38028638.0,42366.1285377884
5313,North America,735,CAN,Canada,2021,78.3,99.6,63.5,93.9,99.4,83.6,86.1,80.3,83.6,87.3,89.3,89.4,51.7,39.6,62.2,60.8,83.0,78.7,15,45,75,65,7,,1706996679677.69,38239864.0,44639.193269037
5314,North America,736,CAN,Canada,2022,78.5,99.6,63.5,93.9,99.4,83.9,86.1,80.3,84.6,87.3,89.3,90.6,51.7,39.6,62.1,60.8,81.8,79.9,18,55,80,65,8,,1778503389905.0,38935934.0,45677.686578804
5315,Africa,737,CAF,Central African Republic,2000,38.4,5.3,35.3,5.9,7.1,25.8,48.2,14.3,53.0,6.2,9.6,30.5,94.8,99.5,0.0,89.9,52.7,36.4,60,43,10,10,10,36.76,1675850364.88825,3833416.0,437.168928414826
5316,Africa,738,CAF,Central African Republic,2001,38.4,5.3,35.1,6.7,7.1,25.8,47.8,15.2,53.0,6.2,9.6,30.1,94.8,99.5,0.0,89.9,52.7,36.1,70,63,13,8,15,36.72,1750672710.15363,3919487.0,446.658634192083
5317,Africa,739,CAF,Central African Republic,2002,38.4,5.3,34.6,7.2,7.1,25.9,47.4,15.2,53.0,6.2,9.6,29.8,94.8,99.5,0.0,89.9,52.7,35.8,42,65,10,14,10,36.67,1813986527.35151,4006077.0,452.808702217035
5318,Africa,740,CAF,Central African Republic,2003,38.4,5.3,34.0,7.8,7.1,26.2,47.0,15.7,53.0,6.2,9.6,29.5,94.9,99.6,0.0,89.9,52.7,36.0,78,75,10,9,10,36.62,1716076872.67107,4103086.0,418.240532289858
5319,Africa,741,CAF,Central African Republic,2004,38.6,5.3,33.9,8.5,7.1,26.4,46.6,18.5,53.0,6.2,9.6,29.1,94.8,99.6,0.0,89.9,52.7,36.0,75,65,13,15,15,36.57,1818953694.45096,4192826.0,433.825227770233
5320,Africa,742,CAF,Central African Republic,2005,38.8,5.3,34.1,9.0,7.1,28.3,46.1,18.9,53.0,6.2,9.6,30.1,94.8,99.6,0.0,89.9,52.7,35.4,75,60,12,15,15,36.52,1835473623.16461,4288810.0,427.968043155237
5321,Africa,743,CAF,Central African Republic,2006,38.7,5.3,33.2,9.9,7.1,28.7,45.6,18.8,53.0,6.2,9.6,29.8,94.8,99.6,0.0,89.9,52.7,35.3,45,63,15,15,15,36.47,1923045637.77901,4377579.0,439.294330902768
5322,Africa,744,CAF,Central African Republic,2007,38.7,5.3,33.6,10.0,8.1,29.1,45.2,18.3,53.0,6.2,9.6,29.5,94.7,99.6,0.0,89.9,52.7,35.2,50,50,12,15,10,36.43,2011650635.80801,4462770.0,450.762785401893
5323,Africa,745,CAF,Central African Republic,2008,39.0,5.3,34.6,10.3,12.8,29.4,44.7,18.3,53.1,6.2,9.6,29.1,94.7,99.6,0.0,89.9,52.7,34.4,72,68,15,14,10,36.38,2052972574.3655,4558984.0,450.313616886022
5324,Africa,746,CAF,Central African Republic,2009,39.0,5.3,35.0,10.5,12.8,29.3,44.2,18.3,53.0,6.2,9.6,28.8,94.6,99.6,0.0,89.9,52.7,34.2,65,65,15,15,15,36.33,2229266675.80904,4529047.0,492.215398914836
5325,Africa,747,CAF,Central African Republic,2010,39.0,5.3,40.7,10.1,6.9,29.7,43.8,18.2,52.9,6.2,9.6,31.6,94.6,99.6,0.0,89.9,51.2,33.7,72,60,13,12,10,36.28,2332499967.93604,4492995.0,519.141456408484
5326,Africa,748,CAF,Central African Republic,2011,38.8,5.2,41.2,11.0,5.6,31.6,43.3,18.4,52.9,6.2,9.6,27.2,94.4,99.6,0.0,89.9,50.6,33.4,75,70,12,6,5,36.23,2430339369.3364,4565021.0,532.38295493852
5327,Africa,749,CAF,Central African Republic,2012,39.0,7.0,40.4,11.7,6.9,32.0,42.9,18.4,52.9,6.3,9.6,25.8,94.5,99.6,0.0,89.9,50.6,35.2,78,68,10,7,5,36.19,2553162918.71416,4610848.0,553.729578314912
5328,Africa,750,CAF,Central African Republic,2013,38.2,0.0,36.9,10.4,6.9,31.8,42.5,16.9,52.9,6.3,9.6,26.1,94.5,99.7,0.0,89.9,50.4,36.9,83,79,10,5,10,36.14,1624016454.05115,4642419.0,349.821171688973
5329,Africa,751,CAF,Central African Republic,2014,38.3,0.0,36.0,11.2,6.9,32.2,42.0,18.6,52.8,9.0,9.6,26.8,94.5,99.5,0.0,89.9,47.9,35.8,85,75,12,8,20,36.09,1625333052.55944,4623182.0,351.561554911625
5330,Africa,752,CAF,Central African Republic,2015,38.0,0.0,35.8,11.5,6.9,32.5,41.6,18.7,52.7,9.2,9.6,22.9,94.5,99.5,0.0,89.9,47.7,34.8,75,63,12,7,10,36.04,1695825714.19282,4629320.0,366.322853938121
5331,Africa,753,CAF,Central African Republic,2016,37.4,0.0,35.7,11.1,6.9,30.2,41.2,18.8,52.7,9.4,9.6,23.3,94.3,99.5,0.0,89.9,41.6,34.8,80,68,12,15,15,35.99,1776382808.69192,4713663.0,376.858254120398
5332,Africa,754,CAF,Central African Republic,2017,38.6,0.0,35.6,11.5,19.3,31.3,40.7,18.7,53.8,9.6,9.6,24.2,94.3,99.4,0.0,89.9,44.3,35.0,70,76,10,15,10,35.94,1856804600.57752,4793511.0,387.35795131742
5333,Africa,755,CAF,Central African Republic,2018,38.6,3.9,35.4,11.8,19.3,31.7,40.6,18.6,53.8,6.2,9.6,23.2,94.5,99.5,0.0,89.8,45.3,34.6,70,68,13,15,10,35.9,1927167163.54408,4878657.0,395.020015455909
5334,Africa,756,CAF,Central African Republic,2019,38.5,4.7,36.4,12.3,19.3,31.8,40.5,19.1,53.8,6.5,9.6,22.2,94.5,99.5,0.0,89.8,40.9,35.2,75,75,20,15,7,35.85,1986909345.61394,4944703.0,401.82582161435
5335,Africa,757,CAF,Central African Republic,2020,38.6,3.2,36.4,12.6,19.3,31.8,40.4,19.4,53.3,6.8,9.6,21.9,94.5,99.5,0.0,89.8,42.6,36.5,70,70,12,15,30,35.8,2004791529.66202,5026628.0,398.834274122139
5336,Africa,758,CAF,Central African Republic,2021,38.8,2.9,36.4,13.0,19.3,34.1,40.4,19.4,53.3,7.1,9.6,21.9,94.5,99.5,0.0,89.7,42.5,36.5,75,80,12,12,20,,2024497026.49048,5112100.0,396.020622931961
5337,Africa,759,CAF,Central African Republic,2022,40.4,3.2,36.5,13.0,19.3,34.2,40.4,19.4,53.4,7.1,9.6,21.9,94.5,99.5,0.0,89.7,42.3,36.5,63,75,13,12,10,,2033686256.58477,5098039.0,398.915397976511
5338,Africa,760,TCD,Chad,2000,38.6,24.1,32.0,17.1,0.0,18.2,39.9,1.2,62.5,4.0,53.4,20.4,93.0,98.6,0.0,78.6,29.6,45.4,30,70,10,12,7,5.05,4498574578.40205,8512093.0,528.492179115295
5339,Africa,761,TCD,Chad,2001,38.7,24.1,33.0,17.3,0.0,18.2,39.9,2.4,62.5,4.0,53.4,20.4,93.0,98.6,0.0,78.6,29.6,44.4,30,20,15,15,10,4.98,5023024460.27599,8804124.0,570.530862613474
5340,Africa,762,TCD,Chad,2002,38.8,24.1,33.3,17.5,1.2,18.2,39.9,2.9,62.4,4.0,53.4,20.3,92.3,98.6,0.0,78.6,29.6,44.9,35,40,14,18,10,4.91,5449540006.45674,9116192.0,597.786883652378
5341,Africa,763,TCD,Chad,2003,38.8,24.1,33.9,17.5,2.1,20.0,40.0,0.1,62.4,4.0,53.4,20.3,92.3,98.5,0.0,78.6,29.6,44.1,10,65,12,20,10,4.85,6251803139.89865,9487833.0,658.928454990582
5342,Africa,764,TCD,Chad,2004,38.7,24.1,31.5,18.1,2.1,20.3,40.2,0.1,62.5,4.0,53.4,20.4,92.4,98.5,0.0,78.6,29.6,42.7,20,20,10,15,10,4.78,8354245265.29932,9920036.0,842.158764877398
5343,Africa,765,TCD,Chad,2005,38.7,24.1,32.3,18.3,2.1,20.3,40.3,0.1,62.4,4.0,53.4,21.6,92.5,98.5,0.0,78.6,29.6,41.8,18,30,15,10,10,4.72,9802247644.21896,10328092.0,949.086011648517
5344,Africa,766,TCD,Chad,2006,38.7,24.1,31.9,18.5,2.1,20.3,40.4,0.1,62.4,4.0,53.4,21.9,92.4,98.5,0.0,78.5,29.6,40.9,20,65,10,15,8,4.65,9751126740.30011,10706424.0,910.773451555824
5345,Africa,767,TCD,Chad,2007,38.7,24.1,31.2,19.7,2.1,19.6,40.5,0.1,62.4,4.0,53.4,21.9,92.3,98.5,0.0,78.5,29.6,40.9,45,70,10,20,8,4.59,10175906504.5935,11081660.0,918.265540053882
5346,Africa,768,TCD,Chad,2008,39.4,24.1,31.0,20.7,2.1,19.6,40.6,0.1,62.4,4.0,53.4,27.8,92.2,98.5,0.0,78.5,34.6,40.4,35,30,8,20,10,4.52,10492210537.5624,11476296.0,914.250602943879
5347,Africa,769,TCD,Chad,2009,38.9,24.1,31.1,19.2,2.1,19.6,40.7,0.1,62.4,4.0,53.4,25.3,92.1,98.5,0.0,78.5,29.6,42.1,30,35,12,20,10,4.46,10351773939.821,11893754.0,870.353795767171
5348,Africa,770,TCD,Chad,2010,39.6,24.1,34.0,19.9,2.1,19.6,40.9,0.2,62.4,4.0,53.4,30.1,92.0,98.5,0.0,78.5,32.2,41.2,20,25,11,12,8,4.39,11779737898.1407,12312575.0,956.724153813537
5349,Africa,771,TCD,Chad,2011,39.0,23.9,35.1,21.2,4.7,23.5,41.0,0.2,62.3,4.0,36.5,32.1,92.0,98.1,0.0,78.4,29.6,41.7,25,40,15,15,10,4.29,12316138912.1724,12754997.0,965.593242567789
5350,Africa,772,TCD,Chad,2012,39.9,26.1,37.6,21.0,4.7,24.6,41.1,10.9,62.3,4.0,36.5,29.6,92.0,98.5,0.0,78.4,29.6,41.9,20,60,15,16,10,4.19,13431079587.1473,13210998.0,1016.65896756228
5351,Africa,773,TCD,Chad,2013,40.9,28.4,36.7,20.3,13.2,22.6,41.3,11.4,62.3,4.1,36.5,31.4,91.8,98.7,0.0,78.4,33.1,43.8,20,80,8,15,10,4.09,13808137253.3974,13691079.0,1008.54996552116
5352,Africa,774,TCD,Chad,2014,40.7,30.1,36.2,20.4,13.2,23.2,41.4,6.4,62.9,6.3,36.5,28.6,91.7,98.7,0.0,78.4,33.7,43.4,30,40,10,12,5,3.99,14092996497.4064,14188678.0,993.25648925195
5353,Africa,775,TCD,Chad,2015,40.6,28.9,35.6,22.6,13.8,23.1,41.6,9.0,62.9,6.4,36.5,24.9,91.4,98.9,0.0,78.4,32.5,42.4,33,20,15,15,10,3.88,14559599499.5011,14647621.0,993.990730610869
5354,Africa,776,TCD,Chad,2016,40.2,27.1,36.0,22.0,10.7,22.9,41.7,5.0,62.9,5.0,36.5,29.3,91.1,98.9,0.0,78.4,33.7,41.8,30,60,15,15,7,3.79,13958298468.9131,15114655.0,923.494348293965
5355,Africa,777,TCD,Chad,2017,40.4,26.9,34.0,23.0,7.7,21.6,41.9,6.6,64.6,5.6,36.5,33.0,91.0,99.0,0.0,78.3,33.1,43.3,18,30,8,10,10,3.7,13731058253.2831,15622759.0,878.913785540893
5356,Africa,778,TCD,Chad,2018,42.1,26.8,34.1,23.1,11.1,22.7,42.1,7.4,64.6,7.7,63.0,31.2,91.0,99.0,0.0,75.2,31.3,42.7,30,69,20,18,10,3.61,14519374209.2105,16156531.0,898.669040353434
5357,Africa,779,TCD,Chad,2019,42.1,26.3,33.5,24.5,10.8,21.8,42.2,8.0,64.6,7.6,63.0,28.0,91.0,99.1,0.0,75.2,32.4,46.2,52,65,12,20,10,3.52,15301773406.8222,16685223.0,917.085339933556
5358,Africa,780,TCD,Chad,2020,42.7,25.3,37.2,25.6,10.8,22.1,42.4,8.7,64.2,8.1,63.0,28.0,91.0,99.1,0.0,75.2,31.6,50.5,40,65,15,35,10,3.43,15239205317.8836,17224679.0,884.730874687626
5359,Africa,781,TCD,Chad,2021,43.7,24.9,36.7,26.9,13.3,30.8,42.4,8.7,64.3,9.6,63.0,28.0,91.0,99.1,0.0,76.2,31.2,53.0,40,40,20,18,10,,15284005406.1652,17828273.0,857.290294251454
5360,Africa,782,TCD,Chad,2022,45.3,25.4,38.5,27.1,13.3,30.8,42.4,8.7,64.4,9.6,63.0,32.8,91.0,99.1,0.0,76.2,29.4,52.6,60,60,15,20,8,,17255124958.5401,18455316.0,934.967732795261
5361,South America,783,CHL,Chile,2000,71.1,94.5,67.9,80.1,92.1,54.2,88.3,81.9,74.3,26.9,14.4,85.2,80.1,82.9,78.0,61.0,75.0,71.6,25,18,55,40,10,21.27,131243743563.397,15503635.0,8465.35303258864
5362,South America,784,CHL,Chile,2001,71.4,94.5,69.6,81.0,92.1,54.7,88.6,82.8,74.4,27.4,14.4,85.3,80.4,83.5,77.6,60.8,75.0,71.8,25,28,30,25,10,21.4,135383217071.739,15683849.0,8632.0148244056
5363,South America,785,CHL,Chile,2002,71.7,94.5,70.6,81.5,92.1,56.1,88.8,83.3,74.5,28.2,14.4,85.3,80.2,83.4,77.9,60.6,75.0,72.8,10,18,35,60,8,21.52,139719269577.32,15857925.0,8810.69052712257
5364,South America,786,CHL,Chile,2003,71.9,94.5,71.0,81.4,92.1,56.5,89.0,83.3,74.7,28.8,16.2,85.3,80.3,83.4,77.9,60.4,75.0,72.7,20,20,25,35,8,21.64,146318553366.968,16024752.0,9130.7842621819
5365,South America,787,CHL,Chile,2004,71.9,94.5,71.2,81.3,92.1,56.9,89.2,83.0,74.5,29.5,16.2,85.3,79.8,83.1,78.4,60.3,75.7,71.5,30,18,55,44,10,21.76,156084225513.955,16187322.0,9642.37478651228
5366,South America,788,CHL,Chile,2005,72.1,94.5,71.7,81.9,92.1,58.3,89.3,83.4,74.9,30.2,16.2,85.3,79.7,82.9,78.5,60.4,76.1,70.6,20,35,65,64,10,21.88,165194933117.629,16348778.0,10104.4208391373
5367,South America,789,CHL,Chile,2006,72.5,94.5,71.4,81.8,92.1,58.5,89.5,84.2,75.1,31.3,22.1,85.3,79.4,82.7,78.5,60.3,76.8,69.9,10,10,20,35,8,22.01,175189211415.667,16509195.0,10611.6144012877
5368,South America,790,CHL,Chile,2007,72.4,94.5,69.6,82.3,92.1,58.6,89.7,82.5,75.4,31.7,22.1,84.5,78.5,82.0,78.6,60.2,77.8,70.6,20,20,35,48,15,22.13,184243394522.927,16671581.0,11051.3450717678
5369,South America,791,CHL,Chile,2008,72.5,94.5,69.3,82.8,92.4,58.4,89.9,82.8,74.8,32.6,22.1,81.7,78.1,82.1,78.9,60.0,78.9,72.6,30,25,65,50,8,22.25,191225100461.158,16838988.0,11356.0922105983
5370,South America,792,CHL,Chile,2009,73.1,94.5,68.8,84.2,91.5,58.4,89.9,83.9,73.8,33.5,22.5,88.2,79.3,82.7,78.9,60.5,78.4,74.5,30,28,70,60,7,22.37,189087132632.604,17009731.0,11116.4093443103
5371,South America,793,CHL,Chile,2010,73.2,94.5,71.8,85.0,92.7,58.7,89.8,81.3,75.4,34.8,22.5,84.2,79.3,82.2,79.2,60.5,79.3,74.0,10,30,55,60,10,22.49,200151851762.225,17181464.0,11649.2897090856
5372,South America,794,CHL,Chile,2011,73.4,96.4,72.4,85.0,92.2,58.5,89.6,82.1,75.9,37.8,23.9,80.9,78.9,79.0,79.8,60.4,80.7,73.7,30,35,45,35,5,22.73,212609096429.355,17351816.0,12252.8441074615
5373,South America,795,CHL,Chile,2012,74.4,100.0,70.1,85.2,93.3,58.8,89.5,83.1,76.3,42.5,23.9,84.1,79.3,82.8,79.6,60.2,81.2,75.2,20,20,65,60,8,22.96,225695909224.96,17519119.0,12882.834417927
5374,South America,796,CHL,Chile,2013,75.0,100.0,71.6,85.5,92.5,65.1,89.4,83.1,76.5,44.3,24.2,84.8,79.5,82.8,79.7,61.0,78.9,75.6,25,30,60,60,8,23.2,233163076995.037,17687006.0,13182.7329619856
5375,South America,797,CHL,Chile,2014,75.4,100.0,70.7,86.6,94.8,65.7,89.2,81.8,79.6,47.7,24.2,81.6,79.4,84.4,79.7,60.9,79.9,76.4,30,30,40,40,8,23.43,237342873662.271,17864195.0,13285.9540361192
5376,South America,798,CHL,Chile,2015,76.0,100.0,71.7,87.4,94.6,65.8,89.1,80.8,80.4,51.2,27.1,82.5,79.3,85.7,80.5,60.9,78.4,77.3,25,30,65,60,10,23.67,242450355830.884,18047625.0,13433.9202987032
5377,South America,799,CHL,Chile,2016,76.4,100.0,71.9,87.7,95.0,66.0,89.2,80.8,80.3,52.6,27.1,83.8,79.3,85.7,81.2,60.7,77.9,78.9,10,25,40,45,10,23.83,246700604515.86,18267221.0,13505.097711133
5378,South America,800,CHL,Chile,2017,76.9,100.0,71.7,87.5,94.0,66.5,89.4,80.5,82.5,64.2,26.2,84.6,79.0,84.9,80.8,60.5,75.1,79.5,30,30,55,35,7,24.0,250050047209.619,18558868.0,13473.3458532934
5379,South America,801,CHL,Chile,2018,77.4,100.0,72.4,88.0,93.7,70.5,89.4,81.4,82.0,68.9,26.2,85.7,78.0,82.0,81.0,60.5,76.0,80.4,40,30,45,35,10,24.16,260027117802.785,18893191.0,13763.0068844795
5380,South America,802,CHL,Chile,2019,77.6,98.6,72.5,87.8,95.7,71.0,89.4,81.3,81.9,70.7,26.2,86.7,77.9,81.5,81.0,60.6,75.1,81.9,35,40,25,26,7,24.33,261676645417.276,19197744.0,13630.5935435578
5381,South America,803,CHL,Chile,2020,77.4,94.1,71.1,87.9,97.7,70.0,89.4,81.3,80.1,73.7,25.5,86.3,77.9,82.3,80.1,61.4,73.1,83.7,30,35,35,36,8,24.49,245600606668.884,19370624.0,12679.024004022
5382,South America,804,CHL,Chile,2021,78.4,96.4,71.5,88.4,97.8,76.8,89.4,81.3,83.6,75.3,25.5,87.6,77.8,82.3,80.1,61.4,73.2,85.0,35,45,65,38,10,,273390120031.28,19456334.0,14051.4713630677
5383,South America,805,CHL,Chile,2022,78.2,96.4,71.5,88.4,97.8,77.7,89.4,81.3,84.1,75.3,25.5,85.5,77.8,82.3,80.2,61.1,69.8,85.8,35,25,45,48,10,,279278925615.692,19553036.0,14283.1489501524
5384,Asia,806,CHN,China,2000,62.2,61.2,75.0,63.4,98.0,71.2,57.2,48.9,75.1,41.9,29.6,64.2,89.3,91.5,57.9,50.0,53.4,29.8,68,10,10,70,7,18.78,2825096197799.54,1262645000.0,2237.44298500334
5385,Asia,807,CHN,China,2001,62.4,61.2,75.5,64.1,98.0,71.5,57.5,50.0,74.8,42.3,29.6,64.2,89.3,91.4,57.8,49.9,53.4,29.7,58,10,5,60,8,19.03,3059936242478.58,1271850000.0,2405.89396743215
5386,Asia,808,CHN,China,2002,62.5,61.2,75.5,64.5,98.0,71.8,58.3,50.4,74.5,43.0,29.6,64.3,89.1,90.6,57.9,50.1,53.4,30.0,50,20,10,60,10,19.28,3342778183071.46,1280400000.0,2610.72960252379
5387,Asia,809,CHN,China,2003,62.5,61.2,75.6,65.3,98.0,71.3,59.1,50.1,74.3,43.6,29.6,64.4,88.9,89.3,58.1,50.4,53.4,30.2,60,40,5,40,7,19.53,3681006926650.74,1288400000.0,2857.0373538115
5388,Asia,810,CHN,China,2004,62.7,61.2,76.9,66.1,98.0,71.6,59.8,50.7,74.4,44.4,29.6,64.4,88.6,88.6,57.9,50.4,53.4,30.3,68,20,7,72,10,19.78,4053944733453.66,1296075000.0,3127.86276523632
5389,Asia,811,CHN,China,2005,63.0,61.2,77.4,67.9,98.0,71.9,60.6,51.2,74.4,45.5,31.1,62.2,88.5,87.4,57.9,50.3,53.5,31.2,65,30,5,72,8,20.03,4518455387849.41,1303720000.0,3465.81734409951
5390,Asia,812,CHN,China,2006,63.2,61.2,78.0,69.7,98.0,72.2,61.1,52.0,74.4,46.2,31.1,62.3,88.2,86.3,57.6,50.9,53.6,31.4,70,25,12,75,10,20.28,5091154930758.42,1311020000.0,3883.35412942474
5391,Asia,813,CHN,China,2007,63.8,61.2,78.3,71.1,98.0,72.7,61.8,53.3,74.5,47.2,31.1,62.3,88.2,85.4,57.4,50.8,53.6,37.5,75,25,7,75,7,20.53,5811552614974.09,1317885000.0,4409.75700836878
5392,Asia,814,CHN,China,2008,63.8,61.2,79.6,72.1,99.0,73.3,62.3,54.0,74.3,48.8,28.2,62.4,88.2,84.6,57.4,50.6,53.7,34.8,73,15,12,80,7,20.78,6373544042638.01,1324655000.0,4811.47471804961
5393,Asia,815,CHN,China,2009,63.9,61.2,79.6,72.1,99.0,73.6,62.9,55.0,74.3,50.9,28.2,60.9,88.1,83.9,57.1,50.4,53.7,36.2,70,40,6,70,8,21.04,6972829250985.1,1331260000.0,5237.76666540352
5394,Asia,816,CHN,China,2010,64.4,61.2,80.2,75.0,99.1,73.8,63.5,56.0,74.4,52.5,27.2,63.3,88.0,82.7,57.6,50.3,54.6,35.9,75,35,8,82,7,21.29,7711689202853.29,1337705000.0,5764.86534987407
5395,Asia,817,CHN,China,2011,65.3,69.7,80.8,75.8,99.4,74.3,64.0,56.8,74.3,54.6,29.0,62.9,87.8,80.8,58.1,50.4,55.1,35.7,63,40,11,78,8,21.49,8441318020902.42,1345035000.0,6275.90956436258
5396,Asia,818,CHN,China,2012,66.2,73.8,81.0,76.5,99.4,74.7,64.5,58.2,74.3,57.5,29.3,65.9,87.7,80.5,59.2,50.2,55.5,36.9,55,35,7,60,8,21.7,9104482675356.36,1354190000.0,6723.19443752823
5397,Asia,819,CHN,China,2013,67.1,84.0,81.5,77.2,99.4,75.3,65.1,59.7,74.3,59.3,32.8,65.2,87.6,80.1,59.5,50.3,53.7,36.7,73,20,10,40,7,21.9,9812695262900.89,1363240000.0,7198.06876478162
5398,Asia,820,CHN,China,2014,68.0,87.1,81.8,77.8,99.4,75.8,65.8,61.1,76.6,63.2,33.5,67.6,87.7,80.0,54.5,50.1,53.4,40.7,75,20,11,82,10,22.11,10544908798424.0,1371860000.0,7686.57792954381
5399,Asia,821,CHN,China,2015,68.9,90.3,82.2,79.9,99.4,76.4,66.4,62.2,76.6,65.5,34.4,68.0,87.7,80.4,56.1,50.0,54.9,41.3,80,25,11,75,8,22.31,11280814787468.9,1379860000.0,8175.33285077393
5400,Asia,822,CHN,China,2016,69.4,92.4,82.1,80.3,99.4,76.6,67.0,63.6,76.6,68.1,34.5,70.9,87.5,80.7,54.3,49.9,55.4,40.8,80,18,7,75,10,22.52,12045152668727.3,1387790000.0,8679.37704460133
5401,Asia,823,CHN,China,2017,69.9,93.5,82.6,80.6,99.4,77.2,67.5,65.0,76.7,71.4,33.7,71.8,87.3,80.2,53.7,49.7,57.0,41.3,78,40,10,60,10,22.72,12875216222853.4,1396215000.0,9221.51403820573
5402,Asia,824,CHN,China,2018,70.8,95.2,82.8,80.9,99.5,77.8,68.0,66.2,77.2,74.3,34.5,76.5,87.2,79.5,53.7,49.8,59.6,41.8,80,15,6,82,10,22.93,13745158275136.7,1402760000.0,9798.6528523316
5403,Asia,825,CHN,China,2019,71.5,96.8,83.1,81.6,99.5,78.1,68.5,67.3,77.0,76.6,34.9,79.1,87.0,78.8,55.2,49.6,59.9,42.5,80,25,11,83,8,23.14,14579283528148.4,1407745000.0,10356.4804194995
5404,Asia,826,CHN,China,2020,71.6,96.5,83.3,83.1,99.5,78.0,69.0,67.7,76.6,78.4,34.9,79.5,87.0,78.5,55.5,49.4,59.8,40.8,80,20,7,79,7,23.34,14920466234565.3,1411100000.0,10573.6420059282
5405,Asia,827,CHN,China,2021,72.0,97.6,83.3,83.4,99.5,78.2,69.0,67.7,79.0,80.3,34.9,79.5,87.0,77.6,55.7,49.2,60.6,41.3,80,40,8,75,8,,16199162892908.6,1412360000.0,11469.5707134928
5406,Asia,828,CHN,China,2022,72.0,98.1,83.4,83.4,99.5,78.2,69.0,67.7,78.9,80.3,34.9,79.5,87.0,77.6,55.7,48.9,60.6,41.4,83,20,5,82,7,,16706875253648.5,1412175000.0,11830.5983703496
5407,South America,829,COL,Colombia,2000,62.2,74.0,63.8,70.0,80.0,60.6,73.2,70.1,60.3,15.0,6.1,86.9,87.8,90.8,52.6,54.4,54.1,58.0,30,40,15,25,10,56.54,157016818928.93,39089934.0,4016.80951748167
5408,South America,830,COL,Colombia,2001,62.7,74.0,64.0,70.9,78.9,60.6,73.5,71.4,63.4,15.1,7.7,86.9,87.9,90.9,53.1,54.3,54.1,58.7,5,40,20,20,8,56.37,159651401476.819,39709262.0,4020.50789754842
5409,South America,831,COL,Colombia,2002,64.0,74.0,64.1,71.2,81.1,60.6,73.9,71.5,63.0,15.5,9.9,87.2,87.9,90.9,68.7,54.2,54.1,59.5,30,42,15,14,5,56.2,163649041384.447,40324680.0,4058.28493578738
5410,South America,832,COL,Colombia,2003,63.8,74.0,64.8,73.3,81.1,60.6,74.2,72.2,63.8,16.0,13.2,87.2,87.8,90.9,51.0,54.2,54.1,65.9,35,40,24,25,8,56.02,170061255792.911,40937429.0,4154.17528523618
5411,South America,833,COL,Colombia,2004,63.9,74.0,65.0,73.6,82.0,62.0,74.5,73.6,64.1,16.3,11.3,87.6,88.0,91.0,50.1,54.1,54.1,65.1,35,35,32,22,10,55.85,179130660092.783,41543171.0,4311.91591255233
5412,South America,834,COL,Colombia,2005,65.4,74.0,63.7,74.9,85.1,62.4,74.8,73.8,65.1,16.6,12.8,87.3,87.8,90.8,68.9,54.5,54.6,65.2,35,30,25,30,8,55.68,187780451739.376,42128977.0,4457.27537460443
5413,South America,835,COL,Colombia,2006,65.6,74.0,62.9,75.4,85.8,60.7,75.2,73.8,65.6,17.4,12.8,87.6,87.6,90.8,68.9,55.2,55.4,65.4,10,33,25,35,6,55.5,200393418124.055,42691084.0,4694.03442939175
5414,South America,836,COL,Colombia,2007,65.8,74.0,64.0,76.5,86.4,60.8,75.5,74.5,66.0,18.5,12.8,85.2,87.6,90.9,69.7,55.6,54.4,65.7,35,33,25,30,5,55.33,213896316785.023,43235374.0,4947.25260813108
5415,South America,837,COL,Colombia,2008,65.5,74.0,63.8,76.9,87.2,60.8,75.8,74.5,65.8,19.4,10.8,86.0,87.7,90.7,64.4,56.6,54.3,64.9,5,40,30,22,5,55.15,220919487240.849,43758808.0,5048.57187245249
5416,South America,838,COL,Colombia,2009,65.7,74.0,63.5,77.5,89.0,62.5,76.1,74.4,65.4,20.2,12.3,86.0,87.5,90.5,59.5,57.8,54.3,66.4,35,35,24,35,7,54.98,223437193184.792,44271541.0,5046.97121757727
5417,South America,839,COL,Colombia,2010,66.2,74.0,62.9,78.8,89.2,64.7,76.4,74.1,65.6,21.4,11.8,84.7,87.4,90.4,64.2,57.8,54.5,66.7,30,35,35,38,5,54.81,233479933032.173,44777319.0,5214.24547620131
5418,South America,840,COL,Colombia,2011,66.6,77.5,62.7,79.9,89.0,64.4,76.7,74.7,66.1,22.8,13.4,82.3,87.4,89.7,62.7,59.8,55.1,67.5,40,30,30,35,10,54.69,249701866578.277,45259614.0,5517.1011086899
5419,South America,841,COL,Colombia,2012,67.0,78.3,63.9,80.2,87.9,64.4,77.1,74.6,66.3,26.5,14.6,83.1,87.5,89.1,61.8,59.9,54.4,69.3,40,45,35,45,10,54.56,259471791121.288,45715810.0,5675.75617978305
5420,South America,842,COL,Colombia,2013,66.9,80.2,64.3,80.9,84.3,66.4,77.4,75.1,66.7,28.7,14.6,82.0,87.7,88.9,55.5,60.4,55.1,68.9,38,38,28,42,8,54.44,272793056063.57,46151584.0,5910.80592301166
5421,South America,843,COL,Colombia,2014,68.0,81.8,66.0,80.4,85.0,70.4,77.7,75.4,68.2,30.4,14.6,82.1,87.6,88.4,63.1,60.7,56.3,67.9,35,40,35,38,8,54.32,285066097496.814,46565429.0,6121.83982019825
5422,South America,844,COL,Colombia,2015,68.8,84.1,67.0,81.6,85.5,71.4,78.0,76.2,68.6,30.7,16.9,80.8,87.7,89.3,63.1,63.2,56.6,68.6,44,45,33,33,8,54.2,293492370193.166,46969940.0,6248.51490534512
5423,South America,845,COL,Colombia,2016,69.0,84.0,67.0,81.4,84.9,71.4,78.3,75.5,68.4,31.6,17.5,81.5,87.8,89.6,66.6,63.5,56.1,68.7,40,35,25,25,5,54.02,299618678572.191,47437512.0,6316.07067782542
5424,South America,846,COL,Colombia,2017,69.5,85.3,64.8,82.4,85.9,70.8,78.6,77.5,71.9,40.6,18.7,83.1,87.7,90.3,56.9,64.5,54.9,67.7,35,44,35,40,7,53.84,303691577641.583,48131078.0,6309.67745292518
5425,South America,847,COL,Colombia,2018,70.1,84.9,64.8,82.5,90.5,70.3,78.9,76.9,71.2,42.8,17.7,83.5,87.7,90.3,63.6,63.3,55.3,68.1,5,58,40,33,10,53.66,311479214511.795,49024465.0,6353.5464285392
5426,South America,848,COL,Colombia,2019,70.3,83.3,64.9,84.2,92.1,70.4,79.1,77.3,70.7,45.1,16.5,85.7,87.7,89.8,57.0,64.5,56.1,71.4,38,35,40,45,15,53.48,321405606655.842,49907985.0,6439.96359812647
5427,South America,849,COL,Colombia,2020,69.4,72.5,65.0,82.6,92.4,69.0,79.4,77.6,66.9,46.6,12.4,85.7,87.7,90.3,57.2,64.5,57.9,72.2,40,50,38,40,10,53.31,298309675728.093,50629997.0,5891.95523215403
5428,South America,850,COL,Colombia,2021,69.9,75.9,65.2,81.7,92.3,69.3,79.4,77.6,69.3,48.4,12.4,83.7,87.7,90.1,57.4,65.1,56.3,76.3,40,55,32,35,7,,330530695024.886,51188173.0,6457.16921807086
5429,South America,851,COL,Colombia,2022,70.1,77.7,65.2,82.7,92.3,69.4,79.4,77.6,71.2,49.0,12.4,83.3,87.7,90.1,57.3,65.0,54.3,76.1,35,55,42,28,5,,354752900899.02,51737944.0,6856.72590505374
5430,Africa,852,COM,Comoros,2000,45.3,42.1,37.0,38.0,30.8,27.4,51.6,11.3,49.0,6.5,10.0,55.1,95.9,99.5,58.6,32.1,64.3,60.3,10,22,15,8,7,22.41,552666034.125144,536080.0,1030.93947568487
5431,Africa,853,COM,Comoros,2001,45.7,42.1,37.4,38.7,30.8,27.4,51.9,19.3,48.9,6.5,10.0,55.1,95.9,99.5,58.8,31.9,64.3,59.1,18,30,10,14,8,22.17,565559219.284645,547220.0,1033.51343021937
5432,Africa,854,COM,Comoros,2002,46.0,42.1,36.7,39.7,30.8,27.4,51.7,21.6,49.0,6.5,10.0,54.9,95.9,99.5,58.8,31.5,64.3,60.7,20,35,8,20,7,21.94,578708159.291576,558923.0,1035.39872091786
5433,Africa,855,COM,Comoros,2003,45.8,42.1,36.3,39.7,31.9,27.4,51.6,19.0,49.1,6.5,10.0,54.9,95.9,99.4,58.8,31.3,64.3,60.4,25,30,12,16,8,21.7,590883436.107412,569798.0,1037.00510726154
5434,Africa,856,COM,Comoros,2004,46.1,42.1,36.0,41.3,32.8,27.4,51.4,22.1,49.1,6.5,10.0,54.8,95.9,99.4,58.8,31.0,64.3,60.2,10,28,15,16,10,21.47,602226387.937312,580704.0,1037.06257910624
5435,Africa,857,COM,Comoros,2005,46.1,42.1,36.6,40.8,32.8,27.4,51.1,24.2,48.7,6.6,10.0,54.9,95.9,99.4,58.8,30.8,64.3,59.8,20,40,15,15,8,21.23,619314849.980102,592677.0,1044.94496999226
5436,Africa,858,COM,Comoros,2006,46.1,42.1,36.9,41.1,32.8,27.4,50.9,23.6,48.2,6.5,10.0,54.8,95.9,99.3,58.8,30.6,64.3,59.7,20,33,20,15,12,21.0,635707838.314968,604753.0,1051.1859194001
5437,Africa,859,COM,Comoros,2007,46.7,42.1,37.1,41.4,39.1,27.4,50.7,28.9,47.7,6.7,10.0,54.8,95.9,99.6,58.8,30.4,64.3,59.4,18,30,20,15,8,20.76,640793770.237116,616927.0,1038.68653866198
5438,Africa,860,COM,Comoros,2008,47.2,42.1,37.3,43.6,39.1,27.4,50.4,29.1,47.3,6.7,10.0,54.6,95.9,99.6,58.8,30.0,64.3,66.2,20,20,10,15,10,20.52,666198751.748546,629307.0,1058.62282121214
5439,Africa,861,COM,Comoros,2009,47.0,42.1,37.8,44.8,39.1,26.4,50.2,26.4,46.8,6.8,10.0,54.7,95.9,99.5,58.8,29.7,64.3,66.0,25,33,12,20,8,20.29,709414590.573579,641947.0,1105.09838128939
5440,Africa,862,COM,Comoros,2010,49.6,42.1,38.3,45.8,39.1,27.4,49.9,27.7,46.3,7.1,10.0,53.9,95.9,99.4,61.4,68.8,64.6,66.0,25,32,25,15,8,20.05,743473997.720954,654836.0,1135.3590787937
5441,Africa,863,COM,Comoros,2011,48.9,44.3,38.8,47.1,39.1,27.4,49.6,33.2,45.9,7.3,10.0,48.1,95.9,99.5,50.1,68.6,64.3,62.6,25,25,30,15,10,19.82,787250881.772544,668056.0,1178.42049434859
5442,Africa,864,COM,Comoros,2012,49.0,46.3,41.3,50.4,35.2,27.4,49.3,32.5,45.4,8.6,10.0,54.4,95.9,99.4,44.6,68.3,62.6,61.8,30,40,35,18,7,19.58,836931448.751819,681630.0,1227.8383415516
5443,Africa,865,COM,Comoros,2013,49.3,47.8,41.9,50.9,43.3,26.3,49.0,29.5,45.0,8.9,10.0,54.5,95.9,99.3,44.1,68.1,62.6,60.1,30,43,20,15,5,19.35,911646574.993856,696192.0,1309.47579833416
5444,Africa,866,COM,Comoros,2014,50.5,48.0,42.2,51.1,43.4,26.2,48.7,31.2,44.4,11.5,25.6,54.2,95.9,99.4,45.8,67.8,62.1,61.0,33,45,12,35,10,19.11,947161529.43996,711503.0,1331.21227800861
5445,Africa,867,COM,Comoros,2015,50.5,46.9,42.5,52.8,43.4,26.3,49.0,30.8,44.4,11.6,25.6,54.4,95.9,99.4,46.0,67.5,62.1,60.1,15,32,22,18,10,18.88,966029599.801228,726682.0,1329.3704808998
5446,Africa,868,COM,Comoros,2016,50.4,47.6,43.0,53.1,38.9,26.4,49.0,30.3,44.5,12.3,25.6,54.5,95.9,99.3,46.3,67.2,61.8,60.4,10,38,22,14,8,18.64,992887430.460252,741741.0,1338.59046548627
5447,Africa,869,COM,Comoros,2017,51.5,48.8,43.4,55.4,39.1,28.0,49.0,34.3,44.6,22.5,25.6,54.5,95.8,99.1,46.1,66.9,62.4,60.8,25,40,30,15,20,18.41,1048451292.79632,756669.0,1385.61417581045
5448,Africa,870,COM,Comoros,2018,52.2,48.9,43.8,55.7,38.1,28.2,49.0,35.3,44.6,22.2,25.6,60.2,95.8,99.0,45.3,72.8,61.8,61.1,25,33,30,30,5,18.17,1091014283.72133,771590.0,1413.98188639216
5449,Africa,871,COM,Comoros,2019,52.4,49.9,44.3,57.4,38.1,28.3,49.0,38.4,44.5,24.9,25.6,58.6,95.8,99.0,43.2,72.5,59.3,61.3,25,32,14,15,18,17.93,1130604685.41085,786578.0,1437.37135466649
5450,Africa,872,COM,Comoros,2020,52.6,51.0,44.7,57.5,38.1,33.8,49.0,39.2,43.3,24.7,25.6,58.6,95.8,99.1,43.1,72.2,57.7,61.1,25,44,12,32,10,17.7,1175888997.65107,802163.0,1465.89782581729
5451,Africa,873,COM,Comoros,2021,52.4,50.2,45.0,57.1,39.4,33.8,49.0,39.2,43.3,21.7,25.6,58.6,95.8,99.1,43.1,71.9,57.2,61.1,33,40,18,35,15,,1207941361.73212,818174.0,1476.38688314725
5452,Africa,874,COM,Comoros,2022,51.7,51.8,45.2,55.3,39.4,33.9,49.0,39.2,43.5,21.7,25.6,52.1,95.8,99.1,43.1,71.2,52.5,61.1,20,33,10,22,15,,1241985921.46684,834188.0,1488.85613490824
5453,Africa,875,COG,"Congo, Rep.",2000,45.1,26.7,52.1,19.2,18.0,45.9,44.6,8.1,51.3,0.4,22.1,43.2,95.9,92.0,63.6,76.1,52.4,55.7,43,55,14,13,13,64.99,6482377234.59307,3151345.0,2057.01922023551
5454,Africa,876,COG,"Congo, Rep.",2001,45.3,26.7,51.9,19.6,19.9,45.9,44.7,8.3,51.3,0.3,22.1,43.2,95.9,92.0,63.4,76.1,52.4,56.4,40,55,15,22,8,64.96,6728876234.42485,3272537.0,2056.16505922617
5455,Africa,877,COG,"Congo, Rep.",2002,45.2,26.7,52.4,20.0,17.1,45.9,44.9,9.0,51.3,0.4,22.1,43.0,96.0,92.0,65.8,76.0,52.4,53.9,43,50,12,22,15,64.92,7037184600.05768,3350771.0,2100.16876714574
5456,Africa,878,COG,"Congo, Rep.",2003,45.1,26.7,52.3,20.7,18.0,44.2,45.1,8.7,51.3,0.5,22.1,42.7,95.9,91.9,65.4,76.0,52.4,52.9,40,43,20,22,15,64.89,7094415494.39314,3445753.0,2058.88683675038
5457,Africa,879,COG,"Congo, Rep.",2004,45.7,26.7,50.6,23.7,22.0,44.2,45.6,9.1,51.3,0.5,22.1,43.4,95.8,91.9,68.8,76.0,52.4,53.1,50,38,15,25,5,64.85,7341062186.80916,3565554.0,2058.88402946896
5458,Africa,880,COG,"Congo, Rep.",2005,46.1,26.7,51.2,23.7,22.0,44.2,46.1,9.4,51.4,0.6,22.1,43.7,95.8,91.8,71.3,76.0,52.4,55.9,35,70,15,28,15,64.82,7910417276.44806,3696393.0,2140.03686200251
5459,Africa,881,COG,"Congo, Rep.",2006,46.5,26.7,49.6,25.4,22.8,44.1,46.5,9.8,51.4,0.7,22.1,45.2,95.7,91.8,71.1,76.0,52.4,59.6,60,55,20,35,12,64.78,8542162055.68026,3837409.0,2226.0233547376
5460,Africa,882,COG,"Congo, Rep.",2007,46.6,26.7,50.7,25.7,22.8,43.3,47.0,10.4,51.2,0.8,22.1,45.0,95.7,91.7,71.9,77.5,52.4,57.1,44,58,17,32,10,64.75,7977183901.13328,3980430.0,2004.10103961966
5461,Africa,883,COG,"Congo, Rep.",2008,47.1,26.7,51.0,27.9,23.7,43.2,47.5,10.8,51.3,1.0,22.1,46.5,95.6,91.7,70.8,77.5,52.4,60.5,44,63,15,35,15,64.71,8480255108.6285,4113517.0,2061.55829880574
5462,Africa,884,COG,"Congo, Rep.",2009,46.5,26.7,50.6,27.5,24.0,43.1,47.9,11.2,51.3,1.1,22.1,46.3,95.5,91.6,70.2,78.4,52.4,50.5,43,42,15,35,15,64.68,9467126891.81813,4281219.0,2211.31572382028
5463,Africa,885,COG,"Congo, Rep.",2010,48.7,26.7,50.8,31.2,40.5,42.9,48.4,12.3,51.2,1.3,22.1,48.2,95.5,91.5,72.0,78.4,52.4,62.3,45,55,15,29,15,64.64,10407332392.13,4462290.0,2332.28508055953
5464,Africa,886,COG,"Congo, Rep.",2011,50.3,27.6,51.7,33.9,42.2,48.1,48.9,21.2,51.1,1.5,19.9,50.8,95.5,91.9,71.9,78.4,55.0,65.4,40,43,15,20,7,64.61,10636909752.5259,4609724.0,2307.49384399715
5465,Africa,887,COG,"Congo, Rep.",2012,50.7,27.2,53.7,38.7,45.3,48.7,49.3,25.4,51.2,1.6,19.9,52.8,95.5,91.5,71.7,79.0,54.4,55.8,40,60,18,30,15,64.57,11694979455.2472,4740450.0,2467.06102906839
5466,Africa,888,COG,"Congo, Rep.",2013,50.5,26.4,54.9,39.7,45.3,49.3,49.8,24.0,51.1,3.1,19.9,49.6,95.3,91.1,65.0,79.0,53.0,61.6,35,43,15,30,7,64.54,11611660392.4682,4857099.0,2390.65754938662
5467,Africa,889,COG,"Congo, Rep.",2014,50.4,27.3,54.9,40.1,45.3,51.4,50.3,26.2,52.2,5.3,19.9,46.1,95.3,90.6,63.5,79.0,53.1,55.8,50,63,16,30,8,64.5,12383378937.2556,4975880.0,2488.68118548992
5468,Africa,890,COG,"Congo, Rep.",2015,51.8,27.8,54.6,43.3,58.8,52.0,50.8,36.8,52.1,5.3,19.9,52.3,95.4,90.0,62.8,79.0,53.0,47.3,40,60,17,30,15,64.47,12434793867.3568,5097581.0,2439.35189403696
5469,Africa,891,COG,"Congo, Rep.",2016,52.4,26.7,54.0,40.8,58.8,52.1,51.3,38.4,52.0,11.1,19.9,48.9,95.3,90.5,70.9,79.0,51.0,50.5,55,63,20,20,10,64.43,11354801748.8219,5222536.0,2174.19310251224
5470,Africa,892,COG,"Congo, Rep.",2017,53.1,23.5,53.3,42.2,58.8,54.2,51.7,40.3,53.4,10.5,19.9,54.8,95.3,92.5,74.0,82.2,50.9,44.4,40,58,18,22,20,64.38,10719526284.7166,5351011.0,2003.27121075187
5471,Africa,893,COG,"Congo, Rep.",2018,52.4,24.0,53.2,44.1,47.2,54.4,51.8,40.3,53.4,6.6,19.9,52.9,95.3,92.3,73.9,83.0,50.1,47.9,45,55,18,30,15,64.34,10472514332.3273,5483118.0,1909.9560382117
5472,Africa,894,COG,"Congo, Rep.",2019,52.7,23.8,53.2,44.2,47.2,54.7,51.9,43.2,53.4,6.5,19.9,54.9,95.3,92.1,71.9,83.0,50.4,50.3,55,60,18,32,20,64.3,10590275024.738,5616661.0,1885.51080877731
5473,Africa,895,COG,"Congo, Rep.",2020,52.1,21.2,52.8,43.9,47.2,54.6,52.0,44.1,52.3,6.3,19.9,49.2,95.3,92.1,71.9,83.0,50.6,49.7,55,58,30,30,15,64.26,9926500702.40064,5752791.0,1725.51040049963
5474,Africa,896,COG,"Congo, Rep.",2021,52.4,22.8,53.0,44.1,47.3,54.8,52.0,44.1,53.8,8.1,19.9,51.2,95.3,92.2,72.0,83.5,47.8,49.1,40,58,18,32,20,,10027261669.7995,5892183.0,1701.79060456872
5475,Africa,897,COG,"Congo, Rep.",2022,52.6,24.0,53.2,45.6,47.3,54.8,52.0,44.1,54.2,8.1,19.9,51.2,95.3,92.2,72.0,83.5,48.2,49.1,50,63,18,25,7,,10175199489.7639,6035104.0,1686.00234391385
5476,North America,898,CRI,Costa Rica,2000,68.5,94.2,58.9,80.1,79.5,62.3,71.8,81.5,75.7,26.2,22.0,87.7,79.8,92.1,55.6,66.2,76.6,54.0,30,30,75,60,5,55.96,30425018574.4943,3937739.0,7726.51985682502
5477,North America,899,CRI,Costa Rica,2001,68.3,94.2,59.0,80.4,79.2,62.0,72.0,80.9,75.2,26.8,16.2,87.7,79.7,92.1,57.9,66.2,76.6,54.9,20,25,70,60,10,55.99,31487207663.3144,4008947.0,7854.23395802299
5478,North America,900,CRI,Costa Rica,2002,69.0,94.2,58.1,82.7,79.5,70.5,72.2,80.8,75.0,28.4,15.8,88.0,79.4,91.9,57.5,66.1,76.6,56.0,10,10,80,60,5,56.01,32563086627.9618,4075705.0,7989.55926102644
5479,North America,901,CRI,Costa Rica,2003,68.9,94.2,55.9,82.3,79.5,70.4,72.4,80.8,74.8,28.2,19.3,88.0,79.4,91.8,55.8,66.1,76.4,56.0,15,25,70,60,6,56.04,33968893647.7302,4138784.0,8207.45746763548
5480,North America,902,CRI,Costa Rica,2004,69.1,94.2,55.7,82.4,82.0,70.6,72.6,82.2,74.9,28.6,20.6,88.3,79.3,91.7,53.6,66.0,76.6,54.7,20,25,75,55,7,56.07,35471881179.0185,4200078.0,8445.52914946306
5481,North America,903,CRI,Costa Rica,2005,69.3,94.2,56.7,83.8,83.3,70.8,72.8,83.3,74.9,28.9,21.8,88.3,77.5,91.8,52.8,66.0,76.8,54.9,10,30,70,66,10,56.09,36882479548.0254,4261240.0,8655.33965419113
5482,North America,904,CRI,Costa Rica,2006,69.4,94.2,58.1,83.3,83.2,73.2,72.9,83.1,75.3,29.6,19.3,88.6,76.5,91.7,52.4,65.9,76.3,55.6,25,35,75,60,5,56.12,39584746492.4658,4321340.0,9160.29437453794
5483,North America,905,CRI,Costa Rica,2007,69.4,94.2,56.2,84.2,83.4,72.0,73.1,83.7,76.0,29.9,19.3,90.3,76.3,91.4,53.1,65.8,75.5,56.2,15,25,75,60,8,56.15,42836685662.1507,4380248.0,9779.51149390415
5484,North America,906,CRI,Costa Rica,2008,69.6,94.2,56.0,83.2,83.8,72.2,73.2,84.1,75.8,30.5,20.3,88.1,76.4,91.4,56.3,65.8,74.0,57.6,12,28,70,55,5,56.18,44866362740.5656,4440056.0,10104.9092039753
5485,North America,907,CRI,Costa Rica,2009,69.6,94.2,56.6,83.8,82.9,72.0,73.4,84.8,74.2,31.4,17.5,87.8,76.5,91.6,57.9,65.7,73.4,59.5,18,28,75,78,10,56.2,44474474828.8954,4499791.0,9883.675670469
5486,North America,908,CRI,Costa Rica,2010,70.1,94.2,55.2,84.4,82.7,73.2,73.5,84.5,74.5,32.5,21.1,89.4,77.2,91.7,57.5,66.4,73.4,60.4,15,35,65,65,10,56.23,46858459461.2603,4555962.0,10285.0856660482
5487,North America,909,CRI,Costa Rica,2011,70.1,93.4,54.8,84.8,83.2,74.4,73.7,84.2,73.2,36.8,20.0,89.7,75.9,90.6,57.5,66.3,73.8,60.2,10,29,70,60,8,56.55,48921712048.6118,4609833.0,10612.4694861206
5488,North America,910,CRI,Costa Rica,2012,71.0,94.0,55.1,85.5,84.3,74.4,73.8,84.8,73.4,41.9,20.6,90.9,76.6,91.0,58.1,66.2,76.1,60.3,10,5,50,55,10,56.87,51310359848.0653,4663934.0,11001.5192856643
5489,North America,911,CRI,Costa Rica,2013,71.3,94.0,53.8,86.1,83.7,80.3,74.0,84.8,73.9,44.4,19.4,90.0,76.9,90.8,57.8,66.1,75.4,60.6,10,29,60,60,8,57.19,52590433317.5512,4716147.0,11151.1437869836
5490,North America,912,CRI,Costa Rica,2014,71.6,94.5,56.2,86.2,84.0,77.3,74.1,85.1,75.9,46.7,20.3,91.4,77.2,90.4,56.8,66.1,74.4,60.1,15,35,65,60,5,57.51,54453244250.7963,4767119.0,11422.6735793246
5491,North America,913,CRI,Costa Rica,2015,71.8,94.5,55.0,85.2,84.1,77.3,74.2,86.0,76.2,48.8,20.6,92.5,77.7,90.2,57.2,66.0,75.2,60.9,18,25,75,66,15,57.83,56441920820.5538,4818038.0,11714.7105980803
5492,North America,914,CRI,Costa Rica,2016,71.5,94.8,55.2,86.5,81.7,75.7,74.3,85.6,76.4,47.5,20.1,90.7,77.0,89.7,57.1,66.0,75.3,61.1,25,40,75,60,20,58.16,58814921621.3518,4866998.0,12084.4351325708
5493,North America,915,CRI,Costa Rica,2017,71.9,95.8,53.4,87.8,81.1,76.9,74.4,85.5,78.1,49.7,20.7,92.4,77.3,89.5,55.7,65.9,75.4,62.5,20,30,78,60,15,58.48,61260269007.5514,4913177.0,12468.5654531785
5494,North America,916,CRI,Costa Rica,2018,72.5,94.7,54.1,87.8,89.4,80.4,74.5,85.7,75.7,53.2,21.1,91.6,77.1,89.6,54.7,64.2,75.5,62.6,15,30,75,65,5,58.8,62862779082.6292,4957818.0,12679.5253643093
5495,North America,917,CRI,Costa Rica,2019,73.1,95.7,53.7,88.4,90.1,82.1,74.5,85.4,75.1,56.6,20.8,93.4,77.0,89.7,56.1,64.1,75.8,63.5,18,30,70,60,15,59.12,64382494195.8393,4999553.0,12877.6501010869
5496,North America,918,CRI,Costa Rica,2020,72.3,92.8,53.5,87.6,89.7,81.3,74.5,85.5,71.0,57.3,19.3,88.8,77.0,90.0,56.3,64.1,76.2,64.8,15,28,85,60,7,59.44,61631202097.7581,5034320.0,12242.2098908608
5497,North America,919,CRI,Costa Rica,2021,73.5,93.3,54.0,87.1,99.2,81.8,74.5,85.5,72.2,59.2,19.3,90.9,77.0,89.8,56.3,65.3,77.0,67.0,25,35,78,50,8,,66522107766.4702,5059988.0,13146.6927918545
5498,North America,920,CRI,Costa Rica,2022,73.6,93.8,53.9,88.3,99.2,82.0,74.5,85.5,74.4,59.6,19.3,90.9,77.0,89.8,56.3,65.1,73.8,67.0,30,30,72,60,10,,69549856033.0671,5081765.0,13686.1614090906
5499,Europe,921,HRV,Croatia,2000,72.6,100.0,70.4,79.8,89.5,50.9,86.3,79.0,78.9,34.0,82.2,83.8,75.5,83.6,65.1,59.8,68.5,47.1,15,20,28,35,10,33.68,39678365282.2696,4468302.0,8879.96498049361
5500,Europe,922,HRV,Croatia,2001,73.0,100.0,72.9,80.3,91.4,51.6,86.3,79.7,79.0,34.5,82.2,83.8,75.3,83.1,65.2,60.0,68.6,47.1,15,30,40,45,8,33.75,40912852422.3237,4299642.0,9515.40905552687
5501,Europe,923,HRV,Croatia,2002,73.3,100.0,73.9,80.7,93.2,52.3,86.3,78.2,79.4,36.4,82.2,83.8,73.9,82.6,68.5,60.0,68.6,47.1,15,30,35,62,7,33.81,43287159653.9949,4302174.0,10061.694309434
5502,Europe,924,HRV,Croatia,2003,73.0,100.0,68.6,80.3,92.7,53.0,86.3,78.0,80.1,38.4,82.2,83.8,73.7,82.1,65.8,60.0,68.7,47.6,15,35,35,45,5,33.87,45697550022.2559,4303399.0,10618.9433102196
5503,Europe,925,HRV,Croatia,2004,73.5,100.0,72.2,81.7,92.7,54.2,86.3,79.5,80.2,40.3,82.2,83.8,73.5,82.1,64.5,60.0,69.0,47.6,15,20,35,58,5,33.93,47603359433.3077,4304600.0,11058.7184484755
5504,Europe,926,HRV,Croatia,2005,73.7,100.0,71.8,82.0,93.8,54.9,86.3,79.0,80.8,41.7,82.2,83.7,72.9,81.9,63.7,60.0,68.8,48.7,20,32,45,55,7,34.0,49663193223.0578,4310145.0,11522.3950059819
5505,Europe,927,HRV,Croatia,2006,73.8,100.0,70.6,82.2,94.8,55.5,86.3,78.4,81.6,41.8,82.2,83.7,72.0,81.8,64.8,60.5,69.0,48.7,15,30,65,65,7,34.06,52186811453.5612,4311159.0,12105.053757832
5506,Europe,928,HRV,Croatia,2007,73.7,100.0,67.9,82.3,94.5,55.7,86.3,76.4,82.2,44.3,82.2,83.7,71.7,81.3,65.1,60.5,69.0,49.9,10,38,43,65,8,34.12,54821664179.8318,4310217.0,12719.0032844824
5507,Europe,929,HRV,Croatia,2008,74.3,100.0,72.2,82.0,94.1,56.3,86.3,77.6,82.9,45.9,82.2,83.7,71.7,81.8,66.5,60.5,69.2,50.5,10,38,60,55,10,34.19,55900878029.5945,4309705.0,12970.9291075827
5508,Europe,930,HRV,Croatia,2009,74.9,100.0,73.7,82.2,91.4,58.2,86.3,79.8,82.7,48.2,82.2,83.3,73.8,82.4,68.0,60.5,69.9,51.1,10,40,40,60,10,34.25,52091816697.5999,4305181.0,12099.7971276004
5509,Europe,931,HRV,Croatia,2010,75.2,100.0,70.4,84.3,93.1,58.8,86.3,82.3,81.3,49.0,83.5,84.0,74.4,82.7,67.3,60.5,70.1,50.8,25,35,38,60,5,34.31,51396869395.5182,4295427.0,11965.4854792127
5510,Europe,932,HRV,Croatia,2011,75.6,100.0,69.2,84.1,96.0,59.6,86.3,79.3,80.2,54.9,83.6,80.0,73.8,82.9,70.0,66.2,69.4,50.0,10,38,38,40,8,34.32,51346628209.0189,4280622.0,11995.1325319122
5511,Europe,933,HRV,Croatia,2012,76.6,100.0,67.2,85.6,97.9,60.2,86.3,80.6,78.9,62.8,83.0,80.6,75.5,86.6,69.6,66.2,69.9,51.2,20,40,55,48,10,34.32,50189405844.8756,4260368.0,11780.5330067439
5512,Europe,934,HRV,Croatia,2013,78.7,100.0,71.0,85.7,96.8,62.2,86.3,84.2,78.2,65.5,84.6,78.2,75.8,86.9,78.3,86.7,69.0,49.3,25,44,50,60,7,34.33,50126443322.4666,4233922.0,11839.2458156921
5513,Europe,935,HRV,Croatia,2014,79.0,100.0,70.7,85.2,96.9,63.3,86.3,84.6,77.8,63.4,84.0,83.1,75.8,87.0,78.1,88.2,67.8,50.2,10,38,47,60,12,34.34,49847163744.5929,4201598.0,11863.8584044911
5514,Europe,936,HRV,Croatia,2015,79.2,100.0,69.5,84.6,97.4,59.6,86.3,83.1,77.0,64.5,87.5,84.4,75.9,87.5,81.9,88.2,69.4,50.2,10,25,37,56,10,34.35,51005200669.6941,4151725.0,12285.3032582105
5515,Europe,937,HRV,Croatia,2016,79.8,100.0,75.4,85.1,95.9,58.7,86.3,83.1,78.8,66.0,88.0,88.5,75.5,87.0,82.0,88.2,69.2,49.8,10,32,35,58,10,34.41,52770556703.1252,4106867.0,12849.34640034
5516,Europe,938,HRV,Croatia,2017,79.5,100.0,71.1,84.9,97.5,62.1,86.4,81.6,79.4,65.5,89.5,85.7,74.7,86.1,83.0,88.2,69.2,46.5,10,38,60,60,10,34.47,54501936568.9879,4041407.0,13485.8816667037
5517,Europe,939,HRV,Croatia,2018,80.2,100.0,74.3,86.0,96.7,63.0,86.4,84.2,80.5,70.7,91.7,81.4,72.8,83.7,83.3,88.2,72.5,48.5,25,38,55,62,18,34.53,56085044234.0737,3988775.0,14060.7189510749
5518,Europe,940,HRV,Croatia,2019,80.6,100.0,74.3,86.8,97.1,64.3,86.4,83.2,81.4,72.3,94.2,79.9,72.6,83.6,84.9,88.2,71.3,49.1,25,38,50,64,5,34.59,57823926882.8566,3949390.0,14641.2298817935
5519,Europe,941,HRV,Croatia,2020,81.6,100.0,74.2,88.1,95.6,69.5,86.4,83.2,81.2,74.8,94.2,82.0,72.6,83.9,84.8,88.2,73.4,55.3,20,40,55,65,8,34.65,53017808755.2998,3914206.0,13544.9715102628
5520,Europe,942,HRV,Croatia,2021,81.6,100.0,74.3,87.5,95.7,70.3,86.4,83.2,82.1,74.9,94.2,81.5,68.3,83.5,84.7,88.2,73.3,58.4,30,35,55,62,7,,59714859477.6201,3878981.0,15394.4707328085
5521,Europe,943,HRV,Croatia,2022,81.5,100.0,74.3,86.4,95.7,71.1,86.4,83.2,82.7,74.7,94.2,80.7,68.3,83.5,84.6,88.2,72.1,59.4,30,35,48,60,7,,64066840476.8464,3855641.0,16616.3915356348
5522,North America,944,CUB,Cuba,2000,71.8,0.0,63.6,78.4,97.2,68.2,72.3,74.1,89.5,23.7,0.0,64.2,86.7,90.6,70.4,43.6,60.7,94.1,30,18,7,30,5,23.41,45683563278.5995,11109109.0,4112.26168350671
5523,North America,945,CUB,Cuba,2001,73.5,0.0,64.2,78.9,93.6,68.4,72.4,74.8,90.8,24.2,0.0,64.3,86.7,90.8,75.7,60.1,60.7,96.8,35,30,7,60,10,23.89,47138598430.4616,11144132.0,4229.90309433356
5524,North America,946,CUB,Cuba,2002,74.2,0.0,65.7,79.8,94.7,68.6,72.4,75.6,91.6,24.4,0.0,64.3,87.6,90.7,76.3,61.1,60.5,100.0,42,10,10,35,12,24.36,47810239203.2308,11177418.0,4277.39565642359
5525,North America,947,CUB,Cuba,2003,74.5,0.0,66.9,77.1,95.0,73.0,72.5,76.4,92.5,24.4,0.0,64.4,88.1,90.7,74.5,61.1,60.5,100.0,70,35,7,40,8,24.84,49623557376.225,11209383.0,4426.96599591833
5526,North America,948,CUB,Cuba,2004,74.6,0.0,65.7,79.4,95.6,73.1,72.5,77.1,93.0,25.0,0.0,64.4,88.0,90.8,73.7,61.0,60.5,100.0,35,20,12,40,7,25.32,52487103646.4154,11238756.0,4670.18802138025
5527,North America,949,CUB,Cuba,2005,74.3,0.0,63.1,81.3,97.4,73.2,72.6,73.6,92.9,25.3,0.0,64.5,87.9,91.0,71.1,60.9,60.4,100.0,35,35,6,75,7,25.8,58366528662.6983,11262554.0,5182.35283601732
5528,North America,950,CUB,Cuba,2006,74.1,0.0,62.5,81.9,96.3,73.3,72.7,72.3,92.9,25.5,0.0,64.3,88.0,91.0,69.2,60.9,60.8,100.0,35,25,10,35,5,26.28,65408954114.9466,11278550.0,5799.41163668615
5529,North America,951,CUB,Cuba,2007,74.2,0.0,62.4,82.5,96.1,73.4,73.1,71.7,93.0,25.5,0.0,64.3,87.8,91.1,70.5,60.8,60.8,100.0,20,25,10,50,8,26.75,70159041951.1157,11287272.0,6215.76603727772
5530,North America,952,CUB,Cuba,2008,74.4,0.0,60.3,82.4,96.3,77.2,72.6,71.7,93.1,25.9,0.0,64.1,87.3,90.2,71.5,62.1,61.1,100.0,35,20,11,72,10,27.23,73047369063.91,11291762.0,6469.08507847668
5531,North America,953,CUB,Cuba,2009,74.5,0.0,60.0,82.5,96.3,77.3,72.5,72.1,93.1,26.9,0.0,64.2,87.7,90.2,72.5,62.0,60.9,100.0,40,30,6,55,10,27.71,74107509498.1477,11294719.0,6561.25305093006
5532,North America,954,CUB,Cuba,2010,74.8,0.0,59.2,83.4,96.3,77.5,72.7,69.2,92.3,26.9,0.0,63.9,88.2,88.9,72.9,70.0,61.1,100.0,30,18,6,78,10,28.19,75878940053.321,11297409.0,6716.49048497058
5533,North America,955,CUB,Cuba,2011,74.9,0.0,60.2,83.8,92.7,78.6,72.5,72.5,91.6,25.9,0.0,63.7,88.2,89.5,73.1,70.0,61.0,100.0,35,25,7,80,10,28.67,78005296225.1446,11301571.0,6902.16397571139
5534,North America,956,CUB,Cuba,2012,74.0,0.0,61.7,84.2,94.2,78.7,72.4,73.1,91.4,28.4,0.0,64.0,88.3,89.5,74.0,73.0,60.6,76.9,35,20,6,65,7,29.16,80357078126.4622,11303175.0,7109.24834185635
5535,North America,957,CUB,Cuba,2013,74.6,0.0,61.5,84.3,94.0,83.0,72.3,73.3,91.5,29.7,0.0,64.1,88.1,89.6,74.2,72.9,60.0,80.5,40,25,9,65,10,29.64,82564971264.2729,11298167.0,7307.82004410741
5536,North America,958,CUB,Cuba,2014,75.3,0.0,60.4,84.3,94.6,83.3,72.4,76.0,92.1,27.9,0.0,64.4,88.0,90.4,75.3,72.8,60.3,86.5,35,25,13,65,8,30.12,83429902609.353,11285775.0,7392.48324633027
5537,North America,959,CUB,Cuba,2015,75.4,0.0,61.4,84.5,93.6,83.5,72.6,75.1,92.4,29.1,0.0,64.6,88.2,89.6,75.3,72.8,60.4,88.6,40,35,12,70,10,30.61,87132800000.0,11275065.0,7727.91997207998
5538,North America,960,CUB,Cuba,2016,75.6,0.0,61.7,84.8,93.6,83.3,72.7,74.7,92.8,32.4,0.0,64.7,88.3,90.2,75.3,72.7,60.6,86.5,50,25,15,45,10,30.72,87579654548.8907,11265612.0,7774.0698462623
5539,North America,961,CUB,Cuba,2017,76.0,0.0,61.2,84.6,95.4,83.3,72.8,76.8,93.1,34.8,0.0,64.7,88.4,91.1,75.5,72.7,60.8,84.1,38,25,8,60,10,30.83,89164663930.9702,11247829.0,7927.27769340823
5540,North America,962,CUB,Cuba,2018,75.7,0.0,61.5,84.6,96.6,83.9,72.9,77.8,93.1,36.2,0.0,64.7,88.4,91.5,75.7,64.5,60.9,82.6,40,25,14,70,7,30.94,91169039692.7712,11227118.0,8120.43123558256
5541,North America,963,CUB,Cuba,2019,75.6,0.0,61.7,84.5,93.9,83.2,73.0,76.5,93.6,38.7,0.0,64.9,88.4,91.4,75.3,64.5,61.1,82.9,35,25,10,55,10,31.06,91020354637.1474,11202846.0,8124.75282059108
5542,North America,964,CUB,Cuba,2020,75.9,0.0,61.2,84.4,92.3,83.1,73.2,76.6,93.4,39.9,0.0,64.7,88.4,92.1,75.3,64.4,60.9,87.9,38,25,9,30,7,31.17,81054459000.2587,11176354.0,7252.31672155863
5543,North America,965,CUB,Cuba,2021,76.3,0.0,60.9,84.6,92.4,83.2,73.2,76.6,93.3,40.7,0.0,64.7,88.4,91.6,75.2,71.8,60.7,87.9,55,20,12,20,8,,82070633423.4249,11122168.0,7379.01400369289
5544,North America,966,CUB,Cuba,2022,74.1,0.0,60.9,84.6,92.4,83.4,73.2,76.6,93.4,40.4,0.0,64.7,88.4,91.6,75.2,71.7,60.5,87.9,50,30,8,25,8,,83527427215.7299,11059820.0,7552.33152218841
5545,Europe,967,CYP,Cyprus,2000,66.2,100.0,53.1,84.4,95.4,51.1,69.3,66.6,74.7,34.4,89.6,76.8,44.5,63.8,48.1,57.9,81.9,33.6,20,20,30,45,8,18.57,15534986805.8031,947667.0,22383.96484375
5546,Europe,968,CYP,Cyprus,2001,66.6,100.0,57.2,84.4,95.4,53.9,69.6,67.1,75.2,34.5,89.6,76.8,44.4,64.2,46.4,58.2,82.0,33.9,10,35,20,55,5,18.59,16149016881.4093,964127.0,23019.25
5547,Europe,969,CYP,Cyprus,2002,67.1,100.0,57.6,84.4,98.5,54.2,69.0,67.6,75.6,37.2,89.6,76.8,44.2,64.0,46.6,58.3,82.1,35.2,20,30,30,50,8,18.6,16750240728.3241,981440.0,23604.189453125
5548,Europe,970,CYP,Cyprus,2003,67.0,100.0,56.8,84.7,97.4,54.5,69.0,67.4,75.2,37.6,89.6,76.7,43.9,63.3,45.5,58.4,82.1,36.9,15,40,45,50,10,18.61,17189649730.2275,999590.0,23930.783203125
5549,Europe,971,CYP,Cyprus,2004,67.2,100.0,54.2,83.7,98.3,58.5,69.0,68.2,75.0,39.8,89.6,76.7,44.4,63.0,46.8,58.7,81.3,35.6,25,40,45,40,10,18.63,18053648327.3531,1017875.0,24799.6484375
5550,Europe,972,CYP,Cyprus,2005,67.7,100.0,52.2,86.7,99.0,59.2,69.1,68.3,74.4,41.0,88.5,76.9,45.1,62.9,50.0,60.8,81.5,35.9,15,30,35,50,8,18.64,18929789645.9549,1036151.0,25631.3671875
5551,Europe,973,CYP,Cyprus,2006,67.8,100.0,52.3,87.6,99.0,58.4,69.1,68.6,74.7,42.2,85.4,76.9,45.4,62.6,51.6,60.8,81.6,36.1,10,30,40,55,10,18.65,19822098963.1388,1054418.0,26395.50390625
5552,Europe,974,CYP,Cyprus,2007,68.1,100.0,53.0,87.4,94.9,58.5,69.1,68.9,75.1,44.4,85.6,76.9,45.6,62.2,53.0,65.2,82.3,36.0,15,20,35,50,8,18.67,20832674395.6686,1072714.0,27156.818359375
5553,Europe,975,CYP,Cyprus,2008,68.6,100.0,48.8,87.8,98.8,58.6,69.2,69.4,75.0,46.0,83.4,76.9,46.0,62.2,55.6,69.7,81.6,37.1,15,40,30,50,5,18.68,21592439785.3329,1091026.0,27449.2265625
5554,Europe,976,CYP,Cyprus,2009,69.6,100.0,53.4,89.2,98.9,57.3,68.5,70.2,74.3,50.2,82.6,79.7,46.5,63.2,55.4,76.0,80.1,38.3,18,35,35,35,10,18.69,21157334409.9038,1109371.0,26183.685546875
5555,Europe,977,CYP,Cyprus,2010,69.8,100.0,54.3,89.9,97.4,57.5,68.0,70.7,73.9,51.8,85.0,78.4,46.8,64.5,55.2,76.0,80.0,37.6,15,25,40,55,7,18.71,21640286747.1052,1127816.0,26090.048828125
5556,Europe,978,CYP,Cyprus,2011,70.2,99.9,54.7,90.7,96.6,56.9,67.3,71.0,73.0,52.5,81.0,84.5,47.3,65.6,58.1,76.2,80.7,37.7,20,40,40,55,5,18.7,21730464390.338,1146493.0,25538.78125
5557,Europe,979,CYP,Cyprus,2012,69.7,100.0,55.2,90.1,96.0,57.3,66.3,71.6,70.9,55.1,75.0,88.0,47.9,68.7,49.8,76.2,79.9,36.6,15,10,45,45,10,18.7,20981332378.0944,1165397.0,24285.49609375
5558,Europe,980,CYP,Cyprus,2013,69.6,99.9,53.4,89.3,96.8,63.0,67.8,72.5,68.6,55.8,64.2,86.1,48.7,71.8,50.9,76.8,79.6,37.8,5,40,30,50,15,18.7,19599191826.1408,1183895.0,22738.490234375
5559,Europe,981,CYP,Cyprus,2014,69.7,99.9,50.8,89.3,95.7,66.4,67.4,72.3,69.3,56.7,70.3,82.2,48.5,70.8,50.1,78.1,80.0,37.4,10,20,55,40,7,18.69,19251098679.0346,1201801.0,22581.828125
5560,Europe,982,CYP,Cyprus,2015,70.6,99.9,57.1,90.0,96.4,66.9,67.0,73.0,70.0,59.5,75.8,83.1,48.3,70.3,48.4,78.1,79.6,37.0,25,20,45,60,7,18.69,19909278416.8575,1219502.0,23487.228515625
5561,Europe,983,CYP,Cyprus,2016,71.1,99.9,50.6,91.1,96.0,70.6,67.4,73.0,71.1,64.2,79.9,82.2,48.2,68.3,51.1,78.8,79.1,36.6,30,20,35,60,8,18.69,21218032913.0554,1237112.0,24916.6328125
5562,Europe,984,CYP,Cyprus,2017,72.4,100.0,53.3,91.6,97.2,71.0,67.4,73.4,71.8,76.1,85.2,82.9,48.2,68.4,50.7,78.8,79.0,35.9,20,30,40,60,10,18.68,22438246417.1514,1254275.0,26105.5859375
5563,Europe,985,CYP,Cyprus,2018,71.9,99.9,51.7,92.2,97.7,71.1,67.7,74.0,73.3,71.8,80.1,83.4,48.2,68.1,49.3,78.2,77.8,38.2,15,40,55,60,8,18.68,23845497750.3008,1270737.0,27406.4765625
5564,Europe,986,CYP,Cyprus,2019,72.5,99.9,55.1,91.4,98.4,70.6,67.9,74.1,74.0,73.9,85.5,79.0,48.2,68.3,50.1,78.6,76.7,40.0,20,37,55,55,5,18.68,25246562822.6821,1286671.0,28625.779296875
5565,Europe,987,CYP,Cyprus,2020,72.7,99.9,54.5,91.8,93.9,71.2,67.9,74.1,73.7,75.1,85.5,81.1,48.2,68.6,50.1,78.6,76.7,45.9,10,30,35,55,5,18.67,24433464399.3925,1302247.0,27391.591796875
5566,Europe,988,CYP,Cyprus,2021,73.0,99.9,53.7,91.7,93.9,67.8,67.9,74.1,74.4,75.4,85.5,82.7,50.8,68.1,50.2,79.0,78.1,47.1,15,30,30,55,8,,27215993570.0299,1317309.0,30228.03515625
5567,Europe,989,CYP,Cyprus,2022,72.5,99.9,53.7,91.1,93.9,68.1,67.9,74.1,74.8,75.8,85.5,77.8,50.8,68.1,50.2,79.0,74.7,46.9,10,30,30,60,10,,29176869929.2316,1331370.0,31967.541015625
5568,Europe,990,CZE,Czechia,2000,73.7,99.5,59.1,82.3,92.8,63.0,82.2,68.7,80.8,40.7,98.8,84.3,59.8,64.8,0.0,75.1,76.5,50.5,18,23,35,62,10,34.16,128638858401.092,10255063.0,12543.9364342367
5569,Europe,991,CZE,Czechia,2001,74.0,99.5,60.6,83.0,92.8,63.4,82.6,69.1,81.3,42.1,98.8,84.3,59.5,64.8,0.0,75.1,76.6,50.8,10,18,60,60,7,34.18,132391536300.246,10216605.0,12958.4667607533
5570,Europe,992,CZE,Czechia,2002,74.5,99.5,60.6,83.0,92.8,64.9,83.0,70.0,81.9,44.0,98.8,84.4,60.1,65.3,0.0,75.1,76.6,51.7,20,23,35,60,7,34.21,134395228572.192,10196916.0,13179.9878092741
5571,Europe,993,CZE,Czechia,2003,74.5,99.5,58.9,83.0,92.6,65.3,83.0,70.2,81.5,46.6,98.8,84.4,59.8,64.8,0.0,75.1,76.6,52.4,15,25,60,65,5,34.24,138831395778.178,10193998.0,13618.9349633164
5572,Europe,994,CZE,Czechia,2004,75.6,99.5,64.6,83.5,92.7,65.7,82.9,70.7,81.1,47.7,98.8,84.5,59.1,64.7,0.0,85.0,76.9,51.9,18,23,65,70,8,34.26,145406922288.089,10197101.0,14259.63342798
5573,Europe,995,CZE,Czechia,2005,75.7,99.5,61.5,83.9,92.8,66.1,82.9,70.6,81.2,49.0,99.7,84.5,58.5,65.1,0.0,87.4,77.3,51.5,18,25,45,65,5,34.29,154676655549.654,10211216.0,15147.7214417611
5574,Europe,996,CZE,Czechia,2006,76.1,99.5,59.3,84.7,95.7,65.7,82.8,70.8,81.6,52.6,99.7,84.6,58.5,65.0,0.0,87.4,77.5,51.8,25,23,78,60,7,34.31,164921158024.599,10238905.0,16107.3042502688
5575,Europe,997,CZE,Czechia,2007,76.4,99.5,59.8,84.9,93.6,65.8,82.8,71.2,82.5,54.2,100.0,87.0,58.6,64.8,0.0,87.4,78.6,50.8,18,20,60,78,5,34.34,173973393346.007,10298828.0,16892.542854974
5576,Europe,998,CZE,Czechia,2008,76.9,99.5,63.0,85.2,93.6,67.4,82.7,71.6,83.0,55.5,99.7,87.1,58.9,65.7,0.0,88.4,78.7,50.8,20,20,65,60,7,34.37,178518044754.249,10384603.0,17190.6470333289
5577,Europe,999,CZE,Czechia,2009,77.6,99.5,62.0,85.6,93.9,67.6,82.9,72.6,81.9,56.0,100.0,87.9,59.4,67.1,0.0,92.1,79.5,53.0,25,20,40,10,5,34.39,169952170270.619,10443936.0,16272.8084766719
5578,Europe,1000,CZE,Czechia,2010,77.6,99.5,59.9,86.8,90.6,70.9,82.9,72.7,81.4,58.9,99.7,88.7,58.8,66.8,0.0,92.1,78.8,52.3,20,20,10,63,5,34.42,174565802522.079,10474410.0,16665.9317825137
5579,Europe,1001,CZE,Czechia,2011,78.1,99.5,63.2,87.2,90.9,71.1,83.1,73.6,81.7,61.3,100.0,88.5,58.4,66.5,0.0,92.1,79.3,52.8,25,18,62,55,10,34.45,177659773382.538,10496088.0,16926.2846674435
5580,Europe,1002,CZE,Czechia,2012,78.1,99.6,58.5,87.5,92.1,71.3,83.3,74.2,81.7,60.8,100.0,87.8,59.0,69.8,0.0,92.1,79.5,52.8,35,25,60,68,10,34.47,176290606021.546,10510785.0,16772.3539223328
5581,Europe,1003,CZE,Czechia,2013,78.7,99.5,61.6,88.5,95.2,70.3,83.9,74.8,81.7,62.7,99.7,87.2,59.0,71.1,0.0,92.1,78.6,53.5,30,25,76,72,7,34.5,176216894659.909,10514272.0,16759.7808635642
5582,Europe,1004,CZE,Czechia,2014,79.5,99.6,64.1,88.3,96.4,70.3,83.9,75.4,82.4,67.3,100.0,89.1,58.9,71.9,0.0,92.1,79.6,53.1,32,20,65,55,10,34.53,180173337874.854,10525347.0,17118.0425571578
5583,Europe,1005,CZE,Czechia,2015,80.3,99.5,62.2,89.0,96.2,71.0,84.1,75.1,84.2,68.1,100.0,91.8,58.8,72.8,0.0,92.1,84.1,55.5,25,23,65,63,10,34.56,189107698561.919,10546059.0,17931.5987670768
5584,Europe,1006,CZE,Czechia,2016,80.2,99.7,63.1,89.5,94.3,71.2,84.0,74.9,84.8,68.8,100.0,91.8,58.4,72.2,0.0,92.1,83.9,55.0,18,35,65,63,8,34.58,193988322685.058,10566332.0,18359.0978103904
5585,Europe,1007,CZE,Czechia,2017,80.5,99.8,61.3,90.1,92.5,72.5,84.0,75.1,85.9,77.5,100.0,91.8,58.2,71.7,0.0,92.1,83.4,52.9,15,30,75,65,15,34.61,204024435232.921,10594438.0,19257.6930680911
5586,Europe,1008,CZE,Czechia,2018,80.9,99.8,60.4,90.4,92.1,72.7,84.1,75.3,85.6,81.4,100.0,92.3,58.3,70.8,0.0,92.7,82.6,56.1,30,25,70,55,5,34.63,209798950825.42,10629928.0,19736.6295261285
5587,Europe,1009,CZE,Czechia,2019,81.1,99.9,61.2,90.4,92.3,73.1,82.9,76.0,85.9,82.4,100.0,92.5,58.2,71.6,0.0,92.7,81.7,56.7,15,23,65,60,10,34.65,217279912681.73,10671870.0,20360.0599221814
5588,Europe,1010,CZE,Czechia,2020,81.8,99.9,61.9,90.5,93.9,72.9,82.9,76.0,86.0,83.5,100.0,95.3,58.2,73.1,0.0,92.7,81.9,61.0,20,23,60,45,10,34.67,205753475017.539,10697858.0,19233.1469549829
5589,Europe,1011,CZE,Czechia,2021,82.5,99.9,62.1,90.5,93.9,74.2,82.9,76.0,87.8,84.7,100.0,94.9,62.8,72.2,0.0,92.5,83.0,62.5,17,20,60,66,8,,214043320221.167,10505772.0,20373.8783043424
5590,Europe,1012,CZE,Czechia,2022,81.9,99.9,62.1,90.2,93.9,74.3,82.9,76.0,88.0,83.8,100.0,94.5,62.8,72.2,0.0,92.5,84.2,68.6,22,35,72,45,7,,220137498830.73,10672118.0,20627.348651011
5591,Africa,1013,COD,"Congo, Dem. Rep.",2000,44.4,0.0,46.7,20.1,24.9,33.6,43.1,33.5,58.4,8.5,42.5,32.5,97.8,99.6,77.9,66.0,38.3,30.8,68,70,10,6,10,63.47,16528062516.7262,50507442.0,327.240142486849
5592,Africa,1014,COD,"Congo, Dem. Rep.",2001,44.4,0.0,46.6,20.4,24.9,33.8,43.0,33.6,58.4,8.5,42.5,32.6,97.8,99.6,77.9,66.0,38.3,30.8,70,78,15,13,10,63.18,16180944606.2133,52132646.0,310.380267408895
5593,Africa,1015,COD,"Congo, Dem. Rep.",2002,44.4,0.0,46.1,20.1,24.9,34.0,42.9,33.5,58.4,8.5,42.5,32.7,97.9,99.6,77.9,66.0,38.3,30.8,75,80,12,15,7,62.88,16657920857.6924,53750524.0,309.911785375198
5594,Africa,1016,COD,"Congo, Dem. Rep.",2003,44.3,0.0,45.7,20.2,24.9,34.2,42.9,33.2,58.5,8.5,42.5,32.9,97.8,99.6,77.9,66.0,38.3,30.8,55,75,12,15,10,62.58,17587070083.9155,55343867.0,317.778121357431
5595,Africa,1017,COD,"Congo, Dem. Rep.",2004,44.5,0.0,45.6,22.1,24.9,34.4,42.8,33.4,58.5,8.5,42.5,33.0,97.8,99.6,77.9,66.0,38.3,30.8,65,78,15,14,6,62.29,18772152630.0713,56997741.0,329.3490636773
5596,Africa,1018,COD,"Congo, Dem. Rep.",2005,44.5,0.0,45.7,23.3,24.9,34.6,42.7,33.5,58.5,7.7,42.5,33.1,97.8,99.6,77.9,66.0,38.3,30.8,70,70,18,25,10,61.99,19923852569.0654,58775724.0,338.980980805364
5597,Africa,1019,COD,"Congo, Dem. Rep.",2006,44.6,0.0,45.6,24.0,24.9,32.9,42.6,34.0,58.3,7.7,42.5,33.1,97.8,99.6,77.9,67.3,38.3,30.8,60,72,20,18,15,61.69,20983996692.9237,60615908.0,346.179697463638
5598,Africa,1020,COD,"Congo, Dem. Rep.",2007,44.9,0.0,49.9,26.5,22.1,33.1,42.5,35.3,58.2,8.0,42.5,33.2,97.8,99.6,77.9,67.3,38.3,30.8,60,72,18,20,7,61.4,22297485299.9942,62477752.0,356.886805082139
5599,Africa,1021,COD,"Congo, Dem. Rep.",2008,44.9,0.0,49.9,26.0,22.1,33.3,42.3,34.2,58.1,7.7,42.5,33.1,97.8,99.6,77.9,69.2,38.3,32.0,72,78,15,15,7,61.1,23685703159.349,64390664.0,367.843747648712
5600,Africa,1022,COD,"Congo, Dem. Rep.",2009,45.1,0.0,49.9,26.9,22.1,33.4,42.2,34.7,57.9,7.7,42.5,33.2,97.8,99.6,77.9,69.2,38.3,34.1,45,75,10,20,8,60.8,24361945145.7942,66412044.0,366.830226544363
5601,Africa,1023,COD,"Congo, Dem. Rep.",2010,45.4,0.0,51.7,28.3,22.1,33.9,42.1,34.7,57.8,7.7,42.5,33.6,97.8,99.6,77.9,69.2,38.3,34.4,75,80,15,18,8,60.51,26093586500.1699,68563038.0,380.578038274352
5602,Africa,1024,COD,"Congo, Dem. Rep.",2011,45.4,0.0,51.7,29.5,22.1,34.5,42.1,34.7,57.7,7.7,42.5,34.7,97.8,99.5,77.9,69.2,36.5,34.3,72,85,15,18,8,60.02,27887434695.4583,70849311.0,393.616173563894
5603,Africa,1025,COD,"Congo, Dem. Rep.",2012,46.4,0.0,51.2,30.3,32.9,35.3,42.2,34.5,57.5,5.7,43.0,39.8,97.6,99.6,77.9,69.2,38.5,33.1,68,70,15,15,8,59.53,29863789011.1578,73254618.0,407.671076943679
5604,Africa,1026,COD,"Congo, Dem. Rep.",2013,45.9,1.7,51.5,31.6,34.7,33.1,42.3,32.9,57.5,6.0,43.0,33.2,97.5,99.5,77.9,69.2,35.7,32.9,65,85,15,18,15,59.05,32396822644.9769,75789395.0,427.458520350728
5605,Africa,1027,COD,"Congo, Dem. Rep.",2014,46.3,4.1,51.6,32.8,38.0,34.7,42.4,31.3,59.0,5.9,43.0,34.6,97.5,99.4,76.7,69.2,35.0,32.6,67,70,15,15,5,58.56,35464895084.4787,78403242.0,452.339650501681
5606,Africa,1028,COD,"Congo, Dem. Rep.",2015,47.0,5.9,51.4,33.2,38.0,34.5,42.6,33.1,59.0,7.3,43.0,38.7,97.6,99.5,76.7,69.1,37.0,32.9,70,75,15,18,15,58.08,37917706497.1793,81035531.0,467.9145805459
5607,Africa,1029,COD,"Congo, Dem. Rep.",2016,47.1,5.5,51.0,34.5,37.4,35.2,42.7,33.8,59.0,9.6,43.0,39.6,97.7,99.6,76.7,69.1,34.6,32.0,70,60,16,15,15,57.59,38827503534.0756,83956415.0,462.47214741215
5608,Africa,1030,COD,"Congo, Dem. Rep.",2017,47.4,5.1,52.3,34.9,37.4,40.0,42.8,27.8,60.3,10.3,43.0,41.3,97.7,99.6,76.7,70.6,35.4,30.7,65,70,10,15,7,57.1,40274584268.021,87083398.0,462.482920889479
5609,Africa,1031,COD,"Congo, Dem. Rep.",2018,47.7,4.6,52.3,35.7,37.4,40.9,42.9,28.4,60.3,11.4,43.0,41.2,97.7,99.6,76.7,69.4,35.5,33.4,63,85,15,17,10,56.62,42619016590.6593,90047644.0,473.294077418165
5610,Africa,1032,COD,"Congo, Dem. Rep.",2019,47.8,5.9,52.0,36.6,37.4,41.5,43.1,28.9,60.5,12.7,43.0,41.4,97.7,99.6,77.9,69.4,34.3,31.3,65,72,15,20,10,56.13,44487659679.0188,92947442.0,478.632426258904
5611,Africa,1033,COD,"Congo, Dem. Rep.",2020,48.4,3.7,51.5,36.4,40.9,43.0,43.2,28.9,60.1,14.1,43.0,41.4,97.7,99.6,77.9,69.4,34.9,37.2,68,85,18,20,10,55.65,45259708653.5116,95989998.0,471.504423341186
5612,Africa,1034,COD,"Congo, Dem. Rep.",2021,48.8,4.5,51.6,35.9,42.7,43.1,43.2,28.9,60.4,14.4,43.0,41.4,97.7,99.6,77.9,69.8,35.7,39.7,58,78,20,18,10,,48065880294.8504,99148932.0,484.784649973339
5613,Africa,1035,COD,"Congo, Dem. Rep.",2022,48.6,8.2,51.7,34.2,42.7,43.2,43.2,28.9,60.5,14.4,43.0,35.7,97.7,99.6,77.9,69.8,36.2,39.3,70,75,15,15,20,,52355494715.7899,102396968.0,511.29926733563
5614,Europe,1036,DNK,Denmark,2000,81.6,99.3,75.6,89.5,99.2,84.3,91.7,72.3,87.6,71.7,100.0,90.6,34.7,56.0,71.4,92.5,92.7,77.7,7,15,85,79,10,13.61,263066798869.213,5339616.0,49266.9882757886
5615,Europe,1037,DNK,Denmark,2001,81.6,99.3,75.1,89.6,99.1,84.4,92.1,72.6,87.6,72.8,100.0,90.6,34.1,55.5,71.7,92.4,92.8,78.0,8,10,85,85,8,13.65,265566018286.991,5358783.0,49557.1509962227
5616,Europe,1038,DNK,Denmark,2002,82.0,99.3,75.7,89.9,99.1,84.7,92.4,73.4,87.7,76.3,100.0,90.6,34.1,55.7,71.2,92.4,92.8,78.0,7,15,80,81,7,13.68,266778406880.15,5375931.0,49624.5965359582
5617,Europe,1039,DNK,Denmark,2003,82.2,99.3,76.2,90.5,99.1,84.8,92.4,74.2,87.1,78.3,100.0,90.6,33.9,54.2,74.0,92.5,92.8,78.0,10,20,85,82,7,13.72,267955142440.516,5390574.0,49708.0909084109
5618,Europe,1040,DNK,Denmark,2004,82.3,99.3,75.7,91.0,98.0,84.9,92.5,74.9,87.1,78.7,100.0,90.6,33.5,55.9,74.3,92.5,92.8,78.0,10,15,80,85,8,13.75,275394519880.793,5404523.0,50956.3045398814
5619,Europe,1041,DNK,Denmark,2005,82.5,99.3,74.2,91.2,98.2,84.3,92.5,75.5,87.3,78.8,100.0,90.7,33.4,57.1,75.6,92.5,93.2,78.0,10,15,80,83,7,13.79,281892753289.031,5419432.0,52015.1841169021
5620,Europe,1042,DNK,Denmark,2006,82.2,99.3,73.5,91.1,98.4,84.3,92.8,75.6,87.9,79.4,100.0,90.7,33.5,54.7,73.2,92.5,93.0,78.0,10,15,85,79,8,13.83,292651155542.909,5437272.0,53823.1590295482
5621,Europe,1043,DNK,Denmark,2007,82.4,99.3,72.8,90.4,98.9,84.9,93.0,76.4,87.8,79.6,100.0,89.5,33.5,56.3,74.2,92.6,94.2,78.0,7,15,80,82,7,13.86,295540131122.49,5461438.0,54113.9771471341
5622,Europe,1044,DNK,Denmark,2008,82.1,99.3,73.4,90.6,98.8,85.0,92.1,76.7,87.7,82.5,100.0,86.2,32.9,57.4,70.3,92.6,92.3,78.0,10,15,80,82,10,13.9,294307201413.926,5493621.0,53572.5346568185
5623,Europe,1045,DNK,Denmark,2009,82.5,99.3,76.0,90.9,97.7,85.0,92.4,77.4,86.5,85.4,100.0,86.6,35.6,58.2,68.2,92.8,92.0,78.0,10,15,85,78,10,13.93,279666951317.258,5523095.0,50635.9118061988
5624,Europe,1046,DNK,Denmark,2010,82.8,99.3,73.2,92.1,97.8,85.0,91.4,78.6,85.7,90.1,100.0,89.5,35.6,58.1,68.0,92.8,91.8,78.0,10,15,85,79,7,13.97,284093791186.593,5547683.0,51209.4492757775
5625,Europe,1047,DNK,Denmark,2011,83.3,99.1,72.7,92.7,98.9,85.6,91.1,80.0,85.7,93.2,100.0,89.3,35.9,58.7,70.9,93.0,91.9,78.0,10,15,80,78,10,14.15,287817703286.122,5570572.0,51667.5313210425
5626,Europe,1048,DNK,Denmark,2012,84.0,99.2,74.6,93.2,98.0,85.6,91.9,81.3,85.7,95.0,99.6,89.4,36.2,61.4,72.6,92.9,92.9,78.0,10,13,85,83,10,14.33,287802068160.374,5591572.0,51470.689845427
5627,Europe,1049,DNK,Denmark,2013,83.9,98.8,73.5,93.1,98.4,86.7,90.2,81.9,85.9,96.4,98.6,89.9,36.7,60.4,73.4,92.9,92.2,78.0,10,15,85,79,8,14.51,291810211099.295,5614932.0,51970.3909324806
5628,Europe,1050,DNK,Denmark,2014,83.9,99.0,74.1,93.1,96.7,85.1,90.3,83.6,86.1,96.4,98.7,89.4,36.4,61.4,73.0,92.9,91.4,78.0,18,15,80,75,8,14.69,295539545106.694,5643475.0,52368.3625969272
5629,Europe,1051,DNK,Denmark,2015,84.6,99.1,74.0,94.0,97.0,85.2,91.4,84.8,86.5,97.0,98.1,91.1,37.5,62.6,76.3,92.9,93.2,78.0,10,20,82,82,8,14.88,301758922337.637,5683483.0,53094.0133607574
5630,Europe,1052,DNK,Denmark,2016,84.7,99.1,72.1,94.4,98.6,85.7,90.9,84.5,86.7,96.9,98.7,92.1,37.6,61.7,76.8,92.9,93.2,78.0,12,18,85,80,8,14.89,311032111297.516,5728010.0,54300.2039621991
5631,Europe,1053,DNK,Denmark,2017,84.5,99.4,74.0,95.3,96.4,85.7,90.9,86.4,86.8,96.3,97.4,91.7,37.5,62.7,71.7,92.9,92.7,78.5,10,20,85,82,7,14.91,320538736986.013,5764980.0,55601.0145717787
5632,Europe,1054,DNK,Denmark,2018,84.3,99.3,68.3,95.1,98.3,85.7,89.6,86.0,87.0,96.8,98.4,92.6,37.2,59.2,72.3,92.8,93.9,81.1,15,12,85,75,7,14.93,326500781502.599,5793636.0,56355.0733084714
5633,Europe,1055,DNK,Denmark,2019,85.0,99.2,72.1,95.6,97.7,86.4,90.7,87.7,87.1,96.6,98.2,92.2,37.3,60.3,75.9,92.8,94.5,81.0,8,17,85,80,8,14.95,332088518944.146,5814422.0,57114.6227336347
5634,Europe,1056,DNK,Denmark,2020,85.1,99.2,72.1,95.3,99.3,86.8,90.7,87.7,86.7,96.6,98.2,91.8,37.3,61.1,76.1,92.8,93.2,81.3,10,18,85,80,10,14.97,326176991232.295,5831404.0,55934.5555945523
5635,Europe,1057,DNK,Denmark,2021,85.8,99.2,71.0,95.6,99.3,86.7,90.7,87.7,87.1,97.0,98.2,95.1,44.6,60.8,76.3,92.8,93.8,82.5,15,18,85,86,10,,350255593092.935,5856733.0,59803.9202218941
5636,Europe,1058,DNK,Denmark,2022,85.7,99.2,71.0,95.4,99.3,87.0,90.7,87.7,87.6,97.0,98.2,93.0,44.6,60.8,76.3,92.8,93.8,82.1,15,25,82,82,7,,355650135426.456,5903037.0,60248.671222365
5637,Africa,1059,DJI,Djibouti,2000,46.0,38.8,34.6,29.2,0.0,3.5,53.1,29.9,53.7,15.0,52.6,78.1,86.4,93.6,57.2,41.2,56.5,58.2,30,35,10,18,10,0.24,,747318.0,
5638,Africa,1060,DJI,Djibouti,2001,45.9,38.8,34.4,31.1,0.0,4.0,53.1,29.8,53.7,15.0,52.6,78.3,86.9,93.6,57.2,41.0,56.5,53.7,35,40,6,18,10,0.24,,771313.0,
5639,Africa,1061,DJI,Djibouti,2002,46.1,38.8,34.7,33.9,0.0,4.5,53.2,27.7,53.7,15.0,52.6,78.5,87.3,93.5,57.2,40.8,56.5,55.3,35,65,10,20,7,0.24,,795574.0,
5640,Africa,1062,DJI,Djibouti,2003,46.8,38.8,35.2,35.5,0.0,11.7,53.2,29.1,53.7,15.0,52.6,78.7,87.8,93.5,57.2,40.7,56.5,56.7,30,32,10,20,8,0.24,,813519.0,
5641,Africa,1063,DJI,Djibouti,2004,47.1,38.8,36.4,36.4,0.0,12.6,53.2,30.1,53.7,15.1,52.6,78.8,87.9,93.6,57.2,40.5,56.5,57.4,36,20,10,15,7,0.24,,826124.0,
5642,Africa,1064,DJI,Djibouti,2005,47.4,38.8,38.8,37.5,0.4,13.4,53.5,31.4,53.7,15.1,52.6,79.6,88.5,93.6,57.2,40.3,56.5,55.3,30,25,10,24,8,0.24,,839167.0,
5643,Africa,1065,DJI,Djibouti,2006,47.6,38.8,38.7,40.4,1.1,14.3,53.8,31.9,53.7,15.1,52.6,79.8,86.4,93.6,57.2,40.2,56.5,55.9,35,35,15,20,8,0.24,,855764.0,
5644,Africa,1066,DJI,Djibouti,2007,48.0,38.8,39.8,41.4,1.5,17.0,54.1,32.4,53.7,15.2,52.6,79.9,87.0,93.5,57.2,40.0,56.5,56.2,20,20,10,20,10,0.24,,874528.0,
5645,Africa,1067,DJI,Djibouti,2008,48.3,38.8,42.0,41.3,1.9,17.6,54.4,32.3,53.7,15.1,52.6,80.1,87.6,93.5,57.2,39.9,56.5,56.4,35,35,12,18,7,0.24,,892734.0,
5646,Africa,1068,DJI,Djibouti,2009,48.0,38.8,43.6,42.8,5.7,18.2,54.6,33.1,53.7,15.5,52.6,72.7,82.3,93.5,57.2,39.8,55.6,56.5,35,43,10,18,5,0.24,,911527.0,
5647,Africa,1069,DJI,Djibouti,2010,47.6,38.8,44.6,44.2,5.7,18.7,54.9,32.9,53.6,15.9,52.6,72.7,81.7,93.5,57.2,39.6,55.3,47.7,15,30,15,20,5,0.24,,930251.0,
5648,Africa,1070,DJI,Djibouti,2011,48.6,42.1,45.5,44.4,16.6,19.3,55.2,33.7,53.6,16.0,52.6,72.5,85.3,92.8,57.2,39.5,52.1,48.3,30,35,15,25,10,0.24,,948558.0,
5649,Africa,1071,DJI,Djibouti,2012,46.9,43.5,46.8,46.1,15.7,19.8,55.5,33.3,53.5,11.0,27.1,72.7,82.2,90.5,57.2,39.2,52.1,51.9,40,50,18,35,10,0.24,,966747.0,
5650,Africa,1072,DJI,Djibouti,2013,46.6,42.3,44.0,47.1,13.9,23.6,55.8,34.3,53.4,11.5,31.7,72.6,77.2,87.3,57.3,39.3,52.1,48.0,25,45,18,28,5,0.24,2107658964.77279,984824.0,2140.13769442336
5651,Africa,1073,DJI,Djibouti,2014,47.4,45.1,47.1,47.8,19.8,24.2,56.1,25.8,53.6,15.6,31.7,72.9,76.9,91.9,58.6,39.1,51.7,47.3,40,60,10,45,10,0.24,2259262606.11241,1002717.0,2253.14082249768
5652,Africa,1074,DJI,Djibouti,2015,47.5,48.7,46.9,49.2,15.8,25.0,56.4,30.4,53.6,16.8,31.7,70.5,77.8,90.5,58.6,38.9,51.7,45.3,35,55,15,42,15,0.24,2424391785.43897,1020313.0,2376.12554719873
5653,Africa,1075,DJI,Djibouti,2016,48.3,52.4,47.6,49.0,12.9,25.6,56.7,23.5,53.6,21.4,31.7,71.4,88.5,92.7,58.6,38.8,50.8,45.3,38,55,13,30,15,0.24,2597091693.86547,1037653.0,2502.85181449431
5654,Africa,1076,DJI,Djibouti,2017,49.8,55.6,48.7,51.7,16.3,25.0,57.0,16.9,53.6,26.9,44.4,71.5,88.1,91.6,58.7,38.6,55.7,46.2,25,43,7,30,10,0.25,2738843335.30256,1054841.0,2596.45134698268
5655,Africa,1077,DJI,Djibouti,2018,51.0,54.7,48.9,53.1,18.7,36.3,57.3,16.0,53.6,31.2,44.4,71.2,87.8,90.6,58.7,38.4,56.8,49.3,40,40,18,35,15,0.25,2869605010.3792,1071882.0,2677.1650334451
5656,Africa,1078,DJI,Djibouti,2019,51.6,57.2,52.4,53.9,22.5,37.1,57.7,16.5,53.6,31.9,44.4,71.0,87.8,90.6,57.5,38.3,56.5,48.7,40,50,12,42,18,0.25,3028726927.17701,1088709.0,2781.94350113484
5657,Africa,1079,DJI,Djibouti,2020,51.9,61.2,52.5,51.9,22.5,37.5,57.7,16.7,53.6,32.5,44.4,71.0,87.8,90.6,57.6,38.1,55.9,50.7,35,32,14,25,5,0.25,3065135713.11422,1105188.0,2773.40661780097
5658,Africa,1080,DJI,Djibouti,2021,52.5,62.6,52.8,50.9,24.2,38.2,57.7,16.7,53.6,36.5,44.4,71.0,87.8,90.6,57.6,37.9,56.5,53.3,35,45,15,25,7,,3200221046.31128,1121248.0,2854.15987035097
5659,Africa,1081,DJI,Djibouti,2022,52.7,64.7,53.0,50.9,24.3,39.3,57.7,16.7,53.6,36.5,44.4,71.0,87.8,90.6,57.6,37.6,56.5,53.2,35,55,13,35,15,,3365561651.66421,1137096.0,2959.78673011268
5683,North America,1105,DOM,Dominican Republic,2000,62.0,84.2,66.0,60.5,69.6,61.0,66.3,60.4,75.5,21.2,16.2,76.5,83.3,92.6,72.0,48.7,53.5,46.1,35,15,20,35,5,40.83,35393522990.4108,8584190.0,4123.10573163115
5684,North America,1106,DOM,Dominican Republic,2001,62.4,84.2,69.4,59.7,69.6,61.0,66.4,62.5,75.1,21.4,18.3,76.5,83.3,92.6,72.0,48.6,53.9,47.0,40,32,35,22,10,41.04,36267520113.1855,8720283.0,4158.98430282429
5685,North America,1107,DOM,Dominican Republic,2002,62.7,84.2,67.5,61.1,74.2,61.7,66.4,63.5,75.3,21.8,18.7,77.1,82.0,92.3,71.8,48.5,53.4,46.8,35,23,25,33,10,41.25,37894663734.2472,8852235.0,4280.80182397408
5686,North America,1108,DOM,Dominican Republic,2003,62.3,84.2,68.5,60.4,72.4,61.7,66.6,64.2,75.3,21.9,15.4,77.1,83.2,92.3,71.5,48.5,51.8,44.7,40,30,20,30,10,41.45,37383329266.8199,8980620.0,4162.66686117661
5687,North America,1109,DOM,Dominican Republic,2004,64.5,84.2,65.8,61.2,72.0,61.7,66.7,65.8,75.6,22.1,15.4,77.7,83.2,93.1,79.2,76.4,51.0,45.1,38,25,20,20,20,41.66,38349900170.1598,9104892.0,4212.01044121773
5688,North America,1110,DOM,Dominican Republic,2005,65.0,84.2,67.9,62.7,73.6,61.7,66.8,65.9,75.5,22.6,18.3,77.5,82.6,93.0,79.1,76.3,50.6,46.4,40,25,33,30,5,41.87,41966981958.5524,9225034.0,4549.24957008857
5689,North America,1111,DOM,Dominican Republic,2006,65.1,84.2,70.3,62.8,72.9,62.9,66.6,65.7,76.0,23.2,15.5,78.1,82.3,92.9,79.3,76.2,51.0,46.8,38,23,35,15,5,42.08,45815860539.7981,9341183.0,4904.71715839398
5690,North America,1112,DOM,Dominican Republic,2007,65.9,84.2,70.0,63.7,78.5,63.7,66.4,67.5,76.3,23.6,19.9,76.1,82.3,92.8,79.5,76.2,51.6,48.6,35,30,18,30,15,42.29,49214666985.2049,9455658.0,5204.78500652254
5691,North America,1113,DOM,Dominican Republic,2008,65.6,84.2,65.8,62.8,78.2,63.7,66.3,66.5,76.5,24.2,21.0,76.3,82.5,92.7,79.7,76.1,49.9,48.5,10,28,33,20,20,42.5,50823044977.7376,9573130.0,5308.92664966814
5692,North America,1114,DOM,Dominican Republic,2009,66.3,84.2,69.3,64.4,81.3,63.7,66.1,66.7,76.1,25.3,19.9,79.1,82.7,92.9,81.6,76.6,49.5,47.6,40,24,25,35,15,42.7,51333030311.777,9695265.0,5294.64953374426
5693,North America,1115,DOM,Dominican Republic,2010,66.7,84.2,70.9,64.1,81.9,64.3,65.9,67.7,76.2,26.2,22.1,78.6,82.8,92.8,81.6,76.6,50.2,47.5,45,33,40,35,45,42.91,55645592832.7047,9820175.0,5666.45633430206
5694,North America,1116,DOM,Dominican Republic,2011,67.0,85.5,73.0,65.7,79.3,64.3,66.1,67.8,75.7,28.2,21.5,79.2,83.0,92.7,81.5,76.5,50.4,47.8,50,33,25,35,15,43.04,57421779163.4885,9945621.0,5773.57403459156
5695,North America,1117,DOM,Dominican Republic,2012,67.3,85.3,73.4,63.6,77.3,64.3,66.3,68.3,75.4,32.3,23.8,80.2,82.9,92.6,81.5,76.4,51.2,49.5,40,33,50,40,10,43.17,59015618840.2876,10070411.0,5860.29893321013
5696,North America,1118,DOM,Dominican Republic,2013,68.1,86.3,73.8,62.4,80.2,67.4,66.5,68.9,75.0,34.7,21.5,83.2,83.0,92.7,81.5,76.4,52.3,51.6,40,30,33,35,10,43.29,61927882062.5429,10193833.0,6075.03399972737
5697,North America,1119,DOM,Dominican Republic,2014,69.5,89.3,75.7,63.8,80.4,67.1,66.7,68.8,77.8,36.1,32.0,80.8,83.0,92.6,83.0,76.9,55.6,51.9,35,40,20,35,15,43.42,66331713896.7879,10315528.0,6430.27811051339
5698,North America,1120,DOM,Dominican Republic,2015,69.5,90.6,75.6,62.4,84.5,67.8,66.9,67.9,76.4,38.6,26.9,82.8,82.8,92.0,83.1,76.8,52.4,53.6,45,32,30,37,10,43.54,70966782572.4386,10434829.0,6800.95309395474
5699,North America,1121,DOM,Dominican Republic,2016,69.8,91.3,75.2,62.3,86.5,71.1,67.1,68.8,76.6,39.5,24.4,85.8,82.6,91.7,83.4,76.7,51.6,51.9,50,30,35,42,15,43.71,75735566406.0476,10551430.0,7177.75376475488
5700,North America,1122,DOM,Dominican Republic,2017,71.5,94.3,74.8,65.3,87.3,71.3,67.3,70.1,77.2,41.1,42.4,84.1,82.5,92.0,83.4,76.7,52.7,53.1,45,32,30,45,18,43.88,78714898894.6559,10666843.0,7379.39978067137
5701,North America,1123,DOM,Dominican Republic,2018,71.0,94.9,75.1,65.7,88.4,71.4,67.4,69.5,76.0,44.0,34.8,82.2,82.5,92.2,83.7,74.2,52.8,52.1,35,35,40,30,15,44.05,84301701754.6018,10782053.0,7818.70593240469
5702,North America,1124,DOM,Dominican Republic,2019,72.1,95.9,75.1,67.9,89.8,70.8,67.5,68.7,76.1,45.6,43.6,86.4,82.3,91.8,83.8,74.2,53.4,53.7,45,25,32,35,25,44.21,88427452425.8944,10894043.0,8117.04639185786
5703,North America,1125,DOM,Dominican Republic,2020,72.8,94.6,75.3,65.8,92.2,70.5,67.6,69.1,75.4,46.7,54.7,84.3,82.3,92.2,83.8,74.1,54.2,55.1,40,28,28,40,5,44.38,81415993438.0734,11008300.0,7395.8734262396
5704,North America,1126,DOM,Dominican Republic,2021,72.1,95.2,75.6,67.5,74.2,71.5,67.6,69.1,74.4,46.8,54.7,84.3,83.1,91.8,83.9,75.3,53.4,56.9,44,30,40,35,30,,92824351636.8768,11123476.0,8344.90510312395
5705,North America,1127,DOM,Dominican Republic,2022,72.1,95.9,75.7,66.6,74.2,71.8,67.6,69.1,74.4,46.8,54.7,84.3,83.1,91.8,83.9,75.1,53.3,57.8,38,30,33,35,40,,97686450823.9666,11230734.0,8698.13592094395
5706,South America,1128,ECU,Ecuador,2000,62.6,82.0,53.6,68.9,82.1,57.1,66.0,66.9,70.5,23.7,9.3,69.5,86.0,93.6,75.4,57.9,46.5,54.5,5,28,20,15,10,55.28,50165491738.8835,12689206.0,3953.39879728357
5707,South America,1129,ECU,Ecuador,2001,62.5,82.0,52.2,69.2,82.8,57.2,66.5,65.6,70.8,23.8,9.3,69.7,85.2,93.4,75.4,57.7,46.9,55.0,20,38,22,20,15,55.0,52275588700.0666,12910740.0,4049.0001889951
5708,South America,1130,ECU,Ecuador,2002,62.8,82.0,53.7,69.3,83.3,57.4,67.0,66.2,70.4,24.1,9.3,69.8,85.1,93.2,77.0,57.9,46.5,55.2,40,25,15,18,10,54.72,54851779632.3615,13138472.0,4174.89793579965
5709,South America,1131,ECU,Ecuador,2003,63.1,82.0,53.7,70.9,83.3,58.2,67.4,65.3,70.0,24.1,13.4,70.0,85.4,93.0,75.8,57.6,46.5,55.7,35,37,18,22,10,54.44,56433979416.1321,13372306.0,4220.21298466638
5710,South America,1132,ECU,Ecuador,2004,63.3,82.0,54.1,71.7,83.7,58.4,67.9,66.5,70.3,24.2,12.8,70.2,84.9,92.8,76.1,57.6,47.3,55.8,30,43,20,23,7,54.15,60289773139.5514,13608701.0,4430.23717984188
5711,South America,1133,ECU,Ecuador,2005,63.4,82.0,53.8,72.7,83.7,58.5,68.4,65.7,71.0,24.4,13.9,70.2,85.3,92.7,75.9,57.4,46.6,55.7,30,42,20,18,15,53.87,63544590361.2542,13846163.0,4589.32849203452
5712,South America,1134,ECU,Ecuador,2006,63.9,82.0,51.7,72.8,84.5,63.3,68.9,66.5,71.2,24.9,15.1,70.4,85.2,92.9,77.5,57.1,46.6,55.9,30,40,20,18,12,53.59,66303144898.6572,14086131.0,4706.98056823816
5713,South America,1135,ECU,Ecuador,2007,64.3,82.0,53.3,72.4,86.3,63.4,69.4,68.1,71.4,25.5,13.5,71.8,85.4,92.4,78.6,56.9,46.6,56.3,35,55,18,25,10,53.31,67564514887.9228,14328773.0,4715.30359842555
5714,South America,1136,ECU,Ecuador,2008,64.6,82.0,52.2,72.9,83.9,63.7,69.9,69.9,70.9,27.0,18.6,70.8,85.2,93.0,78.9,56.6,46.4,56.4,35,40,28,20,10,53.02,72000071699.6601,14575202.0,4939.90215021789
5715,South America,1137,ECU,Ecuador,2009,65.7,82.0,55.1,73.9,91.1,67.4,70.4,67.9,70.6,28.6,20.4,71.1,85.1,92.7,77.4,56.4,45.2,62.2,30,38,18,32,15,52.74,72785601820.191,14825954.0,4909.33681705683
5716,South America,1138,ECU,Ecuador,2010,66.1,82.0,56.8,74.9,92.8,67.3,70.9,67.6,70.8,29.2,20.0,70.9,84.6,92.5,75.5,58.6,46.0,63.2,25,40,25,35,15,52.46,75718234074.2169,15076695.0,5022.20374387205
5717,South America,1139,ECU,Ecuador,2011,66.8,85.2,56.0,74.9,93.1,67.4,71.4,68.3,71.2,29.5,24.1,74.4,84.7,92.2,73.1,58.4,47.8,64.0,25,38,18,33,10,52.29,82140258351.3877,15326227.0,5359.45724615639
5718,South America,1140,ECU,Ecuador,2012,67.7,86.1,57.8,76.0,93.3,69.4,71.9,69.6,71.3,33.3,23.8,73.3,84.7,92.2,75.4,58.4,49.5,64.4,35,38,20,30,5,52.12,86890603905.3287,15572194.0,5579.85624282158
5719,South America,1141,ECU,Ecuador,2013,68.2,87.9,55.3,77.0,95.6,75.0,72.4,69.0,71.4,35.0,22.7,69.2,84.6,91.8,75.6,58.2,53.0,65.7,35,37,18,25,8,51.95,93156490881.1886,15807128.0,5893.32172683036
5720,South America,1142,ECU,Ecuador,2014,69.8,89.1,60.2,76.4,98.0,76.1,72.9,69.1,72.6,36.1,27.2,72.7,84.4,91.5,79.0,58.0,56.2,66.6,37,46,20,35,10,51.78,97093344927.4784,16035124.0,6055.04172761485
5721,South America,1143,ECU,Ecuador,2015,69.9,88.2,62.9,76.9,98.4,77.6,73.4,70.5,72.4,37.7,23.9,69.9,84.9,92.2,79.3,57.8,56.3,66.5,35,43,20,37,10,51.62,97209558000.0,16266225.0,5976.1596805651
5722,South America,1144,ECU,Ecuador,2016,70.8,87.6,59.7,78.5,98.2,79.1,73.9,71.9,71.8,40.5,27.4,74.9,85.0,92.8,82.2,57.7,57.0,65.6,40,38,20,22,15,51.36,96540800718.3398,16505139.0,5849.13587933672
5723,South America,1145,ECU,Ecuador,2017,71.4,88.4,59.2,78.2,97.5,77.5,74.3,73.5,73.7,42.3,29.0,76.3,84.9,92.7,82.6,59.4,57.9,66.4,33,43,18,35,20,51.1,102304671535.156,16759519.0,6104.27253521751
5724,South America,1146,ECU,Ecuador,2018,71.4,88.3,59.6,79.3,95.9,78.2,74.6,72.9,73.7,45.2,25.0,77.6,84.7,92.8,80.2,58.7,59.4,67.7,35,45,40,35,5,50.84,103373033702.498,17049547.0,6063.0956178776
5725,South America,1147,ECU,Ecuador,2019,71.1,87.5,58.0,80.0,93.6,78.5,75.0,74.5,73.6,45.5,24.4,77.1,84.7,92.7,80.0,58.4,57.7,66.7,35,55,23,35,10,50.58,103544017315.435,17340021.0,5971.38938386723
5726,South America,1148,ECU,Ecuador,2020,70.2,81.1,56.8,78.1,92.4,78.6,75.3,74.4,72.8,47.9,22.1,74.5,84.7,93.3,80.1,58.3,57.9,65.1,20,43,35,20,15,50.32,93971273313.9152,17546065.0,5355.68934196443
5727,South America,1149,ECU,Ecuador,2021,70.5,83.3,57.8,77.5,90.5,79.2,75.3,74.4,75.5,48.9,22.1,76.1,86.3,92.7,80.2,58.5,54.5,65.5,38,45,22,25,15,,102825145845.295,17682454.0,5815.09477390949
5728,South America,1150,ECU,Ecuador,2022,70.4,83.9,57.8,78.4,90.5,79.5,75.3,74.4,75.9,48.9,22.1,76.1,86.3,92.7,80.3,57.9,51.9,65.5,40,46,30,23,8,,108859360917.986,17823897.0,6107.49495006543
5729,Africa,1151,EGY,"Egypt, Arab Rep.",2000,65.2,87.4,71.5,59.8,57.3,37.0,63.2,62.8,59.6,32.7,82.6,57.0,90.9,95.3,51.2,69.4,65.1,64.6,40,35,15,20,5,0.06,179683172290.026,73083284.0,2458.60835003016
5730,Africa,1152,EGY,"Egypt, Arab Rep.",2001,65.2,87.4,71.3,59.7,57.8,36.4,63.3,64.9,59.5,32.7,82.6,57.0,91.0,95.8,49.4,69.2,65.1,64.8,40,35,15,18,15,0.06,186035425185.202,74652029.0,2492.03441188721
5731,Africa,1153,EGY,"Egypt, Arab Rep.",2002,65.2,87.4,71.1,59.6,58.3,35.6,63.4,65.8,59.1,32.8,82.6,58.5,90.7,95.8,49.0,69.1,65.1,64.9,40,20,12,30,8,0.06,190482051407.276,76239137.0,2498.48121191713
5732,Africa,1154,EGY,"Egypt, Arab Rep.",2003,65.2,87.4,70.2,60.5,57.5,35.2,63.5,66.1,58.6,33.1,82.6,58.5,91.0,95.4,47.2,70.1,65.1,65.9,40,25,15,25,15,0.06,196565009501.834,77853548.0,2524.80477192682
5733,Africa,1155,EGY,"Egypt, Arab Rep.",2004,65.3,87.4,70.1,61.1,57.3,34.7,63.6,66.7,58.9,34.6,82.6,60.1,90.8,95.4,46.8,70.0,65.1,64.6,40,20,18,20,10,0.06,204608590453.316,79477443.0,2574.42341789124
5734,Africa,1156,EGY,"Egypt, Arab Rep.",2005,65.3,87.4,70.0,62.5,57.4,33.5,63.7,67.4,58.5,34.6,82.6,59.8,90.8,95.1,47.6,69.9,65.1,64.5,45,20,15,30,15,0.06,213758163785.626,81101004.0,2635.70305227819
5735,Africa,1157,EGY,"Egypt, Arab Rep.",2006,65.6,87.4,69.9,62.6,56.0,32.8,63.8,67.5,58.8,34.9,82.6,61.3,90.7,95.0,49.7,70.1,65.6,66.7,40,35,15,25,15,0.06,228387426641.133,82700403.0,2761.62410769792
5736,Africa,1158,EGY,"Egypt, Arab Rep.",2007,66.3,87.4,69.7,62.9,58.4,34.0,63.9,67.8,59.8,35.3,82.6,62.1,90.8,94.8,56.3,70.0,66.3,65.0,42,35,15,35,20,0.06,244575133305.99,84276225.0,2902.06559804963
5737,Africa,1159,EGY,"Egypt, Arab Rep.",2008,66.5,87.4,67.7,61.2,58.4,35.7,64.0,68.3,59.9,35.7,85.1,65.7,90.8,94.7,55.1,69.9,66.1,65.5,40,28,15,20,15,0.06,262077623377.432,85864789.0,3052.21297844721
5738,Africa,1160,EGY,"Egypt, Arab Rep.",2009,66.9,87.4,67.6,62.1,57.2,37.0,64.1,68.4,59.6,36.9,85.1,71.4,91.0,94.7,55.2,69.8,64.2,64.9,40,30,15,35,15,0.07,274326082658.196,87501636.0,3135.09661303014
5739,Africa,1161,EGY,"Egypt, Arab Rep.",2010,66.9,87.4,65.6,63.3,59.4,43.8,64.2,69.7,59.8,37.9,88.1,59.3,91.0,94.8,55.5,69.8,65.4,62.5,52,30,15,18,20,0.07,288446290408.139,89196072.0,3233.84521246786
5740,Africa,1162,EGY,"Egypt, Arab Rep.",2011,66.2,88.8,66.9,63.0,58.6,39.5,64.2,69.4,58.0,40.1,88.1,61.0,91.0,94.8,52.3,69.6,61.0,59.9,71,40,10,6,10,0.06,293536132736.607,91093059.0,3222.37650111856
5741,Africa,1163,EGY,"Egypt, Arab Rep.",2012,67.1,90.2,67.3,63.5,61.5,40.7,64.3,69.8,57.6,46.2,94.0,61.1,91.1,94.6,49.1,69.5,61.3,58.4,35,35,18,15,20,0.06,300070833532.511,93161001.0,3220.99194203067
5742,Africa,1164,EGY,"Egypt, Arab Rep.",2013,67.1,89.8,67.2,63.4,64.6,42.7,64.4,70.0,57.3,48.2,94.0,57.8,91.2,94.8,48.8,69.3,57.2,60.8,70,30,15,9,60,0.06,306628779736.183,95333553.0,3216.3783902629
5743,Africa,1165,EGY,"Egypt, Arab Rep.",2014,68.1,89.7,66.2,66.3,67.3,43.9,64.5,69.9,58.0,48.6,94.0,65.7,91.1,94.6,49.3,69.2,59.4,59.8,64,30,13,15,30,0.05,315569804751.572,97528654.0,3235.66246235257
5744,Africa,1166,EGY,"Egypt, Arab Rep.",2015,66.4,89.4,65.7,66.3,45.0,45.1,64.6,70.1,58.1,50.5,82.4,66.5,91.1,94.5,49.0,69.1,60.6,60.5,54,40,14,32,5,0.05,329366576819.407,99597342.0,3306.98159414141
5745,Africa,1167,EGY,"Egypt, Arab Rep.",2016,66.2,86.3,65.1,67.3,46.5,53.0,64.7,70.1,58.5,38.5,82.4,67.5,91.3,95.0,51.1,69.0,58.3,60.7,62,30,10,25,10,0.05,343682967575.512,101644589.0,3381.22246306207
5746,Africa,1168,EGY,"Egypt, Arab Rep.",2017,67.7,82.0,65.0,66.6,65.1,54.0,64.8,69.9,62.1,45.7,83.9,66.6,91.5,95.1,51.0,68.8,58.3,60.3,65,35,13,35,35,0.05,358053111989.023,103696057.0,3452.90961245539
5747,Africa,1169,EGY,"Egypt, Arab Rep.",2018,68.1,81.7,64.6,67.3,65.4,52.7,64.9,70.0,64.7,45.5,83.9,69.7,91.2,95.0,52.2,68.8,61.0,59.8,50,33,15,35,5,0.05,377141312302.669,105682094.0,3568.63966286161
5748,Africa,1170,EGY,"Egypt, Arab Rep.",2019,68.3,81.4,63.3,69.5,66.4,51.5,65.0,69.9,66.7,50.3,83.9,68.5,91.1,94.9,51.4,68.7,61.8,57.1,63,35,15,40,60,0.05,398080548973.052,107553158.0,3701.2446345188
5749,Africa,1171,EGY,"Egypt, Arab Rep.",2020,69.2,83.6,65.1,69.9,66.4,57.4,65.1,69.9,65.8,57.1,83.9,67.3,91.1,95.2,51.4,68.6,60.7,57.9,55,28,15,25,40,0.05,412213064649.087,109315124.0,3770.86947867421
5750,Africa,1172,EGY,"Egypt, Arab Rep.",2021,69.5,85.6,65.2,69.4,67.9,57.6,65.1,69.9,64.7,57.9,83.9,66.9,91.2,95.1,51.4,68.6,61.7,58.9,63,30,15,28,35,,425777537421.996,110957008.0,3837.31992324447
5751,Africa,1173,EGY,"Egypt, Arab Rep.",2022,69.6,88.0,65.3,69.4,67.9,57.7,65.1,69.9,64.9,57.9,83.9,68.5,91.2,95.1,51.5,68.3,60.1,58.8,67,40,15,30,45,,453827104224.605,112618250.0,4029.78295457978
5752,North America,1174,SLV,El Salvador,2000,58.9,79.8,54.9,68.4,76.2,50.1,66.2,63.5,66.7,18.5,16.2,74.0,85.4,95.5,28.8,46.6,56.2,54.6,30,10,15,30,10,32.52,17621447036.1716,5943366.0,2964.89346881406
5753,North America,1175,SLV,El Salvador,2001,59.1,79.8,54.1,68.0,76.6,49.7,66.3,64.2,66.7,18.5,16.3,74.1,85.3,95.5,29.0,46.5,56.2,57.9,35,17,15,20,20,32.31,17776447691.3707,5968060.0,2978.59734844669
5754,North America,1176,SLV,El Salvador,2002,59.4,79.8,55.4,68.0,79.0,49.3,66.8,64.9,67.1,18.6,15.6,74.1,85.2,95.4,29.6,46.4,56.2,57.5,30,20,15,20,15,32.09,18056056716.4359,5986631.0,3016.06307728602
5755,North America,1177,SLV,El Salvador,2003,59.5,79.8,55.3,69.4,80.7,49.6,67.2,65.1,66.7,18.6,17.6,74.2,85.0,95.3,27.7,46.4,56.2,56.5,30,17,18,22,15,31.87,18338704970.0344,5998599.0,3057.16467629097
5756,North America,1178,SLV,El Salvador,2004,59.8,79.8,54.9,69.5,80.7,49.2,67.6,65.4,66.8,18.8,21.4,74.3,85.0,95.4,28.5,46.3,56.2,57.2,40,18,20,25,15,31.65,18501810234.6557,6004671.0,3081.23629665234
5757,North America,1179,SLV,El Salvador,2005,60.8,79.8,54.2,71.3,81.0,48.8,67.8,66.4,66.6,18.9,20.4,74.5,85.0,95.4,31.4,57.8,56.2,58.1,30,20,20,35,5,31.44,18997812331.293,6005578.0,3163.36118376833
5758,North America,1180,SLV,El Salvador,2006,61.6,79.8,55.9,71.7,80.2,51.6,68.4,67.8,66.9,19.1,24.4,75.4,84.9,95.3,31.9,57.7,55.8,60.4,40,18,12,20,20,31.22,19821747186.6752,6002319.0,3302.34817354347
5759,North America,1181,SLV,El Salvador,2007,61.9,79.8,54.5,72.4,79.3,58.0,68.8,67.3,67.0,19.1,26.8,72.6,83.9,95.2,31.6,58.0,55.6,62.3,25,18,20,18,15,31.0,20187974224.9399,6009824.0,3359.1623024135
5760,North America,1182,SLV,El Salvador,2008,62.2,79.8,55.6,72.8,80.5,55.5,69.2,68.8,67.3,19.8,22.7,71.5,83.2,95.4,36.4,58.1,56.0,65.0,35,15,25,35,10,30.79,20622904543.8145,6029297.0,3420.44927357444
5761,North America,1183,SLV,El Salvador,2009,63.0,79.8,54.5,76.9,80.6,57.8,69.6,68.8,66.5,20.0,24.2,72.8,85.0,95.4,39.7,60.6,55.5,62.4,5,18,12,15,10,30.57,20188015254.5251,6048279.0,3337.81150878211
5762,North America,1184,SLV,El Salvador,2010,64.2,79.8,52.9,78.9,82.7,58.5,70.0,69.8,67.9,20.7,35.0,77.2,84.2,95.4,31.1,69.8,55.7,62.7,5,16,15,20,8,30.35,20622904543.8145,6068249.0,3398.49346060363
5763,North America,1185,SLV,El Salvador,2011,65.3,82.3,52.1,75.9,84.1,57.5,70.4,70.1,68.2,21.1,41.6,72.5,84.5,95.3,44.8,70.1,55.8,64.2,35,25,15,24,15,30.13,21401127375.9033,6090127.0,3514.069144355
5764,North America,1186,SLV,El Salvador,2012,66.5,84.2,53.9,78.8,83.5,61.0,70.8,71.0,68.5,21.7,43.9,77.8,85.4,95.4,44.9,70.0,57.8,62.8,40,18,15,20,15,29.92,22019127752.9422,6113975.0,3601.44222914588
5765,North America,1187,SLV,El Salvador,2013,66.2,82.6,53.2,79.2,83.5,63.1,71.2,70.8,68.6,22.8,35.9,78.2,86.0,95.4,46.5,70.0,57.0,62.2,25,17,15,20,8,29.7,22499794814.169,6138839.0,3665.1547327058
5766,North America,1188,SLV,El Salvador,2014,67.9,86.5,53.0,78.9,83.9,65.6,71.6,70.8,71.9,25.7,45.4,81.5,86.0,95.5,48.8,70.5,57.8,61.7,42,18,18,25,15,29.48,22888906230.2134,6162955.0,3713.94992016222
5767,North America,1189,SLV,El Salvador,2015,68.0,88.5,52.3,78.7,84.9,67.8,71.9,70.2,70.7,26.5,49.8,83.6,85.0,95.0,42.4,70.5,55.0,62.2,35,14,18,40,25,29.27,23438240000.0,6183676.0,3790.34089108162
5768,North America,1190,SLV,El Salvador,2016,68.3,88.7,54.8,79.1,84.5,68.0,72.3,70.9,70.5,26.6,52.4,82.6,85.7,95.0,42.2,70.4,52.6,64.5,40,18,15,20,5,29.05,24033351541.724,6200800.0,3875.84691357954
5769,North America,1191,SLV,El Salvador,2017,69.6,90.4,55.8,79.3,83.9,67.8,72.4,73.2,69.5,30.3,61.1,83.9,86.1,95.4,44.1,70.4,54.1,65.5,30,18,22,20,5,28.83,24573529736.8617,6213533.0,3954.84014277572
5770,North America,1192,SLV,El Salvador,2018,69.6,91.5,55.0,78.9,83.8,67.0,72.5,72.3,69.4,31.6,58.8,88.3,86.5,95.0,42.4,68.6,57.0,65.4,40,15,18,22,30,28.61,25166352435.5773,6219807.0,4046.16291720583
5771,North America,1193,SLV,El Salvador,2019,69.8,93.2,55.9,80.3,81.5,66.9,72.6,71.7,70.2,33.5,57.7,86.2,86.4,94.8,43.8,68.5,58.6,64.8,37,18,18,22,5,28.4,25779775126.5993,6222318.0,4143.11437097867
5772,North America,1194,SLV,El Salvador,2020,70.0,91.0,56.0,77.5,81.6,67.9,72.6,72.7,70.0,34.8,57.7,84.3,86.4,95.0,43.6,68.4,62.7,67.6,38,18,15,32,15,28.18,23744951345.511,6234673.0,3808.53195436409
5773,North America,1195,SLV,El Salvador,2021,70.5,93.5,56.1,80.1,81.6,64.9,72.6,72.7,71.6,37.6,57.7,83.9,87.0,94.8,43.7,70.2,61.0,69.3,44,18,15,23,5,,26571731219.3539,6255782.0,4247.54750394978
5774,North America,1196,SLV,El Salvador,2022,70.7,94.0,56.2,80.3,81.6,65.2,72.6,72.7,71.7,37.6,57.7,86.3,87.0,94.8,43.6,70.1,60.4,69.3,30,18,15,20,20,,27356823619.6966,6280319.0,4355.96083888359
5821,Europe,1243,EST,Estonia,2000,71.2,100.0,62.4,73.0,93.0,67.9,83.5,74.5,78.3,36.7,69.2,86.7,57.7,63.4,74.0,63.4,78.4,48.1,18,48,55,65,10,51.5,13979307068.9028,1396985.0,10006.7696280939
5822,Europe,1244,EST,Estonia,2001,71.3,100.0,61.9,73.9,93.0,67.9,83.5,73.6,78.4,38.2,69.2,86.7,57.8,62.8,75.6,63.5,78.5,47.6,15,45,75,60,10,51.73,14801394595.5546,1388115.0,10662.9455020331
5823,Europe,1245,EST,Estonia,2002,71.5,100.0,60.4,74.3,94.1,67.9,83.5,74.4,80.1,39.9,69.2,86.7,56.8,63.3,75.5,63.5,78.4,47.7,20,30,60,70,8,51.95,15827575405.1485,1379350.0,11474.6622721923
5824,Europe,1246,EST,Estonia,2003,71.5,100.0,60.6,75.6,94.5,68.4,83.3,74.9,79.2,41.4,69.2,86.7,55.8,60.9,75.6,63.6,78.4,47.6,20,30,70,75,8,52.17,17029885802.1805,1370720.0,12424.0441535693
5825,Europe,1247,EST,Estonia,2004,75.0,100.0,62.5,75.9,95.9,68.4,83.0,75.0,79.9,43.9,74.2,86.7,56.6,60.7,90.5,96.2,79.1,47.1,10,35,75,65,5,52.4,18188037434.5502,1362550.0,13348.5284463324
5826,Europe,1248,EST,Estonia,2005,75.4,100.0,64.4,76.7,95.8,68.4,82.8,74.6,81.2,46.6,74.5,86.6,56.2,60.9,90.4,96.2,79.2,46.9,15,20,78,72,10,52.62,19920094036.3597,1354775.0,14703.6179707772
5827,Europe,1249,EST,Estonia,2006,75.3,100.0,62.6,75.4,95.8,68.4,82.6,73.6,82.2,49.5,74.1,86.6,55.8,61.6,90.3,96.2,79.1,46.6,10,35,85,75,10,52.84,21864807422.0901,1346810.0,16234.5152041417
5828,Europe,1250,EST,Estonia,2007,75.8,100.0,65.7,76.0,96.5,69.4,82.5,75.2,82.8,51.6,77.6,87.0,54.2,57.1,90.4,96.2,79.2,46.6,15,38,75,45,10,53.07,23520174236.2883,1340680.0,17543.4661785723
5829,Europe,1251,EST,Estonia,2008,76.2,100.0,63.7,78.2,96.4,69.4,83.1,75.4,82.3,54.1,76.6,85.8,54.3,59.6,90.6,96.2,80.1,49.0,30,40,82,60,8,53.29,22314692031.2014,1337090.0,16688.997772178
5830,Europe,1252,EST,Estonia,2009,77.0,100.0,64.4,79.2,95.8,70.4,83.6,76.6,78.1,55.0,77.3,89.8,56.1,63.9,90.7,96.2,80.9,51.0,15,30,82,68,8,53.52,19050002927.2983,1334515.0,14274.8511086787
5831,Europe,1253,EST,Estonia,2010,76.7,100.0,63.0,82.8,95.6,71.0,82.5,78.3,76.3,55.9,76.5,89.8,55.7,58.1,90.8,96.2,81.1,49.7,22,25,70,65,7,53.74,19516680413.329,1331475.0,14657.939813612
5832,Europe,1254,EST,Estonia,2011,76.2,100.0,63.7,83.4,96.0,69.5,82.4,78.0,78.7,61.7,75.8,90.7,55.1,55.4,80.3,96.2,80.4,48.3,20,45,63,60,10,54.13,21001309333.0129,1327439.0,15820.922342204
5833,Europe,1255,EST,Estonia,2012,76.8,100.0,65.8,83.9,96.9,70.0,83.0,77.5,79.9,66.1,75.2,90.0,54.2,54.7,82.9,96.2,81.2,47.9,30,40,75,75,10,54.52,21772481344.2301,1322696.0,16460.6843479001
5834,Europe,1256,EST,Estonia,2013,77.0,100.0,64.9,84.1,96.1,70.6,82.7,77.4,80.7,67.4,72.1,93.4,54.2,55.1,84.0,96.2,82.7,48.3,25,30,80,75,10,54.91,22154913628.3244,1317997.0,16809.5326683781
5835,Europe,1257,EST,Estonia,2014,77.5,100.0,65.2,84.7,96.6,71.5,82.7,77.5,81.4,71.6,75.3,93.3,53.0,51.8,84.2,96.2,85.0,47.9,18,35,70,62,8,55.3,22891074856.6938,1314545.0,17413.6867560212
5836,Europe,1258,EST,Estonia,2015,78.8,100.0,68.2,86.2,96.0,74.5,83.0,78.0,82.2,72.4,81.7,92.3,53.9,58.0,81.0,96.2,87.0,49.4,20,34,75,72,7,55.69,23311847750.9394,1315407.0,17722.1557669523
5837,Europe,1259,EST,Estonia,2016,78.3,100.0,62.1,86.4,95.2,74.3,82.6,78.3,81.9,70.3,87.0,94.0,52.6,54.8,78.7,96.2,87.3,49.6,20,40,85,70,7,55.77,24032887679.5037,1315790.0,18264.9873304279
5838,Europe,1260,EST,Estonia,2017,79.6,100.0,66.1,87.8,96.0,76.0,82.5,79.0,82.5,79.9,89.7,92.0,52.7,54.7,81.9,96.2,86.9,48.9,15,35,80,70,8,55.85,25387062190.0468,1317384.0,19270.8141210511
5839,Europe,1261,EST,Estonia,2018,79.7,100.0,61.5,87.2,96.0,76.0,82.9,78.8,82.1,80.8,90.1,92.5,52.4,51.9,85.9,96.1,89.7,51.7,15,38,70,68,7,55.93,26326306710.8582,1321977.0,19914.3454922878
5840,Europe,1262,EST,Estonia,2019,80.7,100.0,64.9,88.6,96.0,77.9,84.1,78.0,81.7,82.4,89.1,93.3,52.2,59.0,87.6,96.1,90.0,51.8,18,40,80,65,7,56.01,27307395871.0676,1326898.0,20579.8756732376
5841,Europe,1263,EST,Estonia,2020,81.1,100.0,64.8,89.9,96.0,77.3,84.1,78.0,80.5,81.3,89.1,92.5,52.2,62.8,87.6,96.1,90.5,55.1,18,25,80,72,8,56.09,26519903136.8312,1329522.0,19946.945696898
5842,Europe,1264,EST,Estonia,2021,81.0,100.0,63.2,89.9,96.1,76.3,84.1,78.0,82.0,82.4,89.1,91.3,52.6,61.5,87.5,96.1,90.4,56.2,18,35,82,68,8,,28417255488.3023,1330932.0,21351.3954794853
5843,Europe,1265,EST,Estonia,2022,81.7,100.0,63.2,89.5,96.1,76.8,84.1,78.0,82.2,83.3,89.1,90.5,52.6,61.5,87.5,96.1,91.0,67.3,18,30,70,65,10,,28434428182.5728,1348840.0,21080.6531409009
5844,Africa,1266,SWZ,Eswatini,2000,48.1,22.9,56.1,23.0,55.2,58.0,39.4,39.8,45.3,13.2,13.9,66.5,86.2,96.8,0.0,50.4,50.9,51.9,20,20,15,25,5,27.52,2382948839.13861,1041414.0,2288.1859079469
5845,Africa,1267,SWZ,Eswatini,2001,48.2,22.9,57.4,22.7,55.6,58.0,39.8,43.4,44.5,13.1,13.9,66.6,86.2,97.1,0.0,50.4,49.2,50.5,10,10,15,18,10,27.59,2408083351.52638,1051064.0,2291.0910767816
5846,Africa,1268,SWZ,Eswatini,2002,48.4,22.9,56.4,23.5,56.7,58.0,40.2,44.9,43.9,13.2,13.9,66.8,86.2,97.2,0.0,50.4,50.8,48.9,30,30,12,45,12,27.66,2513559783.54775,1059441.0,2372.53399061179
5847,Africa,1269,SWZ,Eswatini,2003,49.0,22.9,57.5,23.1,55.8,62.0,40.7,46.3,43.1,13.2,13.9,66.9,86.2,97.4,0.0,50.4,50.8,53.0,30,15,12,20,10,27.73,2611091276.4991,1066700.0,2447.82157729362
5848,Africa,1270,SWZ,Eswatini,2004,49.1,22.9,55.9,23.1,57.5,61.5,41.2,47.0,43.1,13.3,13.9,67.0,86.2,97.4,0.0,50.4,49.5,55.8,5,20,13,20,12,27.8,2705714981.42118,1073159.0,2521.26197648362
5849,Africa,1271,SWZ,Eswatini,2005,49.8,22.9,55.2,24.1,58.4,60.9,41.6,49.6,43.1,13.6,13.9,67.3,86.2,97.4,0.0,50.4,53.0,58.5,10,15,15,25,5,27.87,2868024775.17108,1079022.0,2657.98544901873
5850,Africa,1272,SWZ,Eswatini,2006,51.1,22.9,56.5,25.9,60.4,60.2,42.2,54.5,43.1,13.6,13.9,69.5,86.2,97.4,0.0,50.4,54.4,65.9,40,20,18,25,15,27.94,3039881607.49227,1084436.0,2803.19134323489
5851,Africa,1273,SWZ,Eswatini,2007,51.1,22.9,56.6,26.2,61.3,59.1,42.8,56.3,43.1,13.6,13.9,69.6,86.2,97.4,0.0,50.4,54.6,63.9,20,30,18,20,10,28.01,3174711771.81192,1090705.0,2910.69700039141
5852,Africa,1274,SWZ,Eswatini,2008,51.6,22.9,58.1,26.4,61.3,60.5,43.4,57.7,43.1,14.3,13.9,71.8,86.2,97.4,0.0,50.4,51.7,67.1,30,20,18,20,10,28.08,3200797233.49589,1098091.0,2914.87429866549
5853,Africa,1275,SWZ,Eswatini,2009,51.4,22.9,56.9,26.0,61.2,60.2,44.1,56.0,43.1,14.9,16.2,71.9,86.2,97.3,0.0,50.4,52.6,62.6,10,20,18,35,15,28.15,3250891273.49579,1105153.0,2941.57575783243
5854,Africa,1276,SWZ,Eswatini,2010,52.1,22.9,56.0,29.2,68.0,64.2,44.7,59.3,43.1,15.7,16.2,74.0,86.2,97.5,0.0,50.4,52.0,54.0,40,30,10,28,5,28.22,3374222126.24664,1111650.0,3035.32777964884
5855,Africa,1277,SWZ,Eswatini,2011,52.9,25.3,56.0,29.7,71.5,65.1,45.3,62.3,43.3,16.7,16.2,74.3,86.2,97.5,0.0,50.3,53.1,54.2,43,20,25,20,10,28.29,3450048645.2569,1117833.0,3086.37215510448
5856,Africa,1278,SWZ,Eswatini,2012,54.2,27.2,57.2,30.6,68.1,65.8,46.0,64.6,44.2,17.0,16.2,76.5,86.2,97.1,0.0,50.3,57.8,61.6,15,15,15,25,10,28.36,3636235032.03929,1123863.0,3235.47890805132
5857,Africa,1279,SWZ,Eswatini,2013,54.4,29.5,57.6,32.2,66.8,65.0,46.6,64.9,45.0,18.0,16.2,76.5,86.2,96.6,0.0,50.4,58.2,60.6,40,15,15,35,18,28.43,3776637841.07583,1129990.0,3342.18695835877
5858,Africa,1280,SWZ,Eswatini,2014,55.6,31.6,57.7,33.6,66.4,66.5,47.2,70.5,45.7,19.1,16.2,78.9,86.2,98.0,0.0,50.4,58.5,63.4,15,5,15,20,5,28.51,3830866489.15055,1136299.0,3371.35427308353
5859,Africa,1281,SWZ,Eswatini,2015,55.4,32.3,57.3,33.8,65.7,67.1,47.8,67.6,46.5,20.2,16.2,79.0,86.2,97.8,0.0,50.4,58.5,59.3,40,20,20,40,10,28.58,3909281650.36128,1142813.0,3420.75357067279
5860,Africa,1282,SWZ,Eswatini,2016,54.5,32.5,48.4,34.7,69.6,67.4,48.4,61.5,47.3,20.8,11.8,81.4,86.0,97.4,0.0,50.4,57.1,56.8,20,15,15,22,15,28.65,4092073633.67863,1149507.0,3559.85099149342
5861,Africa,1283,SWZ,Eswatini,2017,55.9,34.2,48.8,35.8,70.3,67.6,49.1,65.8,47.3,29.4,11.8,81.5,85.8,97.6,0.0,50.4,56.3,62.8,30,25,25,20,15,28.72,4151686674.93413,1158195.0,3584.61802626857
5862,Africa,1284,SWZ,Eswatini,2018,56.4,34.0,49.2,35.3,72.2,68.3,49.8,67.5,47.3,31.5,11.8,84.2,85.6,97.5,0.0,50.0,55.9,62.1,30,28,17,18,5,28.79,4162339321.78448,1168929.0,3560.81449068718
5863,Africa,1285,SWZ,Eswatini,2019,56.9,32.5,49.6,37.2,74.0,68.5,50.5,69.3,47.2,35.0,11.8,84.4,85.4,97.4,0.0,50.0,56.7,61.3,10,25,22,45,12,28.86,4415541767.22971,1179874.0,3742.38415901165
5864,Africa,1286,SWZ,Eswatini,2020,57.3,32.0,49.9,36.8,74.2,69.7,50.5,70.5,44.2,37.9,11.8,84.4,85.4,97.5,0.0,50.3,57.6,63.2,35,18,20,20,5,28.93,4289130010.73364,1192729.0,3596.06416104047
5865,Africa,1287,SWZ,Eswatini,2021,57.5,32.9,50.3,37.2,74.2,70.0,50.5,70.5,44.9,40.9,11.8,84.4,85.3,97.5,0.0,50.6,56.7,61.8,10,30,15,20,10,,4436460293.19634,1206593.0,3676.8490229898
5866,Africa,1288,SWZ,Eswatini,2022,57.9,33.7,50.4,35.7,74.2,70.0,50.5,70.5,44.8,40.9,11.8,86.8,85.3,97.5,0.0,50.6,53.7,60.8,25,15,18,23,10,,4486130488.61763,1218917.0,3680.42326804666
5867,Africa,1289,ETH,Ethiopia,2000,44.2,20.9,34.6,19.1,0.4,21.7,39.0,18.2,64.4,17.8,89.2,43.7,99.0,99.0,0.0,56.8,38.0,44.7,50,72,15,20,10,16.55,17352574603.7583,67411494.0,257.412698845664
5868,Africa,1290,ETH,Ethiopia,2001,44.2,20.9,35.6,19.9,0.4,21.7,39.0,17.2,64.6,17.8,89.2,43.8,99.0,99.0,0.0,56.8,38.0,44.6,5,70,15,18,15,16.48,18793064976.1136,69487762.0,270.451435406908
5869,Africa,1291,ETH,Ethiopia,2002,44.2,20.9,32.8,20.6,0.4,21.7,39.0,17.4,64.7,17.8,89.2,44.1,99.0,99.0,0.0,56.8,38.0,45.4,10,65,15,20,15,16.42,19077728362.3105,71635517.0,266.316614456911
5870,Africa,1292,ETH,Ethiopia,2003,44.3,20.9,33.2,21.5,0.4,21.7,38.4,18.1,64.8,17.8,89.2,44.1,99.0,99.0,0.0,56.8,38.0,46.0,55,60,10,24,15,16.35,18665390025.6039,73832663.0,252.806674812798
5871,Africa,1293,ETH,Ethiopia,2004,44.5,20.9,34.0,22.5,2.5,22.1,37.9,19.0,64.9,17.8,89.2,45.1,99.0,99.0,0.0,56.8,38.0,43.5,45,60,15,20,15,16.29,21198769337.7279,76077206.0,278.648105685268
5872,Africa,1294,ETH,Ethiopia,2005,45.6,20.9,36.7,23.4,4.4,32.9,37.4,19.9,65.0,17.8,89.2,45.5,99.0,99.0,0.0,56.8,38.0,43.3,43,65,15,18,20,16.22,23704202269.324,78367470.0,302.475022727211
5873,Africa,1295,ETH,Ethiopia,2006,46.1,20.9,37.4,25.5,6.8,33.2,37.2,21.6,65.0,17.8,89.2,46.4,99.0,99.0,0.0,56.8,38.0,44.6,15,60,15,18,5,16.16,26272487888.3487,80703490.0,325.543392093065
5874,Africa,1296,ETH,Ethiopia,2007,46.7,20.9,36.9,27.3,14.2,33.3,37.0,21.9,65.0,17.8,89.2,46.4,99.0,99.0,0.0,56.9,38.0,44.9,38,75,15,20,7,16.09,29282307975.8989,83103217.0,352.360703147015
5875,Africa,1297,ETH,Ethiopia,2008,47.2,20.9,37.0,29.4,20.3,32.7,36.8,22.1,65.1,17.8,89.2,47.4,99.0,99.0,0.0,56.9,38.0,43.6,42,60,15,20,15,16.03,32441436121.8563,85543668.0,379.238310448137
5876,Africa,1298,ETH,Ethiopia,2009,47.5,20.9,40.9,31.5,19.6,32.3,36.7,22.8,65.1,17.8,89.2,47.4,99.0,99.0,0.0,56.9,38.0,42.5,40,66,15,18,10,15.96,35297110794.6214,88007636.0,401.068729929542
5877,Africa,1299,ETH,Ethiopia,2010,47.9,20.9,41.7,35.5,18.8,42.1,36.5,24.7,65.1,18.1,78.5,48.0,99.0,99.0,0.0,56.9,38.0,43.3,58,72,15,17,15,15.9,39727088219.906,90538514.0,438.78661648794
5878,Africa,1300,ETH,Ethiopia,2011,48.7,24.3,47.1,36.7,20.9,42.1,36.3,24.5,65.1,18.1,78.5,47.9,99.0,98.9,0.0,57.1,38.0,44.1,20,65,7,25,5,15.83,44167899823.5539,93149970.0,474.159034335212
5879,Africa,1301,ETH,Ethiopia,2012,49.3,24.1,47.8,38.4,20.8,42.1,36.2,26.9,65.1,21.5,78.5,48.8,99.0,98.7,0.0,57.2,38.0,45.6,40,58,15,35,15,15.77,47987456602.7121,95798767.0,500.91935528473
5880,Africa,1302,ETH,Ethiopia,2013,49.6,26.6,49.7,38.1,20.8,44.2,36.0,27.3,65.1,23.3,78.5,49.1,99.0,98.8,0.0,57.3,36.6,43.3,40,68,13,33,20,15.7,53065618849.7063,98438751.0,539.072451759432
5881,Africa,1303,ETH,Ethiopia,2014,50.5,27.8,52.8,38.9,25.3,46.6,36.0,26.0,65.0,23.9,78.5,50.9,99.0,98.6,0.0,57.3,38.8,42.5,45,65,15,25,30,15.63,58508820967.9288,101115610.0,578.632922927814
5882,Africa,1304,ETH,Ethiopia,2015,50.8,30.1,54.0,41.5,25.9,54.2,36.3,27.1,63.8,24.2,71.7,49.0,99.0,98.3,0.0,57.3,36.8,43.1,68,63,15,33,25,15.57,64589328550.5953,103867135.0,621.845673808133
5883,Africa,1305,ETH,Ethiopia,2016,51.4,30.5,52.9,42.4,28.9,55.4,36.7,31.2,63.7,24.4,71.7,49.9,99.0,98.2,0.0,57.3,36.4,43.5,40,65,15,22,20,15.5,70682351658.2337,106718162.0,662.32729587522
5884,Africa,1306,ETH,Ethiopia,2017,52.3,32.5,53.0,43.3,34.1,55.7,37.2,31.5,66.1,24.4,71.7,50.9,98.9,98.4,0.0,57.7,35.2,46.0,63,72,15,30,20,15.44,77442545825.2366,109666481.0,706.164227383539
5885,Africa,1307,ETH,Ethiopia,2018,52.5,32.6,52.3,43.9,34.1,57.3,37.7,31.9,65.5,24.5,71.7,52.9,98.9,98.2,0.0,57.6,36.3,44.3,60,71,18,22,20,15.37,82721144197.5947,112664152.0,734.227726647201
5886,Africa,1308,ETH,Ethiopia,2019,53.2,35.2,54.3,46.7,34.1,57.8,38.2,33.0,67.1,25.1,71.7,51.2,98.8,98.2,0.0,57.6,38.9,43.2,38,70,14,25,20,15.31,89640011617.7163,115737383.0,774.512169656681
5887,Africa,1309,ETH,Ethiopia,2020,53.7,38.6,53.5,48.3,34.1,57.5,38.7,34.1,65.7,25.7,71.7,55.7,98.8,98.2,0.0,57.6,38.1,42.6,55,70,15,23,20,15.24,95071775811.9827,118917671.0,799.47559527955
5888,Africa,1310,ETH,Ethiopia,2021,54.3,44.9,53.5,48.0,31.7,59.6,38.7,34.1,66.1,26.3,71.7,55.7,98.8,98.2,0.0,57.8,38.0,45.4,70,72,22,18,30,,100435279224.388,122138588.0,822.305881122416
5889,Africa,1311,ETH,Ethiopia,2022,54.5,48.8,53.7,46.5,31.7,59.7,38.7,34.1,66.1,26.3,71.7,48.0,98.8,98.2,0.0,57.8,34.7,46.1,70,68,18,18,5,,105780203623.569,125384287.0,843.648005300445
5890,Oceania,1312,FJI,Fiji,2000,66.7,92.3,62.1,68.7,68.8,45.9,67.0,66.6,51.8,23.3,60.9,90.6,86.1,97.5,66.4,46.9,78.0,61.2,30,45,22,15,5,55.09,3330747234.58962,840909.0,3960.88903149999
5891,Oceania,1313,FJI,Fiji,2001,66.3,92.3,60.0,69.4,71.0,46.3,67.0,61.3,52.0,23.3,60.9,90.6,86.1,97.0,64.7,46.8,78.0,59.9,15,45,10,15,8,55.45,3397362184.16936,849596.0,3998.79729208866
5892,Oceania,1314,FJI,Fiji,2002,66.9,92.3,59.6,69.6,71.9,46.6,67.1,67.4,52.1,24.0,60.9,90.6,86.1,97.5,65.2,46.7,78.0,61.1,30,45,10,15,8,55.82,3506077743.95306,858049.0,4086.10434130576
5893,Oceania,1315,FJI,Fiji,2003,66.7,92.3,60.5,67.5,72.0,47.0,67.3,62.9,52.0,24.5,60.9,90.6,86.1,97.1,66.7,46.6,78.0,61.1,35,35,15,20,10,56.19,3541138498.41928,866286.0,4087.72449101022
5894,Oceania,1316,FJI,Fiji,2004,66.6,92.3,59.0,68.5,72.7,48.8,67.6,59.4,52.2,25.0,60.9,90.6,86.1,96.3,67.0,47.2,78.1,61.0,35,45,20,18,8,56.55,3728818828.37531,874366.0,4264.59723774175
5895,Oceania,1317,FJI,Fiji,2005,67.0,92.3,59.0,69.5,72.7,49.1,67.9,63.4,53.8,25.2,60.9,90.7,86.1,97.1,66.9,47.0,78.1,59.2,35,65,18,20,5,56.92,3754920575.17991,882379.0,4255.45097421846
5896,Oceania,1318,FJI,Fiji,2006,67.3,92.3,59.7,69.2,72.6,49.5,68.2,63.3,53.7,26.0,60.9,90.9,86.1,96.7,67.1,47.7,78.1,61.4,40,72,8,20,8,57.28,3824479873.24133,890365.0,4295.40679748343
5897,Oceania,1319,FJI,Fiji,2007,67.7,92.3,60.4,70.6,72.6,49.8,68.6,63.9,53.4,26.6,60.9,90.9,86.1,96.9,69.7,47.6,78.2,61.8,35,50,15,10,8,57.65,3791946770.36277,897832.0,4223.44800626706
5898,Oceania,1320,FJI,Fiji,2008,66.9,92.3,58.0,71.1,72.9,49.9,69.0,66.9,53.3,26.4,50.9,91.3,86.1,97.7,67.0,47.5,78.4,58.7,35,65,25,20,10,58.01,3831109777.4424,903399.0,4240.77265686856
5899,Oceania,1321,FJI,Fiji,2009,67.0,92.3,59.2,72.6,71.3,50.1,69.3,67.3,53.0,27.1,50.9,91.3,86.1,98.0,65.6,47.4,77.9,59.0,25,65,13,20,8,58.38,3778009151.30613,907239.0,4164.29314800855
5900,Oceania,1322,FJI,Fiji,2010,66.4,92.3,58.5,72.9,71.7,50.3,69.7,59.9,53.0,27.5,50.9,91.4,86.1,97.0,67.3,47.3,74.2,58.5,40,55,18,20,10,58.74,3889636945.80503,910419.0,4272.35915090198
5901,Oceania,1323,FJI,Fiji,2011,66.8,93.1,57.4,72.9,74.9,50.3,70.1,63.3,52.8,29.6,50.9,91.3,86.1,97.2,65.8,47.3,74.2,57.7,35,61,20,25,5,59.11,3994857188.49829,912989.0,4375.58085420338
5902,Oceania,1324,FJI,Fiji,2012,67.0,93.6,55.9,73.1,74.2,50.5,70.4,64.2,52.8,33.9,50.9,92.1,86.1,97.3,64.1,47.2,74.2,58.4,10,60,20,40,10,59.47,4051237182.53113,914918.0,4427.97844455036
5903,Oceania,1325,FJI,Fiji,2013,68.8,94.6,57.2,73.6,75.7,53.1,70.8,64.4,53.0,41.7,65.8,92.4,86.1,97.2,65.4,47.0,74.2,57.2,20,55,20,35,7,59.84,4243031642.79503,916352.0,4630.35126544716
5904,Oceania,1326,FJI,Fiji,2014,69.5,94.6,62.3,73.1,76.1,55.7,71.2,64.3,53.1,42.9,65.8,92.8,86.1,96.8,66.0,47.0,75.2,57.8,10,60,18,15,8,60.2,4480790532.15796,917585.0,4883.24300436249
5905,Oceania,1327,FJI,Fiji,2015,69.4,94.4,57.8,72.7,76.3,56.1,71.5,63.1,53.0,44.5,65.8,93.0,86.1,96.6,68.1,46.9,74.7,59.4,20,55,15,45,8,60.57,4682479893.97558,918578.0,5097.53106864695
5906,Oceania,1328,FJI,Fiji,2016,69.5,93.7,57.6,72.8,76.0,55.5,71.9,62.0,53.0,46.4,65.8,93.6,85.9,96.8,68.9,46.8,75.6,59.5,15,65,30,35,10,60.94,4796997047.62998,919166.0,5218.85823412744
5907,Oceania,1329,FJI,Fiji,2017,71.2,93.5,57.5,72.4,89.3,55.6,72.2,64.0,53.1,56.9,65.8,93.7,85.7,96.4,69.2,46.7,75.8,62.0,25,45,36,45,8,61.3,5053797787.50531,918759.0,5500.67840152348
5908,Oceania,1330,FJI,Fiji,2018,71.7,92.9,58.2,71.8,98.1,57.6,72.3,64.3,53.0,53.8,65.8,93.8,85.4,96.3,71.9,45.7,76.4,61.7,20,60,30,40,10,61.67,5246466309.21899,917180.0,5720.21447177107
5909,Oceania,1331,FJI,Fiji,2019,73.0,91.3,59.1,71.4,98.7,57.7,72.4,62.8,52.7,56.0,88.1,94.0,85.2,96.3,72.5,45.6,76.2,60.9,20,52,25,45,5,62.03,5215934671.17566,914899.0,5701.10435269429
5910,Oceania,1332,FJI,Fiji,2020,72.8,86.2,59.4,71.3,98.0,57.8,72.4,63.4,52.0,59.6,88.1,94.0,85.2,96.1,73.1,45.6,76.2,59.2,30,65,30,30,5,62.4,4327208912.29646,914963.0,4729.3813108251
5911,Oceania,1333,FJI,Fiji,2021,72.7,84.2,61.2,71.2,93.6,58.9,72.4,63.4,51.8,60.4,88.1,94.0,84.6,96.0,73.1,46.0,76.0,61.4,15,55,24,45,10,,4115996279.01139,916711.0,4489.96060809938
5912,Oceania,1334,FJI,Fiji,2022,72.9,89.7,61.2,71.2,93.6,59.0,72.4,63.4,53.3,60.4,88.1,94.0,84.6,96.0,73.1,45.8,71.8,61.4,15,63,30,30,7,,4930664173.03194,919422.0,5362.78680848613
5913,Europe,1335,FIN,Finland,2000,82.8,99.5,66.3,90.6,99.7,84.0,94.3,85.5,84.9,75.9,98.8,91.4,54.3,60.1,86.4,80.0,90.8,64.8,10,15,85,81,8,73.86,196036503503.623,5176209.0,37872.6020343504
5914,Europe,1336,FIN,Finland,2001,82.7,99.5,65.0,90.8,99.9,84.0,94.3,84.3,85.3,76.6,98.8,91.4,55.3,58.4,86.1,80.0,90.7,65.2,8,19,85,78,10,73.79,201212380923.485,5188008.0,38784.1308115726
5915,Europe,1337,FIN,Finland,2002,82.8,99.5,65.3,90.9,99.6,84.1,94.3,84.1,85.2,79.6,98.8,91.4,55.0,57.6,84.8,80.1,90.9,66.1,7,10,82,80,0,73.72,204607490634.566,5200598.0,39343.0698997627
5916,Europe,1338,FIN,Finland,2003,82.7,99.5,64.8,91.4,99.1,84.6,94.3,83.6,85.1,80.8,98.5,91.4,54.7,55.2,84.1,80.2,91.0,66.8,7,15,80,81,7,73.66,208723783982.573,5213014.0,40038.9839702277
5917,Europe,1339,FIN,Finland,2004,83.0,99.5,64.3,91.5,98.5,84.6,94.3,85.1,85.0,81.3,98.2,91.4,55.1,56.5,84.5,82.7,90.8,67.0,10,15,78,83,7,73.59,217083963685.375,5228172.0,41521.962874476
5918,Europe,1340,FIN,Finland,2005,83.7,99.5,65.0,92.3,98.2,84.6,94.0,85.3,86.2,81.6,98.6,91.4,56.0,60.3,86.9,84.4,90.9,67.1,10,15,88,70,10,73.52,223113056548.362,5246096.0,42529.3506920884
5919,Europe,1341,FIN,Finland,2006,83.5,99.5,64.6,92.8,97.8,84.8,93.6,85.1,86.6,82.4,97.7,91.4,55.9,56.8,87.5,84.4,91.2,67.0,10,25,75,80,8,73.45,232081249320.459,5266268.0,44069.3958834717
5920,Europe,1342,FIN,Finland,2007,83.7,99.5,65.3,92.7,98.2,86.6,93.9,85.4,87.0,82.6,97.3,91.4,55.6,57.4,87.7,84.4,90.8,66.3,10,15,82,82,10,73.39,244411266035.096,5288720.0,46213.6898975737
5921,Europe,1343,FIN,Finland,2008,84.0,99.5,64.6,92.9,98.5,86.8,94.1,87.0,87.1,83.8,98.6,89.8,55.8,60.1,87.7,84.4,89.8,67.0,8,15,85,79,8,73.32,246328504349.487,5313399.0,46359.8732844055
5922,Europe,1344,FIN,Finland,2009,84.8,99.5,65.6,93.3,97.2,86.1,94.3,85.9,86.3,93.3,100.0,89.8,57.5,61.0,87.7,84.4,89.9,69.1,7,12,85,75,7,73.25,226434937568.653,5338871.0,42412.5133513534
5923,Europe,1345,FIN,Finland,2010,84.6,99.5,62.1,94.1,98.0,86.3,94.3,86.2,86.2,95.8,99.1,89.7,57.0,58.5,87.3,84.4,90.3,69.1,10,12,85,85,7,73.19,233609048324.553,5363352.0,43556.5385834368
5924,Europe,1346,FIN,Finland,2011,85.2,99.5,64.5,94.0,98.3,87.7,94.3,87.1,86.4,96.2,99.2,90.1,57.6,61.6,87.1,84.5,90.2,69.2,10,15,83,82,7,73.3,239193226293.28,5388272.0,44391.4535667984
5925,Europe,1347,FIN,Finland,2012,85.5,99.5,64.2,94.4,98.4,87.9,94.3,89.1,86.5,97.4,100.0,89.5,57.6,61.5,86.9,84.5,90.0,71.0,10,15,85,82,8,73.41,235550695854.071,5413971.0,43507.9345371578
5926,Europe,1348,FIN,Finland,2013,85.5,99.5,65.1,94.5,98.8,89.2,94.3,89.1,86.2,97.1,99.7,89.6,57.7,62.1,87.4,84.5,88.4,71.1,10,20,85,81,10,73.52,233242909052.234,5438972.0,42883.6384986417
5927,Europe,1349,FIN,Finland,2014,85.5,99.5,64.9,94.7,97.9,89.4,94.3,90.3,86.0,94.1,100.0,90.7,57.9,64.8,84.9,84.5,89.1,71.1,15,15,88,78,7,73.63,232127848351.009,5461512.0,42502.4880199858
5928,Europe,1350,FIN,Finland,2015,85.9,99.5,64.0,95.0,98.3,89.1,94.3,91.6,85.7,93.0,99.7,90.8,58.7,69.1,85.0,85.0,91.1,70.6,10,20,82,75,10,73.74,233210733506.25,5479531.0,42560.3456767103
5929,Europe,1351,FIN,Finland,2016,85.4,99.5,63.7,95.2,98.7,88.9,94.3,91.1,86.0,86.0,99.7,92.0,58.2,67.5,85.1,85.1,90.4,69.9,10,20,85,79,8,73.74,239208760000.401,5495303.0,43529.6761616969
5930,Europe,1352,FIN,Finland,2017,86.0,99.5,64.2,94.8,98.5,89.1,94.3,92.2,86.1,94.4,98.8,93.7,58.1,68.5,85.1,85.1,89.8,69.1,10,25,85,78,7,73.74,247110710501.527,5508214.0,44862.220404205
5931,Europe,1353,FIN,Finland,2018,85.6,99.5,61.4,95.2,97.5,89.3,94.3,92.1,86.8,94.7,98.4,91.2,57.8,66.3,85.3,85.1,90.6,69.0,12,20,88,78,8,73.74,250058685918.643,5515525.0,45337.2409550575
5932,Europe,1354,FIN,Finland,2019,86.1,99.6,63.6,95.6,98.1,91.8,94.3,93.0,87.1,95.0,97.2,89.2,57.7,67.3,88.0,85.1,91.7,69.6,12,18,83,86,10,73.74,253433824168.6,5521606.0,45898.5708448954
5933,Europe,1355,FIN,Finland,2020,86.4,99.5,62.4,95.5,97.2,91.2,94.3,93.0,86.5,95.9,98.5,91.2,57.7,68.8,88.1,85.1,92.5,71.4,15,25,85,80,8,73.74,247120696232.09,5529543.0,44690.9801103074
5934,Europe,1356,FIN,Finland,2021,86.6,99.6,60.9,95.4,97.2,91.3,94.3,93.0,86.5,96.0,98.5,92.0,60.1,68.8,88.0,85.1,92.2,72.7,12,22,83,79,8,,253734502126.393,5541017.0,45792.0454180872
5935,Europe,1357,FIN,Finland,2022,86.8,99.6,60.9,95.4,97.2,92.1,94.3,93.0,86.8,96.0,98.5,91.2,60.1,68.8,87.9,85.1,92.5,75.6,15,20,82,72,7,,255670602724.759,5556106.0,46016.1492103929
5936,Europe,1358,FRA,France,2000,75.1,99.8,74.6,88.7,93.2,68.8,88.1,75.0,83.3,66.4,86.8,87.8,56.4,68.5,47.1,54.0,74.5,64.3,18,10,65,70,7,27.92,2025858476151.37,60918661.0,33255.1379642335
5937,Europe,1359,FRA,France,2001,75.3,99.8,73.2,88.9,93.2,68.9,88.1,75.0,84.1,68.4,86.8,87.8,56.2,68.4,48.4,54.5,74.5,64.4,20,18,55,62,7,28.13,2064338989612.96,61364377.0,33640.6738002565
5938,Europe,1360,FRA,France,2002,75.6,99.8,74.7,89.4,93.1,69.6,88.1,74.7,84.1,69.4,86.8,87.8,56.6,68.6,47.9,54.3,74.4,64.9,20,15,65,60,8,28.33,2086380974762.6,61812142.0,33753.5782979758
5939,Europe,1361,FRA,France,2003,75.5,99.8,71.6,90.2,93.0,69.7,88.1,74.8,84.3,70.9,86.4,87.8,56.7,68.5,48.0,54.7,74.5,64.9,20,20,40,72,7,28.54,2106573536968.08,62249855.0,33840.6175720101
5940,Europe,1362,FRA,France,2004,75.8,99.8,74.4,90.7,93.0,69.8,88.0,74.9,83.9,71.8,87.5,87.8,56.7,68.6,47.8,54.8,74.5,65.0,10,15,60,60,8,28.75,2166995343501.89,62707588.0,34557.1471111581
5941,Europe,1363,FRA,France,2005,76.2,99.8,73.8,90.7,95.7,69.8,87.9,74.7,84.1,72.2,88.6,87.9,57.3,68.6,48.7,55.4,74.5,65.0,30,18,45,58,7,28.95,2207920477337.34,63180854.0,34946.0372494703
5942,Europe,1364,FRA,France,2006,76.6,99.8,73.2,91.3,99.2,70.0,88.2,74.7,84.1,72.8,88.8,87.9,57.5,68.9,49.2,56.6,74.8,65.0,20,10,65,75,7,29.16,2267844862926.15,63622342.0,35645.4162427116
5943,Europe,1365,FRA,France,2007,76.4,99.8,71.9,90.7,98.7,73.2,88.4,75.2,84.5,75.5,85.0,83.4,57.1,69.3,49.4,57.3,74.5,64.9,20,15,75,65,5,29.37,2325232266328.63,64016890.0,36322.1685141004
5944,Europe,1366,FRA,France,2008,77.1,99.8,74.0,91.5,99.3,73.3,88.9,75.8,84.8,77.6,84.1,86.6,57.8,69.5,50.6,58.1,74.8,65.0,14,20,80,70,7,29.57,2334072135222.36,64375116.0,36257.3658930938
5945,Europe,1367,FRA,France,2009,77.6,99.8,74.2,90.4,98.3,74.6,88.9,76.0,84.0,79.7,84.6,88.7,58.6,70.1,52.4,59.0,73.6,66.0,18,20,42,70,8,29.78,2268145064848.79,64706436.0,35052.8510772683
5946,Europe,1368,FRA,France,2010,77.8,99.8,73.5,92.0,97.6,73.6,88.9,76.5,83.9,81.6,83.1,89.8,58.3,70.0,53.7,59.1,74.5,65.8,25,30,85,65,10,29.99,2313515332182.54,65026211.0,35578.1968010183
5947,Europe,1369,FRA,France,2011,77.7,99.8,73.1,92.4,98.6,73.7,88.6,76.0,83.9,82.9,83.7,89.0,58.6,69.9,52.3,59.2,74.2,65.4,30,35,62,55,10,30.14,2369909039106.43,65340830.0,36269.9561530888
5948,Europe,1370,FRA,France,2012,78.7,99.8,73.4,92.1,99.1,77.9,89.0,76.8,83.6,84.6,84.0,88.5,59.0,71.7,58.3,59.9,75.0,65.5,20,15,55,60,10,30.29,2374265767668.09,65657659.0,36161.2918253465
5949,Europe,1371,FRA,France,2013,79.1,99.8,73.0,92.6,98.3,79.8,89.2,77.4,83.3,85.6,87.6,89.0,58.9,70.9,59.5,59.9,74.5,65.7,30,40,72,70,10,30.44,2392826743357.49,65997932.0,36256.086680981
5950,Europe,1372,FRA,France,2014,79.6,99.8,73.4,92.4,97.7,79.6,89.2,77.5,83.0,87.4,87.6,93.4,59.0,71.2,57.7,62.9,74.8,65.9,35,35,65,72,8,30.6,2416703156974.4,66312067.0,36444.3949089146
5951,Europe,1373,FRA,France,2015,79.8,99.6,73.2,92.4,97.9,79.9,89.0,77.5,82.7,87.6,86.4,94.5,59.3,72.7,59.4,63.5,75.5,66.1,35,38,70,55,8,30.75,2442483452642.5,66548272.0,36702.4323733379
5952,Europe,1374,FRA,France,2016,80.0,98.3,69.1,92.5,99.2,80.0,89.4,77.8,82.9,88.7,88.5,93.1,59.1,72.8,63.3,63.8,74.3,66.6,38,25,60,65,7,30.9,2463489569347.31,66724104.0,36920.5342846914
5953,Europe,1375,FRA,France,2017,81.0,99.4,72.9,92.8,99.7,86.6,89.3,77.7,83.0,89.6,88.6,92.3,59.0,74.3,62.9,64.4,77.2,67.2,20,18,70,45,8,31.05,2514819204088.14,66918020.0,37580.5979329356
5954,Europe,1376,FRA,France,2018,80.9,99.7,72.1,92.9,99.6,87.2,89.3,78.5,84.1,90.5,85.6,90.4,58.9,73.4,61.5,66.9,77.0,67.0,30,35,70,66,10,31.2,2556210832760.02,67158348.0,38062.4435961412
5955,Europe,1377,FRA,France,2019,81.5,99.7,72.4,93.4,99.7,87.5,89.3,78.6,84.5,91.5,87.5,92.6,58.8,73.5,65.6,68.8,76.3,66.6,30,40,65,35,8,31.36,2608036638906.12,67382061.0,38705.2072940618
5956,Europe,1378,FRA,France,2020,81.6,99.7,71.3,93.4,99.6,87.5,89.3,78.6,84.5,92.6,87.5,89.3,58.8,74.5,65.6,69.5,75.2,71.2,38,40,60,60,10,31.51,2413981867676.36,67601110.0,35709.2045925926
5957,Europe,1379,FRA,France,2021,82.0,99.7,72.4,93.4,99.6,87.9,89.3,78.6,85.2,92.8,87.5,90.5,60.5,73.8,65.7,69.3,75.9,71.6,35,40,64,80,10,,2580120255051.75,67842811.0,38030.8571685178
5958,Europe,1380,FRA,France,2022,82.0,99.7,72.4,93.2,99.6,87.8,89.3,78.6,85.3,92.8,87.5,90.5,60.5,73.8,65.7,68.8,76.1,73.1,35,45,70,50,8,,2646451030889.78,68065015.0,38881.2230613595
5959,Africa,1381,GAB,Gabon,2000,53.3,86.1,52.4,31.1,59.6,32.5,56.4,44.7,61.5,10.6,42.4,46.2,84.1,81.7,69.4,54.1,44.3,49.6,30,25,15,25,5,91.98,9689372094.82624,1275572.0,7596.09970650519
5960,Africa,1382,GAB,Gabon,2001,53.6,86.1,52.2,31.2,59.6,32.9,56.7,46.2,61.7,10.7,42.4,46.2,84.8,81.7,71.0,54.1,44.3,50.0,25,35,12,25,7,91.96,9896262806.17442,1309589.0,7556.76995314898
5961,Africa,1383,GAB,Gabon,2002,56.3,86.1,52.1,32.1,59.6,33.3,57.0,56.6,61.7,10.7,42.4,46.7,83.6,82.4,76.4,82.7,44.3,49.9,15,55,15,20,5,91.94,9871617829.34082,1345135.0,7338.75620613605
5962,Africa,1384,GAB,Gabon,2003,56.7,86.1,51.8,33.0,59.6,33.7,57.3,60.2,61.7,10.8,42.4,46.6,83.1,82.5,77.5,82.7,44.3,50.3,30,43,15,20,8,91.92,10093465659.4406,1382350.0,7301.67154442842
5963,Africa,1385,GAB,Gabon,2004,57.0,86.1,50.5,33.4,59.6,34.1,57.6,66.4,61.8,11.0,42.4,47.0,83.1,82.6,76.4,82.7,44.3,50.1,30,30,15,20,8,91.9,10163064451.2538,1421609.0,7148.98713447497
5964,Africa,1386,GAB,Gabon,2005,57.3,86.1,50.4,34.4,59.6,34.4,57.9,70.6,61.8,11.4,42.4,48.2,82.4,82.5,75.9,82.7,44.3,49.6,30,45,20,30,8,91.88,10435048720.8443,1463495.0,7130.22505771754
5965,Africa,1387,GAB,Gabon,2006,57.6,86.1,50.1,34.1,59.6,36.4,58.1,73.6,61.4,11.6,42.4,48.6,82.0,84.0,73.8,82.7,44.3,49.9,28,50,15,30,10,91.86,10142180902.0393,1508337.0,6724.08148977274
5966,Africa,1388,GAB,Gabon,2007,58.0,86.1,50.3,36.7,59.6,38.9,58.4,76.1,61.0,11.4,42.4,48.5,81.5,84.3,73.7,82.7,44.3,49.9,30,30,24,20,10,91.84,10751534086.7123,1556237.0,6908.67399162999
5967,Africa,1389,GAB,Gabon,2008,58.1,86.1,50.8,37.7,59.6,39.2,58.7,76.6,60.5,12.1,42.4,49.0,81.4,84.4,71.7,82.7,44.3,49.6,35,40,18,20,10,91.82,10395827037.7727,1607175.0,6468.38523357609
5968,Africa,1390,GAB,Gabon,2009,58.3,86.1,51.0,38.0,59.6,38.5,59.0,77.5,60.2,12.7,42.4,48.9,81.2,84.5,73.6,82.7,44.3,50.4,30,40,18,15,8,91.8,10409376035.5652,1661556.0,6264.83611480154
5969,Africa,1391,GAB,Gabon,2010,58.4,86.1,52.0,40.7,59.6,38.8,59.3,78.9,59.8,13.1,42.4,48.5,80.8,83.9,72.5,82.7,44.3,49.2,25,38,32,50,10,91.78,11147389066.6347,1719879.0,6481.49612073562
5970,Africa,1392,GAB,Gabon,2011,58.7,87.3,52.3,42.5,59.6,38.8,59.6,79.0,59.8,14.2,42.4,48.6,82.6,84.4,71.5,82.7,44.3,49.1,20,35,20,28,7,91.74,11937934403.3789,1781985.0,6699.23394606512
5971,Africa,1393,GAB,Gabon,2012,59.1,88.1,52.8,44.7,59.6,45.0,59.9,75.4,59.8,14.3,42.4,49.6,83.7,84.9,69.1,82.7,43.6,49.0,35,65,15,20,10,91.69,12564804521.2615,1846889.0,6803.22668079211
5972,Africa,1394,GAB,Gabon,2013,59.3,89.3,52.9,45.0,59.6,46.8,60.1,79.5,59.8,15.4,42.4,49.5,80.9,84.3,66.4,82.7,43.7,49.6,30,40,20,35,8,91.64,13273296028.5793,1913059.0,6938.25753862236
5973,Africa,1395,GAB,Gabon,2014,59.2,89.9,52.9,43.8,59.6,45.9,60.4,78.2,61.9,18.9,42.4,49.0,81.8,84.0,67.8,82.7,43.0,45.0,38,50,18,30,8,91.6,13846034032.3711,1978399.0,6998.60545439576
5974,Africa,1396,GAB,Gabon,2015,59.8,90.3,52.2,47.8,59.6,45.0,60.6,79.2,61.9,22.6,42.4,51.0,82.4,86.0,69.2,82.7,43.0,41.0,40,58,25,20,8,91.55,14383107762.6952,2040989.0,7047.12654634355
5975,Africa,1397,GAB,Gabon,2016,60.4,90.4,52.2,47.8,59.6,44.7,60.8,80.8,61.9,29.5,42.4,51.1,82.6,86.9,71.1,82.7,42.6,38.9,35,60,20,30,15,91.51,14683922149.3088,2100306.0,6991.3251446736
5976,Africa,1398,GAB,Gabon,2017,61.8,90.3,51.2,48.2,59.6,45.9,61.0,81.3,65.9,29.9,61.8,49.7,83.0,87.9,70.3,82.8,41.6,40.9,35,45,18,45,10,91.46,14753324537.1727,2156900.0,6840.05959347802
5977,Africa,1399,GAB,Gabon,2018,61.9,89.8,51.2,48.0,60.4,45.7,61.1,82.8,65.8,32.9,61.8,51.0,83.8,89.2,65.8,82.9,41.1,39.1,38,55,18,25,8,91.41,14876945089.6921,2212318.0,6724.5961429108
5978,Africa,1400,GAB,Gabon,2019,62.2,89.6,51.5,49.4,60.4,45.9,61.3,84.8,65.9,34.6,61.8,49.8,83.6,89.6,65.8,82.9,40.1,41.2,30,40,15,40,10,91.37,15460241661.1259,2267706.0,6817.56879468764
5979,Africa,1401,GAB,Gabon,2020,62.0,88.8,51.4,48.7,60.4,44.2,61.4,85.1,65.3,34.7,61.8,48.2,83.6,89.8,65.8,82.9,39.6,43.1,32,42,18,23,10,91.32,15176119359.5533,2322539.0,6534.27966529444
5980,Africa,1402,GAB,Gabon,2021,62.8,88.0,51.5,50.5,60.8,45.1,61.4,85.1,66.4,36.2,61.8,52.2,83.6,89.9,65.8,83.2,39.5,46.9,35,55,15,35,10,,15398898313.8373,2376722.0,6479.0490069252
5981,Africa,1403,GAB,Gabon,2022,63.1,88.7,51.6,50.5,60.8,45.2,61.4,85.1,66.6,36.2,61.8,54.7,83.6,89.9,65.8,83.2,40.3,47.3,40,40,20,25,5,,15866657481.1283,2430747.0,6527.48207901861
5982,Africa,1404,GMB,"Gambia, The",2000,46.4,31.5,48.1,29.5,21.1,17.1,58.4,21.8,65.1,14.3,22.1,55.8,94.5,99.0,45.7,82.8,46.7,35.9,30,38,8,18,10,35.31,960226283.311822,1455084.0,659.911237641141
5983,Africa,1405,GMB,"Gambia, The",2001,46.8,31.5,46.8,30.9,20.8,17.1,58.3,21.1,65.1,14.4,22.1,55.8,95.2,99.0,52.1,82.8,46.7,35.4,25,35,13,20,15,34.74,1015919410.0795,1495011.0,679.539755947951
5984,Africa,1406,GMB,"Gambia, The",2002,47.0,31.5,45.6,31.7,19.3,19.0,58.1,22.6,65.0,14.3,22.1,56.3,95.7,99.0,53.4,82.8,46.7,35.7,30,50,15,12,10,34.18,982902027.731066,1535691.0,640.03893213613
5985,Africa,1407,GMB,"Gambia, The",2003,47.4,31.5,45.8,32.2,24.0,23.1,58.0,22.5,65.0,14.4,22.1,56.3,95.5,99.0,49.7,84.0,46.7,35.7,35,30,15,20,10,33.61,1050427393.31825,1577611.0,665.834222326194
5986,Africa,1408,GMB,"Gambia, The",2004,47.8,31.5,45.9,32.8,26.1,23.6,57.9,24.6,65.0,14.6,22.1,56.8,95.6,99.0,51.2,84.0,46.7,34.8,20,35,15,35,8,33.04,1124482524.55398,1621312.0,693.563314497133
5987,Africa,1409,GMB,"Gambia, The",2005,48.3,31.5,45.3,33.9,26.4,24.2,58.0,24.0,64.9,14.7,22.1,57.9,95.7,99.0,58.0,84.0,46.7,34.9,30,30,15,20,15,32.48,1098037738.85618,1667037.0,658.676285443081
5988,Africa,1410,GMB,"Gambia, The",2006,49.0,31.5,46.6,34.3,28.7,24.7,58.1,26.0,64.8,15.0,22.1,58.4,95.7,99.0,62.7,84.0,46.7,35.1,35,35,15,18,10,31.91,1091937250.0561,1715275.0,636.596026908866
5989,Africa,1411,GMB,"Gambia, The",2007,49.0,31.5,45.9,34.1,28.9,23.4,58.2,26.8,64.8,15.1,22.1,58.4,95.9,99.0,63.6,84.0,46.7,35.0,40,28,15,20,15,31.34,1125167625.04935,1765774.0,637.20930597537
5990,Africa,1412,GMB,"Gambia, The",2008,49.3,31.5,48.3,36.5,25.1,24.0,58.3,27.3,64.8,15.2,22.1,58.8,95.9,99.0,63.7,84.0,46.7,37.3,38,40,15,18,15,30.78,1195557048.77095,1817852.0,657.675679192228
5991,Africa,1413,GMB,"Gambia, The",2009,49.6,31.5,50.1,37.8,25.9,23.6,58.4,27.6,64.8,15.3,22.1,58.8,95.8,99.0,64.4,84.0,46.7,37.1,37,33,15,20,10,30.21,1275249585.58493,1871422.0,681.433469086571
5992,Africa,1414,GMB,"Gambia, The",2010,50.6,31.5,48.5,39.5,26.6,24.2,58.5,27.7,64.7,15.5,35.1,59.4,95.9,98.9,64.3,84.0,46.7,38.2,35,35,15,20,8,29.64,1350595613.51288,1926630.0,701.014524591061
5993,Africa,1415,GMB,"Gambia, The",2011,50.6,30.8,46.5,40.0,27.6,24.9,58.7,28.1,64.5,15.9,35.1,59.5,96.0,99.0,64.3,84.0,46.7,38.3,42,40,15,35,5,29.08,1240786190.47581,1983784.0,625.464360270983
5994,Africa,1416,GMB,"Gambia, The",2012,51.0,31.7,48.8,41.2,29.7,25.6,58.8,28.8,64.6,14.6,35.1,59.8,96.2,99.0,63.8,84.0,46.7,38.8,30,55,15,40,12,28.51,1305822857.84822,2043094.0,639.139881889048
5995,Africa,1417,GMB,"Gambia, The",2013,51.8,40.0,47.2,41.1,32.0,29.5,58.9,29.4,65.1,15.0,35.1,60.3,96.1,99.1,64.2,84.0,45.9,37.2,30,40,15,35,10,27.95,1343336129.36544,2103820.0,638.522368532214
5996,Africa,1418,GMB,"Gambia, The",2014,52.4,42.8,46.0,41.7,35.2,31.9,59.0,29.0,65.5,16.6,35.1,60.1,96.0,99.0,65.9,84.0,45.8,37.9,40,40,15,35,10,27.38,1324430251.83027,2164528.0,611.879472952196
5997,Africa,1419,GMB,"Gambia, The",2015,55.3,46.1,45.2,44.3,42.3,33.3,59.2,29.7,66.1,17.6,69.1,58.4,96.1,98.8,65.9,84.0,46.0,37.7,40,55,20,18,15,26.81,1378176608.93204,2224529.0,619.536364296461
5998,Africa,1420,GMB,"Gambia, The",2016,55.5,43.7,46.0,45.0,42.2,34.7,59.3,30.5,66.6,19.0,69.1,59.9,96.1,98.9,65.8,84.0,45.4,37.9,35,55,18,18,10,26.25,1404959537.12175,2283769.0,615.193365494386
5999,Africa,1421,GMB,"Gambia, The",2017,56.3,49.9,45.5,45.1,43.9,36.5,59.4,30.6,67.1,20.2,69.1,59.7,96.1,98.8,65.8,84.0,45.8,39.6,20,60,20,28,10,25.68,1472715273.80675,2342189.0,628.777299272925
6000,Africa,1422,GMB,"Gambia, The",2018,57.8,55.8,48.8,49.1,45.8,41.1,59.6,30.3,67.6,20.7,69.1,60.8,96.2,99.0,65.9,85.5,47.3,40.2,40,40,20,32,5,25.11,1579264608.77791,2399632.0,658.127833258563
6001,Africa,1423,GMB,"Gambia, The",2019,58.0,56.9,47.3,50.0,48.6,42.9,59.7,30.4,67.6,22.0,69.1,59.3,96.2,99.0,63.9,85.5,48.2,39.8,37,55,25,20,8,24.55,1677527292.27233,2456844.0,682.797642940426
6002,Africa,1424,GMB,"Gambia, The",2020,58.1,53.6,47.3,50.2,49.8,42.6,59.9,30.4,66.5,24.4,69.1,59.8,96.2,99.0,63.8,85.5,48.7,40.9,35,55,15,25,15,23.98,1687449652.95674,2515733.0,670.758642891251
6003,Africa,1425,GMB,"Gambia, The",2021,58.5,54.5,47.4,50.1,52.6,43.0,59.9,30.4,65.6,24.6,69.1,59.8,96.2,99.0,63.7,83.0,48.8,46.9,25,30,18,24,15,,1776141480.03218,2576010.0,689.49323955737
6004,Africa,1426,GMB,"Gambia, The",2022,58.3,59.4,47.6,48.6,51.5,43.1,59.9,30.4,65.7,24.6,69.1,54.9,96.2,99.0,63.7,83.0,47.7,46.6,25,55,15,24,20,,1873704900.53827,2636470.0,710.686979384658
6005,Asia,1427,GEO,Georgia,2000,67.1,65.9,51.5,58.3,94.8,50.8,80.2,80.5,71.0,21.6,50.6,81.0,89.5,95.4,70.1,62.4,68.2,49.8,15,20,8,30,5,39.73,6365211520.66238,4077131.0,1561.19867638847
6006,Asia,1428,GEO,Georgia,2001,67.8,65.9,54.0,59.2,94.8,50.9,80.1,83.8,70.8,21.7,55.0,81.1,89.6,95.6,69.1,62.4,68.0,51.0,35,40,20,22,5,39.82,6671206249.59299,4014373.0,1661.83019106421
6007,Asia,1429,GEO,Georgia,2002,68.4,65.9,53.6,59.4,95.2,50.9,80.1,85.2,70.0,21.4,64.4,81.2,89.4,95.7,68.6,62.3,67.8,50.8,40,18,10,15,10,39.9,7036389739.95908,3978515.0,1768.5970116888
6008,Asia,1430,GEO,Georgia,2003,68.7,65.9,55.9,60.1,94.3,51.0,80.1,85.4,70.6,21.6,67.3,81.3,89.4,95.6,68.6,63.7,67.8,50.1,25,35,10,20,10,39.99,7814405534.92863,3951736.0,1977.46143338741
6009,Asia,1431,GEO,Georgia,2004,69.2,65.9,56.1,60.8,95.3,52.1,80.0,85.1,69.9,22.2,68.7,81.5,89.0,95.3,67.7,63.7,66.0,57.4,35,30,10,18,10,40.08,8267069270.18365,3927340.0,2105.00472843799
6010,Asia,1432,GEO,Georgia,2005,68.8,65.9,55.7,64.3,97.9,52.2,80.0,78.4,69.3,22.6,64.4,81.5,88.8,95.0,67.3,63.6,65.7,57.7,25,35,15,25,10,40.17,9059975319.60238,3902469.0,2321.60084285163
6011,Asia,1433,GEO,Georgia,2006,69.0,65.9,52.1,65.1,97.5,52.2,80.0,76.8,69.4,22.8,66.3,81.8,88.8,94.5,67.1,63.8,69.0,60.3,25,25,15,20,10,40.26,9913559155.90151,3880347.0,2554.81253503914
6012,Asia,1434,GEO,Georgia,2007,69.0,65.9,54.3,66.5,99.4,52.3,80.0,77.1,69.5,22.7,61.0,79.9,88.2,94.4,66.5,64.7,68.6,61.9,35,32,12,15,10,40.35,11160245709.6589,3860158.0,2891.13702331846
6013,Asia,1435,GEO,Georgia,2008,69.2,65.9,55.0,65.5,97.8,50.6,80.0,78.4,66.9,23.2,59.1,84.3,88.6,94.8,66.2,64.5,73.7,62.1,10,10,15,18,10,40.44,11430503827.9115,3848449.0,2970.15858282428
6014,Asia,1436,GEO,Georgia,2009,69.1,65.9,55.4,63.4,94.9,50.2,80.0,78.8,65.4,25.0,60.2,84.8,88.7,94.5,66.2,64.5,73.8,63.0,30,25,30,18,5,40.53,11013204446.9733,3814419.0,2887.25607935922
6015,Asia,1437,GEO,Georgia,2010,69.6,65.9,51.6,68.4,97.5,54.3,80.0,81.1,65.6,25.8,55.0,87.4,89.0,94.4,66.3,64.5,75.8,60.0,35,30,15,15,10,40.62,11701134202.5253,3786695.0,3090.06513662318
6016,Asia,1438,GEO,Georgia,2011,69.9,66.3,53.6,70.2,98.0,54.4,80.0,77.6,65.9,27.2,54.3,87.3,88.3,92.9,67.1,68.5,76.7,59.9,32,25,25,18,8,40.62,12629541567.4316,3756441.0,3362.1030031968
6017,Asia,1439,GEO,Georgia,2012,70.8,71.8,53.1,70.7,99.0,57.2,80.0,76.7,65.9,32.8,57.1,86.1,87.9,92.6,68.0,68.6,76.7,59.7,15,10,20,38,8,40.62,13460417765.6957,3728874.0,3609.780798626
6018,Asia,1440,GEO,Georgia,2013,71.7,76.5,53.3,71.6,99.6,56.5,80.0,79.7,66.0,36.9,58.7,88.9,87.3,92.6,66.5,68.6,74.0,62.4,10,30,10,20,5,40.62,14151325572.1376,3717668.0,3806.50600649051
6019,Asia,1441,GEO,Georgia,2014,72.1,80.0,52.2,71.4,98.5,57.1,80.0,79.3,68.2,35.7,63.1,86.7,87.1,91.5,66.8,68.9,76.6,63.2,35,30,10,35,8,40.62,14730184213.8494,3719414.0,3960.35080091901
6020,Asia,1442,GEO,Georgia,2015,73.0,82.4,52.3,71.2,99.6,57.4,80.0,78.2,69.5,39.8,67.2,85.7,87.2,92.3,66.7,68.9,76.0,65.6,25,35,20,43,8,40.62,15223796148.8396,3725276.0,4086.6223465965
6021,Asia,1443,GEO,Georgia,2016,73.5,82.6,53.8,71.8,98.3,59.3,80.2,78.7,69.5,41.8,67.1,85.8,87.1,92.1,66.9,68.9,78.5,67.4,35,25,40,35,8,40.62,15749049874.5344,3727505.0,4225.09154904806
6022,Asia,1444,GEO,Georgia,2017,73.4,81.3,51.9,73.3,99.2,59.8,80.3,79.4,72.2,42.5,61.6,87.4,86.9,92.0,66.8,68.9,76.5,68.0,20,40,42,54,8,40.62,16561685511.0983,3728004.0,4442.50744127374
6023,Asia,1445,GEO,Georgia,2018,73.8,82.1,54.7,74.7,99.2,60.0,80.3,80.6,73.2,46.1,67.8,86.2,85.9,91.4,60.6,68.9,76.8,65.6,40,38,50,20,10,40.62,17565660917.3341,3726549.0,4713.65354845303
6024,Asia,1446,GEO,Georgia,2019,74.2,82.9,54.8,75.3,99.4,59.3,80.3,79.4,72.9,49.4,69.7,85.7,85.7,91.0,61.1,68.9,77.1,67.9,30,20,25,35,10,40.62,18510819818.4957,3720161.0,4975.81148194814
6025,Asia,1447,GEO,Georgia,2020,74.5,80.3,55.2,75.1,99.4,62.3,80.3,79.8,72.8,50.5,75.2,83.9,85.7,91.1,61.1,68.9,76.4,68.9,20,30,20,30,10,40.62,17346401920.57,3722716.0,4659.60925318234
6026,Asia,1448,GEO,Georgia,2021,75.1,84.6,55.5,74.5,96.9,61.8,80.3,79.8,73.9,53.5,75.2,87.2,85.6,91.0,61.2,69.3,75.9,69.8,38,20,18,30,10,,19192793472.268,3708610.0,5175.19865185825
6027,Asia,1449,GEO,Georgia,2022,75.0,88.1,55.5,75.1,96.9,61.8,80.3,79.8,74.2,53.1,75.2,83.9,85.6,91.0,61.1,69.3,74.3,69.9,35,30,25,25,10,,21296041913.2144,3712502.0,5736.30449578597
6028,Europe,1450,DEU,Germany,2000,76.7,99.9,75.0,87.7,96.8,70.9,82.0,68.9,84.5,70.5,94.3,89.1,51.5,56.9,54.7,66.5,83.1,72.0,15,15,80,70,10,32.55,2884562511081.11,82211508.0,35087.0891588694
6029,Europe,1451,DEU,Germany,2001,77.2,99.9,75.8,88.5,96.4,71.8,82.3,68.9,84.7,70.9,92.6,89.1,51.8,56.6,57.7,70.7,83.2,72.1,18,20,60,78,10,32.56,2931769559083.27,82349925.0,35601.3628316391
6030,Europe,1452,DEU,Germany,2002,77.3,99.9,73.6,88.7,93.6,73.3,82.7,69.4,84.4,74.0,92.9,89.1,52.0,56.9,57.2,70.9,83.2,72.3,15,10,80,75,12,32.58,2925076029437.79,82488495.0,35460.4121391449
6031,Europe,1453,DEU,Germany,2003,77.5,99.9,71.6,89.1,94.2,74.2,83.0,70.2,83.5,76.0,92.6,89.1,51.6,56.9,58.4,71.2,83.2,72.5,10,10,75,70,8,32.59,2909575202980.57,82534176.0,35252.9745130135
6032,Europe,1454,DEU,Germany,2004,78.4,99.9,75.4,89.7,94.9,75.4,83.4,70.7,82.9,77.1,92.3,89.1,51.7,57.1,63.1,74.0,83.4,72.0,15,15,85,76,10,32.61,2943395181479.31,82516260.0,35670.4870225493
6033,Europe,1455,DEU,Germany,2005,78.4,99.9,74.0,90.5,95.4,74.9,84.3,71.3,82.7,77.7,90.2,89.3,52.0,57.5,62.6,74.4,83.5,72.1,15,20,80,60,8,32.62,2969464751855.67,82469422.0,36006.8578127742
6034,Europe,1456,DEU,Germany,2006,78.6,99.9,73.3,90.8,95.4,74.9,85.1,72.0,83.1,78.3,91.0,89.3,51.6,57.3,62.2,76.1,83.9,71.6,20,10,85,79,10,32.64,3083959477646.31,82376451.0,37437.3918784909
6035,Europe,1457,DEU,Germany,2007,78.5,99.9,71.9,90.5,95.7,75.2,86.0,73.2,84.0,78.7,90.8,88.5,51.5,57.8,58.6,76.9,84.5,71.6,10,10,78,79,10,32.66,3173089211903.54,82266372.0,38570.9146369495
6036,Europe,1458,DEU,Germany,2008,78.7,99.9,74.5,91.0,95.0,75.6,85.9,73.1,84.6,80.5,91.5,87.8,51.6,57.8,55.6,77.9,84.1,72.0,20,40,85,78,10,32.67,3201977118076.66,82110097.0,38996.1434106777
6037,Europe,1459,DEU,Germany,2009,79.2,99.9,74.3,91.5,94.7,76.3,85.8,73.3,84.6,82.1,92.0,88.2,52.6,59.1,55.4,78.1,84.1,74.0,10,15,75,78,8,32.69,3024422218192.68,81902307.0,36927.1920288238
6038,Europe,1460,DEU,Germany,2010,79.3,99.9,72.5,92.3,96.2,76.6,85.8,73.8,85.0,82.9,92.3,89.6,52.4,58.2,54.1,78.2,84.7,73.9,18,20,65,79,10,32.7,3149837977323.93,81776930.0,38517.4397880176
6039,Europe,1461,DEU,Germany,2011,79.6,99.8,72.3,92.0,95.6,77.0,86.6,74.3,85.5,84.4,90.4,91.0,52.3,57.6,58.6,78.3,85.0,73.3,17,35,75,80,7,32.71,3268207907175.76,80274983.0,40712.6577301892
6040,Europe,1462,DEU,Germany,2012,80.1,99.8,73.4,92.4,94.7,77.1,87.4,74.9,85.9,85.8,90.2,90.6,52.7,59.8,59.7,78.3,85.3,73.6,26,25,75,78,8,32.72,3283708733632.98,80425823.0,40829.0348938423
6041,Europe,1463,DEU,Germany,2013,80.6,99.7,73.4,92.7,96.4,81.8,88.2,74.8,86.0,86.4,89.4,91.9,52.7,59.4,61.3,78.4,83.5,73.9,15,10,80,80,10,32.72,3296391224293.45,80645605.0,40875.0262868442
6042,Europe,1464,DEU,Germany,2014,81.0,99.6,73.1,92.8,97.0,81.8,88.3,75.2,86.2,89.6,91.1,89.2,52.5,59.5,60.0,78.4,87.8,74.0,18,30,75,75,8,32.73,3367906395564.59,80982500.0,41588.0763814971
6043,Europe,1465,DEU,Germany,2015,81.9,99.6,72.8,93.1,97.3,81.9,88.4,75.6,86.5,91.1,89.2,95.7,52.9,62.2,64.2,78.4,89.7,74.1,25,45,85,79,8,32.73,3423568450957.03,81686611.0,41911.0109851054
6044,Europe,1466,DEU,Germany,2016,82.0,99.6,72.8,92.6,98.7,82.1,88.4,75.5,86.8,91.4,88.9,95.2,52.9,61.0,67.1,78.6,88.6,74.2,20,30,68,75,8,32.73,3502129441295.12,82348669.0,42528.0637054999
6045,Europe,1467,DEU,Germany,2017,82.1,99.4,73.2,93.3,98.5,79.4,88.4,76.0,87.0,92.2,90.1,93.9,53.0,62.2,68.4,78.7,88.0,74.7,30,45,70,77,7,32.73,3597248136567.34,82657002.0,43520.1864273682
6046,Europe,1468,DEU,Germany,2018,82.3,99.5,70.9,93.3,98.5,79.5,88.4,76.5,87.1,93.3,89.4,93.2,53.0,62.3,69.9,78.9,89.2,75.6,15,38,80,76,8,32.73,3637409365502.55,82905782.0,43874.0130996238
6047,Europe,1469,DEU,Germany,2019,82.6,99.5,72.3,93.7,97.3,79.7,88.4,77.2,87.2,94.3,88.1,92.1,53.1,63.3,73.9,79.3,88.9,76.1,20,25,80,75,8,32.73,3673343090742.63,83092962.0,44207.6320584483
6048,Europe,1470,DEU,Germany,2020,83.0,99.5,72.4,94.2,97.2,80.0,88.4,77.2,86.6,95.1,88.1,91.3,53.1,64.7,74.0,79.3,90.3,80.5,22,40,75,60,10,32.73,3522914639711.92,83160871.0,42362.6472083477
6049,Europe,1471,DEU,Germany,2021,83.3,99.5,72.4,93.4,97.2,81.9,88.4,77.2,86.8,95.8,88.1,90.9,55.4,64.0,74.0,79.2,89.2,82.5,15,35,70,79,8,,3652205602904.36,83196078.0,43898.7713207389
6050,Europe,1472,DEU,Germany,2022,83.4,99.5,72.4,93.0,97.2,81.9,88.4,77.2,87.0,95.8,88.1,90.1,55.4,64.0,74.0,79.2,89.5,84.4,20,30,75,82,7,,3702230996915.75,83797985.0,44180.4298386858
6051,Africa,1473,GHA,Ghana,2000,54.8,43.7,59.2,37.9,47.1,43.2,47.3,42.5,68.0,16.7,38.9,55.5,96.2,97.6,51.8,72.4,67.6,45.5,25,55,30,35,15,38.89,20074507180.6623,19637087.0,1022.27520714566
6052,Africa,1474,GHA,Ghana,2001,54.6,43.7,59.2,37.3,42.9,43.6,47.6,42.7,68.5,16.7,38.9,55.0,96.3,97.5,51.1,72.4,67.6,48.1,25,55,25,35,15,38.49,20877487493.6,20167069.0,1035.22666053257
6053,Africa,1475,GHA,Ghana,2002,54.9,43.7,60.1,37.9,46.3,44.0,47.9,41.5,69.0,16.7,38.9,55.5,96.2,97.5,51.1,72.4,67.6,47.4,10,30,30,25,20,38.09,21816974338.743,20729388.0,1052.46591644399
6054,Africa,1476,GHA,Ghana,2003,55.2,43.7,60.9,37.6,49.2,44.4,48.3,40.1,69.6,16.7,38.9,55.0,96.1,97.5,51.2,72.9,67.6,49.0,25,60,30,60,15,37.69,22951457033.3962,21296705.0,1077.69990866645
6055,Africa,1477,GHA,Ghana,2004,55.9,43.7,60.2,38.7,49.7,45.7,48.7,41.5,70.1,16.7,38.9,55.5,96.2,97.6,50.2,72.9,67.6,55.8,25,45,45,35,5,37.3,24236738625.149,21868298.0,1108.30475353633
6056,Africa,1478,GHA,Ghana,2005,56.3,43.7,61.1,39.6,53.2,46.1,49.2,39.9,70.7,16.7,38.9,57.7,96.1,97.6,49.4,72.9,67.7,56.8,25,65,20,34,7,36.9,25666707129.5251,22449438.0,1143.31178934301
6057,Africa,1479,GHA,Ghana,2006,55.9,43.7,62.9,39.4,54.4,46.4,49.7,43.0,71.2,16.8,38.9,58.1,96.0,97.4,47.2,72.9,67.7,44.8,30,40,55,55,18,36.5,27309353954.6989,23040702.0,1185.26570738595
6058,Africa,1480,GHA,Ghana,2007,56.6,43.7,63.2,43.8,57.2,46.7,50.3,41.2,71.1,17.0,38.9,63.0,96.0,97.4,45.6,72.9,66.7,47.3,30,40,45,65,20,36.1,28496442169.6902,23642279.0,1205.31705804209
6059,Africa,1481,GHA,Ghana,2008,56.9,43.7,62.7,43.2,63.9,44.7,50.8,44.4,71.0,17.1,38.9,61.0,96.1,97.5,45.7,72.9,66.5,47.9,25,45,60,50,18,35.7,31103809332.791,24249946.0,1282.63416886747
6060,Africa,1482,GHA,Ghana,2009,57.0,43.7,64.0,42.9,66.1,45.1,51.4,45.2,70.9,17.4,38.9,56.5,96.1,97.6,45.5,72.9,66.9,47.6,15,28,60,30,15,35.31,32610629348.5193,24862664.0,1311.63053760125
6061,Africa,1483,GHA,Ghana,2010,57.5,43.7,64.7,44.9,67.7,45.4,51.9,46.0,70.8,18.3,38.9,58.4,96.0,97.5,45.0,72.9,66.5,49.4,30,55,50,54,15,34.91,35186775129.0417,25474995.0,1381.2279503506
6062,Africa,1484,GHA,Ghana,2011,58.7,45.9,66.0,48.4,70.3,48.9,52.5,45.9,71.4,20.8,38.9,55.7,95.8,97.1,43.1,72.9,68.9,55.9,25,45,55,60,15,34.85,40129504915.3457,26095088.0,1537.81834019283
6063,Africa,1485,GHA,Ghana,2012,58.9,48.5,66.8,47.6,71.4,49.5,53.1,44.1,72.0,19.4,42.0,55.1,95.7,96.7,44.0,72.9,68.0,54.9,30,63,65,40,5,34.8,43858655296.9198,26734268.0,1640.54072088003
6064,Africa,1486,GHA,Ghana,2013,59.0,56.1,66.7,47.4,73.1,46.7,53.6,49.0,72.6,20.9,42.0,51.3,95.7,96.8,45.3,72.9,67.5,44.9,30,42,60,53,15,34.74,47065830437.531,27386193.0,1718.59704769958
6065,Africa,1487,GHA,Ghana,2014,59.7,52.0,68.5,47.1,73.8,50.2,54.2,50.5,73.0,28.3,42.0,50.3,95.8,97.2,46.7,72.9,69.3,43.8,30,42,60,60,15,34.69,48410143589.6826,28041592.0,1726.36930134647
6066,Africa,1488,GHA,Ghana,2015,60.1,51.6,68.5,48.1,76.4,52.1,54.8,47.1,70.9,29.9,42.0,51.5,95.8,96.9,46.9,72.9,71.3,44.4,20,33,65,60,8,34.63,49436806230.4839,28696068.0,1722.77282833606
6067,Africa,1489,GHA,Ghana,2016,59.6,49.1,68.6,49.7,76.4,52.0,55.4,49.3,71.8,30.2,35.2,51.8,95.7,96.9,46.2,72.9,68.5,43.6,30,55,60,60,7,34.73,51104539956.3997,29356742.0,1740.81101902928
6068,Africa,1490,GHA,Ghana,2017,60.7,50.0,67.5,52.9,78.3,52.5,55.9,48.9,74.7,39.9,35.2,54.0,95.6,97.1,45.6,72.9,68.1,43.1,30,38,65,55,10,34.82,55258774288.879,30008354.0,1841.44636153249
6069,Africa,1491,GHA,Ghana,2018,61.1,50.7,68.3,52.0,84.4,53.2,56.5,48.4,74.6,40.8,35.2,56.1,95.5,96.7,45.4,68.0,68.6,44.7,15,45,45,50,7,34.91,58684861220.5087,30637585.0,1915.4532323781
6070,Africa,1492,GHA,Ghana,2019,61.6,55.8,69.5,53.3,84.4,54.0,57.1,50.3,74.9,43.6,35.2,51.4,95.4,96.7,44.9,68.0,67.7,45.0,30,55,20,30,10,35.0,62503939826.8611,31258945.0,1999.55372220211
6071,Africa,1493,GHA,Ghana,2020,62.0,54.4,70.4,53.5,84.5,54.0,57.7,50.9,75.6,44.3,35.2,55.4,95.4,96.6,44.9,68.0,67.5,45.0,38,55,55,30,12,35.1,62825173619.4157,31887809.0,1970.19411460398
6072,Africa,1494,GHA,Ghana,2021,61.8,53.3,70.6,53.1,84.5,54.9,57.7,50.9,76.4,42.6,35.2,51.7,95.4,96.6,44.9,69.4,68.0,46.0,30,66,65,48,15,,66014472471.1465,32518665.0,2030.04866500967
6073,Africa,1495,GHA,Ghana,2022,61.8,54.4,70.8,52.8,84.5,54.9,57.7,50.9,76.4,46.8,35.2,48.9,95.4,96.6,44.9,69.4,65.0,46.0,30,60,55,48,8,,68526224001.2217,33149152.0,2067.20895910766
6074,Europe,1496,GRC,Greece,2000,70.2,99.0,71.0,83.4,93.9,50.5,87.7,70.2,69.4,35.0,78.4,85.4,64.3,68.8,51.0,57.5,72.1,56.6,15,8,25,60,8,27.93,194535950663.831,10805808.0,18002.9064613985
6075,Europe,1497,GRC,Greece,2001,71.1,99.0,71.7,84.2,93.1,51.1,87.7,69.6,69.8,35.6,78.4,85.4,64.5,68.5,55.8,64.3,72.1,57.8,18,30,20,40,10,28.16,203582678904.899,10862132.0,18742.4235780691
6076,Europe,1498,GRC,Greece,2002,71.5,99.0,70.9,85.0,93.1,50.6,87.7,69.8,70.1,37.0,78.4,85.4,64.7,68.6,56.0,69.7,72.1,57.8,15,8,55,60,7,28.4,213116735217.242,10902022.0,19548.3677447396
6077,Europe,1499,GRC,Greece,2003,71.8,99.0,68.9,85.4,93.0,49.9,87.7,70.3,70.4,38.3,80.3,85.4,64.3,68.1,59.1,70.2,72.1,57.9,25,20,60,45,7,28.63,225470734593.334,10928070.0,20632.2557041942
6078,Europe,1500,GRC,Greece,2004,72.1,99.0,71.6,85.2,92.7,52.0,87.6,70.4,69.8,40.2,79.2,85.4,64.4,68.0,58.8,70.3,72.2,57.8,18,12,30,55,8,28.87,237596249349.014,10955141.0,21688.1050959558
6079,Europe,1501,GRC,Greece,2005,72.1,99.0,71.5,86.3,92.4,51.0,87.6,70.5,70.0,42.7,74.7,85.5,64.4,67.3,60.6,70.6,71.8,59.1,30,30,40,40,8,29.1,240408216059.142,10987314.0,21880.5265835801
6080,Europe,1502,GRC,Greece,2006,72.4,99.0,69.7,86.7,91.2,52.2,87.6,70.9,70.5,45.4,76.2,85.6,64.6,67.6,61.6,70.7,72.1,58.9,20,20,35,45,10,29.33,255898673342.699,11020362.0,23220.5324419197
6081,Europe,1503,GRC,Greece,2007,72.8,99.0,69.7,87.7,93.8,52.5,87.7,71.0,70.7,46.0,79.3,86.0,63.9,67.2,61.5,70.8,71.1,59.2,30,30,40,40,10,29.57,264872706550.759,11048473.0,23973.6936091313
6082,Europe,1504,GRC,Greece,2008,73.1,99.0,70.6,87.9,93.8,52.9,87.7,71.1,71.0,46.7,80.2,86.0,63.8,67.7,61.3,71.7,70.9,60.0,25,30,40,35,10,29.8,265024939553.215,11077841.0,23923.8800731311
6083,Europe,1505,GRC,Greece,2009,73.4,99.0,70.7,87.1,93.8,54.8,87.7,71.6,70.2,47.1,79.2,87.2,64.9,68.7,61.4,72.3,71.0,61.1,38,20,35,35,15,30.04,254107830646.221,11107017.0,22878.1346644397
6084,Europe,1506,GRC,Greece,2010,73.9,99.0,67.9,87.9,95.6,55.4,87.6,72.8,68.5,49.2,77.9,87.4,66.0,69.7,61.1,78.4,69.3,61.6,25,30,32,23,8,30.27,239639588360.141,11121341.0,21547.724178239
6085,Europe,1507,GRC,Greece,2011,73.9,98.4,68.0,87.4,95.5,56.5,87.6,72.9,65.7,51.4,77.5,86.2,66.0,72.0,58.7,81.6,69.4,61.2,30,40,35,22,10,30.27,215970916413.204,11104899.0,19448.255802525
6086,Europe,1508,GRC,Greece,2012,73.9,98.1,69.2,87.1,96.2,58.0,87.7,74.3,62.1,52.2,74.2,87.1,67.5,72.2,59.4,81.6,68.4,60.8,40,40,30,25,15,30.27,197978089510.093,11045011.0,17924.6620496886
6087,Europe,1509,GRC,Greece,2013,74.3,98.3,69.0,86.8,94.4,61.7,87.7,76.2,61.2,53.6,74.1,84.0,67.7,75.4,60.4,81.6,71.3,59.9,38,25,35,25,5,30.27,193479795684.276,10965211.0,17644.8766635021
6088,Europe,1510,GRC,Greece,2014,74.9,98.5,68.6,87.1,93.9,62.6,87.7,75.6,62.7,56.8,75.2,85.8,67.9,75.3,61.7,81.5,74.3,58.4,25,25,40,38,5,30.27,195012591113.587,10892413.0,17903.5252440012
6089,Europe,1511,GRC,Greece,2015,75.2,98.2,69.2,88.8,96.5,63.0,87.7,76.4,63.4,58.5,74.6,84.9,68.4,77.6,59.5,81.5,72.9,57.8,38,38,55,27,10,30.27,194567373678.099,10820883.0,17980.7298238137
6090,Europe,1512,GRC,Greece,2016,75.7,98.6,67.8,88.4,94.4,63.0,87.6,76.5,64.2,61.2,77.2,86.9,68.1,78.7,63.4,81.4,72.1,57.6,38,22,37,40,8,30.27,194505511433.343,10775971.0,18049.928997892
6091,Europe,1513,GRC,Greece,2017,76.2,99.1,68.0,88.6,94.4,62.4,87.6,76.2,64.2,73.6,80.9,82.9,68.0,78.8,59.5,81.4,72.1,57.1,25,20,45,56,8,30.27,197370820217.692,10754679.0,18352.0884461258
6092,Europe,1514,GRC,Greece,2018,77.0,100.0,65.8,89.2,95.1,62.6,87.6,77.0,66.8,75.3,85.5,86.7,66.9,77.9,59.9,81.4,73.5,57.5,35,30,40,60,10,30.27,201445880434.67,10732882.0,18769.0389621976
6093,Europe,1515,GRC,Greece,2019,77.5,99.2,66.2,90.5,96.0,64.0,87.7,76.4,68.0,77.0,84.6,84.8,66.9,78.8,65.9,81.4,73.4,57.4,30,30,50,55,15,30.27,206033167050.895,10721582.0,19216.6759579785
6094,Europe,1516,GRC,Greece,2020,77.8,99.0,66.5,90.2,97.1,64.6,87.7,76.4,69.0,78.8,84.6,78.3,66.9,80.4,65.9,81.3,75.3,60.6,35,20,55,50,8,30.27,187085880047.738,10698599.0,17486.951333323
6095,Europe,1517,GRC,Greece,2021,78.1,99.1,66.6,90.7,97.1,65.2,87.7,76.4,72.1,80.6,84.6,81.1,64.8,80.2,65.8,81.3,73.7,61.4,25,35,45,55,10,,203277223532.871,10569207.0,19232.9683327114
6096,Europe,1518,GRC,Greece,2022,78.4,99.2,66.6,90.3,97.1,65.4,87.7,76.4,73.8,81.6,84.6,85.6,64.8,80.2,65.8,81.2,71.1,60.8,25,30,58,60,10,,214952753800.9,10436882.0,20595.4952639016
6120,North America,1542,GTM,Guatemala,2000,54.4,68.0,37.6,59.9,57.1,38.3,65.1,49.3,68.0,14.8,12.4,72.6,90.1,96.7,58.3,47.9,47.1,42.3,15,40,20,15,10,39.28,37033784161.0456,11697592.0,3165.93228427232
6121,North America,1543,GTM,Guatemala,2001,54.4,68.0,37.6,60.2,57.4,38.0,65.3,48.8,68.0,14.8,12.4,72.6,90.2,96.6,56.1,47.9,46.6,44.1,55,55,15,18,7,38.83,37897624902.3476,11969422.0,3166.2034225502
6122,North America,1544,GTM,Guatemala,2002,55.0,68.0,39.7,60.9,60.2,37.8,65.6,48.5,67.9,15.0,12.4,73.1,89.9,96.6,61.3,47.9,45.9,44.4,48,58,30,20,10,38.37,39352623520.9604,12246915.0,3213.26828192736
6123,North America,1545,GTM,Guatemala,2003,54.6,68.0,38.8,62.3,60.2,37.1,65.8,49.8,67.9,15.1,12.4,73.1,89.9,96.7,53.5,48.0,44.8,44.4,42,40,30,25,7,37.92,40360199305.3707,12525842.0,3222.15459091458
6124,North America,1546,GTM,Guatemala,2004,55.1,68.0,39.0,63.0,63.6,36.8,66.0,48.4,67.8,15.2,12.4,73.7,89.6,96.6,59.8,47.9,44.4,44.2,35,50,18,32,10,37.46,41626668794.4542,12807402.0,3250.20396755362
6125,North America,1547,GTM,Guatemala,2005,55.1,68.0,39.1,64.1,64.8,36.5,66.2,49.5,67.8,15.4,12.4,73.5,89.2,96.5,59.2,48.0,43.6,43.7,45,60,20,18,10,37.01,42990369672.5111,13087629.0,3284.8096223167
6126,North America,1548,GTM,Guatemala,2006,55.9,68.0,40.2,64.4,66.8,36.2,66.4,51.1,67.8,15.5,11.8,74.1,89.9,96.5,61.0,49.1,43.6,47.1,45,55,20,25,8,36.56,45290955363.8385,13367459.0,3388.14993663631
6127,North America,1549,GTM,Guatemala,2007,55.4,68.0,40.0,60.6,67.8,38.3,66.6,50.5,67.8,15.7,11.8,70.8,89.9,96.6,56.7,49.6,44.0,47.2,40,40,25,18,10,36.1,48161368706.8855,13652040.0,3527.77817138578
6128,North America,1550,GTM,Guatemala,2008,55.9,68.0,40.5,63.0,68.3,41.6,66.8,50.4,67.7,15.8,11.8,70.5,90.4,96.8,57.6,49.5,44.5,46.9,50,55,15,24,7,35.65,49747574944.1124,13935174.0,3569.92850926098
6129,North America,1551,GTM,Guatemala,2009,56.2,68.0,40.8,65.0,68.9,41.8,67.0,50.1,67.6,16.0,11.8,71.7,90.3,96.7,61.7,49.5,42.4,46.4,42,39,20,18,5,35.19,49984820187.0985,14215611.0,3516.19217683281
6130,North America,1552,GTM,Guatemala,2010,56.1,68.0,40.9,67.5,70.3,41.9,67.2,51.3,67.6,16.3,11.8,72.6,90.6,96.8,53.7,49.4,42.1,45.6,55,40,20,22,10,34.74,51426470088.6667,14500112.0,3546.62571493701
6131,North America,1553,GTM,Guatemala,2011,55.9,68.5,40.9,66.5,69.7,42.7,67.4,51.5,67.8,16.7,11.8,70.0,90.5,96.7,52.1,49.4,42.1,45.9,43,57,25,24,10,34.48,53567820416.3384,14792126.0,3621.37399426819
6132,North America,1554,GTM,Guatemala,2012,57.2,68.8,41.0,67.8,71.0,42.9,67.6,52.9,68.0,18.7,11.8,73.5,90.4,96.7,60.0,49.3,45.3,46.1,55,55,20,25,7,34.23,55161306960.2094,15089647.0,3655.57305351208
6133,North America,1555,GTM,Guatemala,2013,56.9,69.3,41.3,68.1,68.5,44.6,67.8,53.5,67.8,19.3,11.8,73.7,90.2,96.6,56.1,49.3,43.5,46.2,44,45,18,25,10,33.97,57199417423.9334,15387337.0,3717.30452279907
6134,North America,1556,GTM,Guatemala,2014,58.1,70.2,42.0,67.1,69.8,49.9,67.9,53.2,71.0,20.1,20.7,75.9,90.1,96.4,52.8,49.9,43.6,46.7,42,58,20,18,5,33.72,59741346853.4207,15681725.0,3809.61576952923
6135,North America,1557,GTM,Guatemala,2015,58.0,71.3,42.0,67.4,70.6,48.9,68.1,54.1,70.9,21.1,20.7,76.2,90.2,96.1,51.1,49.8,41.3,46.4,35,59,25,28,8,33.46,62186064757.9334,15971743.0,3893.50522093509
6136,North America,1558,GTM,Guatemala,2016,58.3,72.1,42.6,68.9,69.7,49.1,68.3,54.7,70.8,20.3,20.7,78.2,90.2,96.0,53.8,50.0,39.7,46.6,45,58,24,25,10,33.35,63851284899.3449,16268760.0,3924.77883374916
6137,North America,1559,GTM,Guatemala,2017,58.7,72.6,42.2,69.8,69.7,47.4,68.5,55.8,71.7,21.2,20.7,76.9,90.2,96.0,57.0,49.9,42.4,46.2,45,55,45,32,15,33.25,65817809509.1704,16567357.0,3972.74046241476
6138,North America,1560,GTM,Guatemala,2018,58.8,73.3,42.9,69.0,72.8,46.9,68.7,57.3,71.3,21.6,20.7,77.5,90.0,96.0,54.8,43.8,45.3,47.8,35,58,22,25,8,33.14,68060138996.4032,16845685.0,4040.21201847257
6139,North America,1561,GTM,Guatemala,2019,59.2,74.2,42.9,68.8,72.2,49.7,68.8,57.4,71.5,22.1,20.7,77.8,90.0,95.9,56.1,43.8,46.4,47.6,42,44,20,24,8,33.03,70794725915.2777,17103803.0,4139.12192015295
6140,North America,1562,GTM,Guatemala,2020,59.4,73.1,43.3,69.1,71.8,49.7,69.0,58.1,70.6,22.6,20.7,77.7,90.0,96.1,56.1,43.7,47.6,49.9,38,55,20,25,15,32.92,69530649309.9694,17357325.0,4005.83899362197
6141,North America,1563,GTM,Guatemala,2021,59.7,75.5,43.4,68.7,72.4,49.6,69.0,58.1,71.0,23.1,20.7,77.7,90.4,95.9,56.1,46.1,46.9,50.9,45,59,20,22,10,,75122098203.595,17598650.0,4268.62845750072
6142,North America,1564,GTM,Guatemala,2022,59.4,76.5,43.5,68.5,72.4,49.9,69.0,58.1,71.0,23.1,20.7,74.1,90.4,95.9,55.9,46.0,43.7,50.8,60,55,22,20,10,,78265595990.3531,17847877.0,4385.14877653813
6143,Africa,1565,GIN,Guinea,2000,46.0,26.2,57.0,19.3,0.9,29.0,43.7,18.2,64.0,8.5,38.2,51.5,97.5,99.0,65.7,73.6,44.1,46.4,15,55,8,10,5,28.2,5176459579.46449,8428832.0,614.137235083638
6144,Africa,1566,GIN,Guinea,2001,46.2,26.2,56.8,19.8,0.9,29.0,44.0,19.9,64.0,8.5,38.2,51.2,97.4,99.0,67.5,73.6,44.1,45.4,25,60,10,10,10,28.05,5365832405.72436,8539960.0,628.320554864936
6145,Africa,1567,GIN,Guinea,2002,46.2,26.2,56.8,20.0,2.0,29.0,44.4,20.4,64.0,8.5,38.2,50.7,97.2,99.0,63.9,74.5,44.1,47.1,25,60,8,10,10,27.91,5642956694.13195,8674066.0,650.554963973291
6146,Africa,1568,GIN,Guinea,2003,46.7,26.2,56.2,20.3,3.7,34.4,44.9,19.4,63.9,8.5,38.2,50.4,97.3,99.0,66.3,74.5,44.1,46.1,40,45,10,20,7,27.76,5713414722.47307,8870781.0,644.071217908894
6147,Africa,1569,GIN,Guinea,2004,46.7,26.2,56.4,20.5,6.3,34.4,45.5,20.2,63.9,8.5,38.2,49.9,97.3,99.0,64.4,74.5,44.1,45.4,15,60,30,18,8,27.61,5847115329.55072,9062726.0,645.182843390689
6148,Africa,1570,GIN,Guinea,2005,46.7,26.2,56.0,19.2,7.3,34.4,46.0,19.3,63.9,8.5,38.2,50.0,97.2,99.0,64.9,74.5,44.1,44.6,35,35,10,18,5,27.47,6022369313.03617,9245844.0,651.359606871604
6149,Africa,1571,GIN,Guinea,2006,46.7,26.2,55.8,19.2,8.8,34.4,46.5,19.3,63.9,8.5,38.2,49.5,97.2,99.0,64.1,74.5,44.1,44.6,38,50,15,18,10,27.32,6094011545.87354,9441171.0,645.472001923653
6150,Africa,1572,GIN,Guinea,2007,48.3,26.2,59.4,21.7,11.6,34.4,47.1,20.3,63.9,8.5,56.0,49.2,97.1,99.0,63.5,74.5,44.1,44.6,30,63,15,15,10,27.17,6509469022.49636,9662281.0,673.698997420626
6151,Africa,1573,GIN,Guinea,2008,48.4,26.2,59.2,22.1,11.0,34.4,47.6,20.7,63.9,8.5,56.0,48.7,97.2,99.0,64.9,74.5,44.4,44.1,35,60,15,12,7,27.03,6778506429.10409,9898870.0,684.775780377366
6152,Africa,1574,GIN,Guinea,2009,48.6,26.2,58.6,22.1,12.9,34.4,48.2,20.5,63.8,8.5,56.0,48.4,97.0,99.0,65.7,74.5,44.4,45.4,40,50,10,18,15,26.88,6702408065.67158,10143534.0,660.756701330284
6153,Africa,1575,GIN,Guinea,2010,48.7,26.2,57.9,23.8,14.4,34.4,48.7,18.7,63.9,8.5,56.0,47.9,96.9,98.9,66.3,74.5,44.4,46.4,35,58,12,18,10,26.73,7025019105.91374,10396086.0,675.736917327708
6154,Africa,1576,GIN,Guinea,2011,48.7,29.5,58.0,24.6,15.3,34.4,49.0,17.6,63.8,8.5,56.0,47.6,96.8,98.8,63.1,74.5,44.4,46.2,10,65,18,18,15,26.59,7419271030.30424,10656810.0,696.199991395571
6155,Africa,1577,GIN,Guinea,2012,50.2,33.5,55.5,24.1,22.1,34.9,49.3,15.2,63.8,10.2,77.7,46.8,96.8,98.9,63.3,74.5,42.2,45.1,35,70,12,20,7,26.44,7858142150.2509,10921581.0,719.505916794546
6156,Africa,1578,GIN,Guinea,2013,50.4,38.4,55.6,24.4,23.2,28.8,49.6,17.4,63.8,10.4,77.7,47.2,96.6,98.9,62.0,74.5,42.1,46.9,35,60,15,18,10,26.29,8168199850.29177,11191873.0,729.833143236326
6157,Africa,1579,GIN,Guinea,2014,50.3,36.0,56.0,22.6,22.1,29.6,49.9,18.5,63.8,10.6,77.7,46.8,96.6,98.9,62.7,74.5,41.9,46.7,35,56,12,25,10,26.15,8470141696.43118,11472924.0,738.272274481308
6158,Africa,1580,GIN,Guinea,2015,50.3,41.4,55.9,23.9,13.8,29.1,50.2,22.9,63.8,11.5,77.7,46.3,96.6,98.7,61.3,74.5,41.5,46.5,40,58,15,20,8,26.0,8794201742.84609,11767070.0,747.356966759448
6159,Africa,1581,GIN,Guinea,2016,51.4,46.6,57.5,27.4,20.1,27.6,50.5,24.5,63.8,11.5,77.7,44.7,96.3,98.1,61.9,74.5,43.2,47.1,45,63,20,18,7,25.84,9745789528.35549,12073030.0,807.236421043888
6160,Africa,1582,GIN,Guinea,2017,52.1,46.7,57.2,30.3,20.1,27.0,50.8,25.4,66.2,12.3,77.7,50.4,96.4,98.5,61.3,74.5,42.6,47.3,40,65,18,25,7,25.68,10749606370.4679,12385659.0,867.907502577607
6161,Africa,1583,GIN,Guinea,2018,53.1,49.1,57.1,30.7,28.4,31.4,51.1,25.2,66.1,11.4,91.8,50.9,96.5,98.5,58.9,67.6,42.1,46.7,35,63,20,18,7,25.51,11433119223.7578,12704774.0,899.907328045175
6162,Africa,1584,GIN,Guinea,2019,53.5,55.4,57.4,30.9,26.3,31.3,51.4,27.0,66.2,11.5,91.8,50.0,96.5,98.4,57.9,67.6,41.1,48.8,35,60,20,15,10,25.35,12075307751.6835,13034346.0,926.42221954853
6163,Africa,1585,GIN,Guinea,2020,53.5,57.1,57.8,31.6,30.5,28.1,51.7,27.7,66.3,12.5,91.8,45.4,96.5,98.4,57.8,67.6,38.1,51.2,37,60,14,18,10,25.19,12643401588.6985,13371183.0,945.570903389665
6164,Africa,1586,GIN,Guinea,2021,54.2,56.5,58.0,31.7,33.4,28.0,51.7,27.7,67.7,13.3,91.8,47.5,96.5,98.4,57.8,69.0,38.3,55.0,25,60,15,20,10,,13349198344.073,13710513.0,973.646890096159
6165,Africa,1587,GIN,Guinea,2022,54.9,60.5,58.2,32.3,33.4,28.0,51.7,27.7,67.8,13.3,91.8,52.7,96.5,98.4,57.8,69.0,39.0,55.0,35,60,12,15,10,,13879482945.938,14055137.0,987.502501465337
6189,South America,1611,GUY,Guyana,2000,63.7,76.1,58.0,52.9,86.1,54.1,64.1,53.1,71.6,14.6,0.0,76.6,87.2,86.7,44.6,73.5,58.8,60.9,20,43,15,18,10,94.31,2875468427.07822,764832.0,3759.60789699989
6190,South America,1612,GUY,Guyana,2001,63.2,76.1,58.3,54.4,81.7,54.1,64.4,54.5,71.7,14.6,0.0,76.7,87.2,86.7,38.6,73.5,58.6,60.3,25,50,20,20,8,94.28,2941015352.67748,764477.0,3847.09461851367
6191,South America,1613,GUY,Guyana,2002,63.6,76.1,56.7,55.8,81.7,54.9,64.8,57.2,71.7,14.6,0.0,76.8,87.2,86.8,42.1,73.5,56.6,60.5,35,60,20,20,8,94.26,2974326085.51831,763652.0,3894.87107415198
6192,South America,1614,GUY,Guyana,2003,63.3,76.1,56.8,54.3,81.7,54.9,65.1,56.3,71.9,14.6,0.0,76.9,87.2,86.3,45.8,73.5,54.6,57.3,30,65,20,20,10,94.24,2955521640.87583,763101.0,3873.04123684261
6193,South America,1615,GUY,Guyana,2004,63.9,76.1,54.6,54.9,81.7,60.4,65.4,57.9,72.2,14.9,0.0,77.3,87.2,86.1,49.5,73.5,57.0,54.1,35,55,18,18,10,94.22,3001726850.82003,762418.0,3937.11435304522
6194,South America,1616,GUY,Guyana,2005,64.5,76.1,56.2,57.3,81.7,60.4,65.7,57.0,72.4,15.4,0.0,77.0,87.2,87.1,48.4,73.5,57.0,60.1,20,60,20,15,5,94.19,2943164432.84229,760914.0,3867.93308158647
6195,South America,1617,GUY,Guyana,2006,64.1,76.1,60.7,55.2,81.7,59.5,66.1,58.5,72.7,15.9,0.0,77.6,87.2,87.5,47.0,73.5,57.9,48.6,30,60,20,32,7,94.17,3094137270.70843,758966.0,4076.77981715707
6196,South America,1618,GUY,Guyana,2007,63.5,76.1,59.5,54.4,81.7,59.5,66.4,58.1,72.5,16.8,0.0,77.7,87.2,86.6,42.2,73.5,56.9,47.1,30,60,20,45,5,94.15,3316643991.45274,756861.0,4382.10449666813
6197,South America,1619,GUY,Guyana,2008,63.8,76.1,57.9,58.3,82.2,60.0,66.7,59.1,72.2,17.4,0.0,78.3,87.2,86.8,43.0,73.5,55.4,47.1,30,75,24,25,8,94.13,3374858506.06674,754606.0,4472.34517889699
6198,South America,1620,GUY,Guyana,2009,64.1,76.1,62.1,60.5,80.7,60.0,67.0,58.1,71.9,18.6,0.0,78.5,87.2,86.1,42.9,73.5,56.2,47.0,20,65,20,20,10,94.1,3496741806.93763,752094.0,4649.34144792756
6199,South America,1621,GUY,Guyana,2010,64.5,76.1,60.6,61.3,83.8,60.0,67.3,61.8,71.7,19.7,0.0,79.2,87.2,86.1,40.8,73.4,55.4,47.4,30,65,20,25,7,94.08,3641452424.56855,749256.0,4860.09110980566
6200,South America,1622,GUY,Guyana,2011,64.8,77.5,61.9,59.4,86.3,60.7,67.6,64.3,71.4,19.4,0.0,79.1,87.2,85.9,38.4,73.4,56.4,48.1,5,65,20,30,10,94.02,3830671453.00564,746153.0,5133.89539813637
6201,South America,1623,GUY,Guyana,2012,65.1,78.6,60.8,62.4,87.6,60.7,67.9,63.7,71.1,20.9,0.0,80.1,87.2,85.8,38.1,73.4,56.7,47.0,25,58,20,45,7,93.96,4032790343.85011,746288.0,5403.79899428921
6202,South America,1624,GUY,Guyana,2013,65.5,79.3,62.9,63.4,87.6,64.4,68.3,64.2,70.8,20.8,0.0,80.4,87.2,86.0,36.9,73.4,55.9,47.2,40,58,20,30,10,93.9,4180123674.47048,750021.0,5573.3421790463
6203,South America,1625,GUY,Guyana,2014,65.8,79.6,61.9,60.7,89.3,62.2,68.6,63.5,70.5,22.9,0.0,81.6,87.2,85.9,36.0,73.4,56.5,52.6,30,45,25,35,10,93.84,4250621228.25175,754229.0,5635.71704117947
6204,South America,1626,GUY,Guyana,2015,65.9,79.7,63.9,62.4,89.3,62.2,68.9,65.2,70.2,23.3,0.0,81.7,87.2,85.8,32.8,73.4,56.1,51.9,30,58,20,20,8,93.78,4279840193.7046,758781.0,5640.41560569466
6205,South America,1627,GUY,Guyana,2016,66.1,80.6,63.3,62.8,89.3,62.7,69.2,64.3,70.0,22.4,0.0,82.9,86.9,84.7,32.7,73.4,58.0,54.2,35,62,30,40,10,93.74,4442793237.23993,763548.0,5818.61682204646
6206,South America,1628,GUY,Guyana,2017,66.7,81.5,64.6,64.7,89.3,64.0,69.2,65.8,70.1,27.0,0.0,82.8,86.6,84.8,32.5,73.3,57.8,53.3,35,65,30,35,15,93.69,4608708975.07815,768479.0,5997.18271426826
6207,South America,1629,GUY,Guyana,2018,67.1,82.5,66.1,65.0,89.3,64.5,69.2,63.0,71.4,26.3,0.0,83.5,86.2,84.3,33.4,73.0,58.0,57.5,35,59,30,35,10,93.64,4813377725.77348,791556.0,6080.90612132746
6208,South America,1630,GUY,Guyana,2019,67.7,83.7,66.5,65.9,89.9,62.9,69.2,61.5,72.5,33.8,0.0,83.7,85.8,84.0,37.3,73.0,57.2,57.1,30,63,25,28,10,93.6,5071030135.73162,807665.0,6278.63054079553
6209,South America,1631,GUY,Guyana,2020,68.6,91.1,66.4,66.2,89.9,64.9,69.2,61.9,69.7,35.2,0.0,84.1,86.1,82.4,37.0,73.0,55.9,64.1,40,65,20,30,10,93.55,7275896377.20418,807481.0,9010.61000469878
6210,South America,1632,GUY,Guyana,2021,69.0,93.1,66.6,65.5,89.8,65.2,69.2,61.9,71.2,35.7,0.0,84.1,86.1,82.8,36.8,73.1,57.2,66.1,25,60,20,25,10,,8735441012.70968,815482.0,10711.9973374148
6211,South America,1633,GUY,Guyana,2022,67.4,99.1,66.7,65.5,89.8,65.2,69.2,61.9,74.3,35.7,0.0,84.1,86.1,82.8,36.6,73.1,56.0,66.1,25,63,10,33,10,,14268000638.322,821637.0,17365.3336428642
6212,North America,1634,HTI,Haiti,2000,49.5,37.8,49.5,28.4,66.5,29.7,46.5,23.4,60.5,14.3,47.3,50.8,94.3,99.1,60.9,47.4,41.9,42.6,40,30,15,15,10,13.81,11150259169.2375,8303151.0,1342.89490450523
6213,North America,1635,HTI,Haiti,2001,49.3,37.8,48.6,28.6,66.5,29.9,47.1,22.6,59.8,14.3,47.3,50.1,94.4,99.1,61.4,47.3,41.9,42.3,35,10,12,12,20,13.8,11112041891.9578,8455918.0,1314.11419693969
6214,North America,1636,HTI,Haiti,2002,49.2,37.8,48.6,29.5,66.5,30.1,47.5,20.1,59.2,14.3,47.3,49.7,94.2,99.1,61.4,47.2,41.9,41.8,45,15,18,10,10,13.8,11228920585.9316,8607641.0,1304.5293810385
6215,North America,1637,HTI,Haiti,2003,49.2,37.8,48.4,30.2,66.5,30.2,48.0,20.1,58.5,14.3,47.3,49.0,94.3,99.1,61.7,47.1,41.9,41.8,60,30,15,15,10,13.79,11619774577.796,8759912.0,1326.47161042212
6216,North America,1638,HTI,Haiti,2004,49.2,37.8,48.3,30.6,66.5,30.4,48.4,19.3,57.8,14.8,47.3,48.6,94.3,99.1,61.7,47.0,41.9,42.0,40,30,18,7,20,13.78,11466642593.0665,8910263.0,1286.90282128221
6217,North America,1639,HTI,Haiti,2005,49.2,37.8,48.7,31.9,66.5,31.4,48.8,19.0,57.1,15.0,47.3,47.8,94.0,99.1,61.7,46.9,41.9,42.0,50,20,18,15,10,13.77,11818917734.006,9061273.0,1304.33303731231
6218,North America,1640,HTI,Haiti,2006,47.8,37.8,44.5,32.0,49.5,30.3,49.1,18.9,56.4,15.1,47.3,47.5,94.0,99.1,61.7,46.8,41.9,41.3,38,15,20,16,10,13.76,12027964912.6803,9216562.0,1305.03813815611
6219,North America,1641,HTI,Haiti,2007,47.6,37.8,45.0,33.0,49.5,31.2,49.5,13.0,55.8,15.1,47.3,46.8,94.0,99.1,61.5,46.7,41.9,42.4,55,35,20,15,12,13.75,12594064682.4783,9373296.0,1343.61111422048
6220,North America,1642,HTI,Haiti,2008,47.5,37.8,44.3,33.4,49.5,30.9,49.9,13.3,56.1,15.2,47.3,45.2,94.1,99.1,61.2,46.6,41.6,42.5,55,20,18,17,10,13.75,12928818990.6636,9530774.0,1356.53400140048
6221,North America,1643,HTI,Haiti,2009,48.0,37.8,45.1,33.7,49.5,30.7,50.2,20.9,56.4,15.3,47.3,44.5,94.2,99.1,60.8,46.5,41.3,42.4,50,15,15,15,12,13.74,13690375422.772,9689581.0,1412.89653523429
6222,North America,1644,HTI,Haiti,2010,47.7,37.8,45.2,30.6,49.5,34.1,50.6,18.7,56.6,15.3,47.3,40.0,94.1,99.1,61.5,46.4,41.5,42.5,40,25,18,10,15,13.73,12916662276.64,9803294.0,1317.58389339746
6223,North America,1645,HTI,Haiti,2011,48.2,39.1,44.7,35.5,49.5,31.8,51.0,20.4,57.0,15.5,47.3,45.1,94.1,99.1,60.0,46.3,41.3,41.6,40,25,15,18,10,13.62,13575181302.2734,9914904.0,1369.16921255852
6224,North America,1646,HTI,Haiti,2012,50.4,38.9,48.4,36.8,73.4,35.4,51.4,25.4,57.3,12.6,47.3,47.6,94.0,99.1,59.7,46.2,40.7,41.7,50,15,20,15,10,13.5,13643386325.9664,10069771.0,1354.88546124499
6225,North America,1647,HTI,Haiti,2013,50.9,41.2,48.9,38.3,73.4,38.1,51.8,24.7,57.4,12.8,47.3,46.8,94.0,99.0,62.1,47.0,41.3,41.8,55,45,15,15,10,13.39,14233433330.5029,10222362.0,1392.38204736859
6226,North America,1648,HTI,Haiti,2014,51.1,40.5,49.6,37.6,73.4,39.5,52.2,22.7,56.9,14.6,47.3,44.2,93.9,99.0,65.1,47.9,40.8,43.2,49,15,15,15,8,13.28,14644604839.5892,10373235.0,1411.76834802154
6227,North America,1649,HTI,Haiti,2015,51.2,42.1,49.3,40.0,73.4,40.7,52.6,21.3,56.9,15.1,47.3,39.8,93.9,99.0,65.3,48.3,41.3,43.7,43,15,18,17,10,13.17,14849629308.6025,10523242.0,1411.12684746796
6228,North America,1650,HTI,Haiti,2016,50.8,44.4,49.3,40.0,69.0,39.6,53.0,21.6,57.0,15.0,47.3,37.8,94.0,99.0,65.3,48.2,40.8,42.6,35,40,15,20,10,13.05,15118774099.5928,10671457.0,1416.74881879698
6229,North America,1651,HTI,Haiti,2017,51.7,46.5,50.2,40.9,69.0,40.8,53.4,22.1,59.1,18.9,47.3,36.8,93.9,98.9,66.6,48.6,42.0,43.8,55,63,18,18,15,12.94,15498296353.5977,10817754.0,1432.67228609541
6230,North America,1652,HTI,Haiti,2018,52.2,48.1,50.3,40.8,69.0,41.3,53.8,22.0,59.1,22.7,47.3,40.2,94.0,98.7,66.6,43.5,42.7,47.0,50,30,20,15,15,12.83,15756778637.9976,10962362.0,1437.35251928349
6231,North America,1653,HTI,Haiti,2019,51.8,46.7,51.8,40.0,69.0,41.6,54.2,22.3,59.1,22.2,47.3,39.6,94.0,98.8,65.0,43.4,42.1,44.0,65,25,15,11,10,12.71,15485274058.243,11105163.0,1394.42114071112
6232,North America,1654,HTI,Haiti,2020,51.6,43.7,51.3,40.3,69.0,41.5,54.3,22.6,58.4,23.1,47.3,39.7,94.0,98.9,65.0,43.3,40.7,43.9,59,12,15,15,8,12.6,14973407477.2561,11243848.0,1331.69778506932
6233,North America,1655,HTI,Haiti,2021,52.8,43.7,51.1,40.7,69.0,41.7,54.3,22.6,58.0,23.5,47.3,39.7,94.0,98.8,65.0,65.2,39.9,43.8,62,20,18,11,8,,14704149691.2104,11374586.0,1292.71954963551
6234,North America,1656,HTI,Haiti,2022,52.6,42.2,51.2,40.7,69.0,41.8,54.3,22.6,57.7,23.5,47.3,39.7,94.0,98.8,65.0,65.0,37.3,43.8,63,25,17,8,10,,14456828250.6294,11503606.0,1256.72143592448
6235,North America,1657,HND,Honduras,2000,56.5,60.5,46.4,60.5,57.4,54.1,64.3,48.4,65.8,13.7,10.7,70.1,88.8,96.7,49.8,74.5,45.3,53.8,20,18,15,20,7,60.58,11770779974.6587,6577773.0,1789.47798512637
6236,North America,1658,HND,Honduras,2001,57.0,60.5,46.9,61.5,57.4,54.2,64.8,46.8,65.8,13.7,10.7,70.1,89.0,96.6,58.3,74.4,45.3,52.9,40,28,22,33,10,60.4,12091321063.1334,6757993.0,1789.18816032117
6237,North America,1659,HND,Honduras,2002,57.2,60.5,49.2,61.6,57.4,52.3,65.2,46.9,65.7,13.8,10.3,70.2,89.5,96.5,60.3,74.4,45.3,53.0,28,30,18,23,8,60.22,12545270107.7257,6938859.0,1807.97305547292
6238,North America,1660,HND,Honduras,2003,57.9,60.5,49.2,61.6,59.9,52.4,65.7,47.0,65.0,14.1,6.9,70.2,89.1,96.4,73.2,74.5,45.3,53.1,25,30,15,20,10,60.04,13115708313.2068,7119213.0,1842.29750018813
6239,North America,1661,HND,Honduras,2004,57.2,60.5,48.6,62.3,60.2,52.5,66.1,46.7,64.6,14.2,6.9,70.6,88.6,96.3,60.6,74.5,45.3,53.5,40,40,20,20,8,59.85,13933118990.7264,7298994.0,1908.90950050464
6240,North America,1662,HND,Honduras,2005,57.8,60.5,48.5,64.2,57.7,61.1,66.5,50.5,65.3,14.3,4.9,70.5,88.7,96.4,59.6,75.0,45.3,54.3,35,25,18,22,10,59.67,14776156180.0019,7478355.0,1975.85647913236
6241,North America,1663,HND,Honduras,2006,58.9,60.5,48.3,65.0,59.6,61.4,66.9,52.8,66.0,14.5,7.7,71.2,89.0,96.3,66.4,74.9,45.3,55.1,40,25,18,20,12,59.49,15746542343.9334,7656832.0,2056.53491469231
6242,North America,1664,HND,Honduras,2007,59.3,60.5,49.1,65.3,60.0,61.4,67.4,52.9,66.2,14.7,10.1,74.5,88.5,96.2,65.1,74.8,46.1,56.0,25,35,15,30,10,59.31,16720989901.6315,7834798.0,2134.19540639485
6243,North America,1665,HND,Honduras,2008,59.6,60.5,50.3,65.8,61.7,61.4,67.8,52.9,66.2,14.8,10.6,74.0,89.4,96.2,64.9,74.8,46.1,56.6,38,10,25,35,8,59.13,17428555328.7177,8012587.0,2175.14709403064
6244,North America,1666,HND,Honduras,2009,59.4,60.5,52.4,67.3,61.1,58.6,68.2,52.9,66.2,14.8,16.5,75.2,89.6,96.3,54.6,74.7,45.5,55.7,35,30,18,15,8,58.95,17004757718.2843,8189899.0,2076.30859895638
6245,North America,1667,HND,Honduras,2010,60.7,60.5,53.2,68.1,62.2,58.6,68.6,54.1,65.7,15.0,13.9,74.2,89.7,96.4,65.8,75.3,47.3,62.4,30,35,17,18,7,58.77,17639229093.9667,8365878.0,2108.47314459603
6246,North America,1668,HND,Honduras,2011,59.9,61.6,53.9,67.1,57.5,61.5,69.0,54.2,65.5,16.1,14.6,73.7,89.4,96.0,55.4,75.2,46.6,61.8,40,28,20,18,10,58.57,18315815357.186,8540583.0,2144.56265540491
6247,North America,1669,HND,Honduras,2012,59.8,57.3,54.3,66.0,53.9,61.5,69.4,55.9,65.9,17.2,13.5,74.5,89.8,96.0,57.7,75.1,47.5,61.5,35,20,18,25,10,58.37,19072018181.9071,8715076.0,2188.39378817891
6248,North America,1670,HND,Honduras,2013,61.1,62.9,53.8,66.6,59.5,62.1,69.8,55.5,64.8,17.6,18.3,73.7,90.0,96.2,64.6,75.1,46.6,62.0,38,20,20,22,7,58.17,19604424966.4102,8889278.0,2205.40126728067
6249,North America,1671,HND,Honduras,2014,62.4,63.3,53.4,68.2,65.6,66.3,70.2,58.6,65.7,18.3,18.5,77.6,89.7,96.3,62.5,75.0,46.8,64.1,38,38,18,30,10,57.97,20203944075.628,9063122.0,2229.24772232218
6250,North America,1672,HND,Honduras,2015,62.3,64.3,53.3,66.9,63.1,66.6,70.6,58.4,67.9,18.9,19.4,78.3,89.7,95.8,63.0,74.9,45.8,62.8,42,38,18,28,7,57.77,20979791685.416,9237305.0,2271.20265980349
6251,North America,1673,HND,Honduras,2016,62.9,63.4,53.8,69.2,64.6,66.6,70.9,60.1,67.6,18.6,18.6,84.2,89.6,96.0,62.7,74.8,46.7,61.0,42,35,20,30,8,57.58,21796529142.7732,9412380.0,2315.72983058198
6252,North America,1674,HND,Honduras,2017,62.8,64.4,54.2,68.9,65.1,66.0,71.3,59.1,69.9,19.6,19.2,83.5,89.5,95.8,62.0,74.7,44.0,61.0,43,20,18,35,10,57.4,22852116284.6356,9588137.0,2383.37398439714
6253,North America,1675,HND,Honduras,2018,62.5,65.4,54.4,68.8,65.3,65.4,71.7,60.5,70.0,24.2,19.9,77.3,89.4,95.8,61.3,65.1,44.7,63.0,44,25,15,25,7,57.21,23730778960.5382,9765210.0,2430.13503657762
6254,North America,1676,HND,Honduras,2019,62.9,67.3,54.2,71.4,64.6,61.4,72.1,60.1,70.6,26.6,20.8,82.1,89.3,95.6,62.4,65.1,43.9,61.2,40,38,18,20,7,57.02,24338200129.3672,9943633.0,2447.61649282181
6255,North America,1677,HND,Honduras,2020,62.7,64.3,53.7,70.5,64.2,63.8,72.4,60.7,66.7,27.1,20.8,82.2,89.3,95.9,62.5,65.0,43.5,63.1,44,30,20,24,7,56.83,22156260473.8169,10119640.0,2189.43168668222
6256,North America,1678,HND,Honduras,2021,63.3,69.0,53.8,70.5,61.0,66.4,72.4,60.7,66.9,28.4,20.8,82.6,89.8,95.8,62.5,69.5,42.5,63.1,42,20,22,25,10,,24940257609.6892,10289877.0,2423.76634916911
6257,North America,1679,HND,Honduras,2022,62.9,70.3,53.9,70.2,61.0,66.7,72.4,60.7,67.2,28.4,20.8,76.9,89.8,95.8,62.5,69.4,40.6,63.3,43,35,18,22,7,,25973672631.7766,10463872.0,2482.22384904714
6258,Europe,1680,HUN,Hungary,2000,74.4,98.5,67.1,75.0,95.5,58.0,86.6,69.1,79.4,34.6,95.7,83.7,75.9,79.3,0.0,71.9,69.4,50.3,20,18,25,40,8,21.22,91691821698.8094,10210971.0,8979.73578602949
6259,Europe,1681,HUN,Hungary,2001,74.8,98.5,71.9,75.6,95.9,58.0,86.6,69.1,79.9,36.1,95.7,83.8,75.6,79.0,0.0,71.8,69.3,50.2,15,20,35,55,10,21.36,95416367494.0372,10187576.0,9365.95393193015
6260,Europe,1682,HUN,Hungary,2002,74.8,98.5,68.1,75.1,96.2,58.5,86.6,69.3,79.9,37.1,95.7,83.9,75.4,79.2,0.0,72.1,69.4,51.2,25,25,55,60,8,21.5,99929623991.0794,10158608.0,9836.94065083321
6261,Europe,1683,HUN,Hungary,2003,74.7,98.5,65.4,75.5,95.6,59.1,86.6,68.4,79.8,38.0,95.7,83.9,75.4,78.7,0.0,72.1,69.4,53.5,18,20,20,33,8,21.64,103865629649.023,10129552.0,10253.723920764
6262,Europe,1684,HUN,Hungary,2004,76.1,98.5,74.8,75.8,95.4,58.9,86.6,68.3,79.7,39.1,95.7,84.0,75.0,78.9,0.0,85.9,69.4,52.3,20,35,55,20,10,21.77,109020611056.081,10107146.0,10786.4881991495
6263,Europe,1685,HUN,Hungary,2005,76.0,98.5,74.3,76.1,95.8,59.0,86.6,70.0,78.9,41.9,88.9,84.0,75.3,78.9,0.0,85.9,69.5,52.6,20,20,20,30,7,21.91,113708806061.092,10087065.0,11272.7345428122
6264,Europe,1686,HUN,Hungary,2006,76.7,98.5,72.4,76.3,96.1,60.2,86.6,70.3,78.8,43.4,97.9,84.1,75.3,79.0,0.0,86.0,69.4,52.3,15,25,45,20,8,22.05,118182032745.55,10071370.0,11734.4544729813
6265,Europe,1687,HUN,Hungary,2007,76.5,98.5,66.1,76.2,95.6,61.2,86.6,71.7,78.7,44.8,99.4,83.3,75.2,79.1,0.0,86.0,69.9,51.1,20,35,20,40,5,22.19,118574815857.973,10055780.0,11791.7074416876
6266,Europe,1688,HUN,Hungary,2008,77.4,98.5,74.0,76.9,96.2,61.8,86.6,71.9,78.5,47.0,100.0,85.8,75.4,79.3,0.0,86.0,69.5,50.7,12,25,25,20,5,22.33,119752782052.746,10038188.0,11929.7209867703
6267,Europe,1689,HUN,Hungary,2009,77.5,98.5,70.7,77.5,96.4,62.3,86.6,73.5,77.4,48.0,100.0,85.9,76.3,80.3,0.0,86.0,69.6,50.8,20,25,15,50,10,22.47,111681245651.521,10022650.0,11142.885928524
6268,Europe,1690,HUN,Hungary,2010,77.2,98.5,68.9,78.6,95.9,61.5,86.6,74.0,76.7,48.7,96.7,86.8,76.5,80.2,0.0,86.4,68.0,50.5,30,25,18,40,7,22.6,112873946275.587,10000023.0,11287.3686666108
6269,Europe,1691,HUN,Hungary,2011,77.4,98.5,70.7,79.2,94.8,61.6,86.6,74.6,76.8,51.7,96.0,85.6,76.2,80.1,0.0,86.4,69.1,50.2,30,35,24,35,10,22.64,115037411549.874,9971727.0,11536.3578996772
6270,Europe,1692,HUN,Hungary,2012,77.2,98.5,66.5,79.1,95.4,61.7,86.6,75.7,76.8,54.1,92.5,85.5,76.5,81.6,0.0,86.4,69.0,49.3,20,35,15,20,7,22.67,113496503293.017,9920362.0,11440.7622718825
6271,Europe,1693,HUN,Hungary,2013,77.3,98.5,69.8,79.8,94.0,62.9,86.6,75.6,77.3,55.2,90.3,88.0,76.3,81.6,0.0,86.4,65.8,49.4,30,35,25,30,10,22.7,115802945078.187,9872734.0,11729.5720798501
6272,Europe,1694,HUN,Hungary,2014,77.9,98.6,73.0,80.3,92.6,62.8,86.6,74.8,78.6,57.7,92.4,88.0,76.0,80.8,0.0,86.4,67.4,49.9,32,23,27,50,10,22.73,120822254244.73,9833038.0,12287.3779441033
6273,Europe,1695,HUN,Hungary,2015,78.0,98.6,70.2,81.2,93.6,63.0,86.6,74.5,80.2,59.6,92.5,87.0,76.1,81.4,0.0,86.4,67.8,49.6,30,25,25,45,10,22.76,125244126623.289,9797755.0,12782.9412577973
6274,Europe,1696,HUN,Hungary,2016,78.7,98.7,73.2,81.5,93.0,63.0,86.6,74.5,81.1,63.0,93.2,91.1,75.5,80.9,0.0,86.4,67.5,50.0,35,25,22,48,8,22.75,128298381762.592,9759755.0,13145.6559885563
6275,Europe,1697,HUN,Hungary,2017,79.0,98.7,70.5,82.9,91.2,63.0,86.6,74.1,83.0,73.6,91.3,89.5,75.0,79.0,0.0,86.4,68.5,50.0,35,30,30,48,7,22.73,133589642960.172,9726756.0,13734.2442804335
6276,Europe,1698,HUN,Hungary,2018,78.9,98.8,71.0,82.7,89.8,64.5,86.6,73.4,82.9,73.5,94.5,86.8,74.3,77.8,0.0,86.4,68.8,50.1,30,20,20,55,7,22.71,141078862882.165,9706964.0,14533.7783144312
6277,Europe,1699,HUN,Hungary,2019,79.1,98.8,71.1,83.8,92.0,64.4,86.6,73.9,81.7,76.3,92.7,89.3,74.0,77.8,0.0,86.4,68.2,49.0,37,25,32,45,8,22.69,148241697677.304,9694824.0,15290.8085466331
6278,Europe,1700,HUN,Hungary,2020,79.6,98.8,71.7,83.8,92.8,64.3,86.6,73.9,81.9,77.7,92.7,88.5,74.0,78.1,0.0,86.5,69.5,53.2,30,20,18,35,7,22.68,141809897486.431,9670419.0,14664.2971195385
6279,Europe,1701,HUN,Hungary,2021,80.2,98.9,70.3,84.2,92.8,66.7,86.6,73.9,84.3,79.8,92.7,88.5,76.1,77.9,0.0,86.5,69.8,54.6,32,30,25,48,10,,152052706989.445,9630932.0,15787.9535427563
6280,Europe,1702,HUN,Hungary,2022,79.4,98.9,70.3,83.6,92.8,66.8,86.6,73.9,84.6,80.3,92.7,89.3,76.1,77.9,0.0,86.5,69.1,54.1,40,30,32,37,8,,158545886039.554,9605074.0,16506.4721041768
6281,Europe,1703,ISL,Iceland,2000,75.4,99.7,56.2,89.5,95.1,84.9,59.8,98.8,79.7,55.7,99.4,89.5,34.4,59.2,67.3,51.0,95.5,66.7,5,10,40,70,8,0.3,11859726688.0118,281205.0,42174.6650593404
6282,Europe,1704,ISL,Iceland,2001,75.7,99.7,56.1,89.9,94.0,84.9,59.8,98.8,79.9,57.4,99.4,89.5,35.1,59.9,68.4,51.0,96.0,66.9,10,10,5,75,10,0.31,12335716527.3091,284968.0,43288.0763008799
6283,Europe,1705,ISL,Iceland,2002,75.9,99.7,55.9,90.3,94.8,84.9,59.8,98.8,79.2,61.7,99.4,89.5,35.1,59.4,65.9,50.9,95.6,68.9,5,10,75,70,7,0.33,12404737216.9217,287523.0,43143.4605820114
6284,Europe,1706,ISL,Iceland,2003,75.7,99.7,55.7,91.3,97.3,81.6,59.8,98.9,78.4,61.8,99.4,89.5,35.4,59.5,62.6,50.9,95.6,69.0,5,15,75,72,8,0.34,12670532079.1093,289521.0,43763.7756125094
6285,Europe,1707,ISL,Iceland,2004,75.4,99.7,55.6,91.6,96.1,81.6,59.8,98.9,78.0,61.9,98.7,89.5,35.6,58.9,60.8,51.0,95.5,68.5,10,10,60,62,8,0.36,13659137604.9162,292074.0,46766.016848183
6286,Europe,1708,ISL,Iceland,2005,75.5,99.7,55.4,92.0,96.3,83.8,59.8,98.9,78.8,62.3,95.4,89.5,35.8,59.8,60.2,53.4,94.3,68.3,8,7,80,82,8,0.37,14495683162.8964,296734.0,48850.7658808777
6287,Europe,1709,ISL,Iceland,2006,75.1,99.7,55.3,91.8,96.6,83.8,59.8,99.0,78.6,63.3,90.9,89.5,35.1,59.2,58.6,53.7,94.6,67.6,5,7,80,60,10,0.39,15411374456.7442,303782.0,50731.6906753664
6288,Europe,1710,ISL,Iceland,2007,75.1,99.7,55.1,93.3,96.2,83.8,59.8,99.1,78.8,62.2,92.5,89.5,35.0,57.8,56.9,53.7,95.3,67.0,8,15,75,75,8,0.4,16714384607.1247,311566.0,53646.3690104976
6289,Europe,1711,ISL,Iceland,2008,74.6,99.7,54.9,93.7,96.7,83.8,59.8,99.4,78.7,62.0,85.2,89.5,35.2,56.6,57.2,53.9,95.5,67.1,10,10,60,25,10,0.42,17083688335.5294,317414.0,53821.4708095087
6290,Europe,1712,ISL,Iceland,2009,75.9,99.7,54.8,93.0,96.9,90.3,59.8,99.5,76.4,65.0,97.1,89.5,36.5,57.3,58.2,54.2,94.2,67.9,10,10,70,45,8,0.43,15774427002.5158,318499.0,49527.3988380364
6291,Europe,1713,ISL,Iceland,2010,76.3,99.7,54.6,94.4,95.4,90.3,59.8,99.5,76.2,67.3,100.0,89.5,36.6,57.7,59.4,54.2,95.8,66.7,10,10,62,60,8,0.45,15327572990.1787,318041.0,48193.7014101286
6292,Europe,1714,ISL,Iceland,2011,76.1,99.6,54.5,94.5,94.0,88.1,59.8,99.5,76.4,68.5,100.0,89.5,36.7,53.6,62.6,54.3,95.7,66.2,8,11,62,45,8,0.45,15610486136.4529,319014.0,48933.5456639925
6293,Europe,1715,ISL,Iceland,2012,76.6,99.8,54.3,95.3,96.0,88.1,59.8,99.5,77.0,71.1,100.0,89.7,36.8,52.6,65.6,54.5,94.9,67.5,13,10,70,60,8,0.46,15776524979.7925,320716.0,49191.5744141001
6294,Europe,1716,ISL,Iceland,2013,76.6,99.9,54.2,95.1,94.4,89.0,59.8,99.5,77.4,69.0,100.0,92.2,37.6,53.4,64.0,54.4,95.4,67.3,8,10,85,72,10,0.47,16494745014.5186,323764.0,50946.816244297
6295,Europe,1717,ISL,Iceland,2014,76.7,99.7,54.0,95.6,97.2,88.6,59.8,99.5,77.6,71.4,99.6,92.3,37.1,52.9,60.9,54.2,95.5,67.7,10,17,80,75,8,0.47,16773046832.3577,327386.0,51233.2440371844
6296,Europe,1718,ISL,Iceland,2015,76.7,99.8,53.8,95.8,98.5,89.9,59.8,99.5,78.2,73.6,100.0,90.2,37.1,49.6,61.1,54.1,95.0,67.3,6,10,85,65,7,0.48,17517210519.0912,330815.0,52951.6815110898
6297,Europe,1719,ISL,Iceland,2016,76.7,99.8,53.7,95.3,99.0,93.6,59.8,99.5,78.6,72.0,98.8,89.1,37.1,49.2,60.2,54.1,96.0,67.3,15,10,85,75,8,0.49,18621440663.2059,335439.0,55513.6423111384
6298,Europe,1720,ISL,Iceland,2017,77.4,99.8,54.3,95.4,96.6,87.2,59.8,99.5,78.5,85.7,100.0,92.4,37.0,48.9,62.0,54.0,95.3,68.6,10,6,75,75,10,0.49,19402600562.866,343400.0,56501.4576670531
6299,Europe,1721,ISL,Iceland,2018,77.5,99.8,52.4,95.4,97.3,87.1,59.8,99.5,78.3,85.2,100.0,92.5,37.6,49.2,61.8,54.0,95.8,71.0,10,15,75,80,10,0.5,20351227271.3069,352721.0,57697.8044156909
6300,Europe,1722,ISL,Iceland,2019,77.4,99.8,54.5,96.6,97.3,87.2,59.8,99.6,77.8,87.3,100.0,87.6,37.7,50.1,61.9,54.0,94.1,71.2,12,10,85,78,10,0.51,20729999825.0446,360563.0,57493.4195273629
6301,Europe,1723,ISL,Iceland,2020,78.1,99.8,57.1,96.8,98.1,87.0,59.8,99.6,76.5,87.3,100.0,91.2,37.7,51.4,62.2,54.0,94.2,74.1,6,12,85,65,7,0.51,19291243916.1307,366463.0,52641.7234922236
6302,Europe,1724,ISL,Iceland,2021,78.3,99.8,53.5,96.7,98.1,93.8,59.8,99.6,76.2,87.3,100.0,90.4,37.7,51.4,62.8,54.4,94.2,75.4,15,7,85,75,7,,20262250570.2042,372520.0,54392.3831477619
6303,Europe,1725,ISL,Iceland,2022,78.3,99.9,53.5,96.4,98.1,94.0,59.8,99.6,77.7,87.4,100.0,86.8,37.7,51.4,62.8,54.4,93.8,77.3,13,18,85,75,8,,22081592142.8124,382003.0,57804.7610694483
6304,Asia,1726,IND,India,2000,51.7,45.9,47.3,39.5,60.6,30.6,43.2,40.3,66.4,22.6,40.3,47.5,95.8,96.8,53.5,47.8,51.1,49.1,40,75,17,25,8,22.73,800534479623.61,1057922733.0,756.704109527449
6305,Asia,1727,IND,India,2001,51.7,45.9,47.7,40.2,60.5,29.7,43.6,40.5,66.3,22.5,40.3,47.4,95.8,96.8,53.9,47.6,51.2,48.5,35,40,18,20,15,22.8,839151992864.812,1077898575.0,778.507377528365
6306,Asia,1728,IND,India,2002,51.7,45.9,46.1,40.9,60.5,28.8,44.0,42.6,66.2,22.5,40.3,47.5,95.9,96.7,53.4,47.4,51.2,48.9,40,20,30,20,7,22.86,871073127580.09,1097600380.0,793.615912906381
6307,Asia,1729,IND,India,2003,52.1,45.9,46.8,42.2,64.0,28.0,44.4,43.6,66.0,22.5,40.3,47.4,95.8,96.7,54.8,47.2,51.3,47.9,35,40,40,40,7,22.93,939542798342.002,1116803006.0,841.278894571674
6308,Asia,1730,IND,India,2004,52.1,45.9,46.2,43.3,64.0,26.9,45.9,44.0,65.9,22.7,40.3,47.5,95.8,96.6,54.0,47.0,51.3,47.6,40,30,48,15,10,22.99,1013982178697.24,1135991513.0,892.596614581612
6309,Asia,1731,IND,India,2005,52.3,45.9,46.6,44.4,64.0,28.4,46.6,45.4,65.8,23.0,40.3,46.6,95.7,96.5,54.8,46.8,51.2,47.7,35,20,45,60,10,23.05,1094324353140.52,1154676322.0,947.732565646672
6310,Asia,1732,IND,India,2006,52.9,45.9,47.6,45.3,68.1,29.1,47.3,45.9,65.9,23.0,40.3,46.7,95.6,96.4,55.2,46.6,51.3,48.4,35,50,20,55,8,23.12,1182534912713.8,1172878890.0,1008.23275343783
6311,Asia,1733,IND,India,2007,53.2,45.9,49.1,45.3,72.6,28.6,48.0,46.9,65.9,23.3,40.3,45.0,95.5,96.2,55.9,46.5,50.5,49.3,45,75,55,25,7,23.18,1273126725479.64,1190676021.0,1069.24696813025
6312,Asia,1734,IND,India,2008,53.5,45.9,49.4,47.3,74.3,29.2,48.7,47.2,66.0,23.6,40.3,46.7,95.4,96.0,55.4,46.3,50.1,48.0,60,65,45,35,10,23.25,1312424303406.43,1207930964.0,1086.50605251513
6313,Asia,1735,IND,India,2009,53.5,45.9,49.3,47.6,73.6,30.7,49.4,47.7,66.0,23.7,38.9,46.6,95.4,95.8,53.8,46.1,51.4,47.3,45,40,45,20,20,23.31,1415605643155.69,1225524753.0,1155.10163274172
6314,Asia,1736,IND,India,2010,53.8,45.9,50.5,52.1,73.9,31.3,50.1,48.8,66.0,23.9,38.9,45.9,95.3,95.7,53.5,45.9,48.8,48.8,46,60,35,55,7,23.37,1535897931732.14,1243481564.0,1235.15939133951
6315,Asia,1737,IND,India,2011,55.0,57.5,51.3,52.6,78.5,32.7,50.9,47.3,66.1,24.3,38.5,46.6,95.2,95.3,54.0,45.7,50.9,48.3,55,45,35,60,10,23.46,1616399198833.92,1261224954.0,1281.61054354933
6316,Asia,1738,IND,India,2012,55.5,60.3,52.2,53.2,79.1,34.0,51.7,51.1,66.2,24.3,38.5,43.0,95.2,95.1,53.6,47.5,49.5,49.3,50,30,18,30,15,23.55,1704596203504.32,1278674502.0,1333.09626557668
6317,Asia,1739,IND,India,2013,56.3,64.0,52.6,54.5,80.9,34.0,52.5,53.0,66.2,24.6,38.5,47.4,95.3,95.2,53.5,47.3,48.1,49.2,48,65,20,40,10,23.64,1813453530766.63,1295829511.0,1399.4537980287
6318,Asia,1740,IND,India,2014,57.1,66.5,53.6,58.2,82.4,35.1,53.3,54.3,69.0,25.3,38.5,45.4,95.2,95.0,54.2,47.2,49.6,48.3,44,58,32,42,10,23.73,1947834564908.95,1312277191.0,1484.31640682913
6319,Asia,1741,IND,India,2015,57.9,69.5,51.9,60.0,82.3,38.8,54.1,56.5,66.8,26.0,39.9,46.5,95.2,94.9,53.1,47.0,52.7,49.5,55,63,33,55,10,23.82,2103588360044.94,1328024498.0,1583.99815907985
6320,Asia,1742,IND,India,2016,58.6,73.0,52.9,61.4,79.3,39.9,54.9,58.1,66.8,30.3,39.7,49.1,95.2,94.7,51.6,46.9,52.2,50.2,52,60,45,52,5,23.91,2277267041550.36,1343944296.0,1694.46534973825
6321,Asia,1743,IND,India,2017,60.1,75.6,53.6,62.0,78.0,40.9,55.7,60.4,73.5,43.5,38.2,49.0,95.0,94.6,51.9,46.7,52.9,49.3,54,60,32,45,15,24.0,2432016068497.75,1359657400.0,1788.69770318446
6322,Asia,1744,IND,India,2018,60.9,78.9,54.0,62.3,80.6,42.0,56.5,62.9,74.1,42.6,40.0,48.2,94.9,94.3,52.6,46.4,54.3,51.3,63,70,32,45,12,24.09,2588974770244.57,1374659064.0,1883.35772705062
6323,Asia,1745,IND,India,2019,62.2,81.1,54.1,63.0,80.1,46.1,57.3,64.7,74.7,46.4,38.5,48.9,94.8,94.3,62.1,46.2,53.2,51.8,53,70,20,45,15,24.18,2689205295885.31,1389030312.0,1936.03067741067
6324,Asia,1746,IND,India,2020,62.6,76.9,53.8,64.3,82.9,45.8,58.1,66.2,72.5,49.7,38.5,52.1,94.8,94.7,62.2,46.0,52.7,52.8,55,66,32,45,10,24.27,2533830417086.54,1402617695.0,1806.50110583878
6325,Asia,1747,IND,India,2021,62.8,80.6,54.2,64.3,86.0,46.0,58.1,66.2,73.5,50.6,38.5,46.4,94.8,94.3,62.4,45.9,50.6,55.0,62,60,28,44,20,,2779348258938.77,1414203896.0,1965.30943437506
6326,Asia,1748,IND,India,2022,63.4,86.2,54.4,64.8,89.3,46.3,58.1,66.2,73.7,51.0,38.5,50.0,94.8,94.3,62.3,45.6,48.5,54.6,65,72,28,40,10,,2990839011962.46,1425423212.0,2098.2112447615
6327,Asia,1749,IDN,Indonesia,2000,60.5,59.2,62.9,51.8,82.7,51.8,57.0,38.0,68.3,14.9,90.7,56.5,90.5,94.0,53.2,44.7,63.2,49.5,25,70,20,22,12,53.94,395012382597.556,216077790.0,1828.10265968361
6328,Asia,1750,IDN,Indonesia,2001,60.7,59.2,63.0,52.2,82.7,52.4,57.6,37.7,68.3,14.8,88.9,56.7,90.5,93.9,53.5,44.5,63.2,52.2,30,40,35,25,8,53.86,409404526219.842,219097902.0,1868.59172307292
6329,Asia,1751,IDN,Indonesia,2002,60.2,59.2,63.4,51.6,82.4,52.9,58.2,38.6,68.0,14.8,79.6,57.4,90.3,93.8,53.9,44.3,63.2,51.3,38,65,40,28,10,53.77,427825582126.161,222088495.0,1926.37435868149
6330,Asia,1752,IDN,Indonesia,2003,60.4,59.2,63.6,51.8,83.1,53.4,58.8,38.8,68.0,14.9,79.5,57.6,90.3,93.6,54.6,44.1,63.3,52.4,38,40,35,48,10,53.68,448277224148.753,225048008.0,1991.91820506473
6331,Asia,1753,IDN,Indonesia,2004,60.3,59.2,56.5,52.4,83.1,55.5,59.4,39.1,67.6,14.9,76.5,58.3,90.3,93.6,55.3,47.4,63.3,52.3,40,70,40,35,18,53.6,470829486219.898,227926649.0,2065.70617470842
6332,Asia,1754,IDN,Indonesia,2005,60.3,59.2,56.9,52.9,81.3,55.9,60.0,39.2,67.3,15.1,75.5,58.2,90.2,93.6,56.9,47.2,63.3,52.5,30,60,45,18,10,53.51,497631790442.44,230871650.0,2155.4478015921
6333,Asia,1755,IDN,Indonesia,2006,60.5,59.2,57.0,53.4,81.3,56.3,60.6,42.1,67.5,15.2,71.5,58.8,90.1,93.7,58.3,47.2,63.3,52.7,37,60,55,55,18,53.43,525006275302.523,233951652.0,2244.0802226202
6334,Asia,1756,IDN,Indonesia,2007,60.7,59.2,56.6,54.4,85.0,53.9,61.2,43.1,67.2,15.4,66.2,64.7,89.9,93.4,58.7,47.0,63.2,53.3,38,65,40,60,15,53.34,558318040161.892,237062337.0,2355.1528565328
6335,Asia,1757,IDN,Indonesia,2008,61.0,59.2,57.8,54.8,84.8,54.6,61.8,44.6,67.7,15.7,68.4,63.0,89.9,93.6,58.4,46.9,62.3,54.0,40,60,55,35,8,53.25,591893632243.067,240157903.0,2464.60193418272
6336,Asia,1758,IDN,Indonesia,2009,61.6,59.2,58.6,56.0,87.5,58.0,62.5,46.1,68.3,15.7,68.6,64.4,89.8,93.4,58.9,47.7,62.1,51.2,40,55,40,24,10,53.17,619291626017.383,243220028.0,2546.21969707767
6337,Asia,1759,IDN,Indonesia,2010,62.2,59.2,61.4,59.0,88.7,58.5,63.1,49.4,68.6,18.8,64.1,66.1,89.7,93.1,59.3,47.5,62.0,49.0,41,40,40,30,10,53.08,657835433773.518,246305322.0,2670.8129098953
6338,Asia,1760,IDN,Indonesia,2011,61.7,61.6,62.1,58.8,89.3,58.9,63.7,49.7,68.8,19.5,50.3,64.4,89.5,92.5,59.4,47.3,63.4,50.5,46,63,40,55,7,52.59,698422460479.197,249470032.0,2799.62468790318
6339,Asia,1761,IDN,Indonesia,2012,62.6,62.3,63.4,60.1,91.6,59.9,64.3,52.5,69.2,20.0,50.0,65.8,89.5,92.4,59.8,47.2,64.8,51.0,42,55,40,50,15,52.09,740537688618.414,252698525.0,2930.518445323
6340,Asia,1762,IDN,Indonesia,2013,63.1,66.5,62.9,61.5,90.2,60.0,64.9,57.5,69.3,20.3,49.3,66.4,89.6,92.7,60.3,47.7,63.9,50.7,37,58,35,55,7,51.6,781691320690.699,255852467.0,3055.24246006469
6341,Asia,1763,IDN,Indonesia,2014,64.1,69.0,64.1,62.6,90.2,59.4,65.5,59.3,72.0,24.6,51.2,65.2,89.5,92.9,61.9,47.5,64.2,50.5,38,60,55,55,10,51.11,820828013230.588,258877399.0,3170.72103011429
6342,Asia,1764,IDN,Indonesia,2015,64.7,70.6,64.5,62.7,93.3,59.5,66.1,58.8,73.6,26.5,50.3,68.6,89.6,92.9,62.4,47.6,63.0,49.9,42,61,55,55,10,50.61,860854232686.214,261799249.0,3288.22269725538
6343,Asia,1765,IDN,Indonesia,2016,65.3,74.3,63.8,63.9,92.8,60.2,66.8,60.2,73.7,24.9,55.2,70.1,89.5,92.9,62.5,47.6,61.9,49.7,37,72,40,55,10,50.31,904181621780.388,264627418.0,3416.81005170972
6344,Asia,1766,IDN,Indonesia,2017,67.1,77.3,63.5,64.6,92.5,61.9,67.6,62.0,75.9,39.0,57.6,71.5,89.4,92.7,62.9,47.5,65.3,48.7,37,60,40,50,10,50.0,950021694164.001,267346658.0,3553.51999262321
6345,Asia,1767,IDN,Indonesia,2018,68.1,79.7,66.2,65.7,92.2,62.2,68.4,63.4,75.5,42.5,59.4,74.7,89.3,92.5,63.9,46.8,64.8,50.6,45,66,60,55,15,49.69,999178586309.021,269951846.0,3701.32155461912
6346,Asia,1768,IDN,Indonesia,2019,69.0,81.5,66.1,66.9,92.2,61.5,69.2,64.3,76.1,44.6,62.7,74.5,89.2,92.2,69.4,46.7,66.1,49.8,44,66,50,55,15,49.38,1049330233997.45,272489381.0,3850.90321738979
6347,Asia,1769,IDN,Indonesia,2020,69.2,82.7,66.3,65.2,92.2,63.3,70.1,64.5,76.5,48.1,62.7,70.9,89.2,92.5,69.6,46.5,65.9,51.0,49,70,32,45,10,49.07,1027656193885.38,274814866.0,3739.44906563161
6348,Asia,1770,IDN,Indonesia,2021,70.0,83.2,66.5,64.5,92.2,63.7,70.1,64.5,77.1,49.1,60.9,74.9,89.7,92.5,69.8,51.8,67.4,52.3,41,68,35,62,15,,1065709127396.86,276758053.0,3850.68877253903
6349,Asia,1771,IDN,Indonesia,2022,70.2,86.1,66.6,64.8,92.2,63.8,70.1,64.5,77.4,50.7,60.9,75.3,89.7,92.5,69.8,51.4,64.7,52.4,45,66,50,65,20,,1122268412650.2,278830529.0,4024.91225288391
6350,Asia,1772,IRN,"Iran, Islamic Rep.",2000,61.2,94.3,63.0,67.1,60.0,36.3,57.3,59.4,59.7,15.0,35.6,68.0,86.5,83.6,77.4,69.2,57.3,51.3,45,35,10,30,20,5.73,258056537599.93,66418659.0,3885.30183362976
6351,Asia,1773,IRN,"Iran, Islamic Rep.",2001,61.2,94.3,63.7,66.3,59.1,36.7,57.3,59.8,59.3,15.1,35.6,68.0,86.5,83.1,76.9,70.1,57.3,51.9,70,40,11,15,10,5.81,264229695673.419,67452005.0,3917.29935490307
6352,Asia,1774,IRN,"Iran, Islamic Rep.",2002,61.8,94.3,65.4,66.4,64.8,37.5,57.3,60.8,59.0,15.6,35.6,68.0,86.1,83.2,74.7,70.0,57.3,54.1,75,45,10,30,15,5.89,285576361691.924,68011317.0,4198.95356080112
6353,Asia,1775,IRN,"Iran, Islamic Rep.",2003,62.0,94.3,65.7,66.8,67.1,37.9,57.3,61.5,59.7,16.5,35.6,68.0,86.1,82.8,72.4,70.4,57.3,54.1,72,40,12,20,10,5.98,310248155725.937,68769340.0,4511.4313402737
6354,Asia,1776,IRN,"Iran, Islamic Rep.",2004,62.1,94.3,65.7,67.0,68.0,38.2,57.4,61.8,60.4,16.5,35.6,68.1,85.8,82.3,73.1,70.2,57.3,54.4,70,45,10,35,8,6.06,323702581958.885,70256316.0,4607.45169101785
6355,Asia,1777,IRN,"Iran, Islamic Rep.",2005,62.5,94.3,65.5,69.2,66.7,38.6,57.6,62.0,59.5,17.4,35.6,68.4,85.6,82.0,73.5,70.1,57.3,59.3,70,45,10,15,5,6.15,334028060129.516,71828455.0,4650.3584147747
6356,Asia,1778,IRN,"Iran, Islamic Rep.",2006,62.2,94.3,64.9,70.2,67.4,39.9,57.8,62.2,59.7,17.8,28.4,68.4,85.0,81.2,74.1,69.9,57.3,59.3,73,38,15,30,20,6.23,350728779278.205,73392747.0,4778.79345868067
6357,Asia,1779,IRN,"Iran, Islamic Rep.",2007,62.3,94.3,65.5,70.7,67.1,40.1,58.0,62.8,60.1,18.4,28.4,65.8,85.0,81.2,76.4,69.7,58.2,58.2,72,40,12,15,10,6.31,379333424180.106,74602648.0,5084.71796041484
6358,Asia,1780,IRN,"Iran, Islamic Rep.",2008,62.7,94.3,62.0,70.7,68.3,39.7,58.2,63.0,60.2,19.9,28.4,75.0,85.2,80.8,76.6,69.6,59.2,55.2,73,55,13,23,15,6.4,380285006930.526,75514204.0,5035.94008526563
6359,Asia,1781,IRN,"Iran, Islamic Rep.",2009,63.7,94.3,63.6,71.4,70.3,40.0,58.5,63.4,59.3,19.4,42.8,75.0,84.9,80.4,76.4,69.4,59.2,54.8,75,35,15,15,15,6.48,384115942807.766,76457825.0,5023.89314380531
6360,Asia,1782,IRN,"Iran, Islamic Rep.",2010,63.8,94.3,64.8,73.5,68.5,40.3,58.7,63.7,58.4,20.5,42.8,74.6,85.3,80.4,76.7,69.3,59.2,54.3,78,45,15,18,18,6.56,406386748156.485,77420842.0,5249.06133359393
6361,Asia,1783,IRN,"Iran, Islamic Rep.",2011,64.5,95.7,63.9,74.5,69.4,40.2,58.9,63.8,59.1,22.4,42.8,78.1,85.4,80.2,77.5,69.1,61.9,53.9,75,40,13,15,20,6.56,417138595177.33,78383598.0,5321.75870744451
6362,Asia,1784,IRN,"Iran, Islamic Rep.",2012,64.6,96.3,63.7,74.6,71.2,40.2,59.1,64.1,59.2,23.7,42.8,78.5,84.8,79.5,78.2,69.0,60.3,53.5,75,42,15,15,15,6.56,401507697046.151,79370580.0,5058.64637811833
6363,Asia,1785,IRN,"Iran, Islamic Rep.",2013,66.0,96.8,64.5,75.9,71.5,40.5,59.2,64.8,60.1,24.5,63.6,77.6,85.0,79.8,78.5,68.9,57.3,53.4,70,40,15,30,20,6.56,395396833390.869,80414686.0,4916.97291948474
6364,Asia,1786,IRN,"Iran, Islamic Rep.",2014,66.0,95.0,63.8,76.0,73.0,40.7,59.4,64.7,63.0,27.6,58.1,75.5,85.3,80.3,77.1,68.7,59.6,54.7,70,43,11,18,85,6.56,415106476157.819,81502045.0,5093.20319702186
6365,Asia,1787,IRN,"Iran, Islamic Rep.",2015,66.5,95.1,65.2,77.6,76.8,40.8,59.6,64.9,62.8,30.4,55.0,74.8,86.0,81.4,77.6,68.5,59.1,55.5,80,45,10,12,20,6.56,409191686496.677,82619362.0,4952.73355532178
6366,Asia,1788,IRN,"Iran, Islamic Rep.",2016,67.0,95.1,66.3,78.4,76.8,43.0,59.8,65.0,61.9,36.0,52.4,76.2,85.8,81.5,78.2,68.4,58.7,56.3,70,41,12,18,20,6.57,445262288195.34,83812228.0,5312.61724954192
6367,Asia,1789,IRN,"Iran, Islamic Rep.",2017,68.0,95.1,64.2,79.1,77.1,43.6,59.9,64.9,62.4,52.1,49.0,78.4,85.9,80.5,78.6,68.3,59.5,58.2,80,55,11,15,20,6.58,457544871772.728,85026754.0,5381.18709991831
6368,Asia,1790,IRN,"Iran, Islamic Rep.",2018,68.1,94.6,64.4,78.5,77.1,43.7,60.1,64.4,62.5,55.2,43.4,77.8,85.9,80.9,78.8,68.1,61.4,60.8,76,37,15,30,30,6.59,449135162389.142,86117998.0,5215.34606957702
6369,Asia,1791,IRN,"Iran, Islamic Rep.",2019,69.0,93.2,64.4,80.4,82.8,43.6,60.2,64.4,63.3,59.7,48.5,76.7,85.8,81.0,80.1,67.9,61.4,59.4,76,55,15,15,15,6.59,435344072056.544,87051648.0,5000.98599002449
6370,Asia,1792,IRN,"Iran, Islamic Rep.",2020,68.9,93.1,64.1,80.4,82.7,42.6,60.2,64.3,63.9,63.6,48.5,75.6,85.8,80.6,79.8,67.8,61.0,57.7,76,55,15,18,15,6.6,449842285446.341,87723443.0,5127.95975696418
6371,Asia,1793,IRN,"Iran, Islamic Rep.",2021,69.1,93.5,64.1,80.2,83.0,42.6,60.2,64.3,62.6,67.0,48.5,74.5,85.8,80.4,79.5,67.6,61.5,59.5,80,45,11,15,70,,471073841462.031,88455488.0,5325.54680453553
6372,Asia,1794,IRN,"Iran, Islamic Rep.",2022,69.1,94.0,64.1,80.6,83.0,42.9,60.2,64.3,62.5,67.2,48.5,74.0,85.8,80.4,79.4,67.4,60.4,59.8,82,55,12,15,18,,488864564083.075,89524246.0,5460.69457075433
6373,Asia,1795,IRQ,Iraq,2000,56.3,0.0,39.1,52.8,53.7,26.7,47.1,56.0,61.6,15.2,94.1,54.4,85.9,87.0,66.5,40.8,58.0,62.5,65,65,12,10,10,1.88,101916218527.399,24424056.0,4172.78025105244
6374,Asia,1796,IRQ,Iraq,2001,56.3,0.0,40.4,52.9,53.7,27.2,48.2,55.1,61.5,15.2,94.1,54.4,84.8,85.9,66.3,40.6,58.0,62.5,75,61,10,12,8,1.89,103716679377.555,25197840.0,4116.09405320279
6375,Asia,1797,IRQ,Iraq,2002,56.6,0.0,42.2,53.2,53.7,27.6,49.2,56.4,61.5,15.2,94.1,53.9,85.7,86.0,66.6,40.2,58.0,62.5,70,55,12,10,10,1.89,95208069160.7452,26006559.0,3660.92527507177
6376,Asia,1798,IRQ,Iraq,2003,57.1,0.0,48.2,52.4,57.7,28.1,50.3,53.7,61.5,15.2,94.1,53.8,86.4,85.9,65.5,40.4,58.0,62.5,68,68,12,5,8,1.89,60307856288.9303,26802659.0,2250.06990123369
6377,Asia,1799,IRQ,Iraq,2004,57.3,0.0,45.2,51.2,64.8,28.5,51.3,54.7,61.7,15.2,94.1,53.4,85.7,84.0,66.2,40.2,58.0,62.5,70,63,10,5,15,1.89,92503535426.8886,27577878.0,3354.26588756715
6378,Asia,1800,IRQ,Iraq,2005,57.4,0.0,44.4,51.8,64.8,28.9,52.6,54.3,61.6,15.2,94.1,53.6,85.6,84.4,66.4,40.0,58.0,62.5,70,75,15,8,8,1.89,94053181141.5504,28407448.0,3310.86344473993
6379,Asia,1801,IRQ,Iraq,2006,58.6,0.0,46.0,52.7,64.8,38.6,53.9,58.6,61.7,15.3,94.1,53.1,86.6,86.0,65.6,39.9,58.0,62.5,75,70,14,8,18,1.89,99356180856.4776,28616515.0,3471.98744698568
6380,Asia,1802,IRQ,Iraq,2007,59.3,0.0,46.8,51.6,64.6,39.1,55.2,64.1,61.7,15.3,94.1,53.0,87.2,89.0,66.0,40.5,58.0,62.5,75,65,15,7,10,1.9,101232561440.969,28391607.0,3565.58054079041
6381,Asia,1803,IRQ,Iraq,2008,58.9,0.0,43.6,53.1,64.6,39.7,56.5,61.3,61.8,15.3,94.1,52.6,86.7,86.4,66.5,40.4,58.0,62.5,70,70,15,15,15,1.9,109562085020.285,28971036.0,3781.78001712762
6382,Asia,1804,IRQ,Iraq,2009,59.6,0.0,45.1,55.0,64.6,40.2,57.8,62.8,61.8,15.4,94.1,59.4,85.1,85.7,66.4,40.3,58.0,62.5,60,75,15,15,15,1.9,113264515567.212,30058206.0,3768.17284328983
6383,Asia,1805,IRQ,Iraq,2010,59.7,0.0,49.4,55.9,64.6,40.5,59.1,63.0,62.0,15.5,94.1,51.9,86.0,85.4,66.2,40.1,59.4,62.5,68,70,15,15,15,1.9,120516349622.451,31045366.0,3881.94327045302
6384,Asia,1806,IRQ,Iraq,2011,59.7,0.0,47.7,58.1,64.6,41.2,60.4,62.4,62.0,15.9,94.1,50.2,85.8,84.0,66.8,40.0,59.9,62.5,62,63,30,17,15,1.9,129611081238.514,32161424.0,4030.01686860986
6385,Asia,1807,IRQ,Iraq,2012,59.4,0.0,48.9,55.3,63.8,41.9,61.7,59.2,62.1,17.5,91.5,53.5,85.4,81.9,65.6,39.8,59.9,62.5,65,72,15,15,12,1.9,147674239072.767,33654842.0,4387.90469058707
6386,Asia,1808,IRQ,Iraq,2013,60.0,0.0,50.3,55.6,62.1,42.5,63.0,61.6,61.1,17.9,91.5,56.3,85.4,81.2,66.4,40.4,62.3,62.5,70,63,18,15,10,1.9,158939252263.834,35281989.0,4504.82687537354
6387,Asia,1809,IRQ,Iraq,2014,60.6,0.0,50.5,54.7,67.0,42.6,64.3,63.2,60.1,20.6,91.5,58.9,85.5,81.4,61.8,41.6,63.5,62.5,83,75,14,8,20,1.9,162537141323.775,36550059.0,4446.97343234862
6388,Asia,1810,IRQ,Iraq,2015,60.2,0.0,49.8,55.7,67.0,43.3,66.7,63.4,60.1,20.9,91.5,54.5,86.2,82.4,62.2,41.4,63.1,55.4,70,70,18,11,18,1.9,166774104959.102,37560535.0,4440.14189252367
6389,Asia,1811,IRQ,Iraq,2016,60.4,0.0,49.9,56.7,68.3,43.4,66.2,63.7,60.0,21.6,91.5,57.1,86.4,83.5,62.0,41.4,62.1,53.2,68,75,30,12,30,1.9,189767872908.426,38469627.0,4932.9272911439
6390,Asia,1812,IRQ,Iraq,2017,61.0,0.0,47.3,59.0,69.9,42.8,65.5,64.0,60.9,25.2,91.5,56.5,86.3,82.7,62.0,41.3,61.4,59.9,72,70,22,15,10,1.9,186314571374.742,39337353.0,4736.32710809857
6391,Asia,1813,IRQ,Iraq,2018,62.2,0.0,51.3,61.8,69.9,42.2,69.2,63.8,60.0,29.7,91.5,56.4,86.3,83.0,62.3,41.1,62.4,63.8,70,63,35,22,5,1.9,191221819559.378,40265624.0,4749.00921836896
6392,Asia,1814,IRQ,Iraq,2019,62.4,0.0,51.7,61.6,69.9,42.3,62.3,63.8,59.2,32.9,91.5,55.2,86.2,84.9,68.1,40.9,63.9,63.5,60,63,18,15,7,1.9,201765390224.396,41192171.0,4898.14897652265
6393,Asia,1815,IRQ,Iraq,2020,63.0,0.0,52.4,60.9,69.9,42.9,62.6,63.9,58.3,34.6,91.5,57.2,86.2,86.0,69.5,40.9,64.0,67.0,64,60,15,10,10,1.9,177479307669.569,42116605.0,4213.99843766061
6394,Asia,1816,IRQ,Iraq,2021,63.2,0.0,53.0,61.7,69.9,44.2,62.6,63.9,57.5,33.8,91.5,54.7,86.2,85.5,69.5,40.6,63.8,72.4,60,65,28,35,10,,180145367592.772,43071211.0,4182.5006404573
6395,Asia,1817,IRQ,Iraq,2022,64.8,0.0,53.2,61.3,69.9,44.2,62.6,63.9,57.9,34.7,91.5,58.0,86.2,85.5,69.5,40.4,64.0,71.8,60,68,17,8,10,,194483223959.197,44070551.0,4412.99733146512
6396,Europe,1818,IRL,Ireland,2000,74.4,99.6,69.2,85.2,98.7,65.4,84.2,67.4,86.8,67.5,81.3,86.0,50.9,49.2,59.8,76.7,87.4,49.7,10,5,30,30,5,9.15,162266448874.275,3805174.0,42643.6343973429
6397,Europe,1819,IRL,Ireland,2001,74.5,99.6,68.6,84.9,98.6,65.4,84.2,67.2,86.9,68.3,81.3,86.0,50.7,48.4,61.5,76.6,87.3,50.4,12,7,75,15,8,9.28,170876017448.131,3866243.0,44196.9160883397
6398,Europe,1820,IRL,Ireland,2002,74.7,99.6,68.1,85.6,98.9,66.1,84.2,67.4,86.9,69.9,82.3,86.0,50.1,49.5,60.9,76.6,87.3,50.9,15,10,80,15,5,9.41,180956619890.1,3931947.0,46022.1411657126
6399,Europe,1821,IRL,Ireland,2003,75.1,99.6,68.5,86.7,99.2,66.2,84.2,67.5,86.7,72.4,81.5,86.0,50.5,50.0,61.8,77.2,87.4,51.4,10,10,75,20,7,9.54,186410359135.085,3996521.0,46643.157670155
6400,Europe,1822,IRL,Ireland,2004,75.5,99.6,68.6,87.3,99.0,66.2,84.3,67.6,86.7,73.6,80.5,86.0,51.3,50.1,64.6,77.7,87.8,52.2,20,10,80,75,10,9.67,199064153314.993,4070262.0,48906.9630689605
6401,Europe,1823,IRL,Ireland,2005,75.7,99.6,67.7,88.2,99.5,66.3,84.3,67.8,86.7,74.3,80.2,86.0,51.7,49.6,66.5,78.9,87.5,52.8,18,15,60,50,8,9.8,210490003080.357,4159914.0,50599.6044822938
6402,Europe,1824,IRL,Ireland,2006,76.2,99.6,68.6,88.9,99.2,66.4,84.3,68.3,86.5,76.3,83.3,86.0,50.9,50.3,67.2,80.5,87.2,52.6,18,20,75,55,10,9.93,220988938813.327,4273591.0,51710.3622722266
6403,Europe,1825,IRL,Ireland,2007,76.7,99.6,69.8,89.4,99.2,66.5,84.3,68.4,86.1,77.4,86.6,86.0,49.3,50.9,66.3,83.9,87.0,53.4,18,20,85,60,8,10.06,232723709424.989,4398942.0,52904.4732631139
6404,Europe,1826,IRL,Ireland,2008,77.2,99.6,69.7,90.9,99.0,66.6,84.4,69.4,85.1,78.6,90.2,84.4,50.3,51.5,65.1,84.1,86.7,56.4,15,10,70,55,8,10.2,222288216395.021,4489544.0,49512.4262943009
6405,Europe,1827,IRL,Ireland,2009,77.2,99.6,69.3,90.3,99.4,67.1,84.4,69.8,82.0,79.7,84.6,85.2,50.7,53.7,65.2,85.4,86.2,59.0,18,20,75,45,8,10.33,210960893946.496,4535375.0,46514.5426665922
6406,Europe,1828,IRL,Ireland,2010,77.6,99.6,69.4,92.7,99.7,67.2,84.4,70.0,81.0,79.8,87.9,85.6,52.2,53.9,62.9,86.8,87.5,58.7,15,10,75,55,10,10.46,214511307293.468,4560155.0,47040.3543944159
6407,Europe,1829,IRL,Ireland,2011,78.4,99.5,69.1,92.5,99.8,67.7,84.5,71.2,80.4,81.9,85.5,88.4,52.5,60.7,66.1,87.1,87.6,57.7,15,10,78,45,10,10.56,218048113963.895,4580084.0,47607.8853496781
6408,Europe,1830,IRL,Ireland,2012,78.9,99.7,68.8,92.8,98.8,67.7,84.5,71.1,80.5,79.9,84.2,89.0,54.4,69.6,68.0,87.1,88.5,57.5,12,10,80,65,8,10.66,217178188158.019,4599533.0,47217.44319652
6409,Europe,1831,IRL,Ireland,2013,79.2,99.6,68.9,92.7,99.1,72.4,84.5,71.3,81.4,81.0,83.1,88.2,53.6,68.2,70.4,87.1,88.1,56.3,15,20,70,55,10,10.76,221939116699.314,4623816.0,47999.1238187925
6410,Europe,1832,IRL,Ireland,2014,79.7,99.8,67.8,93.2,98.7,72.3,84.5,72.1,82.5,86.1,87.9,89.6,53.5,65.9,70.1,87.0,89.3,54.7,20,20,70,50,10,10.86,242659427539.831,4657740.0,52098.1049907962
6411,Europe,1833,IRL,Ireland,2015,79.3,99.8,66.8,93.7,97.7,72.5,84.6,72.6,83.5,87.3,87.7,88.9,53.8,62.9,69.5,87.0,89.3,50.3,20,20,50,75,10,10.95,302391428540.035,4701957.0,64311.8234684057
6412,Europe,1834,IRL,Ireland,2016,78.5,99.9,67.6,93.9,98.7,75.9,84.6,72.4,84.1,83.7,84.7,88.2,52.2,54.6,67.7,87.0,88.5,50.5,15,15,75,58,10,11.03,306088582542.908,4762722.0,64267.5727331783
6413,Europe,1835,IRL,Ireland,2017,79.1,99.9,68.0,94.3,99.9,76.1,84.6,73.5,85.1,88.1,88.9,87.4,50.8,53.0,70.1,87.1,88.2,50.3,15,18,72,70,10,11.11,336849347914.799,4827445.0,69777.9773596176
6414,Europe,1836,IRL,Ireland,2018,78.8,99.9,67.4,94.4,99.1,76.3,82.9,73.9,85.5,85.0,90.3,87.9,46.4,53.1,71.2,87.8,88.1,50.2,18,30,50,55,8,11.19,362262415222.656,4898022.0,73960.9612252979
6415,Europe,1837,IRL,Ireland,2019,79.3,99.9,67.7,95.2,99.8,76.4,82.9,74.8,86.0,85.3,90.3,90.0,46.4,53.9,72.6,88.7,87.9,50.1,20,18,80,55,10,11.27,380522433254.095,4976456.0,76464.5428903812
6416,Europe,1838,IRL,Ireland,2020,79.3,99.9,67.7,94.8,99.0,76.5,82.9,74.8,85.6,86.0,90.3,88.8,46.4,54.8,72.5,88.7,88.1,51.0,18,15,75,62,10,11.35,407759843938.039,5039747.0,80908.7924330406
6417,Europe,1839,IRL,Ireland,2021,79.4,99.9,67.7,94.3,99.0,77.2,82.9,74.8,86.0,86.5,90.3,90.0,45.9,54.1,72.6,88.6,87.8,52.0,20,20,70,50,8,,474043708271.963,5110585.0,92757.2299985155
6418,Europe,1840,IRL,Ireland,2022,80.1,99.9,67.7,94.4,99.0,77.7,82.9,74.8,87.0,86.5,90.3,90.8,45.9,54.1,72.6,88.6,89.1,61.2,15,18,75,20,8,,514903922090.306,5212836.0,98776.1598658208
6419,Asia,1841,ISR,Israel,2000,68.8,97.8,57.9,88.4,99.3,54.1,68.2,70.2,77.6,76.8,63.9,85.7,59.6,54.0,41.4,45.4,70.9,58.9,30,15,20,30,10,7.07,184981435200.171,6289000.0,29413.4894578106
6420,Asia,1842,ISR,Israel,2001,68.7,97.8,58.1,88.2,99.6,54.7,68.2,70.2,77.7,76.3,63.9,85.7,60.9,53.4,37.9,45.4,70.7,59.7,20,10,35,20,10,7.07,185495549157.594,6439000.0,28808.1300136037
6421,Asia,1843,ISR,Israel,2002,68.9,97.8,58.9,88.5,99.5,55.2,68.2,70.9,77.4,76.3,63.0,85.7,61.9,54.7,37.7,45.5,70.6,60.0,20,15,15,15,10,7.08,185246850387.665,6570000.0,28195.8676389139
6422,Asia,1844,ISR,Israel,2003,69.1,97.8,59.6,89.5,99.8,55.7,68.2,70.8,77.1,76.6,61.4,85.7,62.4,54.2,37.4,48.0,70.9,59.5,10,40,35,10,7,7.08,187931184126.957,6689700.0,28092.6176251486
6423,Asia,1845,ISR,Israel,2004,69.0,97.8,60.3,90.0,99.8,55.8,68.2,71.2,77.3,77.1,60.3,85.7,63.0,55.4,34.6,48.0,70.4,58.7,38,45,40,18,10,7.09,196666032830.423,6809000.0,28883.247588548
6424,Asia,1846,ISR,Israel,2005,69.7,97.8,59.9,90.4,99.9,59.8,68.2,71.6,78.8,77.4,59.2,86.0,64.8,56.2,37.0,48.0,71.4,58.3,37,15,15,15,10,7.09,205295323130.844,6930100.0,29623.7172812577
6425,Asia,1847,ISR,Israel,2006,69.6,97.8,57.9,91.2,99.1,63.4,68.2,71.3,79.2,77.8,60.1,86.0,64.2,55.1,35.6,48.0,70.0,58.3,25,18,40,20,10,7.1,216795201343.264,7053700.0,30734.9619835354
6426,Asia,1848,ISR,Israel,2007,69.7,97.8,57.2,90.6,99.8,63.5,68.2,71.5,80.0,80.8,60.8,86.8,64.4,55.2,35.4,48.4,66.1,57.7,18,25,15,25,8,7.1,230503919634.261,7180100.0,32103.1628576567
6427,Asia,1849,ISR,Israel,2008,69.8,97.8,55.2,91.7,98.6,63.7,68.2,72.4,81.1,82.4,60.1,87.7,64.3,54.2,35.7,48.6,67.6,57.9,35,10,40,20,10,7.11,237930977208.346,7308800.0,32554.0413211945
6428,Asia,1850,ISR,Israel,2009,70.0,97.8,58.5,92.8,98.0,65.9,68.2,72.7,80.0,83.0,58.7,84.4,66.3,55.5,34.9,49.1,67.1,57.9,33,45,60,12,5,7.11,240875924092.824,7485600.0,32178.5727387015
6429,Asia,1851,ISR,Israel,2010,70.1,97.8,57.6,93.7,99.5,66.3,68.2,72.7,80.6,83.6,58.9,83.8,65.3,54.7,34.1,49.2,67.2,58.1,37,10,35,20,10,7.12,254206817526.885,7623600.0,33344.7213294093
6430,Asia,1852,ISR,Israel,2011,70.2,97.8,58.5,93.8,98.7,66.7,68.2,73.0,81.4,85.0,60.4,82.6,64.7,51.2,36.9,49.2,67.4,58.1,30,45,65,60,12,7.22,268235973747.568,7765800.0,34540.6749784398
6431,Asia,1853,ISR,Israel,2012,70.6,97.6,60.9,93.7,99.6,66.9,68.2,70.0,81.7,87.1,59.5,83.7,64.9,54.0,37.0,49.2,67.6,58.4,30,60,65,47,8,7.32,274800159647.141,7910500.0,34738.6587001
6432,Asia,1854,ISR,Israel,2013,71.1,98.0,59.9,94.4,99.9,70.6,68.2,70.6,82.0,87.5,63.7,82.6,64.6,54.8,35.9,49.2,68.7,58.8,35,45,45,35,5,7.42,286027695014.037,8059500.0,35489.5086561247
6433,Asia,1855,ISR,Israel,2014,71.2,98.2,60.8,94.7,99.7,71.2,68.2,71.0,82.1,83.4,63.0,84.1,66.6,57.3,31.1,49.2,71.2,58.7,38,65,60,15,10,7.52,296827610046.146,8215700.0,36129.3146105805
6434,Asia,1856,ISR,Israel,2015,72.1,98.2,61.0,94.2,99.7,73.4,68.5,71.0,82.7,88.9,64.4,87.2,67.7,61.0,31.2,49.2,68.7,58.8,40,45,55,15,8,7.62,303469434072.296,8380100.0,36213.1041481958
6435,Asia,1857,ISR,Israel,2016,72.0,98.5,60.2,94.4,99.6,73.7,68.2,71.4,82.9,84.4,68.8,85.7,66.6,59.9,32.1,49.3,69.3,58.9,40,45,65,60,10,7.39,317003511449.31,8546000.0,37093.7879065422
6436,Asia,1858,ISR,Israel,2017,73.2,98.4,55.1,95.3,99.4,74.2,68.2,71.3,83.7,94.6,71.2,87.2,67.5,63.8,33.5,49.3,71.2,60.2,35,45,45,20,15,7.16,330783435889.189,8713300.0,37963.0491190696
6437,Asia,1859,ISR,Israel,2018,73.1,98.6,53.2,94.8,99.6,74.8,69.1,71.3,83.8,94.0,69.4,85.7,67.7,65.5,34.1,49.3,71.1,60.5,40,30,50,45,10,6.93,344027669320.131,8882800.0,38729.6426036983
6438,Asia,1860,ISR,Israel,2019,73.7,98.6,55.6,95.7,99.5,72.9,68.2,71.7,84.0,94.8,71.6,86.7,67.5,66.0,37.5,49.4,71.6,61.0,30,45,45,38,8,6.7,356792803355.853,9054000.0,39407.2016076709
6439,Asia,1861,ISR,Israel,2020,73.9,98.5,56.1,95.6,99.6,75.3,68.2,71.7,83.6,95.2,71.6,83.4,67.5,66.9,37.5,49.4,71.9,64.5,35,28,25,20,5,6.47,349579824803.208,9215100.0,37935.5432717179
6440,Asia,1862,ISR,Israel,2021,74.2,98.6,55.4,96.3,99.6,75.9,68.2,71.7,83.6,95.4,71.6,87.9,66.6,67.2,37.5,49.4,70.8,65.3,55,58,46,60,10,,382399686301.549,9371400.0,40804.9689802536
6441,Asia,1863,ISR,Israel,2022,74.0,98.6,55.4,96.3,99.6,76.1,68.2,71.7,84.3,94.7,71.6,84.6,66.6,67.2,37.5,49.4,69.6,66.1,40,20,55,30,8,,406350386042.279,9557500.0,42516.3888090274
6442,Europe,1864,ITA,Italy,2000,71.9,98.0,71.4,86.0,99.2,50.1,78.5,68.7,74.4,60.1,76.8,75.2,66.3,71.2,53.4,66.7,66.7,58.9,15,10,40,15,10,28.45,1856863206512.55,56942108.0,32609.66746283
6443,Europe,1865,ITA,Italy,2001,72.0,98.0,70.3,86.5,99.1,49.8,78.8,69.0,75.1,61.1,76.8,75.2,66.9,71.2,52.1,66.9,66.7,59.9,15,10,50,20,7,28.68,1894119928193.34,56976981.0,33243.599343976
6444,Europe,1866,ITA,Italy,2002,72.2,98.0,70.3,87.3,99.6,50.1,79.2,69.2,75.3,61.9,76.8,75.2,67.1,71.0,51.7,67.4,66.7,59.8,18,12,45,55,8,28.9,1899232719747.26,57089824.0,33267.4474482048
6445,Europe,1867,ITA,Italy,2003,72.3,98.0,68.6,88.1,99.6,51.3,79.5,69.4,75.4,63.0,77.4,75.2,67.1,70.5,51.0,69.1,66.7,60.0,20,10,30,50,5,29.13,1900496731461.62,57399184.0,33110.1698494812
6446,Europe,1868,ITA,Italy,2004,73.1,98.0,72.5,88.8,99.6,51.6,79.8,69.5,75.9,64.1,78.2,75.2,66.9,70.5,52.4,72.0,66.9,60.3,20,10,40,30,5,29.35,1928510465814.16,57828179.0,33348.9744820456
6447,Europe,1869,ITA,Italy,2005,73.8,98.0,71.8,89.9,99.5,51.9,80.2,69.9,76.1,65.3,80.8,75.3,67.2,70.6,55.4,75.7,66.8,60.4,10,35,40,50,5,29.57,1943213635518.5,58166682.0,33407.6754716472
6448,Europe,1870,ITA,Italy,2006,74.2,98.0,70.9,90.2,99.4,55.3,80.5,70.6,76.5,66.6,80.6,75.3,67.1,70.8,56.7,77.9,64.4,61.0,15,12,54,50,8,29.8,1978181374737.88,58399861.0,33873.0493680093
6449,Europe,1871,ITA,Italy,2007,74.5,98.0,70.6,90.2,99.4,56.0,80.9,71.3,76.9,68.1,84.3,75.3,67.6,71.0,55.9,78.4,62.3,59.9,18,30,30,20,10,30.02,2007108163772.48,58756247.0,34159.9109244074
6450,Europe,1872,ITA,Italy,2008,74.5,98.0,71.0,90.8,99.2,58.5,76.8,72.6,76.5,69.1,82.1,74.8,68.3,71.5,54.6,78.3,63.6,60.9,15,10,20,30,10,30.25,1986572667176.02,59211181.0,33550.6340800063
6451,Europe,1873,ITA,Italy,2009,75.6,98.0,70.8,90.2,99.3,58.9,80.9,73.6,76.1,70.4,82.7,77.5,69.3,73.1,58.0,79.2,64.9,61.8,18,12,60,55,10,30.47,1881181927615.29,59555454.0,31587.0638416305
6452,Europe,1874,ITA,Italy,2010,75.7,98.0,70.6,91.8,99.5,59.3,80.8,74.0,75.7,74.2,78.6,76.6,69.2,72.8,58.1,79.2,67.8,61.4,25,25,30,48,7,30.69,1909947188308.66,59819407.0,31928.5543621096
6453,Europe,1875,ITA,Italy,2011,75.7,98.1,71.3,91.2,99.3,60.0,80.8,73.7,75.6,75.2,78.4,77.3,69.0,72.8,56.7,79.2,66.7,60.7,20,20,35,45,10,30.88,1923230167272.61,60026841.0,32039.5032494316
6454,Europe,1876,ITA,Italy,2012,76.5,97.7,69.5,91.0,99.3,60.5,80.8,75.2,74.4,76.6,77.6,80.2,70.3,76.2,62.0,79.2,69.1,60.4,35,10,50,38,10,31.06,1863124632394.25,60191247.0,30953.4147447427
6455,Europe,1877,ITA,Italy,2013,77.3,97.5,69.8,91.7,99.1,69.1,80.8,76.3,73.6,78.8,79.3,80.4,70.5,77.5,62.4,79.3,68.0,60.6,20,25,35,40,5,31.24,1829252558793.34,60311613.0,30330.0221599668
6456,Europe,1878,ITA,Italy,2014,77.1,97.7,70.6,91.4,98.8,69.6,80.8,76.9,75.8,80.1,79.2,69.6,70.5,78.3,61.6,79.3,69.7,60.5,18,20,35,20,10,31.42,1829227175768.29,60320707.0,30325.0287793923
6457,Europe,1879,ITA,Italy,2015,76.9,96.7,70.2,91.1,98.0,69.4,80.8,76.5,76.0,82.2,77.0,71.7,70.7,78.7,59.6,79.3,68.6,60.3,18,30,20,40,8,31.61,1845428048839.1,60229605.0,30639.8829751432
6458,Europe,1880,ITA,Italy,2016,77.0,97.1,70.6,92.0,97.0,69.9,80.8,76.5,76.1,83.0,78.2,71.7,70.6,78.5,58.4,79.5,68.5,59.7,40,18,60,46,5,31.79,1868241619489.51,60115223.0,31077.6792675211
6459,Europe,1881,ITA,Italy,2017,77.2,97.6,69.0,93.0,95.9,70.3,80.8,76.7,76.9,83.7,75.7,73.3,70.6,79.0,59.6,80.0,69.5,59.9,25,13,40,40,8,31.97,1898202609462.08,60002252.0,31635.52277108
6460,Europe,1882,ITA,Italy,2018,77.9,97.5,69.4,93.8,95.4,73.1,80.8,77.0,77.7,86.2,77.9,74.0,70.7,79.4,59.4,79.9,72.1,60.3,37,20,48,50,8,32.16,1913894038926.83,60148658.0,31819.3971830067
6461,Europe,1883,ITA,Italy,2019,77.9,97.5,69.4,94.2,94.0,73.5,80.8,76.9,78.2,85.7,77.9,69.8,70.8,79.6,62.5,79.9,72.8,59.9,40,35,65,35,10,32.34,1922107755078.16,59729081.0,32180.4341017428
6462,Europe,1884,ITA,Italy,2020,78.6,97.3,69.9,94.2,94.2,73.5,80.8,76.9,78.6,86.6,77.9,77.3,70.8,80.7,62.6,79.9,73.6,61.8,35,35,60,42,10,32.52,1751650987235.43,59438851.0,29469.7989238626
6463,Europe,1885,ITA,Italy,2021,78.7,97.4,69.8,94.2,94.2,73.9,80.8,76.9,79.3,87.5,77.9,73.6,71.6,79.9,62.6,80.0,73.8,64.2,25,30,55,45,5,,1908092024820.83,59133173.0,32267.7091050201
6464,Europe,1886,ITA,Italy,2022,78.8,97.5,69.8,93.9,94.2,74.3,80.8,76.9,79.9,87.5,77.9,74.6,71.6,79.9,62.6,79.9,72.9,65.2,30,20,68,35,7,,2000084512919.56,59013667.0,33891.8866526216
6465,North America,1887,JAM,Jamaica,2000,66.6,91.1,60.0,71.1,91.6,68.4,69.9,59.1,74.9,27.3,20.7,87.0,81.1,88.9,60.8,57.0,62.1,60.6,20,15,20,15,10,48.11,12852231986.3149,2607826.0,4928.33186965499
6466,North America,1888,JAM,Jamaica,2001,66.2,91.1,60.3,70.9,90.6,68.4,70.0,59.7,74.9,27.6,20.7,86.9,81.4,88.7,58.4,56.9,61.1,58.4,15,20,15,10,10,48.45,13025085453.9285,2624403.0,4963.06605880593
6467,North America,1889,JAM,Jamaica,2002,66.2,91.1,60.6,70.7,88.9,68.4,70.1,60.4,74.9,28.0,20.7,86.9,80.8,89.0,57.6,56.9,61.1,59.5,15,30,20,15,10,48.8,13285234306.1573,2640572.0,5031.19562964287
6468,North America,1890,JAM,Jamaica,2003,66.0,91.1,60.6,71.0,88.2,67.6,70.2,60.7,74.9,28.2,20.7,86.8,80.8,88.7,56.1,56.8,61.4,58.7,25,40,10,20,10,49.14,13772313188.7674,2656623.0,5184.14287189691
6469,North America,1891,JAM,Jamaica,2004,66.6,91.1,58.0,72.8,92.6,67.6,70.1,60.8,74.9,28.7,25.6,86.7,81.4,88.8,56.5,56.7,61.1,58.8,18,32,30,20,10,49.49,13954620755.2672,2672225.0,5222.09797276321
6470,North America,1892,JAM,Jamaica,2005,66.6,91.1,57.8,75.5,91.2,67.6,70.1,61.4,74.9,29.0,25.6,86.6,81.1,89.0,55.9,56.7,60.5,58.9,10,30,20,20,5,49.84,14079346867.5467,2687066.0,5239.67288765766
6471,North America,1893,JAM,Jamaica,2006,66.7,91.1,59.9,75.6,91.2,67.6,70.0,61.1,75.0,29.5,25.6,86.5,81.6,88.3,56.1,56.6,60.5,58.7,30,10,20,45,8,50.18,14487524781.6403,2700968.0,5363.82688785661
6472,North America,1894,JAM,Jamaica,2007,66.8,91.1,59.6,73.6,89.1,68.4,69.9,60.4,75.0,30.3,25.6,86.4,81.5,88.8,56.7,56.4,60.7,62.5,12,30,25,25,8,50.53,14694979477.5618,2713800.0,5414.9087912012
6473,North America,1895,JAM,Jamaica,2008,67.0,91.1,59.1,75.8,89.1,68.7,69.8,58.0,74.9,30.9,25.6,86.4,82.2,88.8,58.4,56.4,60.7,63.5,20,30,50,40,8,50.87,14575694935.6029,2725635.0,5347.63272984199
6474,North America,1896,JAM,Jamaica,2009,67.5,91.1,59.7,75.4,89.1,68.7,69.7,61.3,74.6,31.1,25.6,86.3,83.3,90.6,59.1,56.3,61.2,64.0,35,18,20,40,6,51.22,13942336992.7575,2736995.0,5094.03085966818
6475,North America,1897,JAM,Jamaica,2010,67.4,91.1,56.9,76.9,89.1,68.7,69.6,62.0,74.5,31.2,25.6,86.2,84.0,90.8,60.2,56.2,59.5,63.8,25,15,22,35,10,51.57,13739176618.3319,2748568.0,4998.66716716921
6476,North America,1898,JAM,Jamaica,2011,67.8,91.7,58.1,75.2,89.1,68.4,69.4,62.3,74.2,32.9,25.6,90.8,83.6,90.1,60.3,56.1,61.9,62.5,25,38,30,30,10,51.92,13976916069.8812,2760494.0,5063.19378701103
6477,North America,1899,JAM,Jamaica,2012,68.1,91.5,58.3,78.4,89.1,68.4,69.3,64.1,73.9,33.8,25.6,91.1,83.5,90.4,60.6,56.0,61.6,61.9,12,15,20,40,8,52.27,13891148675.6142,2772430.0,5010.45966015885
6478,North America,1900,JAM,Jamaica,2013,67.8,91.2,58.4,78.8,84.0,68.4,69.2,64.0,73.3,38.6,25.6,85.3,83.6,90.2,59.9,55.9,61.9,63.7,15,35,30,40,7,52.62,13963061209.3254,2783687.0,5016.03133158485
6479,North America,1901,JAM,Jamaica,2014,68.1,91.0,58.8,77.7,82.2,68.4,69.2,65.1,74.8,44.0,25.6,86.1,83.7,91.0,59.2,55.9,63.2,62.6,30,30,35,55,10,52.97,14059381527.3212,2793749.0,5032.44261647028
6480,North America,1902,JAM,Jamaica,2015,68.5,90.9,59.0,77.1,83.9,69.5,69.7,65.2,74.6,46.2,25.6,86.0,83.9,90.6,59.3,55.8,64.0,63.1,33,40,25,30,10,53.32,14188936918.0036,2802534.0,5062.8955502426
6481,North America,1903,JAM,Jamaica,2016,68.6,90.8,58.5,77.7,84.5,71.7,69.8,65.4,74.8,43.0,25.6,86.3,84.0,90.9,60.2,55.8,63.4,63.8,30,40,60,55,12,53.68,14384066451.101,2809915.0,5119.03970443981
6482,North America,1904,JAM,Jamaica,2017,68.9,91.0,58.2,78.7,82.0,71.9,69.9,65.7,75.6,43.7,25.6,88.3,83.9,90.9,60.5,55.7,63.7,65.1,35,30,25,35,5,54.04,14527493294.9865,2815764.0,5159.34335938187
6483,North America,1905,JAM,Jamaica,2018,69.1,91.1,58.7,78.2,81.3,71.8,70.0,64.8,76.7,46.8,25.6,88.4,84.0,90.7,60.7,55.9,61.9,68.1,35,30,35,35,10,54.4,14802051831.0548,2820097.0,5248.77400708373
6484,North America,1906,JAM,Jamaica,2019,69.3,91.3,58.9,79.5,81.8,72.0,70.1,64.2,78.1,47.9,25.6,85.8,84.0,90.9,61.8,55.8,62.4,67.4,40,35,20,60,10,54.76,14934129304.1378,2823271.0,5289.65490884076
6485,North America,1907,JAM,Jamaica,2020,69.7,87.9,59.1,77.9,81.8,77.4,70.1,64.2,76.9,50.6,25.6,87.9,84.0,91.4,61.9,55.7,64.1,68.4,30,35,30,10,8,55.11,13452615521.9861,2830739.0,4752.33340904481
6486,North America,1908,JAM,Jamaica,2021,69.3,88.7,59.1,78.0,81.8,77.9,70.1,64.2,76.8,51.5,25.6,79.8,81.3,91.0,62.2,56.4,62.8,71.3,35,25,45,50,10,,14071627468.5505,2837682.0,4958.84580039288
6487,North America,1909,JAM,Jamaica,2022,69.6,90.0,59.1,78.2,81.8,78.3,70.1,64.2,76.9,52.7,25.6,83.6,81.3,91.0,62.2,56.2,61.0,70.8,25,15,25,20,10,,14806380290.2635,2839144.0,5215.08605772144
6488,Asia,1910,JPN,Japan,2000,75.3,99.7,73.2,87.5,95.6,53.1,83.6,70.1,85.9,78.7,77.8,89.4,58.1,69.5,52.6,58.0,85.3,62.2,10,12,75,60,7,68.24,3986755544463.82,126843000.0,31430.631130325
6489,Asia,1911,JPN,Japan,2001,75.6,99.7,72.7,89.1,95.6,53.2,83.9,70.0,85.8,80.0,77.8,89.4,58.6,69.8,53.0,58.0,85.3,62.5,10,9,45,55,5,68.26,4002148544212.9,127149000.0,31476.0520665746
6490,Asia,1912,JPN,Japan,2002,75.7,99.7,72.6,89.6,95.6,53.3,84.2,70.1,85.6,81.7,77.8,89.4,58.6,69.4,53.4,57.9,85.3,62.6,10,10,35,20,5,68.29,4003827945767.2,127445000.0,31416.1241772309
6491,Asia,1913,JPN,Japan,2003,75.8,99.7,70.9,90.0,95.6,53.3,84.2,70.2,85.7,82.5,77.8,89.4,58.6,69.3,55.2,57.7,85.3,62.8,10,10,15,55,8,68.31,4065291729517.45,127718000.0,31830.217584972
6492,Asia,1914,JPN,Japan,2004,76.1,99.7,72.5,90.4,95.6,53.4,84.3,70.3,86.0,84.9,77.8,89.4,58.7,69.4,55.5,57.8,85.5,62.8,10,10,25,75,7,68.33,4154163710039.3,127761000.0,32515.1158024695
6493,Asia,1915,JPN,Japan,2005,76.5,99.7,73.2,91.6,95.6,54.6,84.3,70.3,86.1,87.0,77.8,89.4,58.9,69.3,55.4,58.6,85.7,62.9,10,10,10,55,7,68.36,4229100705435.58,127773000.0,33098.5474664881
6494,Asia,1916,JPN,Japan,2006,76.6,99.7,72.5,91.8,95.6,54.9,84.4,70.6,86.3,87.8,77.8,89.4,59.1,69.6,56.0,58.8,85.9,62.8,8,10,45,60,5,68.38,4287138774362.24,127854000.0,33531.518563066
6495,Asia,1917,JPN,Japan,2007,76.7,99.7,73.3,91.9,95.6,54.9,84.4,70.7,86.4,88.3,77.8,88.3,59.6,69.2,55.7,58.7,86.9,63.0,15,10,10,75,5,68.41,4350758602405.54,128001000.0,33990.0360341367
6496,Asia,1918,JPN,Japan,2008,76.6,99.7,73.7,91.4,95.6,54.9,84.5,70.5,86.3,88.3,77.8,84.5,59.7,70.1,55.5,58.7,87.0,63.4,10,10,12,18,12,68.43,4297492743392.88,128063000.0,33557.6454041595
6497,Asia,1919,JPN,Japan,2009,76.9,99.7,72.8,91.2,95.6,55.9,84.6,70.9,85.8,88.8,77.8,85.6,60.6,71.0,54.9,58.7,88.2,64.6,18,10,40,40,5,68.46,4052826324003.77,128047000.0,31651.0837739562
6498,Asia,1920,JPN,Japan,2010,77.1,99.7,72.4,92.6,95.6,55.9,84.6,71.2,85.7,89.8,81.6,86.2,60.1,70.4,53.3,59.0,87.2,65.4,20,12,10,60,8,68.48,4218907820178.57,128070000.0,32942.2020783835
6499,Asia,1921,JPN,Japan,2011,77.4,99.6,73.3,93.1,95.6,56.2,84.7,71.0,86.0,92.4,81.6,86.7,59.5,68.1,53.9,59.1,87.5,67.7,25,11,15,55,3,68.47,4219912322040.1,127833000.0,33011.1342301291
6500,Asia,1922,JPN,Japan,2012,77.6,99.4,74.4,93.0,95.6,55.1,84.7,70.8,86.1,92.5,81.6,87.1,59.8,67.5,54.3,60.6,88.8,68.1,30,12,20,25,8,68.46,4277925608846.49,127629000.0,33518.4449368599
6501,Asia,1923,JPN,Japan,2013,77.7,99.3,74.4,92.9,95.6,57.2,84.7,70.9,86.3,94.3,80.5,83.8,60.2,67.3,56.9,63.0,84.8,68.1,30,10,30,20,7,68.45,4363702302793.37,127445000.0,34239.8862473488
6502,Asia,1924,JPN,Japan,2014,77.7,99.3,74.8,92.9,95.1,57.7,84.8,71.3,86.6,94.3,80.5,85.2,60.3,67.3,54.9,63.2,84.7,68.0,18,10,30,70,5,68.43,4376627829634.98,127276000.0,34386.9058552671
6503,Asia,1925,JPN,Japan,2015,78.1,99.3,74.9,93.5,94.9,58.4,84.8,71.6,88.0,93.8,80.5,82.5,60.9,70.5,54.0,63.3,88.8,67.6,18,11,5,79,7,68.42,4444930651964.18,127141000.0,34960.6393843385
6504,Asia,1926,JPN,Japan,2016,78.0,99.3,74.6,93.7,94.5,58.8,84.8,71.8,88.2,92.0,80.5,85.1,60.7,70.5,52.9,63.3,88.6,67.2,20,11,60,58,8,68.42,4478437728050.46,127076000.0,35242.199377148
6505,Asia,1927,JPN,Japan,2017,78.1,99.3,74.5,93.9,94.1,59.7,84.9,72.1,88.2,93.9,80.5,83.4,60.8,71.3,53.1,63.3,87.3,67.7,18,12,65,70,7,68.41,4553466417290.11,126972000.0,35861.9728545672
6506,Asia,1928,JPN,Japan,2018,78.5,99.3,74.6,93.8,94.0,60.3,84.9,72.3,88.7,94.0,80.5,83.5,60.9,72.6,53.2,63.7,87.6,70.6,25,15,65,78,7,68.41,4582763011478.55,126811000.0,36138.5290824814
6507,Asia,1929,JPN,Japan,2019,78.8,99.3,74.8,94.0,94.2,60.9,84.9,72.6,88.3,94.5,80.5,84.8,60.9,73.1,55.6,63.5,86.9,70.9,30,15,30,60,7,68.4,4564332550096.38,126633000.0,36043.7844013518
6508,Asia,1930,JPN,Japan,2020,79.0,99.3,74.6,94.4,93.9,60.9,84.9,72.6,87.8,94.6,80.5,85.8,60.9,73.9,55.7,63.3,87.1,73.0,15,10,25,70,5,68.4,4374056271824.01,126261000.0,34642.9718743239
6509,Asia,1931,JPN,Japan,2021,79.5,99.3,75.2,94.4,93.9,61.2,84.9,72.6,88.1,94.4,80.5,86.9,66.1,73.5,55.8,63.5,87.4,74.3,23,11,20,64,7,,4492005937826.88,125681593.0,35741.1601062924
6510,Asia,1932,JPN,Japan,2022,79.4,99.3,75.2,94.6,93.9,61.7,84.9,72.6,88.2,94.4,80.5,84.2,66.1,73.5,55.8,63.1,86.3,75.6,25,10,60,60,5,,4534320578755.85,125124989.0,36238.3294895302
6511,Asia,1933,JOR,Jordan,2000,66.4,98.6,56.1,70.6,67.5,32.3,59.6,65.9,64.5,22.0,64.9,70.9,85.4,89.7,91.1,53.4,71.5,64.0,5,10,10,8,0,1.1,18380669691.8022,5386945.0,3412.07673213708
6512,Asia,1934,JOR,Jordan,2001,66.5,98.6,54.7,71.9,67.5,32.9,60.8,66.0,63.9,22.3,64.9,70.8,86.2,89.6,91.1,53.4,71.5,64.0,5,10,5,10,5,1.1,19349323186.586,5498894.0,3518.76635312228
6513,Asia,1935,JOR,Jordan,2002,66.7,98.6,59.3,71.6,68.5,33.4,59.7,66.4,63.6,22.6,64.9,71.4,84.6,89.5,91.1,53.4,71.5,64.1,5,10,15,10,5,1.1,20468450874.8326,5616066.0,3644.62434644332
6514,Asia,1936,JOR,Jordan,2003,66.8,98.6,56.7,72.2,69.5,36.1,59.6,65.8,64.0,23.2,64.9,71.3,86.0,89.4,91.1,53.4,71.5,62.4,10,10,10,10,0,1.1,21320279753.9925,5741828.0,3713.15193593268
6515,Asia,1937,JOR,Jordan,2004,66.7,98.6,55.4,72.3,69.2,35.7,58.0,66.0,64.0,23.8,64.9,71.8,86.1,89.0,91.1,53.4,71.5,63.4,8,10,10,12,5,1.1,23146833797.5894,5882061.0,3935.15704743447
6516,Asia,1938,JOR,Jordan,2005,66.9,98.6,57.1,72.8,68.6,35.3,56.4,65.8,63.8,24.1,64.9,71.9,86.0,88.6,91.1,53.4,71.5,67.4,8,10,10,20,8,1.1,25032512558.6082,6029587.0,4151.61313015439
6517,Asia,1939,JOR,Jordan,2006,67.6,98.6,56.8,73.8,66.4,35.0,55.5,67.2,64.3,24.7,76.6,72.5,86.1,88.8,91.1,53.4,71.7,67.0,5,8,10,15,5,1.1,27058387611.4685,6427371.0,4209.86864014361
6518,Asia,1940,JOR,Jordan,2007,67.3,98.6,53.4,72.7,65.6,35.4,55.5,67.7,64.7,25.9,76.6,69.5,86.2,89.1,91.1,53.4,70.1,68.8,2,10,10,20,2,1.1,29270727368.8656,6827227.0,4287.35229821209
6519,Asia,1941,JOR,Jordan,2008,67.4,98.6,52.6,72.1,64.5,35.1,55.4,68.7,65.0,27.0,81.0,70.5,87.2,89.5,91.1,53.4,70.5,63.4,10,10,15,10,10,1.1,31384186979.027,6989866.0,4489.95545537311
6520,Asia,1942,JOR,Jordan,2009,68.5,98.6,56.9,74.4,64.5,34.7,56.4,68.5,64.9,27.6,81.0,79.7,87.7,89.4,91.1,53.4,70.7,64.2,10,10,5,15,5,1.1,32960837541.5358,7141753.0,4615.23067817324
6521,Asia,1943,JOR,Jordan,2010,68.0,98.6,57.4,76.0,61.2,37.0,55.7,69.1,65.1,28.1,77.0,76.0,88.2,89.7,91.1,53.7,71.4,60.6,25,10,8,15,5,1.1,33723826288.3537,7297043.0,4621.5742854131
6522,Asia,1944,JOR,Jordan,2011,67.9,98.7,56.5,75.6,59.2,37.3,58.1,68.6,64.9,29.7,77.0,76.1,87.4,90.0,91.1,54.3,70.1,59.4,12,8,10,15,5,1.1,34646908078.4163,7480424.0,4631.67703841605
6523,Asia,1945,JOR,Jordan,2012,67.8,98.7,57.6,75.6,57.3,37.7,56.7,68.8,65.3,29.4,77.0,76.3,87.8,89.5,91.1,54.3,69.9,59.7,10,15,10,7,5,1.1,35488605511.9193,7587127.0,4677.47613977192
6524,Asia,1946,JOR,Jordan,2013,66.3,98.7,55.8,75.9,30.5,38.8,55.4,69.1,65.0,37.4,77.0,75.1,87.4,89.3,91.2,54.4,67.4,58.5,25,7,10,12,10,1.1,36414839440.0743,7991809.0,4556.52023716712
6525,Asia,1947,JOR,Jordan,2014,66.1,98.7,57.0,76.4,29.9,38.9,55.3,68.9,65.3,38.0,77.0,75.0,87.8,89.9,84.1,54.4,66.0,61.2,10,10,20,10,10,1.1,37647146046.4738,8791710.0,4282.11872849239
6526,Asia,1948,JOR,Jordan,2015,66.1,98.6,56.0,76.2,29.9,39.6,56.2,69.4,62.2,40.4,77.0,73.8,88.5,90.1,83.5,54.4,68.8,58.3,30,15,10,20,10,1.1,38587017887.3239,9544729.0,4042.75678097555
6527,Asia,1949,JOR,Jordan,2016,66.7,98.6,56.8,76.5,31.0,42.3,55.3,70.4,61.0,43.6,77.0,77.6,89.1,91.7,82.8,54.4,68.1,57.8,20,10,14,20,5,1.1,39356512808.3494,10006367.0,3933.14704611068
6528,Asia,1950,JOR,Jordan,2017,66.9,98.7,56.1,76.0,29.4,42.9,55.3,70.6,61.3,51.8,77.0,75.7,88.8,91.0,80.9,54.4,68.8,58.0,10,8,10,15,7,1.1,40330034782.8485,10234226.0,3940.70199181145
6529,Asia,1951,JOR,Jordan,2018,69.1,98.7,55.7,76.5,55.1,42.1,55.3,72.4,63.3,54.5,77.0,76.7,89.2,91.2,81.6,55.2,70.8,58.8,25,10,25,20,10,1.1,41103996749.7366,10462306.0,3928.77026821205
6530,Asia,1952,JOR,Jordan,2019,69.7,98.6,56.3,75.8,57.6,41.4,55.2,72.9,63.6,55.9,77.0,76.2,89.1,91.1,89.8,55.2,70.3,58.6,30,10,8,8,5,1.1,41823826702.478,10671891.0,3919.06426916073
6531,Asia,1953,JOR,Jordan,2020,69.9,98.6,56.5,73.7,59.2,39.9,55.2,72.9,62.2,58.2,77.0,77.1,89.1,91.4,90.4,55.1,70.5,61.3,35,8,10,20,7,1.1,41362613665.9359,10865228.0,3806.87949354914
6532,Asia,1954,JOR,Jordan,2021,70.1,98.7,56.8,73.5,59.1,39.7,55.2,72.9,64.2,61.1,77.0,76.3,89.1,91.4,90.6,55.1,69.5,61.9,30,10,10,20,7,,42874683401.0676,11066356.0,3874.32714084633
6533,Asia,1955,JOR,Jordan,2022,69.9,98.7,56.9,74.4,59.1,39.8,55.2,72.9,64.6,61.0,77.0,74.3,89.1,91.4,90.4,55.1,65.4,62.5,15,10,20,20,3,,44009762839.5016,11256263.0,3909.80228869045
6534,Asia,1956,KAZ,Kazakhstan,2000,65.2,97.3,46.9,62.2,95.2,67.5,71.2,59.5,65.2,23.4,69.4,81.6,81.9,62.9,0.0,56.7,52.3,50.4,20,20,10,35,8,1.17,66179326672.5077,15501103.0,4269.33016782791
6535,Asia,1957,KAZ,Kazakhstan,2001,66.0,97.3,49.6,61.6,99.5,67.9,71.4,59.9,66.6,23.6,69.4,81.6,81.8,63.5,0.0,60.3,52.6,50.2,20,18,10,15,8,1.17,75113535772.261,15575550.0,4822.52862802669
6536,Asia,1958,KAZ,Kazakhstan,2002,66.4,97.3,49.8,61.9,99.0,68.3,71.0,60.1,67.2,23.7,73.7,82.5,81.3,61.7,0.0,60.2,52.9,51.3,30,10,8,10,0,1.16,82474662277.6485,15656677.0,5267.6990320263
6537,Asia,1959,KAZ,Kazakhstan,2003,66.5,97.3,49.2,62.2,97.7,68.6,70.9,60.7,67.5,23.8,77.8,82.5,80.8,59.8,0.0,60.7,52.9,52.1,30,20,10,60,0,1.16,90144805869.7482,15747380.0,5724.43199248054
6538,Asia,1960,KAZ,Kazakhstan,2004,66.6,97.3,48.5,58.9,98.2,69.0,70.9,59.2,67.7,23.8,84.2,83.4,80.4,58.9,0.0,61.0,52.8,52.2,30,15,8,75,0,1.16,98798707234.4777,15850159.0,6233.29439373307
6539,Asia,1961,KAZ,Kazakhstan,2005,64.9,97.3,48.3,62.1,97.9,69.0,70.6,59.4,67.7,24.0,53.5,83.3,80.2,57.7,0.0,61.6,52.8,52.6,20,20,15,15,5,1.16,108382181835.458,15968117.0,6787.4115548789
6540,Asia,1962,KAZ,Kazakhstan,2006,67.1,97.3,48.9,62.1,97.9,69.0,71.9,58.9,67.9,23.9,88.9,84.2,79.5,55.8,0.0,61.7,52.7,52.9,15,25,18,55,8,1.15,119979075291.852,16103716.0,7450.39687062615
6541,Asia,1963,KAZ,Kazakhstan,2007,66.9,97.3,50.1,62.1,97.6,71.8,71.5,58.5,68.1,23.9,89.4,78.9,79.0,55.4,0.0,61.7,53.6,52.3,30,35,10,20,5,1.15,130657212992.82,16257214.0,8036.87599811505
6542,Asia,1964,KAZ,Kazakhstan,2008,67.6,97.3,49.1,64.6,98.2,71.8,72.4,59.0,68.4,24.9,94.5,79.4,78.1,55.6,0.0,62.0,53.4,52.7,15,20,12,20,0,1.15,134968901021.859,16426525.0,8216.52181589585
6543,Asia,1965,KAZ,Kazakhstan,2009,68.5,97.3,50.3,65.0,99.5,72.7,72.2,59.9,68.6,26.1,95.5,83.5,78.7,56.5,0.0,62.1,54.6,54.2,20,15,12,20,5,1.14,136588527833.35,16619846.0,8218.39912556048
6544,Asia,1966,KAZ,Kazakhstan,2010,68.8,97.3,49.1,68.1,99.4,72.7,71.6,58.9,69.0,27.8,96.0,81.2,78.7,54.2,0.0,62.2,55.5,58.7,25,30,6,20,0,1.14,146559490369.689,16836810.0,8704.70655484556
6545,Asia,1967,KAZ,Kazakhstan,2011,69.3,98.3,52.4,69.6,98.9,72.7,72.3,59.0,69.1,32.7,96.0,79.0,77.5,51.7,0.0,62.2,56.0,60.9,30,30,15,12,5,1.16,157404892659.159,17066002.0,9223.3021336315
6546,Asia,1968,KAZ,Kazakhstan,2012,69.7,98.4,49.8,70.3,98.5,76.1,72.6,60.8,69.1,34.7,95.6,82.5,77.8,49.8,0.0,62.4,55.4,60.7,10,15,12,60,2,1.18,164960327499.374,17306106.0,9531.91477617058
6547,Asia,1969,KAZ,Kazakhstan,2013,70.1,98.5,51.8,71.9,99.4,76.8,72.4,61.7,69.2,37.6,98.1,82.1,77.7,50.6,0.0,62.4,53.0,57.9,25,20,10,15,5,1.19,174857947143.911,17556502.0,9959.72586930534
6548,Asia,1970,KAZ,Kazakhstan,2014,70.6,98.5,51.6,73.4,99.5,77.3,72.3,61.9,71.1,37.2,98.2,86.0,78.6,47.6,0.0,62.4,57.3,57.5,10,15,10,60,2,1.21,182201980933.864,17816285.0,10226.7100539683
6549,Asia,1971,KAZ,Kazakhstan,2015,71.1,98.5,52.9,76.2,97.9,78.3,72.8,62.0,71.7,39.8,98.3,85.2,79.0,50.4,0.0,62.4,60.8,51.2,40,35,11,62,2,1.23,184388404706.042,18084169.0,10196.1226255982
6550,Asia,1972,KAZ,Kazakhstan,2016,71.5,98.1,53.3,74.4,96.5,78.8,72.9,61.7,71.8,44.0,97.8,86.8,79.2,52.8,0.0,62.5,60.7,51.8,35,30,25,20,5,1.24,186416677156.152,18363600.0,10151.423313302
6551,Asia,1973,KAZ,Kazakhstan,2017,72.1,98.5,53.4,78.8,96.1,78.8,72.7,62.0,72.4,44.6,97.4,89.5,79.1,52.0,0.0,62.5,63.0,53.6,30,30,21,40,5,1.25,194059760924.352,18651931.0,10404.2718646317
6552,Asia,1974,KAZ,Kazakhstan,2018,71.3,98.5,53.6,79.1,96.0,76.4,72.4,61.4,72.3,43.4,96.3,83.9,78.9,51.2,0.0,62.7,60.0,55.2,20,45,15,15,2,1.26,202016211108.857,18932727.0,10670.2120148279
6553,Asia,1975,KAZ,Kazakhstan,2019,72.2,98.6,53.3,81.0,95.8,76.4,72.4,61.8,72.8,46.7,96.3,87.6,78.7,54.6,0.0,62.6,62.7,54.5,40,20,17,20,2,1.27,211106940610.612,19209555.0,10989.6840718388
6554,Asia,1976,KAZ,Kazakhstan,2020,71.7,98.5,53.7,79.6,86.2,75.2,72.4,61.8,73.1,47.7,96.3,86.3,78.5,56.6,0.0,62.6,61.8,57.2,15,45,10,5,5,1.28,205829267103.2,19482117.0,10565.0359816235
6555,Asia,1977,KAZ,Kazakhstan,2021,71.8,98.6,53.3,80.5,86.2,75.7,72.4,61.8,76.7,48.9,96.3,81.5,78.5,57.1,0.0,62.6,62.6,56.3,40,40,15,20,5,,214679925583.069,19743603.0,10873.3915275276
6556,Asia,1978,KAZ,Kazakhstan,2022,71.6,98.7,53.4,80.0,86.2,75.9,72.4,61.8,76.8,48.5,96.3,85.9,78.5,57.1,0.0,62.5,62.5,56.2,35,30,30,20,5,,221549683201.099,20034609.0,11058.3482413407
6557,Africa,1979,KEN,Kenya,2000,50.6,36.6,48.8,26.9,60.0,42.9,46.1,16.4,71.3,11.6,23.2,58.4,95.2,98.7,61.7,61.2,48.0,53.1,30,40,5,25,5,6.96,36630908098.8264,30642890.0,1195.41296851656
6558,Africa,1980,KEN,Kenya,2001,51.3,36.6,50.0,27.1,65.8,43.3,45.9,19.2,71.4,11.6,23.2,58.1,95.2,98.8,64.3,61.0,48.0,53.2,25,23,5,12,10,6.9,38015522174.3133,31619170.0,1202.29348759987
6559,Africa,1981,KEN,Kenya,2002,51.5,36.6,49.1,27.7,64.0,43.6,45.7,21.5,71.3,11.6,23.2,58.2,95.3,98.9,64.6,60.8,48.0,54.8,30,25,15,20,10,6.84,38223413680.2696,32629808.0,1171.4262517349
6560,Africa,1982,KEN,Kenya,2003,52.3,36.6,49.6,27.6,73.8,45.8,45.5,22.6,71.4,11.8,23.2,57.9,95.1,98.9,65.1,60.7,48.0,55.4,35,55,20,20,10,6.78,39344305939.1787,33652223.0,1169.14433674051
6561,Africa,1983,KEN,Kenya,2004,52.1,36.6,49.8,28.3,72.4,46.1,45.5,24.1,71.4,11.8,23.2,58.0,95.1,98.9,60.6,60.5,48.0,55.9,10,60,10,18,10,6.72,41352557259.2179,34713455.0,1191.25443604556
6562,Africa,1984,KEN,Kenya,2005,52.4,36.6,51.5,28.2,72.7,46.4,45.6,24.5,71.4,11.8,23.2,58.0,95.2,98.9,61.0,60.4,48.1,56.9,5,55,20,18,5,6.66,43795114731.9782,35796484.0,1223.44738472019
6563,Africa,1985,KEN,Kenya,2006,52.8,36.6,52.8,30.7,71.9,47.7,45.6,25.0,71.4,11.9,23.2,58.1,95.2,98.8,63.5,60.3,48.1,56.4,35,30,10,15,5,6.6,46629751036.7518,36904008.0,1263.54164666211
6564,Africa,1986,KEN,Kenya,2007,53.0,36.6,53.0,32.4,72.7,48.9,45.6,25.8,71.4,12.1,23.2,53.3,94.5,98.8,67.6,60.1,49.0,56.6,40,63,10,20,5,6.54,49824229272.6978,38036349.0,1309.91092948216
6565,Africa,1987,KEN,Kenya,2008,53.2,36.6,52.2,33.3,69.9,53.9,45.6,26.0,71.4,12.2,23.2,52.6,94.5,98.8,67.8,60.0,49.8,56.9,20,60,35,20,10,6.48,49939962360.0343,39206351.0,1273.77226103073
6566,Africa,1988,KEN,Kenya,2009,53.1,36.6,52.5,34.7,71.6,55.0,45.7,23.1,71.4,12.3,23.2,50.3,94.6,98.8,67.8,59.9,48.2,57.5,20,40,12,10,10,6.41,51591446859.569,40408891.0,1276.73503486074
6567,Africa,1989,KEN,Kenya,2010,54.0,36.6,55.5,38.1,71.6,56.1,45.7,23.1,71.5,13.8,23.2,53.9,94.6,98.8,69.3,60.8,51.8,53.9,30,60,15,45,10,6.35,55748929986.1062,41598567.0,1340.16467408856
6568,Africa,1990,KEN,Kenya,2011,54.4,37.7,55.5,39.3,71.6,56.1,45.9,27.7,71.5,14.1,23.2,51.4,94.7,98.7,70.9,60.8,51.1,53.8,5,35,10,18,5,6.32,58603891851.295,42758461.0,1370.58000874482
6569,Africa,1991,KEN,Kenya,2012,54.5,38.5,57.8,40.8,66.1,56.1,46.2,29.4,71.5,14.6,23.2,54.5,92.9,98.7,71.7,60.6,50.3,54.2,15,40,33,18,5,6.29,61281315911.5794,43888303.0,1396.30178709756
6570,Africa,1992,KEN,Kenya,2013,54.7,40.2,57.7,39.7,66.1,60.0,46.5,30.2,71.5,15.4,23.2,53.2,92.9,98.7,71.0,60.5,49.8,54.1,30,65,8,20,10,6.26,63608687382.8764,44986791.0,1413.94142522583
6571,Africa,1993,KEN,Kenya,2014,56.3,40.8,58.0,44.7,68.6,64.7,46.7,29.1,76.5,18.1,23.2,57.3,92.6,98.5,72.0,60.3,51.7,54.2,35,63,10,10,10,6.22,66801914096.6185,46051440.0,1450.59338202277
6572,Africa,1994,KEN,Kenya,2015,58.5,42.4,59.1,46.5,69.5,66.2,47.0,30.8,76.7,19.1,49.5,56.8,92.5,98.4,71.6,60.1,54.3,54.2,45,60,14,45,8,6.19,70120446896.8359,47088526.0,1489.11959777284
6573,Africa,1995,KEN,Kenya,2016,58.9,43.3,55.1,47.9,69.8,66.5,45.7,33.7,76.7,25.9,49.5,56.0,92.3,98.5,71.4,60.0,54.4,54.4,10,15,55,25,5,6.22,73074983895.0953,48139687.0,1517.97796057742
6574,Africa,1996,KEN,Kenya,2017,59.9,44.4,55.6,48.2,69.8,68.4,45.9,35.8,75.5,31.2,49.5,59.4,93.3,98.5,70.8,59.8,55.4,56.2,10,65,18,20,5,6.25,75879571212.3885,49197766.0,1542.33773973372
6575,Africa,1997,KEN,Kenya,2018,60.2,45.6,57.0,50.3,70.6,69.4,46.2,37.8,77.1,29.9,49.5,57.9,94.7,98.4,71.1,58.8,55.0,53.7,10,67,15,20,5,6.28,80165208728.3956,50207107.0,1596.69045914945
6576,Africa,1998,KEN,Kenya,2019,60.5,47.0,56.8,51.0,70.6,69.1,46.4,40.6,76.5,29.2,49.5,60.0,94.7,98.4,69.9,58.6,55.8,54.1,42,30,40,10,5,6.31,84264984851.3549,51202827.0,1645.70961777862
6577,Africa,1999,KEN,Kenya,2020,60.2,44.3,57.1,50.9,70.6,69.9,46.7,41.5,75.8,33.7,49.5,54.8,94.7,98.4,69.8,58.5,55.1,52.1,40,66,12,35,7,6.34,84035138346.859,52217334.0,1609.33414078281
6578,Africa,2000,KEN,Kenya,2021,60.7,46.3,56.6,51.2,71.1,70.0,46.7,41.5,75.6,37.4,49.5,56.0,94.7,98.4,69.8,59.1,53.6,54.4,5,60,23,15,10,,90413816676.9795,53219166.0,1698.89578271444
6579,Africa,2001,KEN,Kenya,2022,60.9,49.4,58.5,51.0,71.1,70.0,46.7,41.5,75.7,39.2,49.5,55.6,94.7,98.4,69.8,58.7,51.1,54.5,43,63,35,12,7,,94807911027.625,54252461.0,1747.53198804428
6603,Asia,2025,KWT,Kuwait,2000,60.5,0.0,63.5,79.1,89.7,47.8,55.0,67.0,80.0,40.4,0.0,76.9,54.9,31.6,42.3,52.3,78.3,49.5,15,7,20,12,5,0.27,61264446762.6807,1954709.0,31341.9781474791
6604,Asia,2026,KWT,Kuwait,2001,60.8,0.0,62.6,80.6,88.4,48.8,55.0,66.9,80.0,40.9,0.0,76.9,55.6,31.6,41.8,51.8,78.3,52.7,15,10,10,10,10,0.28,61395143785.4376,2008121.0,30573.42848635
6605,Asia,2027,KWT,Kuwait,2002,61.0,0.0,65.6,80.0,91.9,48.9,55.0,67.3,79.8,41.1,0.0,76.9,53.2,31.6,41.8,51.3,78.7,52.4,10,15,8,15,8,0.29,63245767260.6606,2059974.0,30702.2162710115
6606,Asia,2028,KWT,Kuwait,2003,61.1,0.0,65.7,79.5,92.3,49.1,55.0,67.6,79.5,43.0,0.0,76.9,53.1,31.6,41.6,50.9,78.6,51.9,20,20,10,35,7,0.3,74203741809.4563,2109881.0,35169.6336473272
6607,Asia,2029,KWT,Kuwait,2004,60.8,0.0,63.4,79.6,94.3,49.2,55.0,67.6,79.0,43.3,0.0,76.9,52.5,31.6,41.8,50.4,78.2,49.7,20,20,10,20,8,0.3,81802426141.4048,2157320.0,37918.5406622128
6608,Asia,2030,KWT,Kuwait,2005,60.6,0.0,62.5,79.1,93.7,49.5,55.0,67.1,79.1,43.9,0.0,78.0,51.5,31.6,41.5,50.1,78.3,47.9,20,10,10,15,8,0.31,90480882328.7685,2236788.0,40451.2552502823
6609,Asia,2031,KWT,Kuwait,2006,60.5,0.0,66.2,79.3,87.6,49.6,55.0,67.6,79.2,44.4,0.0,78.0,52.6,31.6,41.6,49.8,78.3,46.1,20,10,10,20,8,0.32,97280315244.3899,2364733.0,41137.9700136929
6610,Asia,2032,KWT,Kuwait,2007,60.8,0.0,65.3,79.5,95.4,49.7,55.0,67.7,78.8,45.2,0.0,78.0,53.1,31.6,41.5,49.4,78.0,44.2,40,15,10,20,8,0.33,103108938789.201,2507887.0,41113.869480244
6611,Asia,2033,KWT,Kuwait,2008,61.0,0.0,65.2,79.3,94.8,50.6,55.0,67.5,78.5,46.6,0.0,78.0,54.2,31.6,41.3,49.2,78.5,44.6,15,20,10,20,10,0.34,105665789857.458,2651421.0,39852.5129949028
6612,Asia,2034,KWT,Kuwait,2009,61.0,0.0,64.7,81.5,95.3,53.0,55.0,67.3,79.0,48.0,0.0,69.0,53.9,31.6,41.5,48.9,78.4,47.1,30,20,14,20,8,0.34,98188818939.1635,2795484.0,35124.0854675482
6613,Asia,2035,KWT,Kuwait,2010,61.6,0.0,64.4,84.1,95.7,53.1,55.0,67.7,79.0,49.1,0.0,70.6,57.2,31.6,42.0,48.6,78.2,47.2,20,15,7,20,10,0.35,95861205809.4091,2943372.0,32568.4982426309
6614,Asia,2036,KWT,Kuwait,2011,61.5,0.0,66.7,83.7,96.8,53.3,55.0,68.0,78.8,49.7,0.0,60.2,57.9,33.5,41.5,52.1,78.3,46.5,10,25,20,18,5,0.35,105091330588.895,3132814.0,33545.346320878
6615,Asia,2037,KWT,Kuwait,2012,61.5,0.0,65.7,82.8,94.4,52.6,55.0,67.5,78.6,47.0,0.0,66.7,59.6,33.5,41.7,51.8,78.3,47.0,30,20,15,45,10,0.35,112054550828.453,3337109.0,33578.3310729295
6616,Asia,2038,KWT,Kuwait,2013,61.6,0.0,66.3,84.5,91.2,53.2,55.0,68.0,78.3,54.6,0.0,61.2,59.8,33.4,41.9,51.6,78.0,47.4,60,25,20,35,10,0.35,113342579055.575,3507844.0,32311.1800455136
6617,Asia,2039,KWT,Kuwait,2014,62.0,0.0,70.5,84.1,89.4,50.9,55.0,68.8,75.1,57.4,0.0,70.1,60.6,31.2,38.9,51.3,77.5,48.9,15,25,10,15,10,0.35,113910328739.893,3665876.0,31073.1537945892
6618,Asia,2040,KWT,Kuwait,2015,61.5,0.0,66.8,84.5,89.2,50.9,55.0,68.7,75.6,56.9,0.0,65.6,59.5,29.0,38.8,51.1,78.8,51.4,40,10,15,25,10,0.35,114585555830.916,3834574.0,29882.2126867068
6619,Asia,2041,KWT,Kuwait,2016,62.2,0.0,64.0,85.0,87.3,51.1,55.0,68.5,75.7,55.8,0.0,69.4,60.5,30.2,45.5,53.9,76.6,54.0,40,18,19,20,5,0.35,117938416139.055,4004096.0,29454.4426854538
6620,Asia,2042,KWT,Kuwait,2017,62.5,0.0,65.1,85.6,86.7,51.7,55.0,68.6,77.2,57.9,0.0,65.8,60.5,32.7,44.7,53.7,76.0,56.4,40,20,15,35,8,0.35,112380895320.353,4154812.0,27048.3707374372
6621,Asia,2043,KWT,Kuwait,2018,63.3,0.0,67.5,85.1,87.1,51.8,55.0,68.7,77.2,60.0,0.0,69.6,61.2,32.4,43.5,53.3,77.4,59.3,40,25,12,45,10,0.35,115463874741.243,4323515.0,26706.0192323243
6622,Asia,2044,KWT,Kuwait,2019,63.2,0.0,68.0,85.4,84.5,52.5,55.0,68.8,77.2,60.6,0.0,65.8,61.2,32.4,47.1,53.1,75.1,60.8,45,20,12,45,15,0.35,118077765457.421,4442316.0,26580.2264983898
6623,Asia,2045,KWT,Kuwait,2020,63.4,0.0,67.6,85.6,84.0,53.3,55.0,68.8,76.3,61.5,0.0,65.8,62.0,32.4,47.1,52.8,75.4,63.6,30,20,10,15,10,0.35,112389026890.492,4400267.0,25541.4107576862
6624,Asia,2046,KWT,Kuwait,2021,62.0,0.0,67.6,85.7,63.6,50.8,55.0,68.8,76.7,60.8,0.0,65.8,62.0,32.4,47.0,52.6,75.7,65.6,45,10,15,15,8,,114268887221.657,4360865.0,26203.2617890389
6625,Asia,2047,KWT,Kuwait,2022,64.4,0.0,67.5,86.9,63.6,51.3,55.0,68.8,77.0,64.2,0.0,77.5,62.0,32.4,47.0,52.1,64.7,61.6,25,25,18,40,7,,121991940846.717,4589643.0,26579.8322106354
6626,Asia,2048,KGZ,Kyrgyz Republic,2000,66.8,81.2,52.8,62.9,76.6,55.4,57.7,77.1,65.5,9.6,86.8,61.4,93.0,95.5,0.0,71.1,53.3,68.5,20,34,10,25,5,6.16,3518703233.18908,4898362.0,718.342832397662
6627,Asia,2049,KGZ,Kyrgyz Republic,2001,67.5,81.2,54.7,62.7,77.1,59.5,58.3,78.2,65.4,9.8,89.8,61.4,93.2,95.8,0.0,71.1,53.3,68.8,20,20,15,15,5,6.18,3705955297.86785,4945073.0,749.423779561565
6628,Asia,2050,KGZ,Kyrgyz Republic,2002,67.5,81.2,55.2,62.7,77.3,59.6,59.2,74.5,65.4,9.9,89.3,63.1,93.2,95.5,0.0,71.1,53.3,70.2,10,20,5,15,10,6.21,3705313255.4532,4990704.0,742.44300111832
6629,Asia,2051,KGZ,Kyrgyz Republic,2003,68.0,81.2,56.4,62.2,76.0,59.8,60.0,76.0,65.3,10.1,94.2,63.5,92.9,95.3,0.0,71.1,53.3,70.3,20,18,13,28,10,6.23,3965807641.19042,5043308.0,786.350474964134
6630,Asia,2052,KGZ,Kyrgyz Republic,2004,67.1,81.2,58.5,62.4,77.4,59.9,60.9,75.2,65.3,10.2,73.8,65.2,92.8,95.2,0.0,71.1,53.4,70.7,40,40,10,15,5,6.26,4244477505.27223,5104713.0,831.482103944381
6631,Asia,2053,KGZ,Kyrgyz Republic,2005,67.6,81.2,57.7,63.2,76.3,55.6,61.8,75.8,65.3,11.1,81.4,65.8,92.9,95.3,0.0,71.0,53.3,73.5,30,34,12,18,12,6.28,4237027793.42929,5162640.0,820.709519437592
6632,Asia,2054,KGZ,Kyrgyz Republic,2006,66.7,81.2,57.5,61.8,76.8,55.6,62.6,76.0,65.2,11.5,63.7,67.5,92.7,95.4,0.0,71.0,53.3,75.3,40,30,30,18,10,6.31,4368498475.52979,5218373.0,837.138026647346
6633,Asia,2055,KGZ,Kyrgyz Republic,2007,68.3,81.2,56.5,62.1,76.1,68.0,62.9,74.9,65.1,11.7,76.9,70.4,92.2,95.0,0.0,71.0,53.4,75.0,35,30,20,15,7,6.33,4741693829.84541,5268385.0,900.02796489729
6634,Asia,2056,KGZ,Kyrgyz Republic,2008,68.8,81.2,56.5,62.3,75.1,68.0,63.2,73.3,65.0,11.8,84.8,73.3,91.8,94.7,0.0,71.0,54.2,73.8,30,55,13,18,12,6.36,5140072739.62985,5318729.0,966.409971184817
6635,Asia,2057,KGZ,Kyrgyz Republic,2009,69.8,81.2,60.3,64.3,75.1,68.0,63.5,75.1,65.0,11.7,90.0,74.5,91.9,95.0,0.0,71.0,54.2,75.3,33,38,20,18,10,6.39,5288430380.28424,5389643.0,981.220904665529
6636,Asia,2058,KGZ,Kyrgyz Republic,2010,70.0,81.2,58.8,66.7,77.0,66.9,63.7,76.2,65.0,11.7,89.5,77.0,92.1,95.2,0.0,71.0,53.7,74.5,40,45,18,18,12,6.41,5263491909.11624,5467059.0,962.764789828724
6637,Asia,2059,KGZ,Kyrgyz Republic,2011,71.1,85.8,59.2,65.9,78.4,66.9,64.0,76.7,64.9,12.4,96.0,77.6,91.9,94.5,0.0,71.0,56.0,76.5,35,30,30,35,8,6.43,5576999924.82018,5546587.0,1005.4831781815
6638,Asia,2060,KGZ,Kyrgyz Republic,2012,71.3,85.2,56.5,67.2,82.0,66.9,64.3,75.2,64.9,17.4,97.4,76.2,91.5,93.3,0.0,71.0,53.9,78.4,20,18,20,26,10,6.46,5572083788.24116,5652076.0,985.8472865972
6639,Asia,2061,KGZ,Kyrgyz Republic,2013,71.3,82.4,58.8,67.5,82.8,63.5,64.6,76.2,64.7,18.6,93.4,79.8,91.4,93.4,0.0,71.0,56.2,77.0,28,55,35,30,7,6.48,6180302892.03129,5777150.0,1069.78404438716
6640,Asia,2062,KGZ,Kyrgyz Republic,2014,71.9,88.4,56.3,68.1,84.6,65.6,64.9,77.4,66.3,16.7,98.1,81.6,91.4,93.5,0.0,70.9,54.3,72.9,40,50,20,25,8,6.5,6429000667.90909,5905848.0,1088.58214229508
6641,Asia,2063,KGZ,Kyrgyz Republic,2015,72.0,85.2,60.3,69.7,85.1,63.2,65.2,75.1,67.1,17.6,92.2,83.6,91.8,94.5,0.0,70.9,56.0,74.1,33,33,15,30,10,6.53,6678177511.66313,6040036.0,1105.65193844261
6642,Asia,2064,KGZ,Kyrgyz Republic,2016,72.9,88.0,60.6,71.2,86.2,62.5,65.4,75.1,67.0,20.7,98.2,85.2,91.9,94.8,0.0,70.9,55.8,73.1,30,50,23,25,10,6.59,6967733666.77765,6175338.0,1128.3161612818
6643,Asia,2065,KGZ,Kyrgyz Republic,2017,74.3,87.8,61.1,72.5,95.4,61.6,65.6,77.0,69.9,26.4,97.3,87.3,91.9,95.1,0.0,70.9,57.8,71.5,38,30,18,25,8,6.66,7297999868.50301,6306696.0,1157.18275758067
6644,Asia,2066,KGZ,Kyrgyz Republic,2018,75.0,90.4,61.6,73.7,94.9,60.6,65.9,75.8,69.7,33.3,96.3,89.9,91.9,94.2,0.0,70.9,60.7,70.2,35,55,30,30,8,6.73,7572252145.25549,6444079.0,1175.0712778747
6645,Asia,2067,KGZ,Kyrgyz Republic,2019,74.9,91.9,62.0,75.6,95.1,60.8,66.1,78.1,69.8,35.1,89.7,87.3,91.9,94.8,0.0,70.9,60.1,70.1,32,33,35,30,10,6.79,7920623120.2686,6590211.0,1201.87701429721
6646,Asia,2068,KGZ,Kyrgyz Republic,2020,75.1,86.4,62.1,75.7,94.8,59.7,66.4,78.1,69.1,36.5,92.7,91.3,91.9,95.0,0.0,70.9,59.8,71.3,40,60,15,30,10,6.86,7354379549.41978,6726596.0,1093.32856461422
6647,Asia,2069,KGZ,Kyrgyz Republic,2021,75.0,90.6,60.3,74.7,92.6,61.6,66.4,78.1,69.6,37.5,92.7,86.8,91.9,94.8,0.0,70.9,59.7,71.3,33,35,20,30,10,,7759385792.10421,6851224.0,1132.5546781282
6648,Asia,2070,KGZ,Kyrgyz Republic,2022,74.4,92.1,60.4,74.9,92.6,61.7,66.4,78.1,69.6,37.5,92.7,89.2,91.9,94.8,0.0,70.9,55.2,71.6,35,45,20,20,10,,8455209116.53133,6975220.0,1212.17812721768
6649,Asia,2071,LAO,Lao PDR,2000,52.0,44.2,43.4,30.0,33.6,45.7,44.8,41.6,71.6,10.5,80.8,61.1,94.8,98.4,0.0,44.7,48.2,38.1,15,10,12,20,10,75.5,4981659930.07599,5431212.0,917.228038617529
6650,Asia,2072,LAO,Lao PDR,2001,52.2,44.2,43.1,31.7,32.8,46.2,46.2,42.3,71.7,10.5,80.8,61.3,94.9,98.4,0.0,44.7,48.2,39.1,5,30,7,10,8,75.29,5268175760.92381,5521482.0,954.123505414634
6651,Asia,2073,LAO,Lao PDR,2002,52.8,44.2,44.0,32.8,34.6,47.6,47.7,42.5,71.8,10.5,80.8,62.5,94.8,98.4,0.0,44.7,48.2,40.0,10,20,7,30,5,75.08,5579985581.01999,5610889.0,994.492241963795
6652,Asia,2074,LAO,Lao PDR,2003,53.1,44.2,44.1,32.3,36.8,48.1,49.1,42.7,71.8,10.5,80.8,62.7,94.9,98.4,0.0,44.7,48.2,40.1,20,15,10,10,7,74.87,5918523434.75225,5697945.0,1038.71192767783
6653,Asia,2075,LAO,Lao PDR,2004,53.5,44.2,45.6,33.1,37.8,48.6,50.6,43.6,71.9,10.6,80.8,64.0,94.8,98.4,0.0,44.7,48.2,38.9,30,45,10,15,7,74.66,6294805131.65111,5781626.0,1088.76034728831
6654,Asia,2076,LAO,Lao PDR,2005,54.3,44.2,47.1,33.9,40.9,53.0,51.9,45.0,72.0,10.5,80.8,63.6,94.8,98.3,0.0,44.7,48.2,39.1,20,30,10,45,5,74.45,6742212710.02267,5869523.0,1148.68153852071
6655,Asia,2077,LAO,Lao PDR,2006,55.2,44.2,54.7,35.6,41.1,54.9,53.2,44.7,72.1,10.6,80.8,64.8,94.7,98.2,0.0,45.1,48.2,39.6,20,10,7,30,5,74.24,7323341971.83126,5963200.0,1228.08927619923
6656,Asia,2078,LAO,Lao PDR,2007,54.7,44.2,55.8,36.3,42.6,55.6,54.5,44.3,72.2,10.6,70.7,65.0,94.7,98.2,0.0,45.1,45.3,39.6,30,20,13,30,7,74.03,7879683723.91001,6056236.0,1301.08597549864
6657,Asia,2079,LAO,Lao PDR,2008,55.5,44.2,57.5,37.7,44.3,56.2,55.8,47.4,72.3,10.8,70.7,66.2,94.5,98.1,0.0,45.5,48.2,38.2,15,20,10,20,10,73.82,8496261313.36707,6148969.0,1381.73754223953
6658,Asia,2080,LAO,Lao PDR,2009,55.8,44.2,58.6,37.5,46.4,56.9,57.0,47.6,72.3,11.2,70.7,66.4,94.4,98.0,0.0,45.5,48.2,38.6,35,35,10,20,5,73.61,9133631713.05317,6241642.0,1463.3379666846
6659,Asia,2081,LAO,Lao PDR,2010,56.5,44.2,58.6,42.2,47.4,57.5,58.3,50.4,72.4,11.3,70.7,67.2,94.4,97.9,0.0,45.5,48.2,38.6,28,25,10,25,10,73.4,9912447859.53224,6334194.0,1564.91068311647
6660,Asia,2082,LAO,Lao PDR,2011,57.0,48.3,60.9,42.9,43.1,60.3,59.5,51.0,72.2,11.7,70.7,65.5,94.2,97.7,0.0,45.5,49.7,38.5,23,25,12,20,7,73.25,10709275115.0696,6426590.0,1666.40086189871
6661,Asia,2083,LAO,Lao PDR,2012,57.8,52.3,62.3,44.5,45.9,61.0,60.8,53.0,71.9,15.0,68.7,65.9,93.9,97.2,0.0,45.8,47.0,39.7,30,30,15,20,7,73.1,11568812077.4386,6518978.0,1774.63585203672
6662,Asia,2084,LAO,Lao PDR,2013,58.7,54.4,63.3,46.0,50.0,61.3,62.0,54.3,71.7,15.4,68.7,65.8,93.7,96.6,0.0,45.8,48.1,42.8,32,40,15,35,5,72.95,12497359667.4702,6611385.0,1890.27861294875
6663,Asia,2085,LAO,Lao PDR,2014,59.5,56.3,65.9,46.8,53.5,62.0,63.2,55.6,71.5,15.0,68.7,67.7,93.6,96.4,0.0,45.8,47.9,42.7,45,35,12,60,10,72.8,13448654116.2974,6703172.0,2006.31195444447
6664,Asia,2086,LAO,Lao PDR,2015,60.5,58.0,64.3,48.9,64.9,62.7,64.4,55.5,71.2,16.7,68.7,68.6,93.5,94.8,0.0,45.7,47.9,42.4,35,45,15,15,8,72.65,14426380125.6488,6801645.0,2121.01339097363
6665,Asia,2087,LAO,Lao PDR,2016,61.1,59.5,64.9,49.7,68.0,64.8,65.7,55.3,71.0,17.5,68.7,70.2,93.5,93.5,0.0,45.7,49.0,41.4,35,40,15,65,10,72.5,15439521179.3987,6908802.0,2234.76098741846
6666,Asia,2088,LAO,Lao PDR,2017,61.7,60.9,64.9,52.5,68.7,69.2,66.8,55.8,71.1,18.5,68.7,69.6,93.4,92.8,0.0,45.7,47.0,42.3,35,45,12,30,10,72.35,16503694943.2856,7018147.0,2351.57441747595
6667,Asia,2089,LAO,Lao PDR,2018,61.6,62.2,64.8,53.2,69.2,70.0,68.0,57.4,71.1,24.9,57.4,73.4,93.2,92.3,0.0,41.7,44.7,41.9,35,30,15,28,10,72.2,17534839203.1116,7128045.0,2459.97874636195
6668,Asia,2090,LAO,Lao PDR,2019,62.6,64.6,64.7,54.0,69.6,70.8,69.1,57.2,71.1,27.5,57.4,75.5,93.0,92.6,0.0,45.6,45.3,43.7,30,35,12,68,10,72.05,18491844275.7106,7237636.0,2554.95638019245
6669,Asia,2091,LAO,Lao PDR,2020,62.6,63.1,64.6,54.5,69.2,70.8,69.2,57.6,70.9,28.8,57.4,76.8,93.0,92.5,0.0,46.5,44.1,42.5,35,45,10,43,8,71.9,18584864138.19,7346533.0,2529.74622698761
6670,Asia,2092,LAO,Lao PDR,2021,62.8,63.7,65.5,53.4,70.1,68.1,69.2,57.6,72.4,30.9,57.4,76.4,92.8,92.5,0.0,46.5,44.9,43.5,50,40,15,30,10,,19054754737.3799,7453194.0,2556.58912640405
6671,Asia,2093,LAO,Lao PDR,2022,63.0,65.7,65.8,53.6,70.1,68.1,69.2,57.6,72.8,30.9,57.4,77.2,92.8,92.5,0.0,46.5,45.7,43.6,38,35,15,60,7,,19570648221.6862,7559007.0,2589.05015191628
6672,Europe,2094,LVA,Latvia,2000,73.5,100.0,60.3,68.6,98.6,67.2,87.8,83.8,79.2,27.1,68.1,90.3,69.4,79.1,72.8,81.6,71.7,44.3,20,30,20,50,7,52.12,15001703493.7099,2367550.0,6336.38296707987
6673,Europe,2095,LVA,Latvia,2001,73.7,100.0,60.1,69.2,98.6,67.4,87.8,83.3,79.4,27.3,68.1,90.4,70.5,78.7,73.5,81.6,71.9,44.7,18,25,18,50,7,52.33,15970900289.3453,2337170.0,6833.4354323157
6674,Europe,2096,LVA,Latvia,2002,74.1,100.0,61.6,69.7,98.6,68.0,87.9,82.6,79.4,29.6,68.1,90.4,70.0,78.6,73.5,84.4,71.9,45.0,10,23,25,40,8,52.54,17195147700.3185,2310173.0,7443.22944659059
6675,Europe,2097,LVA,Latvia,2003,74.2,100.0,61.3,70.3,98.6,69.7,88.0,82.1,80.4,30.0,68.1,90.5,69.8,78.4,73.9,84.4,71.9,43.9,25,45,15,55,8,52.76,18644549495.6873,2287955.0,8149.00183600084
6676,Europe,2098,LVA,Latvia,2004,75.3,100.0,61.3,70.9,98.6,69.9,88.1,84.2,80.5,32.0,68.1,90.6,69.9,78.3,74.8,96.5,72.2,44.8,32,30,10,60,5,52.97,20271313178.6916,2263122.0,8957.23393555082
6677,Europe,2099,LVA,Latvia,2005,75.0,100.0,63.0,72.1,98.6,70.0,88.1,84.5,81.3,34.6,56.6,90.6,67.9,78.2,75.7,96.5,72.9,44.4,15,35,65,56,7,53.18,22625890637.9303,2238799.0,10106.2626157732
6678,Europe,2100,LVA,Latvia,2006,75.9,100.0,60.5,72.0,98.6,69.1,88.2,82.8,82.9,35.9,73.3,90.7,67.8,77.7,76.1,96.5,73.3,44.6,10,25,55,60,5,53.39,25527665150.2661,2218357.0,11507.4648265658
6679,Europe,2101,LVA,Latvia,2007,75.0,100.0,62.3,71.9,98.6,69.7,88.3,82.0,83.3,36.9,63.1,86.7,64.9,77.4,75.0,96.5,74.1,44.3,17,30,55,50,8,53.6,28186253353.8682,2200325.0,12810.0409502542
6680,Europe,2102,LVA,Latvia,2008,75.5,100.0,62.1,73.6,98.6,69.9,88.3,83.3,82.4,40.0,63.8,86.8,64.3,77.6,75.7,96.7,75.0,45.5,30,40,60,25,8,53.81,27231101091.0587,2177322.0,12506.6945041012
6681,Europe,2103,LVA,Latvia,2009,76.3,100.0,62.1,74.6,98.1,71.0,88.4,86.5,77.2,41.3,71.5,88.8,66.8,78.2,75.7,96.9,73.3,46.2,5,30,70,35,8,54.02,22863227157.4637,2141669.0,10675.425174228
6682,Europe,2104,LVA,Latvia,2010,76.4,100.0,60.2,76.2,97.8,70.1,88.5,84.1,76.0,44.5,75.1,88.8,65.0,77.2,78.4,97.9,73.1,45.4,35,35,35,50,5,54.23,22026145287.9415,2097555.0,10500.8666223014
6683,Europe,2105,LVA,Latvia,2011,77.1,100.0,60.3,78.0,98.1,71.7,88.6,85.4,77.7,50.3,72.1,89.4,64.7,76.0,81.7,97.9,73.6,45.4,10,35,55,30,8,54.29,22694935010.9107,2059709.0,11018.5152421583
6684,Europe,2106,LVA,Latvia,2012,77.8,100.0,65.0,78.0,97.6,71.8,88.6,88.1,78.4,49.9,74.5,89.8,63.9,75.9,78.5,97.9,76.5,47.4,20,30,65,50,10,54.36,24352854611.1188,2034319.0,11971.0107466522
6685,Europe,2107,LVA,Latvia,2013,77.9,100.0,63.7,78.8,97.8,73.9,88.7,87.8,80.1,51.6,72.5,91.3,63.9,75.4,75.6,97.9,77.1,48.0,25,35,30,50,7,54.42,24863312429.9055,2012647.0,12353.5386135301
6686,Europe,2108,LVA,Latvia,2014,77.9,100.0,65.1,79.2,97.7,70.9,88.8,87.3,80.9,55.2,73.4,90.9,63.8,76.7,74.2,97.9,77.5,45.2,20,40,65,55,10,54.48,25384188823.064,1993782.0,12731.6771959342
6687,Europe,2109,LVA,Latvia,2015,78.5,100.0,68.8,81.4,96.2,71.0,88.9,86.6,81.5,58.7,75.6,90.0,64.0,77.3,71.9,97.9,78.9,45.3,25,33,40,65,8,54.54,26344565876.8902,1977527.0,13321.9753140616
6688,Europe,2110,LVA,Latvia,2016,78.7,100.0,66.3,81.9,96.7,71.6,89.0,87.5,81.6,60.8,75.7,89.8,62.7,76.6,75.0,97.9,79.6,44.4,40,30,70,60,10,54.6,27016796481.3321,1959537.0,13787.3367440023
6689,Europe,2111,LVA,Latvia,2017,79.3,100.0,66.8,83.1,98.0,70.5,89.1,90.3,82.6,70.7,71.7,89.9,62.2,74.2,77.9,97.9,79.3,44.0,18,45,40,60,7,54.67,27935083541.205,1942248.0,14382.8612727134
6690,Europe,2112,LVA,Latvia,2018,79.7,100.0,62.6,83.0,98.2,78.4,89.1,89.0,83.2,71.3,73.0,90.9,61.8,71.4,82.9,97.9,78.5,44.2,24,35,72,60,10,54.73,29139005429.8548,1927174.0,15120.0698171804
6691,Europe,2113,LVA,Latvia,2019,80.2,100.0,64.9,84.4,97.5,77.9,89.2,88.9,83.9,73.0,75.1,89.9,61.7,71.5,84.1,97.9,78.8,44.9,20,32,60,60,10,54.79,29335802338.5259,1913822.0,15328.3859933295
6692,Europe,2114,LVA,Latvia,2020,80.5,100.0,65.6,85.0,97.8,78.0,89.2,88.9,82.9,72.8,72.6,89.5,61.7,72.0,84.1,97.9,81.2,49.3,15,35,65,55,10,54.85,28318076614.1623,1900449.0,14900.7295718866
6693,Europe,2115,LVA,Latvia,2021,80.3,100.0,64.2,84.8,97.8,77.2,89.2,88.9,83.8,74.1,72.6,87.9,58.8,71.7,84.1,97.8,82.3,50.4,25,45,58,65,7,,30284070900.4111,1884490.0,16070.1680032322
6694,Europe,2116,LVA,Latvia,2022,80.7,100.0,64.2,84.3,97.8,77.5,89.2,88.9,84.5,77.0,72.6,86.7,58.8,71.7,84.0,97.8,82.1,54.4,25,33,65,60,10,,30831235007.8675,1879383.0,16404.9770631465
6695,Asia,2117,LBN,Lebanon,2000,62.6,99.2,52.1,73.0,97.7,35.8,63.1,57.9,59.1,30.2,84.4,43.2,85.2,84.6,61.5,57.7,51.8,27.0,35,30,25,17,15,13.51,25798443405.5655,4329340.0,5958.97836750301
6696,Asia,2118,LBN,Lebanon,2001,62.6,99.2,51.9,72.7,97.7,35.9,63.4,57.8,59.1,30.0,84.4,43.2,84.9,84.4,61.5,57.7,51.8,28.6,35,65,15,18,10,13.5,26789018310.9609,4401918.0,6085.76041420146
6697,Asia,2119,LBN,Lebanon,2002,62.2,99.2,51.5,72.3,97.7,35.9,63.7,59.0,59.2,30.0,84.4,43.2,76.2,84.5,61.5,57.7,51.8,29.7,20,45,12,25,10,13.49,27706046545.3127,4463504.0,6207.24133893746
6698,Asia,2120,LBN,Lebanon,2003,62.5,99.2,50.4,71.9,97.7,35.9,64.3,59.1,59.3,30.4,84.4,43.2,81.1,83.7,61.5,57.7,51.8,30.9,38,65,18,20,15,13.48,28600147893.7267,4525508.0,6319.76518298647
6699,Asia,2121,LBN,Lebanon,2004,62.8,99.2,51.8,72.6,97.7,35.9,64.9,59.6,59.3,30.7,84.4,43.2,80.4,84.3,61.5,57.7,51.8,32.4,35,60,15,25,8,13.47,30510478932.4999,4599279.0,6633.75258002393
6700,Asia,2122,LBN,Lebanon,2005,63.1,99.2,52.6,74.3,97.7,37.4,65.9,59.8,59.0,31.2,84.4,43.4,81.0,84.6,61.5,57.7,51.8,31.6,35,65,25,18,8,13.47,31329923063.1007,4671102.0,6707.18024635316
6701,Asia,2123,LBN,Lebanon,2006,63.4,99.2,53.8,75.4,97.7,37.7,65.7,59.8,58.8,32.5,84.4,43.4,81.6,85.4,61.5,57.7,51.8,32.2,40,65,20,15,5,13.46,31815384920.7126,4751136.0,6696.37428200596
6702,Asia,2124,LBN,Lebanon,2007,63.8,99.2,51.2,75.0,97.7,38.6,65.6,60.1,58.6,33.2,84.4,46.1,81.9,85.8,61.5,57.7,55.7,32.5,35,60,25,18,18,13.45,34777595316.005,4844118.0,7179.34520092306
6703,Asia,2125,LBN,Lebanon,2008,64.2,99.2,53.8,75.5,97.7,38.9,65.5,59.8,59.3,34.2,84.4,54.0,81.6,84.7,59.5,57.7,53.9,31.3,35,70,15,18,15,13.44,37931620043.7015,4925354.0,7701.29823027979
6704,Asia,2126,LBN,Lebanon,2009,64.3,99.2,51.6,76.7,98.6,38.5,65.4,58.4,60.1,35.7,84.4,50.7,80.7,83.5,61.5,57.7,60.0,30.5,35,66,18,15,10,13.43,41812842419.7439,4992287.0,8375.48851252821
6705,Asia,2127,LBN,Lebanon,2010,65.4,99.2,52.7,77.2,98.6,38.6,65.2,59.8,59.8,38.1,84.4,63.1,80.7,83.9,61.5,57.7,62.2,29.2,35,65,25,25,10,13.43,45147473283.5593,5041288.0,8955.54336184707
6706,Asia,2128,LBN,Lebanon,2011,65.6,99.1,52.7,77.6,98.6,38.7,65.1,60.2,59.4,41.1,84.4,60.1,80.5,84.4,61.5,57.7,61.8,31.7,40,75,18,20,15,13.48,45539055323.5066,5096020.0,8936.20027462737
6707,Asia,2129,LBN,Lebanon,2012,65.7,99.1,53.5,76.4,98.6,38.8,65.0,59.3,59.2,40.9,84.4,68.9,80.0,84.6,61.5,57.7,59.2,30.1,40,65,20,30,10,13.54,46707037069.3046,5235742.0,8920.8056984673
6708,Asia,2130,LBN,Lebanon,2013,65.8,99.1,53.5,77.3,98.6,41.2,64.9,60.5,58.9,44.4,84.4,66.9,80.4,84.6,61.6,57.7,55.8,29.5,5,85,30,15,15,13.6,48494923363.2625,5743436.0,8443.53856528784
6709,Asia,2131,LBN,Lebanon,2014,66.9,99.1,56.1,77.7,98.6,41.6,64.8,59.3,60.2,47.2,84.4,75.9,82.1,85.9,59.0,57.7,57.4,30.7,40,63,35,30,10,13.66,49699566407.4833,6346990.0,7830.4151113336
6710,Asia,2132,LBN,Lebanon,2015,66.9,99.1,56.0,78.1,98.6,42.0,64.6,59.0,61.6,48.0,84.4,75.3,82.4,86.3,59.1,57.7,56.5,28.1,40,66,35,22,10,13.72,49929337836.8159,6472469.0,7714.1099998804
6711,Asia,2133,LBN,Lebanon,2016,67.0,99.0,55.1,78.3,98.6,42.4,65.0,59.1,61.4,50.7,84.4,75.5,81.8,86.4,59.0,57.7,55.0,29.2,55,80,35,25,7,13.78,50705514062.8608,6323060.0,8019.1416913426
6712,Asia,2134,LBN,Lebanon,2017,67.7,99.0,54.0,78.3,98.6,42.8,65.5,59.4,59.4,61.4,84.4,76.1,81.2,86.1,59.4,57.7,55.7,32.6,43,75,30,30,10,13.83,51163399287.7034,6160128.0,8305.57405425721
6713,Asia,2135,LBN,Lebanon,2018,68.5,99.0,54.8,78.7,99.5,44.0,65.9,61.7,61.4,63.8,84.4,71.7,81.7,86.9,60.0,57.2,58.0,35.3,38,65,25,30,10,13.89,50199119756.2008,5984119.0,8388.7235123835
6714,Asia,2136,LBN,Lebanon,2019,67.9,99.0,54.5,77.2,99.6,44.4,66.2,61.9,59.8,64.7,84.4,61.5,81.6,86.7,63.9,57.1,54.4,37.3,50,75,35,17,20,13.95,46727888410.6848,5794594.0,8064.04873416236
6715,Asia,2137,LBN,Lebanon,2020,68.0,98.8,52.4,74.7,99.6,44.5,66.3,61.9,58.7,69.8,84.4,69.0,81.6,87.0,65.7,57.2,56.4,28.8,55,65,25,15,20,14.01,36728167162.8739,5702398.0,6440.82843092922
6716,Asia,2138,LBN,Lebanon,2021,67.6,98.7,56.6,74.3,99.6,44.8,66.3,61.9,54.3,73.4,84.4,58.8,80.7,86.8,65.8,57.0,54.4,30.6,62,72,23,17,40,,34156740537.1604,5718122.0,5973.41933892988
6717,Asia,2139,LBN,Lebanon,2022,67.5,98.7,56.6,74.3,99.6,45.2,66.3,61.9,54.1,73.3,84.4,60.9,80.7,86.8,65.8,57.0,51.9,30.1,63,66,40,30,25,,33944395264.1769,5744489.0,5909.03651555028
6718,Africa,2140,LSO,Lesotho,2000,46.2,23.3,52.7,19.1,37.4,57.9,35.9,3.6,40.0,11.1,16.1,48.9,99.0,97.7,0.0,74.3,50.2,71.3,15,10,9,18,5,1.14,1453365294.1512,2003913.0,725.263668707773
6719,Africa,2141,LSO,Lesotho,2001,46.4,23.3,54.5,18.2,39.0,57.9,36.2,4.0,40.0,11.1,16.1,49.0,99.0,97.7,0.0,74.3,50.2,71.9,30,30,15,24,5,1.14,1505128088.4482,2000853.0,752.243212493971
6720,Africa,2142,LSO,Lesotho,2002,46.5,23.3,52.9,18.8,40.4,57.9,37.0,4.4,40.0,11.2,16.1,49.1,99.0,97.6,0.0,74.3,50.2,72.1,10,15,15,20,10,1.14,1516022748.40945,1994679.0,760.033443180306
6721,Africa,2143,LSO,Lesotho,2003,47.3,23.3,52.8,19.1,42.3,61.9,37.7,4.8,40.1,11.1,16.1,49.2,99.0,97.6,0.0,74.3,50.2,77.1,15,15,10,18,10,1.14,1585150007.49012,1985059.0,798.540500554454
6722,Africa,2144,LSO,Lesotho,2004,47.4,23.3,52.7,20.3,41.0,61.9,38.5,5.2,40.0,11.2,16.1,50.5,99.0,97.5,0.0,74.3,50.2,76.8,18,18,20,20,10,1.14,1611976676.82948,1971129.0,817.793597897186
6723,Africa,2145,LSO,Lesotho,2005,48.0,23.3,52.8,19.9,42.4,61.9,39.2,12.2,40.1,11.3,16.1,50.9,99.0,97.5,0.0,74.3,50.2,76.5,15,15,20,22,7,1.14,1667849758.72804,1953076.0,853.960500629797
6724,Africa,2146,LSO,Lesotho,2006,48.6,23.3,52.1,19.0,44.0,61.9,40.0,14.7,40.1,11.4,16.1,52.2,99.0,97.4,0.0,74.3,50.2,81.5,25,15,30,24,8,1.14,1738401391.78308,1945063.0,893.750686627156
6725,Africa,2147,LSO,Lesotho,2007,49.1,23.3,51.8,18.3,43.1,68.0,40.7,16.9,40.1,11.4,16.1,52.3,99.0,97.4,0.0,74.3,49.7,83.0,15,15,20,20,10,1.14,1811204148.77671,1953268.0,927.26863327342
6726,Africa,2148,LSO,Lesotho,2008,49.4,23.3,51.7,17.1,44.7,68.8,41.4,18.5,40.2,11.5,16.1,53.5,99.0,97.3,0.0,74.3,49.9,83.0,20,25,30,20,8,1.14,1911244554.99023,1966541.0,971.881366821351
6727,Africa,2149,LSO,Lesotho,2009,50.0,23.3,53.3,18.6,45.8,72.1,42.1,20.1,40.0,11.4,16.1,53.6,99.0,97.2,0.0,74.3,50.6,83.0,20,15,15,24,10,1.14,1887282177.32009,1980883.0,952.747929746529
6728,Africa,2150,LSO,Lesotho,2010,50.6,23.3,56.5,20.1,48.2,72.1,42.8,21.1,40.2,11.4,16.1,54.3,99.0,97.2,0.0,74.3,50.6,83.0,5,25,12,20,5,1.14,1986735734.7651,1996251.0,995.233432451681
6729,Africa,2151,LSO,Lesotho,2011,50.1,25.0,54.6,20.8,48.3,72.1,43.5,16.9,40.2,11.9,16.1,54.7,99.0,96.2,0.0,74.3,50.6,78.2,20,25,25,25,10,1.14,2078451680.28081,2014009.0,1031.99721564343
6730,Africa,2152,LSO,Lesotho,2012,50.5,26.2,53.8,21.0,49.5,73.4,44.2,16.0,40.2,13.2,16.1,56.0,99.0,96.2,0.0,74.3,50.6,78.8,30,19,20,20,7,1.14,2210102550.34645,2034354.0,1086.39034816283
6731,Africa,2153,LSO,Lesotho,2013,50.7,26.3,52.6,20.6,50.0,71.0,44.9,19.5,40.1,13.8,16.1,55.9,99.0,97.2,0.0,74.3,51.2,77.9,25,20,15,25,10,1.14,2249719203.36981,2056504.0,1093.95323489272
6732,Africa,2154,LSO,Lesotho,2014,51.3,26.8,50.5,22.1,49.7,74.6,45.6,20.1,40.1,18.9,16.1,56.9,99.0,97.0,0.0,74.3,50.9,78.3,25,15,15,18,10,1.14,2288201773.07605,2080089.0,1100.04993684215
6733,Africa,2155,LSO,Lesotho,2015,52.2,31.2,49.2,22.3,53.1,73.9,46.3,22.7,40.2,21.6,16.1,57.6,99.0,97.3,0.0,74.2,50.1,81.2,25,15,18,28,7,1.14,2359686724.53829,2104611.0,1121.19851342518
6734,Africa,2156,LSO,Lesotho,2016,52.3,30.8,46.9,21.8,52.7,74.0,47.0,23.6,40.2,19.8,16.1,67.5,98.9,97.4,0.0,74.2,50.2,75.6,25,15,20,23,15,1.14,2444845631.39553,2130422.0,1147.58748801671
6735,Africa,2157,LSO,Lesotho,2017,54.5,35.2,51.8,21.7,54.4,72.6,47.6,22.3,47.4,22.7,27.5,66.8,98.8,97.1,0.0,74.2,50.7,81.3,25,30,25,24,10,1.14,2368122098.53455,2157110.0,1097.82166812752
6736,Africa,2158,LSO,Lesotho,2018,54.6,32.1,50.8,23.4,51.9,73.9,48.3,26.1,47.5,23.7,27.5,68.3,98.7,97.3,0.0,74.2,50.5,78.7,20,12,20,30,15,1.14,2333058897.5103,2183603.0,1068.44462913373
6737,Africa,2159,LSO,Lesotho,2019,54.5,33.0,50.1,22.6,49.9,74.6,49.0,25.2,47.5,24.6,27.5,70.6,98.6,97.3,0.0,74.2,48.2,78.3,20,35,25,30,15,1.14,2299976266.27346,2209405.0,1040.99351014117
6738,Africa,2160,LSO,Lesotho,2020,54.1,35.1,48.6,23.8,49.9,74.6,49.7,26.2,46.0,25.1,27.5,71.9,98.6,97.6,0.0,74.2,48.1,68.5,25,20,10,30,8,1.14,2112391149.60613,2235727.0,944.834118658555
6739,Africa,2161,LSO,Lesotho,2021,54.5,35.7,49.1,24.6,51.1,74.8,49.7,26.2,46.1,26.4,27.5,71.9,98.6,97.5,0.0,74.2,47.3,71.6,40,15,20,32,18,,2160272945.18777,2261542.0,955.221236301503
6740,Africa,2162,LSO,Lesotho,2022,54.9,36.7,49.2,24.3,51.1,74.8,49.7,26.2,46.5,26.4,27.5,66.2,98.6,97.5,0.0,74.2,45.9,71.7,30,15,20,28,10,,2211855514.87917,2286110.0,967.51928598325
6741,Africa,2163,LBR,Liberia,2000,43.0,22.6,43.4,18.4,29.0,26.7,47.4,16.7,62.1,6.5,67.1,30.7,96.0,99.0,52.0,45.6,41.7,26.5,35,25,15,10,10,85.37,2210291803.5902,2928117.0,754.850917360951
6742,Africa,2164,LBR,Liberia,2001,43.2,22.6,43.6,18.3,29.0,26.7,47.8,16.1,62.1,6.5,67.1,30.4,96.2,99.0,54.8,45.6,41.7,26.5,45,38,12,15,10,85.05,2274838397.37873,3015338.0,754.422355762017
6743,Africa,2165,LBR,Liberia,2002,43.1,22.6,42.7,18.0,29.0,26.7,48.1,16.2,62.1,6.5,67.1,30.2,96.3,99.0,53.4,45.6,41.7,26.5,35,43,15,12,8,84.74,2360440967.03039,3094782.0,762.716393927064
6744,Africa,2166,LBR,Liberia,2003,44.3,22.6,42.7,17.6,29.0,26.7,48.5,15.3,62.1,6.5,67.1,30.0,96.5,99.0,70.1,50.4,41.7,26.5,50,55,15,7,10,84.43,1648882904.55436,3119532.0,528.567395543421
6745,Africa,2167,LBR,Liberia,2004,43.6,22.6,42.9,17.5,29.0,25.4,48.9,14.4,62.1,6.5,67.1,29.7,94.6,99.0,62.5,50.4,41.7,26.5,44,25,12,15,10,84.11,1692081112.12779,3156892.0,535.995882066218
6746,Africa,2168,LBR,Liberia,2005,45.2,22.6,44.4,20.5,29.0,29.1,49.3,12.3,62.1,6.5,67.1,29.9,94.3,98.9,83.1,50.4,41.7,26.5,38,45,18,12,7,83.8,1781443510.53791,3301015.0,539.665378841936
6747,Africa,2169,LBR,Liberia,2006,45.3,22.6,44.6,21.2,29.0,29.1,49.6,12.0,62.1,6.6,67.1,29.9,95.1,98.9,84.5,50.4,41.7,26.0,40,55,20,35,8,83.48,1924741222.72585,3490787.0,551.377446611852
6748,Africa,2170,LBR,Liberia,2007,45.9,22.6,45.2,21.8,29.0,29.1,49.9,15.4,62.1,6.6,67.1,29.6,96.2,99.0,84.4,50.4,41.7,29.7,38,35,18,20,8,83.17,2108270598.33452,3669050.0,574.609394348543
6749,Africa,2171,LBR,Liberia,2008,46.1,22.6,46.4,24.8,28.3,29.1,50.1,16.5,62.1,6.6,67.1,29.9,96.1,99.0,84.0,50.4,38.0,32.1,35,38,22,28,15,82.85,2258921103.43636,3821003.0,591.185378141907
6750,Africa,2172,LBR,Liberia,2009,46.2,22.6,45.5,25.9,29.6,29.5,50.4,17.4,62.1,6.6,67.1,29.6,96.0,99.0,83.4,50.4,38.2,31.4,38,45,18,20,10,82.54,2378656131.45291,3943028.0,603.256211077605
6751,Africa,2173,LBR,Liberia,2010,46.2,22.6,48.1,25.9,29.6,30.0,50.6,12.6,62.1,6.6,67.1,30.2,96.1,98.9,82.7,50.4,38.8,33.1,40,40,18,20,15,82.23,2523749998.53307,4058890.0,621.783295071575
6752,Africa,2174,LBR,Liberia,2011,46.7,25.6,47.2,26.7,30.3,29.1,50.9,12.6,62.1,6.6,67.1,33.1,96.0,98.6,82.4,50.4,39.5,35.1,35,50,20,22,10,81.91,2730716886.49046,4221178.0,646.908727016597
6753,Africa,2175,LBR,Liberia,2012,47.2,28.2,47.3,27.9,30.3,30.4,51.1,11.1,62.1,9.3,67.1,33.4,96.2,98.6,82.2,50.4,39.7,36.5,35,45,35,20,10,81.6,2949005327.42991,4373043.0,674.360011422232
6754,Africa,2176,LBR,Liberia,2013,48.4,30.4,45.8,29.1,42.1,35.7,51.4,13.1,62.1,9.4,67.1,29.8,96.1,98.5,83.3,50.4,43.3,35.3,30,55,15,20,10,81.28,3205193907.94462,4470239.0,717.007280358975
6755,Africa,2177,LBR,Liberia,2014,50.2,32.4,44.7,26.3,61.9,36.4,51.6,8.9,62.2,11.1,79.1,32.2,96.0,98.8,83.5,50.4,40.1,37.0,38,40,15,15,5,80.97,3227674916.86578,4564293.0,707.157694930142
6756,Africa,2178,LBR,Liberia,2015,50.2,30.5,45.1,26.5,60.3,37.0,51.9,10.8,62.4,12.1,79.1,28.9,95.9,98.3,83.4,50.4,43.8,37.6,40,55,18,22,15,80.66,3227075700.0,4659431.0,692.590082351257
6757,Africa,2179,LBR,Liberia,2016,50.0,28.6,46.7,28.2,60.3,38.3,52.1,13.1,62.1,10.0,72.1,30.5,95.7,98.3,83.3,50.4,41.7,37.9,40,41,20,30,15,80.34,3176896008.31,4755608.0,668.031513175601
6758,Africa,2180,LBR,Liberia,2017,49.8,28.5,46.2,30.9,42.9,39.0,52.3,16.5,66.1,10.3,72.1,31.1,95.9,98.5,83.1,50.4,43.0,39.8,35,58,25,20,15,80.03,3254893758.73415,4848925.0,671.260899835355
6759,Africa,2181,LBR,Liberia,2018,49.6,28.1,46.3,30.7,42.9,41.5,52.6,12.5,64.0,10.1,72.1,29.1,96.1,98.9,83.6,47.6,46.3,40.1,35,63,18,25,15,79.71,3292571599.13518,4944726.0,665.875439637137
6760,Africa,2182,LBR,Liberia,2019,49.6,26.3,46.8,33.1,42.9,44.6,52.9,12.1,64.6,10.3,72.1,29.0,96.1,98.9,83.6,47.6,43.2,39.6,41,45,20,20,15,79.4,3211334057.92828,5043721.0,636.699384824869
6761,Africa,2183,LBR,Liberia,2020,49.6,24.2,47.6,34.9,37.1,44.6,53.0,13.3,65.0,10.7,72.1,29.0,96.1,98.9,83.6,47.6,42.9,43.3,35,50,40,18,7,79.08,3115556299.79146,5149463.0,605.025475431411
6762,Africa,2184,LBR,Liberia,2021,49.9,25.2,47.6,34.8,37.1,44.0,53.0,13.3,66.4,11.6,72.1,29.0,96.1,98.8,83.5,48.1,41.8,45.3,30,63,35,25,15,,3270920145.66908,5259323.0,621.927983063426
6763,Africa,2185,LBR,Liberia,2022,49.9,26.4,47.8,32.8,37.1,44.1,53.0,13.3,66.4,11.6,72.1,29.8,96.1,98.8,83.5,48.2,41.0,45.9,35,60,15,20,15,,3428189426.39464,5373294.0,638.005183858289
6810,Europe,2232,LTU,Lithuania,2000,69.7,100.0,58.0,74.2,93.8,60.0,71.8,77.3,72.2,27.5,70.7,85.8,63.9,61.2,67.0,73.5,73.7,53.7,20,25,50,65,8,32.24,22342117970.7075,3499536.0,6384.30865426374
6811,Europe,2233,LTU,Lithuania,2001,69.9,100.0,58.0,74.4,96.8,60.4,72.5,78.1,71.7,28.1,70.7,85.9,63.4,60.8,67.1,73.5,73.8,53.3,15,30,20,55,5,32.48,23790809196.6404,3470818.0,6854.52512826671
6812,Europe,2234,LTU,Lithuania,2002,70.3,100.0,58.2,74.4,98.6,60.7,72.9,78.9,73.8,30.9,70.7,86.0,60.5,60.7,65.8,74.6,74.2,53.7,10,30,25,45,8,32.72,25389513378.757,3443067.0,7374.0979710116
6813,Europe,2235,LTU,Lithuania,2003,70.3,100.0,59.3,74.1,98.7,61.1,73.3,79.3,73.9,32.3,70.7,86.1,58.2,60.6,66.3,74.6,74.2,52.7,12,25,30,62,10,32.96,28068588415.9846,3415213.0,8218.69336289848
6814,Europe,2236,LTU,Lithuania,2004,71.9,100.0,58.7,74.2,98.7,67.3,73.8,79.1,75.0,34.6,70.7,86.2,63.1,60.2,66.7,89.1,73.9,50.9,15,28,75,75,12,33.2,29893617960.0569,3377075.0,8851.92598922347
6815,Europe,2237,LTU,Lithuania,2005,72.5,100.0,57.4,74.2,99.8,67.6,74.2,77.6,76.4,36.5,72.5,86.2,62.4,59.7,69.3,95.0,73.9,50.4,20,30,78,60,7,33.44,32204827116.6036,3322528.0,9692.86853763267
6816,Europe,2238,LTU,Lithuania,2006,73.0,100.0,53.2,73.6,99.7,70.0,74.6,76.8,77.6,38.8,79.0,86.3,60.8,59.5,69.9,95.0,74.7,50.7,18,35,55,55,10,33.68,34586529059.4547,3269909.0,10577.2145522871
6817,Europe,2239,LTU,Lithuania,2007,72.5,100.0,56.9,73.5,99.8,69.1,74.9,76.7,78.3,39.8,76.6,83.6,55.2,58.6,70.2,95.0,74.6,50.5,20,23,65,60,8,33.92,38417999935.5475,3231294.0,11889.3545234657
6818,Europe,2240,LTU,Lithuania,2008,72.3,100.0,58.1,75.9,99.8,66.9,75.9,77.2,77.4,43.7,70.3,81.3,53.0,58.8,69.7,95.0,74.4,52.0,20,32,65,60,7,34.16,39416661070.6359,3198231.0,12324.5197331387
6819,Europe,2241,LTU,Lithuania,2009,72.7,100.0,58.2,77.4,99.8,68.2,76.3,79.3,73.2,44.3,67.3,83.4,54.1,59.8,70.5,95.2,74.5,54.7,10,35,55,45,10,34.4,33567775753.9873,3162916.0,10612.9204044582
6820,Europe,2242,LTU,Lithuania,2010,72.7,100.0,55.2,78.3,99.8,68.6,76.6,70.5,70.7,45.5,80.8,83.7,52.9,59.3,69.2,95.2,75.6,53.4,20,20,78,55,10,34.64,33711177146.509,3097282.0,10884.1161852582
6821,Europe,2243,LTU,Lithuania,2011,73.7,100.0,56.3,78.6,99.7,68.8,76.9,68.2,72.0,50.3,83.9,84.3,53.3,59.0,78.3,95.3,75.8,52.7,15,25,60,65,10,34.69,35842949499.0897,3028115.0,11836.7200384033
6822,Europe,2244,LTU,Lithuania,2012,73.7,100.0,59.7,79.4,99.8,71.8,77.2,70.2,73.3,50.5,73.4,85.1,53.6,58.9,76.7,95.3,77.0,51.4,18,20,68,66,10,34.75,37413912227.1865,2989139.0,12516.6184065667
6823,Europe,2245,LTU,Lithuania,2013,74.0,100.0,58.6,80.1,98.4,71.7,77.4,71.7,74.0,52.7,72.8,83.0,53.8,59.3,80.5,95.3,77.5,50.9,18,30,70,60,7,34.8,38928020774.4147,2961250.0,13145.8069309969
6824,Europe,2246,LTU,Lithuania,2014,74.1,100.0,60.1,80.9,98.7,72.1,77.7,69.7,75.4,60.6,61.9,88.0,53.8,59.4,77.2,95.3,78.2,50.9,20,22,60,65,8,34.85,40396597406.9714,2937253.0,13753.1895982305
6825,Europe,2247,LTU,Lithuania,2015,74.9,100.0,63.2,81.3,99.2,72.2,78.0,72.7,76.4,62.4,64.5,86.6,55.0,59.2,77.5,95.3,79.3,50.7,19,25,75,60,8,34.91,41540954817.2039,2911109.0,14269.8039878287
6826,Europe,2248,LTU,Lithuania,2016,74.9,100.0,61.1,82.7,99.6,71.4,78.3,72.0,77.1,65.9,61.5,87.7,54.1,59.1,78.0,95.3,79.5,50.5,18,23,75,60,8,34.95,42650896790.5078,2877325.0,14823.107153522
6827,Europe,2249,LTU,Lithuania,2017,75.6,100.0,62.0,84.2,99.2,71.4,78.5,72.1,78.3,72.5,64.0,87.4,53.6,58.9,77.7,95.3,80.2,50.0,18,23,80,60,10,35.0,44618059836.1503,2842639.0,15695.9993288456
6828,Europe,2250,LTU,Lithuania,2018,75.1,100.0,58.1,84.3,98.6,71.3,78.8,67.1,78.5,70.0,70.0,82.7,51.9,58.7,76.9,95.3,81.5,52.5,15,23,60,60,8,35.04,46812540124.5928,2819200.0,16604.9021440809
6829,Europe,2251,LTU,Lithuania,2019,75.8,100.0,59.4,84.8,98.4,71.7,78.8,69.9,78.5,70.9,70.9,82.4,51.7,58.5,82.1,95.3,81.9,52.9,8,18,55,75,10,35.09,49002127329.2631,2811089.0,17431.7239081591
6830,Europe,2252,LTU,Lithuania,2020,76.3,100.0,61.1,85.3,98.1,74.4,78.8,69.9,77.2,72.0,70.9,85.7,51.7,58.6,82.2,95.3,80.7,54.6,18,25,65,60,7,35.13,49023107998.6089,2810369.0,17443.65526328
6831,Europe,2253,LTU,Lithuania,2021,76.3,100.0,59.6,85.9,98.1,75.2,78.8,69.9,80.2,74.0,70.9,84.0,46.9,58.4,82.0,95.3,82.7,55.3,18,35,65,63,10,,52150790162.9131,2808380.0,18569.7057246217
6832,Europe,2254,LTU,Lithuania,2022,76.8,100.0,59.6,86.1,98.1,75.9,78.8,69.9,81.1,75.5,70.9,82.8,46.9,58.4,82.0,95.3,84.8,59.5,20,35,62,65,7,,53474129886.9706,2831639.0,18884.5152531698
6833,Europe,2255,LUX,Luxembourg,2000,71.4,100.0,59.8,87.6,94.8,61.4,81.7,51.8,86.0,62.0,89.0,95.9,33.6,33.3,0.0,52.0,89.5,64.4,10,45,85,80,8,35.68,40369840252.809,436300.0,92527.7108705226
6834,Europe,2256,LUX,Luxembourg,2001,71.4,100.0,58.2,88.2,94.7,61.4,81.7,50.2,86.5,64.1,89.0,95.9,33.4,33.3,0.0,52.0,89.2,65.2,8,10,60,78,8,35.76,41610952660.8086,441525.0,94243.7068360989
6835,Europe,2257,LUX,Luxembourg,2002,72.9,100.0,60.1,88.8,94.9,59.6,81.7,58.7,86.0,65.1,89.0,95.9,33.4,33.3,0.0,64.6,89.4,65.8,8,15,85,80,8,35.84,42953079744.2546,446175.0,96269.5797484275
6836,Europe,2258,LUX,Luxembourg,2003,72.8,100.0,59.8,89.6,93.5,56.6,81.7,57.6,85.0,68.6,89.3,95.9,33.4,33.3,0.0,64.7,89.5,66.0,8,20,85,82,10,35.93,44078183528.9345,451630.0,97597.9973184565
6837,Europe,2259,LUX,Luxembourg,2004,73.5,100.0,60.5,90.0,94.0,61.5,81.7,59.0,83.1,72.2,89.3,95.9,33.4,33.3,0.0,65.8,89.6,66.6,8,18,80,80,6,36.01,45943523456.1968,458095.0,100292.566948333
6838,Europe,2260,LUX,Luxembourg,2005,73.6,100.0,58.4,90.5,95.2,61.9,81.7,58.3,85.0,73.5,88.5,96.0,33.4,33.3,0.0,65.8,89.5,66.3,8,15,75,85,8,36.09,47084243707.173,465158.0,101222.044353044
6839,Europe,2261,LUX,Luxembourg,2006,74.0,100.0,58.7,91.0,95.6,62.2,81.6,59.6,85.2,77.3,88.3,96.0,33.4,33.3,0.0,65.8,89.7,65.6,8,18,70,80,10,36.17,49917168649.961,472637.0,105614.178851764
6840,Europe,2262,LUX,Luxembourg,2007,73.9,100.0,57.8,91.3,95.2,62.5,81.6,58.8,85.4,78.1,88.1,96.0,33.4,33.3,0.0,65.8,90.2,65.1,10,20,82,80,7,36.26,53959794029.7992,479993.0,112417.876989455
6841,Europe,2263,LUX,Luxembourg,2008,74.0,100.0,60.7,92.0,94.1,62.5,81.6,55.6,85.1,81.7,85.9,96.0,33.4,33.3,0.0,65.8,90.2,65.4,15,20,80,78,10,36.34,53797819880.8557,488650.0,110094.791529429
6842,Europe,2264,LUX,Luxembourg,2009,74.4,100.0,60.5,91.7,94.1,60.1,81.6,59.4,85.5,82.6,87.9,96.0,34.9,33.3,0.0,66.6,90.4,66.4,10,20,80,75,8,36.42,52055333192.7004,497783.0,104574.349049084
6843,Europe,2265,LUX,Luxembourg,2010,74.6,100.0,58.9,93.4,94.4,60.2,81.6,59.1,85.7,82.4,88.9,95.4,35.0,33.3,0.0,66.6,89.6,68.8,7,20,85,82,10,36.5,54012829512.59,506953.0,106544.057363484
6844,Europe,2266,LUX,Luxembourg,2011,74.6,100.0,57.2,93.6,94.1,64.2,81.6,55.9,85.3,84.7,86.6,96.7,35.4,33.3,0.0,66.6,90.9,67.3,10,15,78,78,10,36.5,54576884709.7504,518347.0,105290.249021891
6845,Europe,2267,LUX,Luxembourg,2012,74.5,100.0,57.3,94.0,96.7,61.8,81.6,57.2,85.5,85.5,83.5,97.4,36.5,33.3,0.0,66.6,90.2,64.3,8,20,80,78,7,36.5,55477349891.7792,530946.0,104487.744312565
6846,Europe,2268,LUX,Luxembourg,2013,75.1,100.0,58.6,93.9,96.0,74.1,81.6,51.3,85.2,86.2,86.8,96.2,37.2,34.6,0.0,66.6,88.3,64.2,8,30,80,75,8,36.5,57236974872.2606,543360.0,105338.955521681
6847,Europe,2269,LUX,Luxembourg,2014,75.7,99.9,59.9,94.2,96.4,74.0,81.6,51.8,85.4,87.2,87.9,97.6,38.0,36.9,0.0,66.7,88.8,64.2,15,30,85,78,10,36.5,58738350400.0169,556319.0,105583.937273429
6848,Europe,2270,LUX,Luxembourg,2015,76.1,99.8,59.7,94.6,97.6,77.9,81.6,52.9,85.0,87.5,85.5,97.6,39.0,39.0,0.0,66.8,89.7,63.8,10,30,80,84,7,36.5,60071584216.1375,569604.0,105462.012584423
6849,Europe,2271,LUX,Luxembourg,2016,76.5,99.8,57.0,95.3,99.0,77.3,81.6,55.0,85.3,87.6,87.5,97.4,39.2,40.4,0.0,67.7,89.8,63.4,12,25,80,82,10,36.5,63062061883.63,582014.0,108351.451826983
6850,Europe,2272,LUX,Luxembourg,2017,76.7,99.8,58.3,95.9,96.8,79.3,81.6,55.9,86.1,88.1,80.1,98.6,39.4,44.3,0.0,67.7,90.7,64.2,13,20,75,85,8,36.5,63892707251.4305,596336.0,107142.126672598
6851,Europe,2273,LUX,Luxembourg,2018,76.6,99.6,59.6,95.5,98.9,73.8,81.6,56.3,85.9,88.7,79.5,96.3,39.5,44.8,0.0,67.7,90.7,67.3,15,20,85,78,8,36.5,64922207640.6436,607950.0,106788.728745199
6852,Europe,2274,LUX,Luxembourg,2019,77.3,100.0,59.6,96.7,99.4,76.6,81.6,56.5,85.9,88.7,84.0,97.6,39.5,44.8,0.0,67.8,90.7,67.6,10,45,80,75,8,36.5,66707126419.2733,620001.0,107591.965850496
6853,Europe,2275,LUX,Luxembourg,2020,78.1,100.0,59.1,96.8,98.3,81.3,81.6,56.5,85.3,88.8,84.0,97.6,39.5,49.8,0.0,67.8,90.8,72.2,10,18,85,82,10,36.5,66366885630.9508,630419.0,105274.2471768
6854,Europe,2276,LUX,Luxembourg,2021,78.3,100.0,58.9,96.8,98.3,84.8,81.6,56.5,85.5,88.8,84.0,97.6,39.5,49.4,0.0,67.7,89.9,73.3,10,15,80,75,10,,70965934440.7674,640064.0,110873.185245175
6855,Europe,2277,LUX,Luxembourg,2022,77.6,100.0,58.9,96.5,98.3,85.3,81.6,56.5,85.7,88.6,84.0,99.0,39.5,49.4,0.0,67.7,89.7,73.4,8,25,65,70,8,,70188819483.6281,653103.0,107469.755128407
6856,Africa,2278,MDG,Madagascar,2000,42.9,3.3,44.1,26.9,28.3,48.0,39.8,29.2,62.3,8.6,22.0,41.3,96.0,99.4,54.2,47.2,42.1,36.7,30,55,12,20,7,22.4,7688842733.27739,16516338.0,465.529509827021
6857,Africa,2279,MDG,Madagascar,2001,43.4,3.3,44.2,28.2,29.0,48.2,39.8,31.0,62.5,8.9,22.0,41.3,96.3,99.4,56.6,47.0,42.1,37.3,30,25,10,17,7,22.32,8148653656.69862,17032939.0,478.40561494987
6858,Africa,2280,MDG,Madagascar,2002,43.9,3.3,43.8,28.5,29.2,48.3,39.8,36.4,62.4,9.0,22.0,41.7,96.5,99.4,61.0,46.8,42.1,36.4,20,60,10,5,7,22.24,7137571065.48697,17549913.0,406.70122213637
6859,Africa,2281,MDG,Madagascar,2003,44.4,3.3,44.1,29.4,34.4,46.3,39.8,37.0,62.7,9.4,22.0,41.7,96.4,99.4,61.3,47.6,42.1,37.6,15,35,20,18,10,22.16,7835974694.57165,18071854.0,433.601040301214
6860,Africa,2282,MDG,Madagascar,2004,44.7,3.3,44.3,31.5,34.4,48.0,39.8,36.1,63.4,9.0,22.0,42.4,96.5,99.4,62.2,47.4,42.1,38.4,30,65,20,25,12,22.07,8247912168.09114,18606608.0,443.278654985967
6861,Africa,2283,MDG,Madagascar,2005,46.7,3.3,46.4,32.0,28.7,48.4,39.8,36.9,64.1,8.8,52.8,42.0,96.3,99.4,66.4,48.0,42.1,38.4,35,44,15,18,10,21.99,8640170094.37648,19159707.0,450.955230911228
6862,Africa,2284,MDG,Madagascar,2006,46.9,3.3,46.8,32.3,29.3,48.7,40.1,38.4,63.9,8.8,52.8,42.8,96.4,99.4,66.6,47.9,42.1,37.6,30,45,15,25,8,21.91,9106610406.88934,19730909.0,461.540337897729
6863,Africa,2285,MDG,Madagascar,2007,47.2,3.3,47.0,34.1,30.0,49.6,40.4,38.7,63.7,8.7,52.8,42.8,96.3,99.4,67.5,48.3,42.1,37.9,25,40,17,20,5,21.83,9626649240.51396,20318583.0,473.785462328449
6864,Africa,2286,MDG,Madagascar,2008,47.7,3.3,47.5,34.1,30.8,54.1,40.7,40.0,63.5,8.7,52.8,44.4,96.4,99.4,68.6,48.2,41.0,37.7,30,55,18,18,10,21.75,10272850829.8606,20923840.0,490.963935389518
6865,Africa,2287,MDG,Madagascar,2009,47.9,3.3,47.6,33.4,34.7,54.5,41.0,40.8,63.3,8.8,52.8,44.4,96.5,99.4,69.0,48.0,41.0,36.5,25,63,15,18,10,21.67,9864124029.23054,21547280.0,457.789754866068
6866,Africa,2288,MDG,Madagascar,2010,47.5,3.3,48.4,35.0,35.3,57.2,41.3,32.6,63.1,8.6,41.4,45.3,96.5,99.4,69.4,48.4,44.5,37.9,35,40,15,18,8,21.59,9925206605.67835,22183340.0,447.417143030687
6867,Africa,2289,MDG,Madagascar,2011,47.9,3.5,50.0,34.4,36.1,57.5,41.6,31.3,64.2,8.6,41.4,49.6,96.5,99.4,70.9,48.3,43.8,36.5,35,50,15,22,10,21.57,10081868751.8746,22822300.0,441.755158414121
6868,Africa,2290,MDG,Madagascar,2012,48.0,3.7,56.1,33.3,42.2,60.4,41.9,32.6,65.2,7.1,40.2,44.5,96.5,99.5,67.9,48.1,41.0,36.1,30,60,15,23,8,21.55,10385448752.8756,23462438.0,442.641500123543
6869,Africa,2291,MDG,Madagascar,2013,47.7,4.3,54.8,34.2,43.5,60.5,42.2,30.4,65.0,7.5,40.2,44.6,96.6,99.4,66.0,48.0,39.7,34.8,25,58,20,20,7,21.52,10624353147.1587,24109290.0,440.674658903628
6870,Africa,2292,MDG,Madagascar,2014,48.3,3.5,54.2,34.1,43.2,62.4,42.5,33.1,64.8,6.1,40.2,47.0,96.6,99.5,68.4,47.8,41.5,36.6,38,52,15,23,15,21.5,10979121878.0735,24764348.0,443.343869908205
6871,Africa,2293,MDG,Madagascar,2015,48.1,3.5,53.2,33.5,43.4,62.6,42.9,33.1,64.8,6.7,40.2,43.6,96.6,99.5,67.8,47.7,41.9,36.7,38,50,30,20,10,21.48,11323020701.3017,25426702.0,445.320069480568
6872,Africa,2294,MDG,Madagascar,2016,48.8,3.7,52.3,34.2,53.8,63.0,43.3,32.8,64.8,6.3,40.2,45.5,96.7,99.5,65.9,47.5,41.7,38.2,25,55,30,18,15,21.46,11775165456.5346,26099952.0,451.15659433146
6873,Africa,2295,MDG,Madagascar,2017,49.3,3.4,51.9,34.2,54.0,66.2,43.7,32.3,65.1,7.2,40.2,53.0,96.6,99.4,64.3,48.1,38.8,39.5,37,55,20,23,10,21.43,12238318933.7165,26788375.0,456.851859574031
6874,Africa,2296,MDG,Madagascar,2018,49.9,3.6,53.1,34.0,55.4,68.3,44.1,38.5,64.9,8.2,40.2,51.3,96.7,99.4,65.7,42.7,40.3,41.8,40,50,20,25,10,21.41,12629254472.2012,27494926.0,459.330367799543
6875,Africa,2297,MDG,Madagascar,2019,49.9,3.7,52.9,35.2,54.2,67.0,44.5,35.9,65.9,8.8,40.2,51.8,96.7,99.3,66.0,42.7,40.6,42.3,30,60,30,25,15,21.39,13186360203.1442,28219554.0,467.27741349648
6876,Africa,2298,MDG,Madagascar,2020,50.0,3.6,53.3,34.6,54.2,67.9,44.9,36.6,64.5,9.2,40.2,52.6,96.7,99.4,65.9,42.5,41.5,42.7,38,50,45,28,10,21.36,12245161113.1284,28953556.0,422.924255422319
6877,Africa,2299,MDG,Madagascar,2021,50.5,3.6,53.3,33.4,54.5,68.0,44.9,36.6,64.6,10.3,40.2,52.6,96.7,99.4,65.9,49.9,41.2,42.9,40,60,35,20,10,,12814644792.231,29691083.0,431.599103078558
6878,Africa,2300,MDG,Madagascar,2022,50.3,4.2,53.5,32.9,54.5,68.1,44.9,36.6,64.7,10.3,40.2,53.0,96.7,99.4,65.9,49.5,37.4,42.6,20,58,10,28,8,,13347233960.4438,30437261.0,438.516263353783
6879,Africa,2301,MWI,Malawi,2000,49.4,2.2,52.6,17.0,48.5,39.8,46.2,38.4,62.2,14.9,52.4,54.0,98.2,99.4,0.0,61.5,53.3,49.3,15,40,12,17,7,32.69,4736773940.3021,11315942.0,418.592985038462
6880,Africa,2302,MWI,Malawi,2001,49.3,2.2,50.6,18.5,48.5,40.3,46.4,39.1,62.2,14.9,52.4,54.0,98.3,99.4,0.0,61.5,52.9,47.8,25,40,15,20,5,32.24,4501121160.06136,11593058.0,388.260039763569
6881,Africa,2303,MWI,Malawi,2002,49.4,2.2,50.0,17.9,48.5,40.8,46.6,39.9,62.2,14.9,52.4,55.0,97.9,99.4,0.0,61.5,53.6,48.0,40,40,15,18,18,31.8,4577640221.16799,11880440.0,385.308980237095
6882,Africa,2304,MWI,Malawi,2003,49.6,2.2,50.6,20.5,48.5,41.3,46.9,39.9,62.2,14.9,52.4,55.0,98.1,99.4,0.0,61.5,54.2,46.2,25,30,35,30,10,31.35,4838823865.43116,12181574.0,397.224846758815
6883,Africa,2305,MWI,Malawi,2004,49.9,2.2,49.9,22.0,48.6,44.4,47.3,40.3,62.2,14.9,52.4,56.0,98.1,99.4,0.0,61.5,54.0,45.6,25,25,12,18,10,30.9,5101112194.50269,12500737.0,408.064916052765
6884,Africa,2306,MWI,Malawi,2005,50.2,2.2,49.2,23.6,48.6,44.7,47.6,41.1,62.2,14.9,52.4,56.6,98.1,99.4,0.0,61.6,54.4,46.0,30,20,12,25,6,30.46,5267853576.27553,12840031.0,410.267979592536
6885,Africa,2307,MWI,Malawi,2006,50.6,2.2,54.4,24.6,49.1,45.7,47.9,40.9,62.2,15.0,52.4,57.6,98.0,99.4,0.0,61.6,53.3,45.8,25,54,15,40,10,30.01,5515442681.93082,13198701.0,417.877689776503
6886,Africa,2308,MWI,Malawi,2007,51.0,2.2,57.9,26.5,46.3,46.3,48.2,41.4,62.2,15.0,52.4,59.2,98.1,99.4,0.0,61.6,54.0,45.4,30,35,10,18,5,29.57,6044925172.60306,13576343.0,445.254305419586
6887,Africa,2309,MWI,Malawi,2008,51.4,2.2,54.8,29.3,48.8,47.1,48.6,41.7,62.2,15.0,52.4,60.2,98.0,99.4,0.0,61.6,53.9,46.5,40,43,15,20,10,29.12,6506741521.33369,13976417.0,465.55147298007
6888,Africa,2310,MWI,Malawi,2009,52.3,2.2,60.4,30.7,49.3,52.0,48.9,41.6,62.2,15.0,52.4,62.7,98.0,99.4,0.0,61.6,54.9,46.0,24,35,12,18,10,28.68,7048630103.04233,14395788.0,489.631418790158
6889,Africa,2311,MWI,Malawi,2010,51.3,2.2,57.7,32.8,49.0,57.1,49.2,42.5,62.2,15.1,24.9,63.4,97.9,99.4,0.0,61.6,56.9,48.2,30,43,12,20,10,28.23,7533157578.1417,14826463.0,508.088650552846
6890,Africa,2312,MWI,Malawi,2011,51.1,2.2,59.9,33.1,49.2,58.8,49.6,42.5,62.2,15.5,24.9,54.4,98.0,99.4,0.0,61.6,57.4,48.9,30,45,15,18,7,27.79,7904743381.9111,15265022.0,517.833736624232
6891,Africa,2313,MWI,Malawi,2012,51.3,2.1,60.9,34.2,49.0,59.8,49.9,42.6,62.2,15.8,24.9,57.5,98.1,99.5,0.0,61.6,56.4,45.9,20,35,18,17,10,27.34,8054933506.22505,15709577.0,512.74031797451
6892,Africa,2314,MWI,Malawi,2013,51.8,2.1,60.8,35.5,50.0,62.9,50.2,42.5,62.2,16.2,24.9,58.8,98.0,99.5,0.0,61.6,53.5,50.0,35,55,15,30,7,26.9,8490733601.03182,16161816.0,525.357645516557
6893,Africa,2315,MWI,Malawi,2014,52.3,2.0,60.7,39.2,53.1,61.1,50.5,44.9,62.4,18.8,24.9,55.3,97.9,99.5,0.0,61.6,54.0,51.3,20,60,20,35,30,26.45,8968360291.15986,16621538.0,539.562601918057
6894,Africa,2316,MWI,Malawi,2015,52.4,2.0,59.2,41.3,51.3,62.8,50.9,43.8,62.0,19.6,24.9,55.3,98.0,99.5,0.0,61.6,52.9,52.7,35,45,18,35,10,26.0,9219474379.31534,17085587.0,539.605363240686
6895,Africa,2317,MWI,Malawi,2016,52.8,1.9,57.7,41.3,51.1,63.6,51.2,43.4,62.0,20.0,30.4,57.8,98.1,99.6,0.0,61.6,53.8,50.9,35,57,25,22,5,25.56,9449961238.71922,17557739.0,538.221990810959
6896,Africa,2318,MWI,Malawi,2017,53.2,1.8,60.9,43.3,51.0,64.4,51.5,42.3,66.4,21.3,30.4,59.4,98.0,99.6,0.0,61.6,51.6,47.4,25,40,12,35,8,25.11,9827959688.35226,18039715.0,544.795729220349
6897,Africa,2319,MWI,Malawi,2018,53.0,1.4,60.3,46.2,51.8,65.3,51.8,42.3,66.5,15.9,30.4,59.3,97.9,99.6,0.0,60.7,53.0,45.5,5,55,15,23,35,24.67,10255826273.6659,18528081.0,553.528790902088
6898,Africa,2320,MWI,Malawi,2019,55.4,0.9,61.5,49.4,50.8,70.5,52.2,41.0,66.5,17.4,58.5,59.8,97.9,99.6,0.0,60.7,52.9,46.6,35,62,16,23,20,24.22,10842133933.7208,19025752.0,569.866249371948
6899,Africa,2321,MWI,Malawi,2020,55.4,0.3,60.4,50.1,50.8,69.4,52.5,42.0,66.4,18.8,58.5,59.8,97.9,99.6,0.0,60.7,53.5,46.3,30,50,18,24,15,23.78,10928176721.5316,19533888.0,559.447086086067
6900,Africa,2322,MWI,Malawi,2021,55.9,0.1,61.5,50.0,52.8,69.9,52.5,42.0,67.3,20.3,58.5,59.8,97.9,99.6,0.0,60.4,53.6,48.6,35,55,15,32,15,,11426314939.9064,20047258.0,569.968967322435
6901,Africa,2323,MWI,Malawi,2022,56.3,0.0,61.7,49.7,52.8,70.1,52.5,42.0,67.3,20.3,58.5,58.2,97.9,99.6,0.0,60.4,51.5,48.5,20,60,12,30,5,,11531564448.65,20568728.0,560.635759714941
6902,Asia,2324,MYS,Malaysia,2000,62.6,96.3,44.4,73.1,88.9,45.1,75.6,66.8,74.0,30.9,23.4,81.4,72.7,81.8,67.0,34.1,53.1,55.4,15,40,12,25,8,59.93,148271359064.948,22967816.0,6455.61419792583
6903,Asia,2325,MYS,Malaysia,2001,63.0,96.3,44.8,73.9,87.7,45.2,75.6,66.3,73.7,31.5,23.4,81.4,72.5,81.5,66.9,33.9,53.2,62.6,5,30,20,35,10,59.71,149038923296.259,23526538.0,6334.92795651698
6904,Asia,2326,MYS,Malaysia,2002,62.9,96.3,44.2,74.2,86.6,45.2,75.7,66.7,73.7,33.2,23.4,81.4,71.8,81.7,66.7,33.8,53.2,62.2,43,40,18,20,5,59.48,157073594223.932,24102477.0,6516.90671560155
6905,Asia,2327,MYS,Malaysia,2003,63.1,96.3,44.4,73.8,90.0,45.3,75.7,66.0,73.7,33.8,23.4,81.4,72.2,80.5,67.0,33.6,53.2,62.4,38,55,18,70,10,59.26,166165798103.902,24679602.0,6732.92049458099
6906,Asia,2328,MYS,Malaysia,2004,62.9,96.3,44.1,74.6,90.0,44.6,75.8,65.4,73.7,34.9,23.4,81.4,72.0,79.7,67.4,33.5,53.3,58.7,44,55,17,40,20,59.03,177437551536.374,25256772.0,7025.34558004381
6907,Asia,2329,MYS,Malaysia,2005,63.0,96.3,44.4,77.0,89.0,44.7,75.8,65.3,73.7,36.1,23.4,80.9,72.1,79.3,68.4,34.2,53.2,57.4,40,55,28,60,35,58.8,186898768708.901,25836071.0,7234.02442689141
6908,Asia,2330,MYS,Malaysia,2006,63.3,96.3,44.4,77.1,86.8,45.4,75.9,66.1,73.8,37.0,28.9,80.9,72.3,79.8,68.3,34.1,53.2,56.5,35,50,30,60,20,58.58,197336779111.682,26417909.0,7469.8106921211
6909,Asia,2331,MYS,Malaysia,2007,63.8,96.3,44.4,77.8,86.7,46.5,75.9,66.4,73.8,37.9,28.9,86.9,71.8,79.8,67.6,34.3,53.3,56.5,38,50,30,60,10,58.35,209766600383.972,26998389.0,7769.59693350488
6910,Asia,2332,MYS,Malaysia,2008,63.7,96.3,45.1,76.8,86.5,47.4,76.0,65.7,73.8,39.7,24.8,89.6,72.0,78.8,66.9,34.3,53.2,55.5,33,63,20,35,15,58.12,219902039818.778,27570059.0,7976.11785374773
6911,Asia,2333,MYS,Malaysia,2009,64.3,96.3,46.0,76.1,86.6,47.5,76.0,67.2,73.6,42.3,24.8,90.7,72.6,79.2,66.3,34.2,52.5,60.5,30,50,15,35,10,57.9,216573759299.08,28124778.0,7700.46111294033
6912,Asia,2334,MYS,Malaysia,2010,64.1,96.3,44.3,77.4,87.1,47.9,76.1,67.2,73.7,44.9,24.8,88.2,72.4,78.5,66.6,35.9,52.6,56.2,35,58,25,65,10,57.67,232654030399.227,28655776.0,8118.92270511981
6913,Asia,2335,MYS,Malaysia,2011,65.1,97.4,45.5,77.9,87.7,48.5,76.1,67.4,73.9,47.7,33.5,85.7,72.2,78.3,66.4,35.7,53.6,58.4,25,55,33,40,10,57.98,244970531973.676,29162039.0,8400.32248683558
6914,Asia,2336,MYS,Malaysia,2012,65.1,98.1,45.0,78.3,88.7,48.8,76.2,67.4,73.8,48.9,33.5,82.5,71.9,77.8,66.6,35.6,53.4,59.5,45,60,40,38,5,58.3,258378881826.473,29662831.0,8710.52671359902
6915,Asia,2337,MYS,Malaysia,2013,66.1,98.4,45.6,78.4,88.5,51.4,76.2,66.9,73.8,55.2,46.2,80.6,71.9,76.3,67.0,36.0,52.9,58.7,35,55,28,43,10,58.61,270506469604.101,30174265.0,8964.80724896203
6916,Asia,2338,MYS,Malaysia,2014,66.7,98.5,44.3,78.8,88.9,52.3,76.2,67.1,76.2,58.9,46.2,84.0,72.1,76.9,65.7,36.2,53.7,57.6,37,58,25,35,10,58.93,286755041078.03,30696137.0,9341.73055971278
6917,Asia,2339,MYS,Malaysia,2015,67.8,98.6,50.8,80.1,89.4,52.9,76.2,67.6,75.2,64.1,47.4,86.7,72.8,78.3,65.6,36.1,54.3,56.0,38,60,35,35,40,59.24,301355266964.947,31232798.0,9648.6797937523
6918,Asia,2340,MYS,Malaysia,2016,67.5,98.6,46.7,79.8,89.6,53.5,76.2,67.9,75.0,66.0,47.4,87.2,72.7,78.0,65.6,35.9,52.9,54.2,42,63,24,58,10,59.03,314764917575.088,31789685.0,9901.47960179812
6919,Asia,2341,MYS,Malaysia,2017,68.5,98.7,48.0,80.3,90.6,54.1,76.2,68.7,77.4,74.9,47.4,87.3,72.4,78.3,65.8,35.7,54.9,54.3,40,60,33,50,20,58.82,333061328477.268,32355644.0,10293.7629205362
6920,Asia,2342,MYS,Malaysia,2018,68.5,98.8,48.3,79.1,90.1,56.2,76.3,68.6,78.4,74.8,47.4,83.2,72.3,76.8,65.4,35.5,57.0,56.6,40,56,40,35,15,58.6,349191778300.005,32910967.0,10610.1950240479
6921,Asia,2343,MYS,Malaysia,2019,69.2,98.9,49.2,79.4,89.2,56.8,76.3,68.4,79.0,77.4,47.4,84.4,72.1,76.9,66.2,35.4,63.2,56.9,10,55,35,45,10,58.39,364602265936.14,33440596.0,10902.9834855856
6922,Asia,2344,MYS,Malaysia,2020,69.4,98.8,49.4,80.2,89.2,57.3,76.3,68.3,78.3,78.7,47.4,86.1,72.1,77.6,68.2,35.2,61.0,56.0,35,46,25,35,15,58.18,344706479641.244,33889558.0,10171.4657842762
6923,Asia,2345,MYS,Malaysia,2021,70.0,98.8,49.5,80.1,88.0,57.7,76.3,68.3,77.8,80.7,47.4,86.1,78.2,77.9,68.2,38.7,59.4,56.9,40,55,40,10,0,,356134704342.139,34282399.0,10388.2667120857
6924,Asia,2346,MYS,Malaysia,2022,69.8,98.9,49.4,80.1,88.0,58.3,76.3,68.3,78.0,81.0,47.4,81.8,78.2,77.9,68.2,38.4,59.9,57.3,43,60,45,45,15,,387694727478.777,34695493.0,11174.2100761842
6925,Asia,2347,MDV,Maldives,2000,62.3,87.9,32.0,66.3,90.5,38.1,64.0,39.1,76.2,20.2,46.5,70.8,76.2,96.0,63.6,59.3,68.9,63.7,10,10,20,25,10,2.73,1984591801.95496,282019.0,7037.08545152972
6926,Asia,2348,MDV,Maldives,2001,62.3,87.9,33.3,67.5,91.3,36.9,64.7,43.0,74.8,20.9,46.5,71.1,76.2,95.9,63.7,58.9,68.9,56.7,20,15,20,20,5,2.73,1906326759.14704,286767.0,6647.65038915578
6927,Asia,2349,MDV,Maldives,2002,62.0,87.9,32.9,68.7,91.2,35.8,65.3,41.2,73.3,20.8,46.5,71.5,76.2,94.9,63.7,58.5,68.8,57.5,20,17,7,35,5,2.73,2044885954.23936,291616.0,7012.25568637991
6928,Asia,2350,MDV,Maldives,2003,62.5,87.9,34.7,69.5,91.2,34.7,65.9,48.0,71.8,21.3,46.5,71.9,76.2,95.7,64.4,58.2,68.8,55.5,18,30,20,25,5,2.73,2326058788.41363,296491.0,7845.29307268562
6929,Asia,2351,MDV,Maldives,2004,62.2,87.9,31.6,71.9,91.5,33.6,66.5,46.8,70.4,21.2,46.5,72.3,76.2,94.4,64.9,57.9,68.8,54.2,25,5,20,17,10,2.73,2463875273.04893,301413.0,8174.41607710658
6930,Asia,2352,MDV,Maldives,2005,63.4,87.9,36.5,73.7,91.3,35.7,67.6,52.4,69.1,21.5,46.5,72.6,76.2,95.1,65.3,57.6,68.8,59.2,30,9,20,18,5,2.73,2188480301.38359,306429.0,7141.88376878034
6931,Asia,2353,MDV,Maldives,2006,63.3,87.9,37.9,75.3,88.9,37.1,67.9,52.2,67.2,22.0,46.5,72.9,76.2,93.9,65.3,57.3,68.8,59.2,35,15,7,20,30,2.73,2705624151.41438,313851.0,8620.72815257681
6932,Asia,2354,MDV,Maldives,2007,63.7,87.9,33.0,76.0,93.4,38.3,68.2,55.2,66.0,23.2,46.5,73.3,76.2,93.9,64.4,57.0,69.6,61.3,20,12,18,25,10,2.73,2898626609.82996,324479.0,8933.17166852079
6933,Asia,2355,MDV,Maldives,2008,64.3,87.9,38.4,76.8,94.1,39.4,68.6,56.9,64.6,24.1,46.5,73.9,76.2,93.6,63.3,56.7,69.3,62.7,30,20,20,18,10,2.73,3158820511.63762,336170.0,9396.49734252794
6934,Asia,2356,MDV,Maldives,2009,65.0,87.9,42.0,77.8,93.8,37.6,70.0,59.5,63.4,24.3,59.1,74.2,76.2,93.6,61.5,56.5,69.2,57.7,10,20,15,30,8,2.73,2895352808.37926,348275.0,8313.40982952913
6935,Asia,2357,MDV,Maldives,2010,65.1,87.9,41.8,81.8,93.1,38.5,70.5,61.5,64.3,24.7,59.1,75.0,76.2,93.4,59.5,56.3,69.3,53.1,20,15,18,22,20,2.73,3091816044.05599,360792.0,8569.52494527593
6936,Asia,2358,MDV,Maldives,2011,65.4,92.0,43.9,82.4,90.8,39.5,70.1,62.0,65.4,27.8,59.1,75.2,76.2,93.3,58.3,56.0,69.6,50.8,30,15,25,25,30,2.73,3365238506.27476,373674.0,9005.81390804487
6937,Asia,2359,MDV,Maldives,2012,65.6,94.0,37.3,82.9,92.0,40.4,70.5,61.8,66.7,32.3,59.1,76.1,76.2,92.7,56.3,55.6,68.8,52.1,10,20,20,20,15,2.73,3445643750.30305,386818.0,8907.6613557359
6938,Asia,2360,MDV,Maldives,2013,66.3,96.4,37.3,83.6,94.9,42.6,71.0,62.4,67.7,33.0,59.1,76.7,76.2,93.1,55.4,55.2,69.7,52.4,30,12,18,20,10,2.73,3685976101.78688,400070.0,9213.32792208085
6939,Asia,2361,MDV,Maldives,2014,66.6,98.0,36.7,83.8,94.2,43.0,71.5,63.4,68.9,38.0,59.1,77.6,76.2,91.9,53.2,54.9,69.0,52.9,35,20,25,22,40,2.73,3975719122.88804,413617.0,9612.07862077246
6940,Asia,2362,MDV,Maldives,2015,67.5,99.3,37.9,85.2,95.1,43.7,71.9,64.7,70.1,40.7,59.1,78.1,76.2,92.3,53.6,54.5,68.5,56.5,20,30,30,20,60,2.73,4129505319.12921,428154.0,9644.90655028145
6941,Asia,2363,MDV,Maldives,2016,69.1,99.6,38.1,85.4,95.9,39.7,72.4,64.6,71.2,42.5,85.6,79.2,75.7,91.9,53.6,54.0,67.2,58.1,38,15,25,30,10,2.73,4392772970.99002,443308.0,9909.07669383367
6942,Asia,2364,MDV,Maldives,2017,69.3,99.9,42.4,86.6,95.7,39.7,72.8,64.3,71.7,43.8,85.6,79.5,75.3,91.8,54.9,53.7,63.3,57.0,40,33,20,35,65,2.73,4703536563.52512,458287.0,10263.299119384
6943,Asia,2365,MDV,Maldives,2018,69.7,100.0,44.5,86.8,95.7,39.3,73.1,64.4,72.2,45.9,85.6,80.0,75.0,91.0,57.9,53.4,63.3,56.1,35,20,27,29,70,2.73,5106580523.14669,473099.0,10793.8941387462
6944,Asia,2366,MDV,Maldives,2019,70.4,100.0,44.5,87.0,95.7,38.1,73.4,64.1,72.8,46.4,92.7,80.2,74.7,90.2,58.0,53.0,67.8,57.5,42,16,30,30,20,2.73,5460112146.92445,487731.0,11194.9253726428
6945,Asia,2367,MDV,Maldives,2020,71.3,100.0,44.5,87.2,96.3,38.1,73.7,64.2,71.8,46.9,92.7,80.3,74.7,89.9,59.1,52.7,71.7,68.8,35,19,35,28,75,2.73,3663253192.1122,502118.0,7295.60221324907
6946,Asia,2368,MDV,Maldives,2021,71.6,100.0,44.5,86.9,96.6,38.1,73.7,64.2,71.9,47.8,92.7,80.3,74.8,89.8,63.1,52.4,71.3,68.8,42,25,18,25,5,,5037261437.35294,516154.0,9759.22193251033
6947,Asia,2369,MDV,Maldives,2022,71.3,100.0,44.6,86.9,96.6,38.5,73.7,64.2,72.4,47.8,92.7,80.3,74.8,89.8,63.2,51.5,66.4,68.4,40,20,25,35,15,,5733717713.57584,524106.0,10939.9963243616
6948,Africa,2370,MLI,Mali,2000,44.7,27.0,50.9,21.9,6.2,24.9,44.1,18.5,71.7,9.0,54.0,33.1,95.3,99.2,0.0,56.2,63.3,40.7,10,55,18,18,5,10.9,6896025496.15043,11559290.0,596.578639012468
6949,Africa,2371,MLI,Mali,2001,44.9,27.0,50.4,23.5,6.2,25.3,44.9,19.1,71.8,9.0,54.0,33.4,95.3,99.2,0.0,56.2,63.3,39.8,25,40,12,15,12,10.9,7956374889.51756,11912158.0,667.920530395715
6950,Africa,2372,MLI,Mali,2002,45.3,27.0,50.7,25.1,6.2,24.7,45.7,19.5,71.7,9.0,54.0,34.9,95.0,99.2,0.0,56.7,63.3,41.3,55,63,10,12,40,10.9,8203524419.27522,12288050.0,667.601809829487
6951,Africa,2373,MLI,Mali,2003,45.7,27.0,50.8,25.8,6.2,25.1,46.6,20.4,71.7,9.0,54.0,35.2,94.9,99.2,0.0,56.7,63.3,45.8,40,65,10,20,10,10.9,8951607256.16561,12684955.0,705.686954046396
6952,Africa,2374,MLI,Mali,2004,47.9,27.0,51.1,26.9,6.2,25.6,47.4,21.1,71.7,9.0,54.0,36.8,94.9,99.2,0.0,85.2,63.3,46.6,35,68,12,18,15,10.9,9091252209.45814,13102409.0,693.861121985899
6953,Africa,2375,MLI,Mali,2005,48.4,27.0,50.9,28.3,7.8,26.0,48.3,25.0,71.7,9.0,54.0,38.8,95.0,99.2,0.0,85.2,63.3,45.3,20,64,15,15,20,10.9,9773522017.15061,13538647.0,721.897987084722
6954,Africa,2376,MLI,Mali,2006,49.0,27.0,48.6,30.3,8.5,30.9,49.2,24.1,71.7,9.0,57.5,40.3,95.1,99.2,0.0,85.2,63.3,44.1,30,66,18,25,15,10.9,10423877692.9613,13990139.0,745.087500057101
6955,Africa,2377,MLI,Mali,2007,49.5,27.0,49.1,29.9,9.6,36.0,50.0,24.2,71.7,9.0,57.5,40.7,95.0,99.1,0.0,85.2,63.3,44.5,10,63,15,15,5,10.9,10827805889.2536,14457775.0,748.926158364864
6956,Africa,2378,MLI,Mali,2008,50.0,27.0,49.7,30.6,13.5,41.4,50.9,24.6,71.7,9.0,57.5,38.9,94.9,99.1,0.0,85.2,63.7,42.8,35,80,15,15,15,10.9,11535657885.4433,14940782.0,772.091975202052
6957,Africa,2379,MLI,Mali,2009,52.5,27.0,51.7,31.0,18.3,45.2,51.8,24.6,71.7,9.1,80.4,42.5,94.9,99.1,0.0,85.1,62.7,44.5,25,60,15,15,10,10.9,12070163729.5749,15435539.0,781.972286784084
6958,Africa,2380,MLI,Mali,2010,53.1,27.0,56.2,30.1,19.6,47.4,52.7,27.2,71.7,10.5,80.4,41.4,94.7,99.1,0.0,85.1,63.3,43.8,40,65,10,15,10,10.9,12905626894.0741,15945198.0,809.373887616452
6959,Africa,2381,MLI,Mali,2011,53.5,27.5,55.6,31.0,21.6,47.4,53.6,27.9,71.7,10.5,80.4,45.5,94.8,99.2,0.0,85.1,61.9,42.6,38,72,22,15,10,10.9,13424321494.3964,16469049.0,815.12426700512
6960,Africa,2382,MLI,Mali,2012,53.7,27.6,57.9,30.7,18.5,50.3,54.5,27.6,71.7,10.6,80.4,48.0,94.8,99.2,0.0,85.1,60.8,42.4,40,63,17,15,10,10.9,13347723847.812,16957033.0,787.149724118126
6961,Africa,2383,MLI,Mali,2013,53.7,30.1,57.6,32.5,11.6,49.8,55.4,29.4,71.7,10.7,80.4,49.5,94.7,99.2,0.0,85.1,57.9,43.5,40,69,22,15,10,10.9,13665683441.8726,17459615.0,782.702450304467
6962,Africa,2384,MLI,Mali,2014,54.3,32.6,57.3,33.6,13.5,49.5,56.3,29.8,73.5,13.8,80.4,48.8,94.7,99.0,0.0,85.1,58.4,43.0,30,63,18,15,10,10.9,14704621766.1275,18020267.0,816.004655542979
6963,Africa,2385,MLI,Mali,2015,55.0,34.4,58.4,34.9,12.8,51.8,57.2,30.2,73.5,14.2,80.4,48.3,94.7,99.0,0.0,85.1,60.2,44.7,30,68,15,20,10,10.9,15583181170.4105,18593022.0,838.11986940103
6964,Africa,2386,MLI,Mali,2016,55.8,38.0,61.6,35.0,14.5,51.1,58.1,31.1,73.5,16.1,80.4,50.9,94.5,99.0,0.0,85.1,58.4,44.9,38,64,12,15,10,10.9,16518961030.4362,19191289.0,860.75307554569
6965,Africa,2387,MLI,Mali,2017,56.9,40.0,60.8,36.9,18.7,50.3,59.0,30.8,75.8,17.8,80.4,55.8,94.6,99.0,0.0,85.1,56.7,48.6,40,70,15,17,15,10.9,17406945659.5901,19813011.0,878.561348378099
6966,Africa,2388,MLI,Mali,2018,56.5,41.6,62.4,39.1,12.4,52.3,59.9,35.0,75.7,18.2,68.9,57.1,94.6,99.0,0.0,85.2,57.9,45.3,35,72,18,15,5,10.9,18254289663.7678,20442030.0,892.978322787306
6967,Africa,2389,MLI,Mali,2019,56.5,42.5,61.9,41.4,12.4,52.7,60.8,33.8,74.6,18.4,68.9,57.6,94.5,99.0,0.0,85.2,54.2,46.5,40,72,20,15,20,10.9,19167003985.7703,21068405.0,909.751069706998
6968,Africa,2390,MLI,Mali,2020,56.7,41.6,62.1,39.5,10.6,58.9,61.7,34.5,70.8,20.8,68.9,57.9,94.5,99.0,0.0,85.2,54.0,47.5,35,74,15,15,10,10.9,18942927332.0975,21713836.0,872.389721102137
6969,Africa,2391,MLI,Mali,2021,57.0,41.8,60.2,40.5,10.6,59.6,61.7,34.5,72.4,21.2,68.9,56.7,94.5,99.0,0.0,86.8,53.9,49.7,40,70,22,15,20,,19530336378.5945,22388630.0,872.332803686266
6970,Africa,2392,MLI,Mali,2022,58.0,44.4,59.3,40.7,10.6,60.1,61.7,34.5,72.2,21.2,68.9,60.0,94.5,99.0,0.0,86.8,55.1,50.4,35,69,15,15,10,,20215515808.5184,23072640.0,876.168301872624
6971,Europe,2393,MLT,Malta,2000,68.5,99.9,66.0,84.0,93.6,42.5,53.3,70.0,84.3,38.0,96.6,83.6,51.2,69.8,39.4,78.3,68.6,45.4,10,20,40,60,10,1.09,6701025855.64465,390087.0,17178.2854995031
6972,Europe,2394,MLT,Malta,2001,68.4,99.9,65.1,83.7,93.4,43.6,52.6,69.2,83.8,38.8,96.6,83.6,50.6,69.2,40.1,78.0,68.5,45.5,10,10,25,60,10,1.09,6650321027.24492,393028.0,16920.7309078359
6973,Europe,2395,MLT,Malta,2002,68.8,99.9,66.4,83.4,94.6,44.5,51.9,69.9,84.0,40.5,96.6,83.6,51.1,69.2,40.8,78.0,68.5,46.5,8,20,30,60,12,1.09,6832614316.2181,395969.0,17255.4273597633
6974,Europe,2396,MLT,Malta,2003,69.3,99.9,64.6,87.3,96.6,44.6,51.6,69.8,83.5,41.9,96.6,83.6,50.7,68.1,42.4,81.1,68.5,46.6,8,15,12,55,7,1.09,7085028943.37208,398582.0,17775.5868136847
6975,Europe,2397,MLT,Malta,2004,69.6,99.9,65.5,87.6,97.5,46.2,51.6,69.8,83.4,42.7,96.6,83.6,50.8,68.7,42.9,80.9,68.3,47.2,8,20,30,65,8,1.09,7113876329.33253,401268.0,17728.4915052597
6976,Europe,2398,MLT,Malta,2005,69.9,99.9,65.4,86.7,97.8,47.0,51.1,69.6,84.0,45.5,96.6,83.7,50.8,69.5,43.0,80.9,69.1,47.9,12,15,60,55,7,1.09,7318803721.13622,403834.0,18123.2974963382
6977,Europe,2399,MLT,Malta,2006,70.1,99.9,65.1,87.1,98.5,47.3,50.9,69.9,84.1,46.0,96.6,83.7,51.1,69.5,42.5,81.7,69.6,48.0,10,10,20,60,10,1.09,7489779958.69415,405308.0,18479.2305078956
6978,Europe,2400,MLT,Malta,2007,69.8,99.9,65.1,85.7,98.2,47.5,50.6,69.7,84.3,46.8,93.2,83.7,51.4,69.2,41.2,81.8,69.4,49.5,10,15,20,60,5,1.09,7867015005.86932,406724.0,19342.3919067213
6979,Europe,2401,MLT,Malta,2008,70.1,99.9,66.8,85.3,97.7,47.6,51.1,70.0,84.5,49.7,93.9,83.7,51.4,69.2,42.1,81.8,68.6,48.2,10,10,10,40,7,1.09,8213960297.78602,409379.0,20064.439792432
6980,Europe,2402,MLT,Malta,2009,70.1,99.9,66.8,85.2,96.7,47.9,52.9,69.8,84.0,51.7,89.6,83.7,52.1,70.1,43.6,81.8,67.5,47.5,15,20,55,20,15,1.09,8099347414.33544,412477.0,19635.8764593794
6981,Europe,2403,MLT,Malta,2010,70.4,99.9,66.2,85.8,98.6,48.1,48.8,69.5,84.0,54.5,93.5,82.4,51.5,69.9,45.7,82.2,67.5,49.5,10,15,55,45,8,1.09,8601291930.04735,414508.0,20750.6053684063
6982,Europe,2404,MLT,Malta,2011,72.0,99.9,66.3,88.0,98.9,48.0,50.0,69.7,84.3,57.6,92.9,79.5,51.5,67.1,67.7,82.6,67.4,52.4,8,17,35,20,8,1.09,8686613621.59962,416268.0,20867.8390402328
6983,Europe,2405,MLT,Malta,2012,72.5,99.8,64.4,89.3,98.9,48.5,49.1,69.7,84.6,62.8,92.1,81.5,51.4,72.8,66.4,82.6,69.1,50.3,10,15,50,60,10,1.09,9042989789.6957,420028.0,21529.492771186
6984,Europe,2406,MLT,Malta,2013,73.3,99.9,63.6,90.7,98.6,57.7,46.4,70.4,84.6,67.3,93.6,78.7,51.6,72.8,64.9,82.6,69.2,52.7,10,18,35,65,10,1.09,9611949002.02343,424810.0,22626.4659542464
6985,Europe,2407,MLT,Malta,2014,73.9,99.9,65.4,91.2,98.7,58.6,46.9,71.0,85.1,68.0,93.1,86.7,51.8,72.3,63.2,82.6,70.3,51.5,15,15,45,60,8,1.09,10345449265.8102,433481.0,23865.980898379
6986,Europe,2408,MLT,Malta,2015,74.0,99.8,65.7,91.3,97.3,58.6,48.3,70.9,85.3,69.1,91.8,86.2,53.3,72.9,64.5,82.6,71.8,47.9,15,15,55,65,15,1.09,11340795032.9304,444220.0,25529.6813131565
6987,Europe,2409,MLT,Malta,2016,74.7,99.9,65.5,91.1,98.5,59.7,48.3,71.1,85.8,69.5,93.1,88.1,52.8,75.8,68.6,82.7,71.2,48.4,10,18,50,60,8,1.16,11803240820.1733,454505.0,25969.4410846379
6988,Europe,2410,MLT,Malta,2017,74.9,99.9,66.8,91.5,99.3,59.9,46.4,73.0,86.4,71.0,92.5,86.8,53.8,75.6,70.1,82.7,69.9,47.5,10,15,25,70,10,1.23,13334371305.7667,467106.0,28546.7780455971
6989,Europe,2411,MLT,Malta,2018,75.2,99.9,66.3,92.6,98.9,60.9,47.8,72.2,86.6,70.8,94.2,87.3,53.7,79.4,68.7,82.7,68.8,48.3,18,45,30,55,15,1.3,14292992131.5295,483903.0,29536.8950627078
6990,Europe,2412,MLT,Malta,2019,75.1,99.8,66.3,92.4,98.4,63.4,48.7,72.1,86.6,71.5,86.6,88.7,53.6,79.2,69.4,82.7,67.7,48.9,15,18,20,55,8,1.37,14876818842.7753,503912.0,29522.6524527602
6991,Europe,2413,MLT,Malta,2020,75.7,99.7,66.3,91.3,99.0,63.7,48.7,72.1,86.1,72.8,86.6,90.3,53.6,79.5,69.5,82.7,68.6,56.7,18,20,35,63,10,1.44,14377204308.2371,515490.0,27890.3651055057
6992,Europe,2414,MLT,Malta,2021,76.1,99.8,66.3,91.3,99.1,63.9,48.7,72.1,86.8,72.8,86.6,91.5,58.1,79.2,69.5,82.7,68.3,57.5,18,25,35,55,15,,16289342191.4774,518150.0,31437.5030232122
6993,Europe,2415,MLT,Malta,2022,75.5,99.8,66.3,91.2,99.1,64.7,48.7,72.1,87.3,71.7,86.6,88.3,58.1,79.2,69.4,82.7,64.9,54.1,14,18,50,40,10,,16984786096.0933,531113.0,31979.6090400598
7017,Africa,2439,MRT,Mauritania,2000,44.0,64.1,31.7,33.7,14.3,19.7,40.2,14.2,50.0,7.6,57.1,27.1,89.9,97.5,51.0,51.4,54.5,43.5,60,35,12,25,10,0.41,3409611141.00167,2613441.0,1304.64439067179
7018,Africa,2440,MRT,Mauritania,2001,44.6,64.1,30.5,36.3,17.1,19.6,40.9,18.3,50.1,7.6,57.1,27.5,89.6,97.5,51.8,51.4,54.5,44.5,65,30,15,20,70,0.4,3382351510.30114,2678760.0,1262.65567288639
7019,Africa,2441,MRT,Mauritania,2002,45.6,64.1,31.4,40.5,16.9,19.5,41.9,25.8,50.1,7.6,57.1,28.7,89.6,97.5,52.6,51.4,54.5,45.6,60,35,8,20,5,0.4,3429078153.90208,2738655.0,1252.10300454131
7020,Africa,2442,MRT,Mauritania,2003,45.8,64.1,32.4,40.1,19.3,19.3,42.8,25.6,50.1,7.6,57.1,29.1,90.0,97.4,52.5,51.4,54.5,45.6,75,45,15,30,40,0.39,3666653932.36533,2802046.0,1308.56307582578
7021,Africa,2443,MRT,Mauritania,2004,45.6,64.1,30.9,37.8,24.6,19.2,43.8,26.5,50.1,7.5,51.0,30.3,89.4,97.4,52.3,51.4,54.5,44.5,70,30,10,18,40,0.39,3840187785.10236,2868664.0,1338.66768122804
7022,Africa,2444,MRT,Mauritania,2005,45.8,64.1,31.7,39.0,23.6,19.1,44.7,24.4,50.1,7.6,51.0,33.2,89.5,97.4,52.5,51.4,54.5,44.8,75,35,10,20,80,0.38,4169149304.40539,2939059.0,1418.53202144135
7023,Africa,2445,MRT,Mauritania,2006,46.6,64.1,32.1,39.4,26.5,26.8,45.6,24.7,50.2,7.6,51.0,34.4,90.7,97.4,51.7,51.4,54.5,44.5,75,35,15,20,10,0.38,4933487730.19964,3013660.0,1637.04191255803
7024,Africa,2446,MRT,Mauritania,2007,47.1,64.1,35.6,41.5,23.0,31.2,46.6,25.6,50.0,7.6,51.0,34.8,90.7,97.3,50.6,51.3,54.5,44.6,60,35,15,22,40,0.37,4836326500.47834,3093059.0,1563.60628765192
7025,Africa,2447,MRT,Mauritania,2008,48.8,64.1,41.0,40.8,20.5,31.6,47.6,26.4,50.0,7.6,71.1,37.3,91.6,97.3,51.1,51.3,54.6,44.9,60,30,17,22,10,0.37,4820314428.25798,3183269.0,1514.2655013629
7026,Africa,2448,MRT,Mauritania,2009,49.0,64.1,40.7,42.9,20.0,32.0,48.6,26.3,50.1,7.6,71.1,37.2,91.6,97.2,52.8,51.3,53.9,44.9,60,40,12,30,10,0.36,4825032355.07832,3284448.0,1469.05426880813
7027,Africa,2449,MRT,Mauritania,2010,49.5,64.1,41.1,45.5,20.3,32.4,49.7,28.5,50.1,7.8,71.1,36.8,91.4,97.2,54.6,51.3,54.3,44.6,65,45,15,24,20,0.36,4951459275.31606,3390965.0,1460.19179652873
7028,Africa,2450,MRT,Mauritania,2011,51.2,65.5,36.1,48.4,20.7,33.3,50.7,31.5,50.1,8.4,71.1,42.1,91.2,96.8,74.4,51.2,53.4,45.4,55,44,15,20,75,0.35,5158072939.98105,3502811.0,1472.55245572229
7029,Africa,2451,MRT,Mauritania,2012,51.3,69.0,39.1,49.2,20.7,34.0,51.8,31.5,50.1,8.3,71.1,41.0,91.2,96.1,68.7,51.2,53.6,45.4,55,38,15,20,20,0.35,5388639480.83596,3619034.0,1488.97177557214
7030,Africa,2452,MRT,Mauritania,2013,52.3,69.8,38.9,48.8,31.8,34.9,52.9,33.5,50.0,8.8,71.1,42.2,90.9,96.6,69.1,51.2,52.2,46.1,68,40,15,25,20,0.34,5612311839.16241,3734318.0,1502.90142381083
7031,Africa,2453,MRT,Mauritania,2014,54.3,71.2,44.1,49.3,37.1,37.2,54.0,32.6,50.8,11.4,81.8,45.0,91.0,97.0,70.7,51.2,51.6,47.1,60,40,15,20,75,0.34,5852228252.66622,3848514.0,1520.64621634902
7032,Africa,2454,MRT,Mauritania,2015,54.4,72.0,39.7,49.0,38.3,39.9,55.2,32.8,50.8,13.6,81.8,42.3,91.1,97.0,71.2,51.2,50.7,48.0,65,43,15,25,70,0.33,6166863896.68677,3965959.0,1554.94897871782
7033,Africa,2455,MRT,Mauritania,2016,53.9,72.8,39.0,50.9,34.6,40.8,56.3,34.4,50.7,11.0,81.8,37.0,91.1,97.5,71.5,51.2,49.4,45.6,70,30,15,25,40,0.32,6244622452.80308,4086657.0,1528.05152299375
7034,Africa,2456,MRT,Mauritania,2017,54.7,73.0,41.2,52.2,36.5,41.7,57.5,34.2,50.4,10.5,81.8,41.1,91.3,97.2,72.3,51.2,50.3,47.4,65,43,15,25,20,0.32,6636194355.58626,4210600.0,1576.06857825162
7035,Africa,2457,MRT,Mauritania,2018,55.5,73.7,43.2,52.0,40.2,40.1,57.7,36.7,50.3,19.2,81.8,37.5,91.4,97.3,72.2,51.2,49.1,50.3,65,35,15,22,55,0.31,6952885074.44597,4337685.0,1602.90225649072
7036,Africa,2458,MRT,Mauritania,2019,56.2,74.0,43.2,52.1,39.4,38.5,58.0,37.3,51.9,21.2,81.8,45.1,91.4,97.3,71.6,51.2,51.0,50.4,72,39,12,22,20,0.31,7171275534.84383,4467708.0,1605.1352359742
7037,Africa,2459,MRT,Mauritania,2020,56.6,74.3,47.1,51.5,39.4,38.5,58.2,37.6,50.4,23.8,81.8,45.1,91.4,97.3,71.6,51.1,51.7,51.4,55,40,15,25,75,0.3,7145411800.0896,4600131.0,1553.30615586591
7038,Africa,2460,MRT,Mauritania,2021,57.2,74.6,45.5,51.0,47.0,38.6,58.2,37.6,50.3,25.6,81.8,45.1,90.7,97.2,71.5,51.1,52.2,54.7,62,43,15,23,75,,7198481873.57489,4734874.0,1520.31117904613
7039,Africa,2461,MRT,Mauritania,2022,57.2,77.0,42.6,51.8,47.0,38.7,58.2,37.6,50.4,25.6,81.8,45.1,90.7,97.2,71.5,51.1,51.0,55.6,70,40,18,20,70,,7687691068.95683,4875637.0,1576.75624107308
7040,Africa,2462,MUS,Mauritius,2000,65.5,97.2,69.5,67.9,86.9,37.2,69.2,74.2,71.1,21.5,70.1,85.0,76.9,94.4,59.1,26.0,65.0,42.3,15,60,12,65,10,20.66,6730791855.59575,1186873.0,5671.0295504201
7041,Africa,2463,MUS,Mauritius,2001,65.5,97.2,73.2,69.6,86.9,37.6,68.9,74.4,71.1,22.0,70.1,85.0,76.9,94.1,56.0,26.0,65.0,40.0,18,50,35,65,7,20.48,6956107854.23256,1196287.0,5814.74834570012
7042,Africa,2464,MUS,Mauritius,2002,65.2,97.2,68.9,67.9,86.4,38.0,68.7,73.6,71.9,22.4,70.1,85.0,76.9,94.1,56.9,26.0,65.0,40.3,10,38,30,55,15,20.31,7068443337.88459,1204621.0,5867.77362995049
7043,Africa,2465,MUS,Mauritius,2003,65.6,97.2,69.1,69.7,87.3,38.3,68.4,74.1,71.8,22.4,70.1,85.0,76.9,93.8,57.1,26.0,65.0,43.5,15,65,10,65,8,20.13,7487280094.82553,1213370.0,6170.64876733851
7044,Africa,2466,MUS,Mauritius,2004,65.8,97.2,69.6,70.6,86.6,38.6,68.7,74.5,71.8,23.0,70.1,85.0,76.9,93.8,56.2,26.2,65.9,43.4,20,50,18,58,10,19.96,7811480809.50426,1221003.0,6397.59346169031
7045,Africa,2467,MUS,Mauritius,2005,66.1,97.2,70.5,72.8,88.2,44.8,69.0,73.8,70.8,23.3,70.1,85.0,76.9,93.4,53.0,26.2,65.8,43.0,20,40,20,65,5,19.78,7950333241.41915,1228254.0,6472.87388554741
7046,Africa,2468,MUS,Mauritius,2006,66.0,97.2,71.4,73.1,87.5,45.1,69.2,72.8,71.2,23.4,70.1,85.0,76.9,92.8,53.3,26.2,66.8,41.1,5,60,35,60,5,19.61,8337160251.7456,1233996.0,6756.22955969517
7047,Africa,2469,MUS,Mauritius,2007,66.0,97.2,69.8,73.0,87.6,45.3,69.9,72.7,71.6,23.9,70.1,85.0,76.9,92.7,53.5,26.2,67.0,39.2,15,45,23,60,10,19.43,8814630766.63288,1239630.0,7110.69493851624
7048,Africa,2470,MUS,Mauritius,2008,66.2,97.2,71.2,73.0,89.4,45.6,68.6,71.5,72.7,25.0,70.1,85.0,76.9,92.6,52.5,26.2,66.5,40.7,20,42,30,60,10,19.26,9289471624.25339,1244121.0,7466.69465771689
7049,Africa,2471,MUS,Mauritius,2009,66.6,97.2,72.0,74.2,89.2,45.9,70.2,71.8,72.6,26.2,70.1,85.0,76.9,92.7,52.5,26.2,66.0,43.0,20,40,25,60,10,19.09,9597424761.29619,1247429.0,7693.76434353874
7050,Africa,2472,MUS,Mauritius,2010,66.7,97.2,72.8,75.3,88.5,47.0,70.2,71.9,72.3,27.2,70.1,85.1,76.9,92.4,51.8,26.2,65.7,44.1,18,55,40,55,5,18.91,10017523547.3152,1250400.0,8011.45517219702
7051,Africa,2473,MUS,Mauritius,2011,66.2,97.1,62.7,75.2,90.2,47.2,71.1,71.7,72.5,27.7,70.1,85.1,76.9,92.4,51.0,26.3,65.3,43.1,20,55,20,65,10,18.9,10425991883.2378,1252404.0,8324.78328337964
7052,Africa,2474,MUS,Mauritius,2012,65.7,97.0,59.1,75.4,90.8,47.5,71.1,71.4,72.4,32.6,58.4,85.1,76.9,92.3,50.6,26.3,65.3,44.1,18,44,42,60,10,18.89,10790496900.1707,1255882.0,8591.96715947096
7053,Africa,2475,MUS,Mauritius,2013,66.3,97.2,60.4,76.3,92.6,51.2,71.0,71.5,72.6,34.3,58.4,85.0,76.9,92.1,52.3,26.3,64.7,44.1,15,50,30,60,7,18.88,11153101416.1964,1258927.0,8859.2121832294
7054,Africa,2476,MUS,Mauritius,2014,66.9,97.4,65.3,76.4,92.2,49.2,70.8,71.1,72.9,33.3,58.4,89.4,76.9,91.9,52.0,26.3,66.8,47.4,15,38,33,60,5,18.88,11579927241.3987,1261208.0,9181.61575362564
7055,Africa,2477,MUS,Mauritius,2015,66.3,97.5,64.2,77.2,91.8,46.3,70.9,71.6,72.9,34.9,58.4,89.8,76.9,91.9,51.9,26.3,66.3,37.8,15,44,45,60,10,18.87,12007291045.6489,1262879.0,9507.87133656424
7056,Africa,2478,MUS,Mauritius,2016,66.7,97.7,64.0,76.8,92.5,46.3,70.8,71.0,73.4,37.8,58.4,87.7,76.4,91.6,51.9,26.3,64.0,47.4,15,45,40,60,15,18.91,12471068851.5812,1263747.0,9868.32716641952
7057,Africa,2479,MUS,Mauritius,2017,67.8,97.9,68.8,77.9,90.1,46.6,70.9,70.5,75.1,42.1,65.3,90.3,76.0,91.2,50.9,26.3,65.8,47.3,20,38,40,65,5,18.96,12962177523.4319,1264887.0,10247.6960577758
7058,Africa,2480,MUS,Mauritius,2018,68.0,98.0,67.9,78.3,90.9,47.2,71.1,70.3,75.4,45.5,65.3,90.9,75.6,91.3,48.0,27.4,64.7,47.6,18,55,35,65,15,19.01,13481538349.276,1265577.0,10652.4836886859
7059,Africa,2481,MUS,Mauritius,2019,68.6,98.1,71.4,78.8,91.7,52.1,71.1,70.4,73.8,49.0,65.3,89.9,75.2,91.3,48.3,27.4,63.8,47.9,18,55,40,65,10,19.05,13871328044.4569,1265985.0,10956.9450226163
7060,Africa,2482,MUS,Mauritius,2020,68.9,97.4,71.5,77.2,95.4,52.0,71.1,70.3,72.3,50.8,65.3,92.6,75.2,91.9,48.7,27.4,62.4,50.0,18,45,40,60,10,19.1,11853530018.6947,1266014.0,9362.87435896817
7061,Africa,2483,MUS,Mauritius,2021,68.8,97.6,71.5,75.6,96.0,52.2,71.1,70.3,74.2,51.8,65.3,88.8,74.4,91.4,49.0,27.4,63.3,50.2,20,55,55,60,10,,12257000314.8444,1266334.0,9679.12123882353
7062,Africa,2484,MUS,Mauritius,2022,68.0,98.0,71.5,75.2,83.5,52.3,71.1,70.3,74.6,51.8,65.3,87.7,74.4,91.4,49.0,27.4,60.8,51.2,10,60,35,60,5,,13322509534.0851,1262523.0,10552.2905595266
7063,North America,2485,MEX,Mexico,2000,62.1,84.9,59.7,74.8,89.2,55.3,68.7,65.7,69.4,24.9,14.6,74.6,79.9,83.5,55.7,47.7,57.5,49.4,38,30,40,40,5,35.18,945027051125.453,98625552.0,9581.96970218684
7064,North America,2486,MEX,Mexico,2001,62.4,84.9,60.3,74.9,89.1,55.4,69.1,65.2,69.5,25.3,14.6,74.7,79.9,83.4,58.6,48.0,57.6,50.0,35,30,24,35,10,35.1,940766441523.847,100099099.0,9398.35074363503
7065,North America,2487,MEX,Mexico,2002,63.0,84.9,60.7,75.3,90.9,55.6,69.1,65.6,69.2,26.2,18.2,75.3,80.1,83.5,60.1,48.6,57.7,50.4,35,30,25,30,10,35.03,938540700997.087,101548624.0,9242.27886137666
7066,North America,2488,MEX,Mexico,2003,63.1,84.9,61.1,75.7,91.8,59.1,69.3,64.7,69.0,26.6,18.2,75.4,80.1,83.2,55.8,49.0,57.8,51.8,10,10,20,30,10,34.95,949667522103.361,102978515.0,9221.9966670073
7067,North America,2489,MEX,Mexico,2004,63.6,84.9,60.9,77.1,92.5,59.2,69.7,65.9,68.7,26.8,18.3,76.0,80.1,83.2,57.5,51.1,58.3,51.6,30,20,20,35,5,34.88,983527357549.205,104394131.0,9421.28976148291
7068,North America,2490,MEX,Mexico,2005,63.8,84.9,58.0,77.2,93.2,61.3,70.0,66.1,68.9,27.5,18.2,76.0,79.9,83.0,59.1,52.2,58.0,51.6,30,30,25,45,5,34.81,1004311721055.22,105811504.0,9491.51730283716
7069,North America,2491,MEX,Mexico,2006,64.1,84.9,61.2,77.7,93.3,59.0,70.3,65.8,68.9,27.8,19.9,76.6,79.7,82.9,59.3,52.5,57.9,51.2,35,20,20,32,15,34.73,1052569035001.22,107253666.0,9813.82804202904
7070,North America,2492,MEX,Mexico,2007,64.3,84.9,61.3,78.2,93.6,59.5,70.5,65.5,68.9,28.1,19.9,77.5,79.6,82.9,59.6,52.8,58.6,51.4,37,20,25,23,10,34.66,1074439987418.2,108774360.0,9877.69532652913
7071,North America,2493,MEX,Mexico,2008,65.0,84.9,61.6,78.1,93.7,59.7,70.8,65.4,68.7,28.5,18.5,77.7,79.7,82.8,63.0,56.3,56.7,58.9,40,35,18,42,15,34.58,1084575522274.83,110374288.0,9826.34218464752
7072,North America,2494,MEX,Mexico,2009,65.3,84.9,60.7,78.6,94.4,62.7,71.4,65.2,67.9,29.4,18.5,78.2,80.3,83.1,64.4,56.9,55.5,57.4,35,35,20,20,5,34.51,1016298775559.58,111999721.0,9074.1188146315
7073,North America,2495,MEX,Mexico,2010,65.6,84.9,61.1,79.4,94.5,63.2,71.5,66.5,67.9,30.6,22.3,76.1,79.7,83.4,64.0,57.0,56.0,57.7,35,40,42,38,15,34.44,1066822388004.75,113623895.0,9389.06722045352
7074,North America,2496,MEX,Mexico,2011,65.4,85.8,59.8,80.1,94.5,62.9,71.8,66.5,68.0,32.7,22.3,75.0,79.4,82.0,61.3,57.2,53.8,58.4,40,40,28,25,5,34.37,1103564231790.76,115243504.0,9575.93437796508
7075,North America,2497,MEX,Mexico,2012,66.5,86.5,60.9,81.3,94.6,68.0,71.8,66.4,68.1,35.7,20.1,78.9,79.8,83.9,62.4,57.2,55.8,58.4,35,30,40,35,8,34.31,1142776194764.49,116818208.0,9782.51776268033
7076,North America,2498,MEX,Mexico,2013,66.7,85.9,60.6,79.8,94.9,71.5,72.2,66.6,68.1,36.5,20.1,78.4,79.9,83.8,64.1,57.2,55.9,58.0,40,20,28,35,10,34.25,1152513808434.99,118343573.0,9738.71059677222
7077,North America,2499,MEX,Mexico,2014,67.1,85.4,62.6,79.6,95.1,71.7,72.3,67.0,70.0,38.9,20.1,78.0,80.2,84.0,64.2,57.1,55.7,58.2,40,40,30,30,5,34.18,1181370028487.24,119784261.0,9862.4812527519
7078,North America,2500,MEX,Mexico,2015,66.8,85.9,61.9,79.3,96.7,73.8,72.5,67.1,68.1,42.2,20.1,77.2,80.4,84.8,59.4,57.0,51.1,58.8,35,30,30,41,5,34.12,1213294467779.98,121072306.0,10021.2386124039
7079,North America,2501,MEX,Mexico,2016,67.4,86.5,60.4,81.2,97.7,74.1,72.7,67.2,68.4,42.8,21.5,79.8,80.1,85.5,61.1,57.2,51.6,58.7,45,30,34,37,7,34.06,1234800030129.92,122251351.0,10100.5021214851
7080,North America,2502,MEX,Mexico,2017,68.0,87.7,60.6,78.5,98.0,74.1,72.9,68.1,69.5,49.3,21.5,80.7,79.8,85.1,62.7,57.1,48.7,60.9,35,45,33,35,15,33.99,1257912134728.82,123400057.0,10193.7727202899
7081,North America,2503,MEX,Mexico,2018,69.1,88.6,60.8,79.7,96.4,78.4,70.6,68.5,69.6,50.1,37.3,81.7,79.8,85.8,64.6,55.7,48.6,59.0,35,45,34,32,5,33.92,1282719194482.45,124573711.0,10296.8690920868
7082,North America,2504,MEX,Mexico,2019,69.1,87.4,61.5,78.0,96.1,79.2,70.7,68.6,68.9,54.1,37.3,82.9,79.6,85.9,62.5,55.6,47.7,59.1,40,55,45,40,5,33.86,1277682077998.64,125762982.0,10159.4448356722
7083,North America,2505,MEX,Mexico,2020,69.1,84.7,61.0,77.2,96.0,79.1,71.0,68.6,68.1,56.3,38.2,81.7,79.6,87.0,62.6,55.5,47.2,60.4,35,45,35,42,5,33.79,1170944075562.06,126799054.0,9234.64362409252
7084,North America,2506,MEX,Mexico,2021,69.4,85.9,61.1,78.0,96.0,80.2,71.0,68.6,68.0,57.9,38.2,80.5,81.7,86.8,62.6,55.4,47.5,60.8,38,45,33,45,10,,1241768434263.7,127648148.0,9728.05680082173
7085,North America,2507,MEX,Mexico,2022,69.7,86.3,61.1,79.7,96.0,80.6,71.0,68.6,68.4,57.9,38.2,83.4,81.7,86.8,62.6,55.4,46.7,60.6,37,45,32,42,25,,1287850323410.01,128613117.0,10013.366859074
7109,Europe,2531,MDA,Moldova,2000,68.5,94.9,51.0,65.0,99.7,60.0,65.0,64.5,64.6,18.2,67.2,75.2,81.4,93.1,0.0,74.8,57.0,64.8,20,30,15,30,5,10.47,3939281163.91139,2924668.0,1346.91567176561
7110,Europe,2532,MDA,Moldova,2001,68.6,94.9,53.0,65.4,99.7,62.7,66.9,65.4,65.3,18.1,61.0,75.3,81.1,93.0,0.0,75.5,57.1,62.6,30,45,20,20,5,10.57,4179577330.63921,2918135.0,1432.2768928234
7111,Europe,2533,MDA,Moldova,2002,69.6,94.9,52.6,66.1,99.7,63.0,67.2,66.0,65.6,18.4,69.7,76.2,79.2,92.8,0.0,76.7,57.1,67.8,25,38,20,30,8,10.66,4505584348.12398,2911385.0,1547.57421231612
7112,Europe,2534,MDA,Moldova,2003,69.9,94.9,51.4,66.5,99.7,63.2,67.4,67.1,64.9,19.0,73.1,76.4,78.2,92.7,0.0,77.1,57.6,68.7,20,35,18,20,10,10.75,4802952913.19777,2903198.0,1654.36629303195
7113,Europe,2535,MDA,Moldova,2004,70.8,94.9,53.5,66.3,99.7,65.0,67.5,67.0,64.7,19.4,72.5,77.4,79.4,92.6,0.0,78.3,57.8,76.2,25,28,15,22,10,10.84,5158371415.97847,2896023.0,1781.19145323724
7114,Europe,2536,MDA,Moldova,2005,71.1,94.9,52.7,67.0,99.8,68.3,67.6,67.2,65.2,20.5,67.8,77.6,81.2,92.4,0.0,78.9,57.9,78.8,25,40,20,30,15,10.93,5545249279.88205,2888985.0,1919.44550763748
7115,Europe,2537,MDA,Moldova,2006,71.8,94.9,52.4,67.2,99.8,68.5,67.8,68.7,65.1,21.2,71.5,78.5,81.3,92.4,0.0,79.6,58.3,81.0,28,43,20,20,8,11.02,5811421236.26146,2880967.0,2017.17730062908
7116,Europe,2538,MDA,Moldova,2007,71.9,94.9,47.2,66.3,99.8,68.7,67.9,69.1,66.4,21.8,75.0,77.0,81.2,92.3,0.0,80.4,57.8,83.8,20,41,25,25,10,11.12,5985763886.4747,2874299.0,2082.51260097669
7117,Europe,2539,MDA,Moldova,2008,72.5,94.9,54.4,67.9,99.8,68.9,67.9,69.8,66.9,22.2,74.1,76.4,81.4,92.2,0.0,81.4,57.9,83.2,20,44,34,20,15,11.21,6452653478.32394,2868833.0,2249.22589719372
7118,Europe,2540,MDA,Moldova,2009,73.0,94.9,50.6,67.9,99.8,70.2,68.1,70.4,65.6,23.1,81.1,78.2,81.7,92.5,0.0,82.7,57.4,84.3,5,40,18,25,7,11.3,6065494252.61994,2865213.0,2116.94357544097
7119,Europe,2541,MDA,Moldova,2010,73.1,94.9,51.5,70.2,99.8,67.7,68.3,77.8,65.1,22.8,83.1,77.5,81.3,92.3,0.0,83.1,58.9,74.4,25,38,30,22,5,11.39,6496144351.04957,2862354.0,2269.51116145996
7120,Europe,2542,MDA,Moldova,2011,73.9,96.3,52.1,71.6,99.8,68.2,68.5,78.1,65.4,28.1,88.0,77.8,80.5,91.5,0.0,83.8,59.7,72.4,28,40,20,20,10,11.46,6874100822.53274,2860699.0,2402.94446306051
7121,Europe,2543,MDA,Moldova,2012,74.9,97.3,52.3,72.2,99.8,68.6,68.6,79.3,66.1,32.2,92.5,80.0,81.5,92.2,0.0,84.3,58.8,72.9,30,43,20,35,7,11.53,6833561915.89765,2860324.0,2389.08666147529
7122,Europe,2544,MDA,Moldova,2013,75.1,98.1,55.8,72.8,99.8,67.9,68.7,79.3,66.3,33.0,94.3,79.0,80.8,91.8,0.0,84.8,58.8,69.6,25,35,10,30,8,11.61,7451580071.77113,2859558.0,2605.85029986142
7123,Europe,2545,MDA,Moldova,2014,76.0,98.5,58.6,72.9,99.8,66.8,68.9,80.4,67.1,34.8,98.6,79.7,80.5,92.1,0.0,87.1,59.6,71.2,25,45,25,20,10,11.68,7824131195.57662,2857815.0,2737.80185056647
7124,Europe,2546,MDA,Moldova,2015,76.1,98.4,54.5,74.1,99.4,68.9,69.1,81.0,67.6,35.5,98.1,79.3,80.8,93.0,0.0,87.9,59.3,70.2,35,38,24,25,8,11.75,7797667196.73087,2835978.0,2749.55137054338
7125,Europe,2547,MDA,Moldova,2016,76.3,98.4,58.6,74.2,98.7,68.7,69.4,81.3,68.0,35.4,98.7,81.0,80.2,92.9,0.0,88.2,58.3,68.7,30,38,17,35,10,11.75,8159947934.63828,2803186.0,2910.95486872376
7126,Europe,2548,MDA,Moldova,2017,76.9,98.5,59.8,75.0,99.1,68.9,69.6,81.0,70.0,36.8,100.0,83.9,79.8,92.1,0.0,89.2,57.0,69.3,25,44,22,35,7,11.75,8500675703.95748,2755189.0,3085.33305844263
7127,Europe,2549,MDA,Moldova,2018,77.1,98.6,59.6,76.6,99.3,68.5,69.9,80.2,71.2,35.1,99.9,83.4,79.2,90.7,0.0,89.2,60.7,71.9,30,38,20,32,12,11.75,8847128857.51461,2707203.0,3267.9961042872
7128,Europe,2550,MDA,Moldova,2019,77.5,98.6,60.1,77.7,98.6,69.6,70.1,79.0,69.9,37.5,99.6,83.7,79.1,90.7,0.0,89.2,63.2,73.9,30,38,35,28,10,11.75,9161406662.06896,2664224.0,3438.67732670712
7129,Europe,2551,MDA,Moldova,2020,77.7,98.5,55.4,76.9,99.4,68.5,70.4,79.0,70.6,37.8,99.6,85.0,79.1,90.8,0.0,89.2,65.4,77.0,25,45,22,30,15,11.75,8403210632.93021,2635130.0,3188.91691602699
7130,Europe,2552,MDA,Moldova,2021,79.1,98.7,63.0,77.1,99.6,75.5,70.4,79.0,75.3,40.2,99.6,84.2,79.1,90.6,0.0,89.3,66.1,77.4,30,43,32,32,10,,9573777856.36482,2595809.0,3688.16729442144
7131,Europe,2553,MDA,Moldova,2022,78.6,98.7,63.0,76.6,99.6,76.8,70.4,79.0,75.9,40.2,99.6,87.5,79.1,90.6,0.0,89.3,68.1,77.2,35,44,20,30,7,,9133384074.97203,2528654.0,3611.95484829954
7155,Asia,2577,MNG,Mongolia,2000,59.7,87.6,29.7,51.7,82.9,68.6,52.0,35.1,69.9,11.0,81.5,46.6,67.1,73.4,0.0,71.7,58.5,67.5,15,25,12,20,12,9.18,3817248910.66296,2388299.0,1598.31282040605
7156,Asia,2578,MNG,Mongolia,2001,59.9,87.6,29.6,52.7,84.9,68.9,52.6,35.9,69.8,11.3,81.5,46.4,67.1,73.2,0.0,71.7,58.5,67.2,15,40,15,25,5,9.18,3929961221.71521,2417751.0,1625.46152259484
7157,Asia,2579,MNG,Mongolia,2002,60.4,87.6,29.7,52.2,87.9,69.3,53.3,36.2,69.8,11.2,81.5,47.3,66.8,73.0,0.0,71.7,58.5,69.5,10,30,10,35,10,9.17,4115965440.05725,2449027.0,1680.65335337555
7158,Asia,2580,MNG,Mongolia,2003,60.7,87.6,30.1,55.1,84.5,69.4,53.9,38.0,69.4,11.4,81.5,47.2,67.3,73.2,0.0,71.9,58.5,72.8,15,40,15,24,7,9.17,4404273778.31917,2480374.0,1775.64906676137
7159,Asia,2581,MNG,Mongolia,2004,61.0,87.6,35.8,54.6,89.1,67.5,54.7,37.6,69.4,11.5,81.5,48.1,67.2,72.9,0.0,71.9,58.6,67.8,20,28,20,30,5,9.16,4872245746.85238,2508412.0,1942.36263694017
7160,Asia,2582,MNG,Mongolia,2005,61.1,87.6,34.0,54.7,91.0,67.4,55.5,41.4,69.3,11.4,81.5,47.4,67.0,72.9,0.0,71.9,58.2,67.1,15,20,14,20,5,9.16,5225662152.64429,2536407.0,2060.26168223171
7161,Asia,2583,MNG,Mongolia,2006,61.9,87.6,36.3,55.4,95.2,67.4,56.2,38.5,69.2,11.3,81.5,48.4,67.2,72.5,0.0,71.9,58.5,73.7,10,20,10,30,15,9.15,5672782077.14901,2567168.0,2209.74321787628
7162,Asia,2584,MNG,Mongolia,2007,61.3,87.6,37.2,55.1,95.8,67.4,57.0,36.6,69.2,12.9,70.0,48.2,67.0,70.8,0.0,71.8,58.9,74.9,10,35,20,25,10,9.15,6254129712.42599,2601850.0,2403.72416258662
7163,Asia,2585,MNG,Mongolia,2008,60.8,87.6,39.2,56.1,95.3,63.7,57.8,38.7,70.1,13.4,70.0,41.4,66.8,70.9,0.0,72.1,59.4,69.8,20,30,12,28,10,9.14,6810770268.31901,2643201.0,2576.71295838607
7164,Asia,2586,MNG,Mongolia,2009,60.7,87.6,40.7,56.8,95.4,63.6,58.5,38.5,69.9,13.4,70.0,41.2,67.1,70.3,0.0,72.1,59.4,67.0,20,20,18,22,12,9.14,6724368909.15607,2691115.0,2498.72967493254
7165,Asia,2587,MNG,Mongolia,2010,62.3,87.6,44.7,59.7,98.2,61.8,59.3,38.0,69.5,13.2,79.9,47.0,66.9,70.0,0.0,73.1,60.3,66.9,20,25,18,35,5,9.13,7152385862.09146,2738622.0,2611.67326563924
7166,Asia,2588,MNG,Mongolia,2011,61.5,91.1,45.4,60.4,98.9,61.8,59.9,29.8,70.4,14.9,77.1,45.8,66.1,61.9,0.0,73.0,60.8,66.0,20,37,20,42,12,9.13,8389088993.66654,2786317.0,3010.81642672623
7167,Asia,2589,MNG,Mongolia,2012,61.6,93.8,46.1,60.2,94.5,67.4,60.4,30.1,70.9,17.6,77.5,47.2,66.1,53.8,0.0,73.1,61.6,66.1,30,28,18,35,8,9.13,9422609644.69237,2839705.0,3318.16496597089
7168,Asia,2590,MNG,Mongolia,2013,61.7,95.5,46.5,59.9,95.2,65.8,60.9,29.7,70.7,21.1,77.5,48.4,66.1,49.8,0.0,73.1,60.2,66.6,20,30,20,35,10,9.13,10520241544.9149,2899011.0,3628.90708069575
7169,Asia,2591,MNG,Mongolia,2014,63.6,95.8,46.4,59.4,96.5,65.8,61.5,31.9,72.6,24.2,83.3,52.6,66.3,60.2,0.0,73.1,63.2,65.0,30,20,25,35,10,9.13,11349786311.9875,2963113.0,3830.35892049593
7170,Asia,2592,MNG,Mongolia,2015,63.9,95.2,44.6,62.3,94.7,65.4,62.0,38.6,71.0,26.9,83.3,48.2,66.7,65.4,0.0,73.1,63.2,61.3,25,30,20,50,10,9.13,11619892590.6941,3026864.0,3838.92126989984
7171,Asia,2593,MNG,Mongolia,2016,64.3,93.2,46.2,63.3,95.1,66.7,62.6,38.1,69.7,26.3,82.1,56.4,66.6,64.9,0.0,73.0,63.7,61.4,30,32,35,35,15,9.13,11793003947.8926,3088856.0,3817.91962716702
7172,Asia,2594,MNG,Mongolia,2017,64.0,93.1,45.8,62.9,96.9,67.0,63.1,34.5,71.4,26.6,82.1,54.8,66.3,59.9,0.0,73.9,61.2,64.9,30,20,25,45,10,9.12,12457761002.7432,3148917.0,3956.2049437134
7173,Asia,2595,MNG,Mongolia,2018,65.0,94.1,47.6,63.2,96.7,64.8,63.7,37.1,71.7,30.9,81.1,55.5,66.1,53.1,0.0,73.9,62.1,77.7,30,30,25,55,20,9.12,13422599720.3616,3208189.0,4183.85566447661
7174,Asia,2596,MNG,Mongolia,2019,65.5,94.8,48.1,63.6,95.9,65.6,64.3,36.5,71.6,34.1,81.1,52.7,67.9,52.6,0.0,75.0,60.9,83.1,30,20,20,42,15,9.12,14174566537.4555,3267673.0,4337.8167085432
7175,Asia,2597,MNG,Mongolia,2020,64.9,94.9,48.3,64.3,94.9,65.2,64.9,37.2,71.3,36.6,81.1,47.9,67.9,51.9,0.0,75.0,64.1,73.0,30,20,30,30,5,9.12,13528524951.0287,3327204.0,4066.03410882791
7176,Asia,2598,MNG,Mongolia,2021,64.9,93.8,48.8,63.8,94.6,64.7,64.9,37.2,71.5,39.8,81.1,47.9,67.9,52.0,0.0,75.0,61.2,73.7,25,20,28,30,15,,13749955731.6936,3383741.0,4063.53669849245
7177,Asia,2599,MNG,Mongolia,2022,64.7,94.6,48.9,64.0,94.6,65.0,64.9,37.2,70.9,39.8,81.1,50.4,67.9,52.0,0.0,74.9,59.3,73.7,25,38,35,35,5,,14441951078.838,3433748.0,4205.88554513551
7178,Europe,2600,MNE,Montenegro,2000,65.3,98.7,50.2,74.3,79.5,46.9,60.5,85.0,47.1,30.7,46.5,72.3,72.0,93.8,46.5,55.6,74.0,77.0,15,25,15,18,10,46.54,2680896704.41373,604950.0,4431.60047014419
7179,Europe,2601,MNE,Montenegro,2001,65.2,98.7,50.6,73.1,79.5,46.9,60.5,85.0,47.1,31.2,46.5,72.3,72.0,93.2,45.9,55.4,74.0,77.0,10,30,20,30,5,48.04,2710382244.12711,607389.0,4462.34990117884
7180,Europe,2602,MNE,Montenegro,2002,65.4,98.7,50.2,74.1,79.5,46.9,60.5,85.0,47.1,31.1,46.5,72.3,72.0,92.8,48.3,55.3,74.0,77.0,10,25,20,35,10,49.53,2761986207.28668,609828.0,4529.12330572995
7181,Europe,2603,MNE,Montenegro,2003,65.2,98.7,50.9,74.1,79.5,46.9,60.5,84.9,47.1,31.3,46.5,72.3,72.0,92.3,45.7,55.2,74.0,77.0,10,35,15,38,7,51.03,2830556912.75965,612267.0,4623.0760644615
7182,Europe,2604,MNE,Montenegro,2004,65.2,98.7,51.5,74.0,79.5,47.2,60.5,84.8,47.1,32.0,46.5,72.5,72.0,91.7,46.3,55.1,72.8,77.0,40,40,15,25,8,52.52,2955838797.30471,613353.0,4819.14785988608
7183,Europe,2605,MNE,Montenegro,2005,65.3,98.7,50.8,74.5,79.5,47.4,60.5,84.7,47.1,32.5,46.5,72.5,72.0,92.8,46.2,54.9,72.5,77.0,30,40,15,20,10,54.01,3079410727.33931,614261.0,5013.1959009921
7184,Europe,2606,MNE,Montenegro,2006,65.1,98.7,50.8,74.0,79.5,47.7,60.5,83.1,48.0,34.3,46.5,72.8,72.0,91.6,44.7,54.8,70.8,77.0,28,40,35,18,7,55.51,3343205923.09283,615025.0,5435.88622103627
7185,Europe,2607,MNE,Montenegro,2007,65.3,98.7,49.4,74.1,77.5,49.2,60.9,80.7,53.5,34.4,46.5,72.8,72.0,91.6,45.5,54.7,72.2,77.0,30,35,18,20,5,57.0,3570883265.45237,615875.0,5798.06497333447
7186,Europe,2608,MNE,Montenegro,2008,65.7,98.7,52.9,74.7,77.4,49.4,61.2,79.0,55.7,35.4,46.5,75.5,72.0,89.4,46.2,54.5,71.3,77.0,33,45,20,35,10,58.5,3828799329.0696,616969.0,6205.8212472095
7187,Europe,2609,MNE,Montenegro,2009,66.6,98.7,52.9,74.2,77.4,49.7,61.5,85.2,53.8,36.1,46.5,80.3,72.0,93.1,48.0,54.4,71.6,77.0,32,5,20,40,10,59.99,3606916694.21482,618294.0,5833.65954418904
7188,Europe,2610,MNE,Montenegro,2010,66.9,98.7,52.7,76.8,77.4,49.9,61.9,85.1,53.2,38.2,46.5,79.6,72.0,90.2,47.8,54.3,75.2,77.0,30,40,33,44,10,61.49,3705541738.49878,619428.0,5982.19928466066
7189,Europe,2611,MNE,Montenegro,2011,66.5,98.5,51.8,78.5,78.6,50.8,62.2,80.2,53.1,36.4,46.5,74.2,72.0,90.2,49.1,54.2,77.1,77.0,30,40,25,40,10,61.49,3825173338.5745,620345.0,6166.20322332653
7190,Europe,2612,MNE,Montenegro,2012,67.2,97.4,50.1,79.2,84.1,53.6,62.6,82.4,53.1,39.5,46.5,75.9,72.0,91.0,48.2,54.0,76.2,77.0,30,30,30,50,10,61.49,3720983620.19194,621418.0,5987.89159662568
7191,Europe,2613,MNE,Montenegro,2013,68.6,97.2,54.6,77.9,84.1,53.7,62.9,85.0,53.3,42.0,57.4,76.0,72.0,91.3,49.8,53.9,77.8,77.0,35,45,20,37,8,61.49,3853040581.41813,622587.0,6188.7584890435
7192,Europe,2614,MNE,Montenegro,2014,68.6,98.6,51.7,77.3,84.1,54.8,63.2,82.2,57.3,47.8,58.7,72.9,72.0,91.5,44.6,53.8,77.0,79.5,35,45,25,35,10,61.49,3921767211.59682,623744.0,6287.46282384571
7193,Europe,2615,MNE,Montenegro,2015,68.2,98.7,51.0,76.4,81.8,55.6,63.6,81.1,57.8,52.2,57.5,77.1,72.0,90.9,36.6,53.6,77.0,76.3,35,40,35,45,10,61.49,4054730077.57718,624651.0,6491.19280618646
7194,Europe,2616,MNE,Montenegro,2016,68.2,98.7,51.2,74.3,81.4,58.3,63.9,82.0,57.7,49.1,59.9,76.3,71.5,91.8,37.4,53.5,75.9,76.3,25,35,10,35,10,61.49,4174315433.82382,625353.0,6675.1345781084
7195,Europe,2617,MNE,Montenegro,2017,69.6,98.8,51.1,76.4,85.9,58.3,64.3,78.2,61.6,51.3,66.5,76.3,71.0,91.5,45.8,53.3,76.1,77.7,30,25,25,55,7,61.49,4371195571.75916,625982.0,6982.94131741672
7196,Europe,2618,MNE,Montenegro,2018,69.8,98.8,51.7,75.4,87.4,55.1,64.8,80.4,62.5,56.0,66.7,74.3,70.4,90.3,45.2,53.2,75.4,79.8,38,45,18,40,5,61.49,4593160022.61922,626438.0,7332.18614231451
7197,Europe,2619,MNE,Montenegro,2019,70.8,98.9,51.4,75.2,87.6,58.4,65.0,79.0,62.5,58.3,66.7,77.3,69.9,89.9,51.5,54.7,76.4,80.8,30,40,40,35,15,61.49,4779777587.71771,626753.0,7626.25402306444
7198,Europe,2620,MNE,Montenegro,2020,70.7,98.8,51.6,75.8,90.2,55.3,65.2,79.1,59.8,61.0,66.7,73.1,69.9,90.0,52.1,54.6,76.0,83.5,5,20,30,20,10,61.49,4048142110.54292,626590.0,6460.59163175748
7199,Europe,2621,MNE,Montenegro,2021,71.2,98.8,51.7,75.8,88.2,56.7,65.2,79.1,60.8,61.9,66.7,73.1,70.4,92.8,52.1,54.5,76.2,86.4,20,40,30,35,10,,4576160079.60802,625053.0,7321.23528662053
7200,Europe,2622,MNE,Montenegro,2022,71.4,98.9,51.8,75.7,88.2,56.9,65.2,79.1,61.6,61.6,66.7,74.7,70.4,92.8,52.1,54.3,78.5,85.7,35,40,30,40,10,,4869340027.24234,623591.0,7808.54763337242
7201,Africa,2623,MAR,Morocco,2000,58.9,81.3,51.3,56.3,42.4,25.7,47.6,56.4,69.2,25.4,50.0,64.3,91.6,95.5,61.7,65.7,60.5,56.9,30,35,18,55,15,12.34,56160912155.7573,28423435.0,1957.14135742188
7202,Africa,2624,MAR,Morocco,2001,59.5,81.3,54.3,57.1,44.3,26.0,47.0,57.8,69.8,25.4,50.0,64.3,91.4,95.4,63.7,65.7,60.4,57.1,40,30,20,35,5,12.38,60497559620.7789,28814643.0,2078.96606445313
7203,Africa,2625,MAR,Morocco,2002,60.0,81.3,54.6,57.0,46.7,31.1,46.5,58.9,70.3,25.1,50.0,65.0,91.4,95.4,63.8,65.6,60.5,57.2,20,30,20,38,15,12.41,62754238001.606,29198142.0,2127.50708007813
7204,Africa,2626,MAR,Morocco,2003,60.5,81.3,57.5,57.0,47.9,31.3,47.8,60.8,70.1,25.7,50.0,65.0,91.6,95.4,64.6,65.6,60.4,56.2,35,30,20,50,10,12.45,66626866131.8459,29571415.0,2229.576171875
7205,Africa,2627,MAR,Morocco,2004,61.3,81.3,58.1,58.8,48.3,31.6,49.1,62.2,70.7,26.9,50.0,65.7,91.5,95.1,66.6,68.4,60.5,56.8,30,40,30,35,15,12.49,69672633474.8662,29953018.0,2301.08178710938
7206,Africa,2628,MAR,Morocco,2005,61.5,81.3,53.2,60.6,48.7,31.8,50.4,61.7,70.6,27.4,50.0,65.7,91.1,95.0,68.4,69.8,60.5,58.7,40,40,20,40,30,12.53,71896757928.9618,30358144.0,2342.15478515625
7207,Africa,2629,MAR,Morocco,2006,62.3,81.3,57.6,60.9,51.0,32.1,51.7,66.2,71.4,28.0,48.7,66.4,91.1,95.0,67.0,70.0,60.5,60.6,35,25,18,50,40,12.56,77498104932.5221,30771178.0,2489.99291992188
7208,Africa,2630,MAR,Morocco,2007,62.2,81.3,51.5,61.3,53.1,32.2,53.0,61.6,71.4,28.3,48.7,66.4,91.0,94.9,67.4,69.9,61.7,62.8,35,35,25,55,30,12.6,80164867241.3167,31186468.0,2540.615234375
7209,Africa,2631,MAR,Morocco,2008,63.0,81.3,54.2,61.9,57.6,32.5,54.3,61.5,71.4,30.1,48.7,67.1,90.8,94.8,68.3,69.9,61.5,65.6,35,32,32,40,20,12.64,84721870674.8237,31606767.0,2648.58569335938
7210,Africa,2632,MAR,Morocco,2009,63.6,81.3,59.0,61.9,59.4,32.8,55.6,62.7,71.7,31.5,48.7,67.1,91.1,94.8,68.2,69.9,61.2,63.7,38,37,25,50,10,12.68,87895356582.8232,32030778.0,2710.66650390625
7211,Africa,2633,MAR,Morocco,2010,64.2,81.3,56.8,64.9,61.4,33.6,56.8,65.7,71.7,34.0,48.7,68.4,91.0,94.7,68.3,69.9,61.8,62.4,30,30,25,55,20,12.71,90971304769.4422,32467016.0,2767.04223632813
7212,Africa,2634,MAR,Morocco,2011,65.4,83.5,63.7,67.0,63.5,37.7,57.5,65.7,71.7,33.7,48.7,68.4,91.0,94.7,68.5,69.8,63.0,62.9,38,35,28,40,15,12.72,95997146621.9656,32912588.0,2879.53930664063
7213,Africa,2635,MAR,Morocco,2012,66.0,84.8,60.6,67.6,67.7,38.4,58.2,66.4,71.7,35.5,48.7,72.5,91.1,94.7,69.0,69.8,60.6,65.2,35,38,40,52,10,12.72,98936909179.3524,33355241.0,2927.45043945313
7214,Africa,2636,MAR,Morocco,2013,67.1,85.7,63.9,68.0,70.2,39.8,58.9,67.6,71.6,36.4,53.9,73.0,91.1,94.7,68.8,69.8,62.2,64.5,40,45,35,45,15,12.73,103015299181.348,33787571.0,3008.185546875
7215,Africa,2637,MAR,Morocco,2014,67.7,92.5,62.2,68.5,72.1,40.5,59.6,66.0,71.3,38.4,53.9,76.5,91.0,94.8,69.1,69.7,62.5,61.7,30,38,32,55,20,12.73,105816536606.04,34204780.0,3051.458984375
7216,Africa,2638,MAR,Morocco,2015,67.7,92.7,65.3,69.9,65.7,41.0,60.2,68.0,70.6,40.3,53.9,75.5,91.3,95.0,69.3,69.7,63.1,58.6,35,38,28,48,30,12.74,110413823841.592,34607588.0,3146.24780273438
7217,Africa,2639,MAR,Morocco,2016,67.3,92.8,59.7,70.5,63.3,42.9,60.9,68.5,70.7,37.4,53.9,75.6,91.4,94.9,69.5,69.6,63.3,59.8,44,38,28,60,40,12.76,110989284688.174,35023457.0,3124.42504882813
7218,Africa,2640,MAR,Morocco,2017,68.3,93.3,63.3,71.6,66.4,43.5,61.5,68.8,68.6,43.8,53.9,75.5,91.2,94.9,69.4,69.6,67.7,58.9,42,40,32,55,20,12.79,116603009678.139,35446392.0,3242.64428710938
7219,Africa,2641,MAR,Morocco,2018,69.4,93.5,64.6,72.5,68.9,43.1,62.2,69.0,69.1,45.2,53.9,75.7,91.0,94.5,71.7,77.3,67.6,60.7,46,35,30,45,20,12.82,120177639735.159,35839760.0,3304.7119140625
7220,Africa,2642,MAR,Morocco,2019,70.0,93.7,63.2,73.6,74.5,43.6,62.8,69.8,69.0,51.0,53.9,73.0,90.9,94.2,71.7,77.3,66.0,61.3,38,32,35,58,40,12.84,123651944968.713,36210898.0,3364.73950195313
7221,Africa,2643,MAR,Morocco,2020,70.5,92.4,61.6,73.3,78.5,43.6,63.5,70.0,67.4,52.6,53.9,75.4,90.9,94.5,71.8,77.3,65.2,67.1,38,28,25,55,30,12.87,114775951852.213,36584208.0,3090.89428710938
7222,Africa,2644,MAR,Morocco,2021,70.9,89.7,64.6,74.2,78.6,43.4,63.5,70.0,69.1,54.3,53.9,75.0,91.3,94.2,71.9,76.7,64.4,70.5,38,40,20,60,40,,124135631043.727,36954442.0,3309.130859375
7223,Africa,2645,MAR,Morocco,2022,70.9,90.4,64.7,73.1,78.6,43.8,63.5,70.0,69.1,55.1,53.9,76.2,91.3,94.2,71.9,76.7,62.3,70.2,43,30,25,50,5,,126031434844.786,37329064.0,3325.560546875
7224,Africa,2646,MOZ,Mozambique,2000,43.4,0.0,49.0,18.0,12.5,51.5,40.8,24.5,66.8,7.9,22.5,47.2,97.3,98.9,51.5,57.0,46.9,45.2,25,60,25,18,7,52.38,5210292403.59676,18129653.0,287.390630344484
7225,Africa,2647,MOZ,Mozambique,2001,43.8,0.0,49.8,18.8,15.7,52.0,40.9,26.7,66.8,7.9,22.5,47.2,97.5,98.9,51.3,56.9,46.9,45.5,10,40,15,20,15,52.09,5879902615.65954,18537729.0,317.185703581034
7226,Africa,2648,MOZ,Mozambique,2002,44.0,0.0,49.4,19.5,12.5,52.4,41.2,26.8,66.8,7.9,22.5,48.5,97.0,98.9,51.5,61.2,47.0,45.3,20,60,15,20,8,51.81,6448401314.435,18958338.0,340.13537022259
7227,Africa,2649,MOZ,Mozambique,2003,44.7,0.0,52.9,20.2,12.5,52.8,41.5,27.5,66.7,7.9,22.5,48.8,97.4,98.9,50.4,66.6,47.1,45.3,10,40,12,25,10,51.53,6913827631.93056,19392475.0,356.521157404125
7228,Africa,2650,MOZ,Mozambique,2004,45.6,0.0,52.8,20.3,22.0,55.6,41.7,28.8,66.7,8.0,22.5,50.1,97.5,98.9,50.2,67.5,47.0,46.1,30,30,18,15,10,51.25,7481086789.73586,19840313.0,377.064958084878
7229,Africa,2651,MOZ,Mozambique,2005,46.0,0.0,51.8,20.5,25.7,56.0,42.0,29.4,66.7,8.0,22.5,50.4,97.6,98.9,49.4,67.3,47.3,47.8,30,35,12,33,7,50.97,7953294766.92377,20304569.0,391.699758163976
7230,Africa,2652,MOZ,Mozambique,2006,46.4,0.0,53.2,20.8,28.5,56.5,42.3,29.9,66.7,8.1,22.5,51.6,97.8,98.9,49.4,67.2,47.9,47.1,20,45,18,23,8,50.69,8741520167.29262,20787087.0,420.526462764726
7231,Africa,2653,MOZ,Mozambique,2007,47.2,0.0,53.7,21.8,32.2,57.1,42.6,32.3,66.6,8.1,22.5,57.6,98.0,98.9,49.9,67.0,46.8,47.1,35,55,20,22,10,50.4,9410189984.44687,21287635.0,442.049574057751
7232,Africa,2654,MOZ,Mozambique,2008,47.5,0.0,53.8,22.7,34.6,57.6,42.9,33.0,66.6,7.1,24.5,54.5,98.0,98.9,52.4,66.9,47.3,47.2,5,38,30,32,8,50.12,10057425620.5829,21819036.0,460.94729485679
7233,Africa,2655,MOZ,Mozambique,2009,48.5,0.0,56.6,23.2,39.2,60.3,43.2,33.4,66.6,7.2,24.5,54.8,98.1,98.9,56.6,66.8,47.7,47.3,25,43,15,25,15,49.84,10653727556.9369,22391745.0,475.788178051193
7234,Africa,2656,MOZ,Mozambique,2010,49.0,0.0,57.6,23.8,40.7,59.7,43.5,35.4,66.6,8.3,24.5,56.1,98.0,98.9,54.0,66.6,47.7,50.7,20,40,20,22,15,49.56,11365367724.1329,22999235.0,494.162859074785
7235,Africa,2657,MOZ,Mozambique,2011,48.5,0.0,57.0,25.4,39.7,57.4,44.5,35.4,66.5,8.4,24.5,46.6,98.0,98.6,57.3,66.5,46.0,53.4,30,60,12,25,10,49.3,12176179697.5618,23649039.0,514.869957191994
7236,Africa,2658,MOZ,Mozambique,2012,49.4,0.5,57.5,26.4,39.9,59.3,45.6,35.5,66.5,8.5,24.5,47.7,97.8,98.1,64.5,67.1,46.0,54.0,35,55,22,30,10,49.03,13149604768.3812,24337846.0,540.2945177803
7237,Africa,2659,MOZ,Mozambique,2013,50.1,1.2,55.1,27.6,40.9,60.8,46.7,35.4,66.5,8.7,24.5,48.2,97.7,98.0,65.5,66.9,50.7,57.9,25,60,20,20,15,48.77,14013719723.4859,25051611.0,559.393953685688
7238,Africa,2660,MOZ,Mozambique,2014,49.8,1.5,53.0,28.2,41.3,62.4,47.8,35.0,66.4,9.6,12.7,49.7,97.7,97.5,64.7,66.7,50.5,62.4,25,60,15,24,15,48.51,15093136077.3533,25788475.0,585.266716133984
7239,Africa,2661,MOZ,Mozambique,2015,51.5,1.3,53.5,30.7,44.6,69.9,48.9,35.2,66.4,15.6,12.7,56.8,97.9,98.0,68.0,66.6,51.5,58.4,30,55,30,40,15,48.25,16208985769.615,26547572.0,610.563774706589
7240,Africa,2662,MOZ,Mozambique,2016,51.3,2.2,52.9,31.2,44.1,66.5,50.0,34.7,66.4,14.6,12.7,58.0,97.9,98.3,69.2,66.4,50.9,55.7,30,60,30,30,10,47.94,16970320249.5828,27337105.0,620.779714954555
7241,Africa,2663,MOZ,Mozambique,2017,51.0,1.7,52.7,32.0,43.6,63.5,51.2,33.7,66.4,13.6,12.7,55.6,98.0,98.4,68.8,66.2,50.6,58.9,30,55,15,25,5,47.64,17418032489.647,28166393.0,618.397694360334
7242,Africa,2664,MOZ,Mozambique,2018,51.6,2.2,53.3,33.1,46.6,63.4,52.3,35.6,66.4,12.4,12.7,61.1,97.9,98.3,71.0,63.9,49.6,58.1,38,55,20,32,15,47.33,18025039081.8692,29018644.0,621.153734194787
7243,Africa,2665,MOZ,Mozambique,2019,52.7,2.4,53.3,34.7,49.8,64.2,53.5,35.3,66.3,13.4,12.7,63.1,97.9,98.3,72.0,63.7,51.0,64.2,30,58,25,33,15,47.03,18442825951.8799,29884380.0,617.13932000195
7244,Africa,2666,MOZ,Mozambique,2020,52.8,1.3,53.3,34.1,54.1,64.8,54.7,35.6,66.0,13.5,12.7,64.4,97.9,98.3,72.0,63.5,50.2,60.4,35,60,18,35,8,46.73,18217911539.7402,30783688.0,591.804059985932
7245,Africa,2667,MOZ,Mozambique,2021,52.8,2.3,54.1,32.5,55.1,64.9,54.7,35.6,66.8,14.1,12.7,64.8,97.9,98.3,72.0,63.5,48.5,60.4,37,60,18,30,15,,18651030677.5113,31707800.0,588.215854695416
7246,Africa,2668,MOZ,Mozambique,2022,52.7,3.2,54.3,31.7,55.1,65.0,54.7,35.6,66.9,14.1,12.7,62.8,97.9,98.3,72.0,63.1,47.6,60.9,40,55,20,28,10,,19465045724.7404,32656246.0,596.058889461466
7247,Asia,2669,MMR,Myanmar,2000,51.4,33.9,50.2,37.5,46.6,51.5,54.0,25.9,60.0,9.1,59.9,51.9,96.3,98.7,54.3,50.9,58.7,33.8,75,30,8,18,7,53.39,13523413252.0595,45290841.0,298.590464506047
7248,Asia,2670,MMR,Myanmar,2001,51.6,33.9,51.4,37.2,47.4,51.9,54.6,26.8,60.0,8.9,59.9,52.4,96.4,98.7,53.7,51.0,58.8,33.8,75,40,8,10,7,52.87,15057508855.1318,45771139.0,328.973872708996
7249,Asia,2671,MMR,Myanmar,2002,51.8,33.9,52.5,38.1,46.4,52.3,55.3,28.5,60.0,9.3,59.9,52.1,96.4,98.7,53.1,51.1,58.9,34.0,82,40,6,18,10,52.34,16868251605.3361,46232653.0,364.855800192477
7250,Asia,2672,MMR,Myanmar,2003,52.1,33.9,53.0,39.7,47.6,52.7,56.0,28.0,60.0,9.3,59.9,52.7,96.3,98.7,52.8,51.7,58.9,33.8,80,20,7,15,8,51.82,19203491833.0403,46667192.0,411.498764121919
7251,Asia,2673,MMR,Myanmar,2004,52.2,33.9,53.3,40.6,48.4,53.0,56.6,26.5,60.0,9.3,59.9,52.3,96.2,98.6,52.4,54.0,58.9,33.8,80,60,6,15,8,51.29,21808380518.714,47068772.0,463.330135715332
7252,Asia,2674,MMR,Myanmar,2005,52.4,33.9,55.3,40.0,48.2,53.4,57.3,28.2,60.0,9.4,59.9,51.8,96.2,98.6,52.4,54.0,59.0,33.7,78,65,10,15,7,50.77,24767548771.8286,47438365.0,522.099544784661
7253,Asia,2675,MMR,Myanmar,2006,52.6,33.9,56.6,41.0,48.6,53.9,58.0,28.3,60.0,9.3,59.9,51.4,96.1,98.6,52.0,53.9,58.9,33.9,80,30,6,15,10,50.24,28006178558.385,47785135.0,586.085579927418
7254,Asia,2676,MMR,Myanmar,2007,52.8,33.9,57.5,41.7,48.4,54.4,58.7,29.1,60.0,9.4,59.9,52.0,96.0,98.6,51.0,53.7,58.9,33.7,82,70,6,15,15,49.72,31364521323.4726,48125043.0,651.729730890268
7255,Asia,2677,MMR,Myanmar,2008,53.0,33.9,58.9,41.0,48.9,54.9,59.4,32.2,60.0,9.4,59.9,51.7,96.0,98.7,49.6,53.6,58.9,33.7,78,70,8,10,10,49.19,34581048770.2412,48390793.0,714.620419017338
7256,Asia,2678,MMR,Myanmar,2009,53.5,33.9,62.6,44.1,49.4,55.4,60.1,33.2,60.0,9.4,59.9,52.2,95.9,98.7,48.4,53.4,58.9,33.7,85,60,8,14,7,48.67,38229352561.0607,48660459.0,785.634853157894
7257,Asia,2679,MMR,Myanmar,2010,53.7,33.9,63.4,47.6,49.4,55.6,60.9,31.8,60.0,9.4,59.9,51.9,95.8,98.6,48.5,53.7,58.9,33.0,80,50,7,18,10,48.14,41912536386.4647,49024382.0,854.932478016035
7258,Asia,2680,MMR,Myanmar,2011,53.9,35.5,62.7,47.9,49.4,55.0,61.6,34.8,60.0,9.4,59.9,52.4,95.8,98.4,48.8,53.6,58.8,32.9,80,60,8,15,10,47.7,44256068472.7859,49419820.0,895.512538750361
7259,Asia,2681,MMR,Myanmar,2012,55.0,37.4,62.5,48.5,49.4,55.9,62.3,37.4,60.0,10.5,59.9,52.4,95.6,98.4,49.0,53.4,58.6,43.4,75,60,15,30,10,47.26,47501220126.7123,49837446.0,953.123081923425
7260,Asia,2682,MMR,Myanmar,2013,55.5,44.6,63.0,48.0,49.4,52.4,63.1,38.5,59.9,10.5,59.9,54.4,95.4,98.2,49.1,53.4,58.2,45.0,78,68,17,18,15,46.81,51503673421.485,50262658.0,1024.69060473254
7261,Asia,2683,MMR,Myanmar,2014,57.3,51.6,65.0,50.2,54.9,51.8,63.8,37.5,59.9,13.6,59.9,61.6,95.2,98.0,51.3,53.5,59.9,47.2,85,60,15,24,7,46.37,55711475876.2459,50681634.0,1099.24387750099
7262,Asia,2684,MMR,Myanmar,2015,58.6,58.2,65.5,51.6,54.9,60.0,64.6,39.3,60.4,17.0,59.9,62.3,95.1,97.8,50.7,53.4,61.0,44.5,80,62,15,15,10,45.92,59607290407.6191,51089056.0,1166.73305546337
7263,Asia,2685,MMR,Myanmar,2016,59.2,67.4,66.2,52.6,52.1,57.6,65.3,38.6,60.3,22.2,59.9,64.4,94.9,97.7,50.7,53.3,60.6,42.2,82,40,15,18,10,45.48,63101751663.2419,51495696.0,1225.37913970989
7264,Asia,2686,MMR,Myanmar,2017,62.1,74.2,65.7,52.0,54.9,56.9,66.1,43.9,60.9,27.7,87.2,62.1,94.8,97.7,52.3,53.1,61.0,45.7,80,70,15,18,10,45.04,66973743448.908,51894938.0,1290.5640902569
7265,Asia,2687,MMR,Myanmar,2018,62.1,77.2,65.5,54.3,56.3,56.7,66.9,44.0,63.5,26.8,87.2,62.5,94.8,97.6,49.7,52.2,59.3,41.8,82,63,15,15,10,44.59,71172235145.7539,52272247.0,1361.5683126412
7266,Asia,2688,MMR,Myanmar,2019,62.6,76.9,65.6,54.9,61.1,56.3,67.7,43.4,62.1,28.0,87.2,63.4,94.7,97.6,47.7,52.1,58.4,47.2,80,60,12,15,25,44.15,75854734833.6027,52640713.0,1440.98988236734
7267,Asia,2689,MMR,Myanmar,2020,63.1,77.8,65.6,55.5,61.1,58.2,68.5,44.6,61.8,29.9,87.2,64.3,94.7,97.5,47.7,51.9,57.9,47.8,82,70,15,15,10,43.71,68991135073.5064,53016522.0,1301.31386350667
7268,Asia,2690,MMR,Myanmar,2021,60.4,53.9,65.7,49.7,61.1,57.5,68.5,44.6,66.4,30.2,87.2,54.2,94.4,97.5,47.7,52.0,46.8,49.3,85,70,10,5,15,,60700903302.881,53387102.0,1136.9956605414
7269,Asia,2691,MMR,Myanmar,2022,60.4,58.0,65.9,49.8,61.1,57.5,68.5,44.6,66.4,30.2,87.2,55.4,94.4,97.5,47.6,51.6,41.8,50.0,80,70,10,8,40,,63151698289.3327,53756787.0,1174.76697945755
7270,Africa,2692,NAM,Namibia,2000,55.1,38.0,47.4,30.7,63.4,68.4,51.8,42.0,66.1,9.9,0.0,74.0,83.2,89.2,68.2,71.4,64.0,69.4,15,30,30,55,10,9.79,5607973667.33031,1818647.0,3083.59657884697
7271,Africa,2693,NAM,Namibia,2001,55.1,38.0,47.0,29.5,65.8,68.4,52.0,39.8,65.8,10.1,0.0,74.0,83.4,88.9,67.5,72.8,64.5,68.6,20,30,15,50,5,9.7,5674032719.94258,1857048.0,3055.40444831936
7272,Africa,2694,NAM,Namibia,2002,55.5,38.0,46.5,30.9,67.0,68.7,52.2,42.5,65.6,10.1,0.0,74.0,83.1,89.1,69.6,72.8,64.7,69.3,20,40,25,45,5,9.62,5945742924.34569,1889970.0,3145.94566281247
7273,Africa,2695,NAM,Namibia,2003,55.3,38.0,45.8,30.9,67.1,69.8,52.4,43.0,65.2,10.3,0.0,74.0,82.3,89.0,68.2,73.9,64.7,65.6,25,37,15,60,5,9.53,6197830193.6963,1917464.0,3232.30589658857
7274,Africa,2696,NAM,Namibia,2004,55.5,38.0,46.3,32.4,65.9,69.5,52.7,44.7,65.0,10.3,0.0,74.0,82.5,89.0,68.5,73.9,64.8,65.4,30,33,30,55,15,9.44,6958275950.69608,1942082.0,3582.89503259701
7275,Africa,2697,NAM,Namibia,2005,55.9,38.0,45.3,33.5,68.7,70.9,52.9,44.8,64.9,10.6,0.0,74.2,82.5,88.7,69.3,74.9,64.8,66.2,22,40,25,68,7,9.36,7134269025.97086,1966582.0,3627.75059772278
7276,Africa,2698,NAM,Namibia,2006,56.3,38.0,45.9,32.1,67.4,73.6,53.2,45.4,65.0,10.6,0.0,74.2,83.4,88.7,67.6,77.7,64.8,68.8,5,45,25,60,5,9.27,7638888381.86825,1991888.0,3834.99894666178
7277,Africa,2699,NAM,Namibia,2007,56.4,38.0,45.6,34.4,66.5,73.8,53.4,46.4,65.0,10.7,0.0,74.2,82.6,88.8,63.9,80.4,64.8,70.2,10,40,30,35,7,9.19,8049405616.20712,2018600.0,3987.61796106565
7278,Africa,2700,NAM,Namibia,2008,56.0,38.0,44.3,35.8,66.0,73.8,53.6,42.7,64.9,10.6,0.0,74.2,83.0,88.5,60.4,81.6,65.0,69.8,30,40,55,30,8,9.1,8262699735.19694,2047056.0,4036.38187484707
7279,Africa,2701,NAM,Namibia,2009,56.6,38.0,43.9,35.3,67.2,73.8,53.9,42.9,64.9,10.9,2.8,74.2,82.3,88.4,66.2,86.0,64.6,67.3,20,38,35,60,5,9.01,8287154923.12437,2077394.0,3989.20711387651
7280,Africa,2702,NAM,Namibia,2010,57.2,38.0,44.0,37.9,66.9,72.5,54.1,42.0,65.0,13.5,2.8,74.3,82.8,88.4,69.1,87.7,65.6,68.5,25,55,30,60,5,8.93,8787636883.68937,2109811.0,4165.12990200988
7281,Africa,2703,NAM,Namibia,2011,58.6,43.1,45.2,39.6,70.3,72.5,54.3,44.4,66.5,15.0,2.8,74.2,82.9,87.6,72.2,88.2,65.7,71.1,30,50,30,60,8,8.84,9235045191.83414,2146325.0,4302.72451368462
7282,Africa,2704,NAM,Namibia,2012,60.1,48.4,46.2,39.0,72.2,72.5,54.5,46.1,68.0,22.8,2.8,74.2,82.3,87.2,76.5,89.8,64.8,73.8,20,55,55,55,10,8.75,9702493818.43111,2194654.0,4420.96741373862
7283,Africa,2705,NAM,Namibia,2013,61.1,53.8,47.5,40.8,73.7,77.7,54.7,47.2,66.8,24.1,2.8,74.4,82.2,83.6,79.2,89.8,64.8,76.0,25,58,35,65,10,8.67,10247261642.7308,2252508.0,4549.26759093897
7284,Africa,2706,NAM,Namibia,2014,61.3,56.1,47.5,41.0,73.7,77.2,54.9,45.5,67.1,24.2,2.8,71.7,82.4,83.9,79.4,89.8,66.9,78.1,20,40,30,60,12,8.58,10871578021.6669,2312139.0,4701.95694189098
7285,Africa,2707,NAM,Namibia,2015,62.5,62.0,48.2,41.8,75.6,85.2,55.1,45.9,65.7,26.2,5.5,71.4,82.4,82.8,79.6,89.8,67.6,78.0,30,45,30,60,10,8.5,11335161083.5061,2374300.0,4774.10650865775
7286,Africa,2708,NAM,Namibia,2016,63.3,66.8,48.5,42.6,76.2,84.6,55.3,44.5,64.4,32.9,5.5,71.7,82.2,87.1,79.6,89.8,66.9,76.7,35,50,45,45,15,8.41,11338991738.8743,2439213.0,4648.62713460213
7287,Africa,2709,NAM,Namibia,2017,63.6,63.4,48.4,43.1,77.2,85.3,55.5,47.3,68.7,32.4,5.5,70.0,82.5,88.0,79.9,89.8,66.0,78.1,30,58,25,60,20,8.32,11222512162.9739,2506853.0,4476.73324402105
7288,Africa,2710,NAM,Namibia,2018,64.0,62.5,48.7,45.4,80.5,88.4,55.7,45.7,69.7,34.8,5.5,70.8,83.2,90.9,79.0,86.9,64.7,75.3,20,43,43,55,15,8.24,11341464002.1253,2577327.0,4400.47537705743
7289,Africa,2711,NAM,Namibia,2019,63.5,61.7,49.7,46.5,71.8,86.6,55.9,45.9,67.9,35.1,5.5,68.0,83.2,91.0,79.4,86.9,65.9,79.3,25,48,40,55,10,8.15,11246291861.588,2650494.0,4243.09274481966
7290,Africa,2712,NAM,Namibia,2020,63.6,55.4,49.5,49.1,83.2,86.8,56.0,46.2,66.2,36.6,5.5,65.2,83.7,91.2,79.4,86.9,65.2,75.6,30,50,35,55,5,8.06,10335184546.1643,2728762.0,3787.49943973286
7291,Africa,2713,NAM,Namibia,2021,64.3,59.9,49.8,49.2,83.7,87.5,56.0,46.2,63.7,38.4,5.5,66.8,83.7,91.2,79.4,89.9,64.2,77.5,35,55,35,55,18,,10707646943.9364,2810548.0,3809.80753359714
7292,Africa,2714,NAM,Namibia,2022,64.3,61.1,49.9,49.9,83.7,87.6,56.0,46.2,64.0,38.4,5.5,65.2,83.7,91.2,79.4,89.9,64.4,76.7,35,52,35,55,20,,11285723330.952,2889662.0,3905.55135201003
7316,Asia,2738,NPL,Nepal,2000,49.9,65.1,48.4,31.9,46.8,17.8,53.5,24.1,64.6,15.6,34.0,44.6,97.4,99.2,0.0,65.3,51.3,39.5,35,35,10,20,10,40.33,13432367221.0195,24546509.0,547.221082273632
7317,Asia,2739,NPL,Nepal,2001,50.2,65.1,48.8,33.1,48.0,17.8,54.3,23.4,64.6,15.6,34.0,44.5,97.5,99.2,0.0,65.3,51.1,40.7,35,50,25,15,5,40.45,14077106359.8202,24946748.0,564.28622920391
7318,Asia,2740,NPL,Nepal,2002,50.8,65.1,50.3,34.3,48.7,17.8,55.1,29.1,64.7,15.6,34.0,45.2,97.5,99.2,0.0,65.4,51.1,40.2,45,45,10,15,12,40.58,14094019042.6825,25328981.0,556.438454538796
7319,Asia,2741,NPL,Nepal,2003,51.4,65.1,51.7,35.7,52.7,17.8,55.8,30.4,64.6,15.6,34.0,45.0,97.6,99.2,0.0,65.4,51.2,40.2,35,44,18,15,15,40.71,14650033415.89,25688758.0,570.28967363428
7320,Asia,2742,NPL,Nepal,2004,51.8,65.1,53.1,36.8,53.0,17.8,56.6,31.0,64.6,15.6,34.0,45.7,97.6,99.2,0.0,67.3,51.1,40.5,35,40,20,20,10,40.83,15336036356.9726,26016656.0,589.46992868617
7321,Asia,2743,NPL,Nepal,2005,52.2,65.1,53.6,37.5,53.0,17.8,57.4,33.5,64.7,15.7,34.0,45.5,97.6,99.2,0.0,67.5,51.1,41.3,35,72,15,18,12,40.96,15869604827.464,26309458.0,603.190108570995
7322,Asia,2744,NPL,Nepal,2006,53.1,65.1,52.9,39.4,58.4,20.7,58.2,36.5,64.7,15.7,34.0,46.2,97.6,99.2,0.0,68.2,51.4,41.2,37,60,18,20,10,41.08,16403555897.1058,26565425.0,617.477638588722
7323,Asia,2745,NPL,Nepal,2007,53.2,65.1,53.4,40.3,58.4,26.9,59.0,37.4,64.7,15.7,34.0,39.1,97.6,99.2,0.0,68.2,50.8,41.7,40,55,22,22,10,41.21,16963173094.5667,26788492.0,633.226129136597
7324,Asia,2746,NPL,Nepal,2008,54.7,65.1,55.5,40.1,62.3,35.4,59.9,37.5,64.6,15.7,34.0,44.7,97.5,99.2,0.0,68.2,52.5,42.6,35,70,20,25,15,41.34,17998713599.3171,26990037.0,666.865095417138
7325,Asia,2747,NPL,Nepal,2009,54.6,65.1,56.0,43.0,62.3,35.8,60.7,38.9,64.6,16.5,34.0,36.8,97.4,99.1,0.0,68.8,49.3,45.7,35,63,15,20,15,41.46,18814609456.1982,27173035.0,692.400000816919
7326,Asia,2748,NPL,Nepal,2010,58.0,65.1,56.3,41.9,64.2,36.2,61.6,41.2,64.6,17.6,80.2,38.3,97.3,99.1,0.0,69.0,51.0,44.6,35,60,22,20,10,41.59,19720799061.8121,27341952.0,721.265221364302
7327,Asia,2749,NPL,Nepal,2011,59.1,64.7,59.3,44.6,75.9,35.1,62.4,41.8,64.7,17.7,80.2,38.1,97.2,99.1,0.0,69.0,52.6,43.5,38,68,20,25,15,41.59,20395607080.0478,27464494.0,742.617252662576
7328,Asia,2750,NPL,Nepal,2012,60.0,65.9,62.0,45.7,78.1,36.5,63.3,44.7,64.6,20.0,80.2,37.6,97.1,99.1,0.0,69.0,52.6,43.6,37,65,25,25,10,41.59,21348110877.0432,27534915.0,775.310578479839
7329,Asia,2751,NPL,Nepal,2013,60.9,66.8,60.2,47.4,80.0,40.3,64.2,45.4,64.7,20.7,80.2,42.3,97.0,98.9,0.0,69.0,53.8,44.1,40,62,20,30,10,41.59,22100664484.6361,27589996.0,801.039060847856
7330,Asia,2752,NPL,Nepal,2014,62.4,67.8,62.1,50.4,83.2,42.2,65.1,46.8,65.9,24.2,80.2,45.4,96.8,98.7,0.0,69.0,55.3,45.6,35,60,22,35,20,41.59,23429242138.2095,27672370.0,846.665541773599
7331,Asia,2753,NPL,Nepal,2015,62.4,68.6,62.2,50.0,82.4,43.9,66.0,47.2,66.0,25.9,80.2,40.4,96.8,98.8,0.0,69.0,55.8,46.0,45,60,25,30,15,41.59,24360801286.7638,27823629.0,875.543635474862
7332,Asia,2754,NPL,Nepal,2016,63.4,70.2,63.2,51.1,84.3,43.3,67.0,48.3,66.0,27.1,80.2,45.5,96.8,98.7,0.0,69.0,55.8,47.8,38,61,35,23,40,41.59,24466311259.2881,27955462.0,875.188943730855
7333,Asia,2755,NPL,Nepal,2017,64.3,69.9,65.3,53.3,85.1,44.6,67.9,47.6,67.4,30.9,80.2,42.9,96.7,98.3,0.0,69.0,58.2,51.1,37,55,20,30,20,41.59,26662720369.2492,28011258.0,951.857298563641
7334,Asia,2756,NPL,Nepal,2018,65.3,72.4,65.3,54.7,88.6,47.5,68.9,49.8,67.9,30.1,80.2,46.0,96.5,97.6,0.0,68.9,57.4,52.7,40,60,20,30,20,41.59,28695053195.3456,28079689.0,1021.91492204011
7335,Asia,2757,NPL,Nepal,2019,66.2,75.6,63.8,59.1,91.1,50.3,69.8,48.2,69.1,32.1,80.2,46.7,96.5,97.7,0.0,68.9,56.8,52.7,40,66,12,33,25,41.59,30605298792.5448,28414064.0,1077.11796498188
7336,Asia,2758,NPL,Nepal,2020,66.3,76.8,64.1,59.5,91.8,50.3,70.8,48.5,66.4,33.3,80.2,46.2,96.5,97.7,0.0,68.9,56.4,53.1,44,63,35,22,12,41.59,29880069318.7261,28966574.0,1031.53618783934
7337,Asia,2759,NPL,Nepal,2021,66.5,78.2,64.5,58.0,86.9,50.6,70.8,48.5,67.1,37.4,80.2,47.4,96.5,97.7,0.0,68.9,56.2,55.7,40,63,30,30,20,,31325711777.1674,29475010.0,1062.7888430629
7338,Asia,2760,NPL,Nepal,2022,66.5,81.4,68.6,59.6,83.9,50.7,70.8,48.5,67.8,37.9,80.2,46.6,96.5,97.7,0.0,68.9,55.4,54.7,35,58,18,25,5,,33089761144.5103,29715436.0,1113.55462341223
7339,Europe,2761,NLD,Netherlands,2000,75.6,99.5,70.9,90.8,95.7,77.5,87.5,66.2,86.7,75.5,90.8,86.9,44.8,36.5,58.5,75.1,83.4,58.6,10,18,85,80,8,10.67,647616371669.345,15925513.0,40665.338169599
7340,Europe,2762,NLD,Netherlands,2001,75.7,99.5,70.6,91.0,95.7,77.6,87.3,66.3,87.1,76.3,90.8,86.9,45.2,35.8,58.6,75.0,83.3,59.2,20,20,80,80,8,10.71,662664228363.74,16046180.0,41297.3198832208
7341,Europe,2763,NLD,Netherlands,2002,75.7,99.5,70.5,91.1,95.7,76.7,87.0,66.5,86.9,77.8,90.8,86.9,45.7,36.1,57.6,75.1,83.4,60.2,10,10,80,80,8,10.75,664292962005.237,16148929.0,41135.4190736263
7342,Europe,2764,NLD,Netherlands,2003,75.8,99.5,70.3,91.5,95.3,78.2,86.7,66.5,86.3,78.4,90.8,86.9,45.5,35.7,58.0,75.0,83.3,61.0,10,20,82,75,8,10.8,664942855515.362,16225302.0,40981.8477039972
7343,Europe,2765,NLD,Netherlands,2004,76.0,99.5,69.9,92.1,94.9,78.2,86.4,66.9,85.7,79.0,90.8,86.9,46.6,35.5,60.4,75.0,83.7,60.9,20,15,85,80,8,10.84,678350164553.838,16281779.0,41663.1477772692
7344,Europe,2766,NLD,Netherlands,2005,76.3,99.5,69.6,92.4,94.8,78.2,86.1,66.9,84.9,80.8,92.0,87.0,46.6,36.2,61.8,75.2,83.6,60.9,20,17,82,78,10,10.88,692147558366.871,16319868.0,42411.3453838518
7345,Europe,2767,NLD,Netherlands,2006,76.1,99.5,69.4,92.8,95.1,78.5,86.2,66.9,85.3,81.1,90.5,87.0,46.3,37.1,58.7,75.1,83.6,60.5,15,20,85,83,7,10.92,716631413729.704,16346101.0,43841.1223404104
7346,Europe,2768,NLD,Netherlands,2007,76.1,99.5,69.2,93.1,95.7,80.0,86.4,67.7,85.6,81.1,91.1,86.6,45.1,37.2,56.7,75.0,83.3,60.2,15,25,85,78,10,10.96,744474740255.869,16381696.0,45445.522872349
7347,Europe,2769,NLD,Netherlands,2008,76.4,99.5,69.4,93.4,95.9,81.1,86.5,68.1,85.9,81.2,91.5,87.5,45.5,36.9,56.4,75.0,83.6,60.9,12,18,85,70,7,11.0,760233900200.237,16445593.0,46227.211156219
7348,Europe,2770,NLD,Netherlands,2009,76.9,99.5,69.4,93.5,96.1,81.6,86.2,68.8,85.7,81.6,93.5,87.5,47.7,37.8,55.0,75.0,85.2,62.5,18,18,80,75,5,11.04,732369119343.411,16530388.0,44304.4119317351
7349,Europe,2771,NLD,Netherlands,2010,77.0,99.5,69.0,94.4,96.3,80.8,86.4,68.7,85.3,82.0,93.6,89.7,47.7,36.1,56.2,75.5,84.8,62.8,18,20,85,79,10,11.09,742031413974.447,16615394.0,44659.272839058
7350,Europe,2772,NLD,Netherlands,2011,77.4,99.4,68.9,94.8,96.2,81.1,86.7,69.2,85.3,84.8,93.6,88.5,47.5,37.4,58.3,75.4,85.7,62.8,17,30,80,79,8,11.03,755190192159.834,16693074.0,45239.7318887962
7351,Europe,2773,NLD,Netherlands,2012,77.6,99.5,68.7,94.7,96.0,80.1,86.4,68.8,84.9,86.4,94.2,88.1,48.5,43.4,55.3,75.4,85.6,63.1,15,35,80,82,10,10.98,747805361887.684,16754962.0,44631.8745388789
7352,Europe,2774,NLD,Netherlands,2013,78.0,99.4,68.5,94.9,95.9,83.0,86.5,68.7,84.1,87.9,94.5,91.2,48.3,42.7,55.1,76.4,86.0,63.5,20,18,82,78,10,10.93,747579281182.565,16804432.0,44487.03063469
7353,Europe,2775,NLD,Netherlands,2014,78.2,99.3,68.4,94.9,95.9,82.8,87.0,69.3,84.1,88.3,90.3,92.9,48.5,45.4,54.4,77.0,86.9,63.1,18,30,78,79,8,10.88,759634819525.581,16865008.0,45042.0669545832
7354,Europe,2776,NLD,Netherlands,2015,78.5,99.3,67.9,95.2,97.4,82.6,87.4,69.7,84.7,92.8,94.0,94.1,47.8,40.5,53.5,77.4,87.6,62.4,30,32,80,80,10,10.83,775743675302.734,16939923.0,45793.8135434697
7355,Europe,2777,NLD,Netherlands,2016,78.7,99.3,67.6,95.4,97.8,82.9,87.6,69.9,85.2,92.6,93.7,94.7,47.9,42.0,53.3,77.3,87.6,62.4,30,30,75,80,7,10.86,794549918521.022,17030314.0,46655.0363382039
7356,Europe,2778,NLD,Netherlands,2017,78.7,99.2,68.0,95.5,99.1,82.6,87.6,70.5,85.9,93.1,92.0,92.3,47.9,42.7,53.3,77.8,87.4,62.2,15,25,80,80,7,10.88,816650691531.918,17131296.0,47670.1057253297
7357,Europe,2779,NLD,Netherlands,2018,78.8,99.3,67.7,95.5,99.2,82.8,87.3,71.0,85.9,92.8,93.2,93.2,47.8,40.5,52.1,78.3,87.8,65.3,18,25,85,60,8,10.91,835096710412.613,17231624.0,48463.0299739951
7358,Europe,2780,NLD,Netherlands,2019,78.7,99.2,67.7,95.8,98.3,80.7,87.2,72.0,86.5,93.2,87.9,94.9,47.7,41.4,55.3,78.2,86.9,65.2,20,35,80,80,10,10.94,854304699526.719,17344874.0,49254.0158854264
7359,Europe,2781,NLD,Netherlands,2020,79.3,99.2,67.7,96.0,99.3,82.0,87.2,72.0,86.5,93.3,89.8,96.5,47.7,43.7,55.3,78.2,87.3,67.3,18,23,80,80,8,10.97,821260592382.701,17441500.0,47086.5804192702
7360,Europe,2782,NLD,Netherlands,2021,79.4,99.2,67.7,95.5,99.3,85.2,87.2,72.0,86.0,93.4,89.8,96.5,47.7,43.3,55.3,78.0,87.3,66.8,30,30,80,80,10,,872809729132.839,17533044.0,49780.8440526836
7361,Europe,2783,NLD,Netherlands,2022,79.4,99.3,67.7,95.7,99.3,85.1,87.2,72.0,86.3,93.4,89.8,92.9,47.7,43.3,55.3,77.9,86.7,70.8,18,30,80,79,8,,916513359459.671,17700982.0,51777.5431588864
7362,Oceania,2784,NZL,New Zealand,2000,74.4,0.0,62.8,86.9,94.3,77.9,89.6,83.9,86.3,71.7,76.9,86.5,44.1,62.1,56.7,52.3,89.8,68.2,10,40,75,80,8,37.41,119024733715.31,3857700.0,30853.807635459
7363,Oceania,2785,NZL,New Zealand,2001,74.3,0.0,62.5,87.0,94.3,78.2,89.6,82.8,86.7,72.6,76.9,86.5,44.2,61.3,57.1,52.1,89.8,68.1,20,40,85,80,10,37.41,123084659196.388,3880500.0,31718.7628389095
7364,Oceania,2786,NZL,New Zealand,2002,74.6,0.0,63.3,87.6,94.3,77.4,89.6,84.0,86.8,73.4,76.9,86.5,43.2,61.4,58.9,52.3,89.7,68.4,20,45,85,75,8,37.41,128886227124.252,3948500.0,32641.8202163485
7365,Oceania,2787,NZL,New Zealand,2003,74.6,0.0,64.1,87.4,94.3,76.9,89.6,83.6,87.1,73.9,76.9,86.5,43.2,60.9,58.7,52.0,89.8,68.3,15,30,70,75,10,37.41,134980022138.236,4027200.0,33517.0893271345
7366,Oceania,2788,NZL,New Zealand,2004,74.5,0.0,62.7,87.2,94.3,76.9,89.6,84.9,87.4,74.0,76.9,86.5,42.3,61.3,57.2,51.9,89.9,68.9,10,30,78,67,8,37.41,140497957984.618,4087500.0,34372.5891093868
7367,Oceania,2789,NZL,New Zealand,2005,74.5,0.0,63.5,88.4,94.3,78.9,89.6,84.3,87.5,74.1,76.9,86.5,41.7,60.9,55.8,51.8,89.6,69.0,10,30,85,70,7,37.41,145208752801.012,4133900.0,35126.3341641095
7368,Oceania,2790,NZL,New Zealand,2006,74.6,0.0,63.5,88.5,94.3,78.8,89.6,84.4,87.5,75.0,76.9,86.5,42.2,61.1,55.3,52.0,89.6,68.9,12,35,82,75,8,37.4,149245237527.889,4184600.0,35665.3533259784
7369,Oceania,2791,NZL,New Zealand,2007,74.6,0.0,63.0,88.4,94.3,79.2,89.6,84.4,87.5,75.2,76.9,86.9,42.6,61.6,55.6,51.8,87.6,68.7,15,35,85,70,7,37.4,153806793428.762,4223800.0,36414.3173040299
7370,Oceania,2792,NZL,New Zealand,2008,74.6,0.0,63.4,89.4,94.3,79.4,89.6,83.8,87.2,75.6,78.1,84.1,43.2,61.3,56.1,51.8,87.9,68.9,10,30,85,75,8,37.4,152242519171.133,4259800.0,35739.3584607571
7371,Oceania,2793,NZL,New Zealand,2009,75.0,0.0,63.1,89.9,94.3,79.4,89.6,85.0,86.2,77.0,78.1,84.1,44.1,62.6,55.9,52.0,87.8,70.8,10,40,85,68,7,37.4,152185479818.28,4302600.0,35370.585185302
7372,Oceania,2794,NZL,New Zealand,2010,75.3,0.0,62.4,90.7,94.1,79.5,89.6,85.7,85.9,77.2,75.6,88.5,43.5,62.7,56.4,51.7,88.7,72.1,18,45,85,70,7,37.4,154405312544.983,4350700.0,35489.7631519026
7373,Oceania,2795,NZL,New Zealand,2011,75.5,0.0,60.6,91.5,94.0,78.8,89.6,86.2,85.9,79.3,78.8,88.9,43.1,62.3,55.8,51.5,89.5,71.9,25,50,85,72,8,37.4,157637781921.494,4384000.0,35957.523248516
7374,Oceania,2796,NZL,New Zealand,2012,75.2,0.0,61.5,91.6,93.9,79.1,89.6,85.1,85.6,78.8,75.6,88.2,43.3,62.0,55.7,51.3,89.0,72.4,15,55,65,71,10,37.4,161367975232.595,4408100.0,36607.1493914827
7375,Oceania,2797,NZL,New Zealand,2013,75.3,0.0,60.9,92.4,93.8,81.1,89.6,84.8,86.2,82.6,72.5,88.2,43.1,61.8,57.1,51.2,88.9,71.2,10,45,85,78,15,37.4,165546666710.166,4442100.0,37267.6586997514
7376,Oceania,2798,NZL,New Zealand,2014,75.3,0.0,60.2,92.5,93.6,79.7,89.6,85.1,86.4,85.1,72.5,87.2,43.0,61.5,58.0,50.9,89.9,70.6,18,45,85,79,7,37.4,171881119396.758,4516500.0,38056.2646732554
7377,Oceania,2799,NZL,New Zealand,2015,76.0,0.0,60.2,92.7,94.7,80.7,89.6,85.1,86.3,86.7,80.0,85.9,43.6,63.7,56.9,50.9,89.5,70.0,15,40,85,82,10,37.4,178224167087.99,4609400.0,38665.3723018158
7378,Oceania,2800,NZL,New Zealand,2016,75.3,0.0,59.9,92.6,94.5,81.0,89.6,85.5,86.4,77.4,76.3,87.6,43.5,64.3,56.8,50.6,89.3,70.0,15,45,80,78,8,37.43,184959455627.068,4714100.0,39235.3695566636
7379,Oceania,2801,NZL,New Zealand,2017,75.8,0.0,59.4,92.8,95.1,84.6,89.6,84.7,86.7,86.6,74.4,85.6,43.3,63.6,54.7,50.4,90.1,71.1,21,33,85,79,7,37.47,191208740301.496,4813600.0,39722.6068434219
7380,Oceania,2802,NZL,New Zealand,2018,76.1,0.0,59.5,93.1,96.2,84.9,89.6,85.0,87.0,88.3,76.3,87.2,43.4,64.7,52.7,50.2,89.4,70.7,18,50,85,82,8,37.5,197844796498.754,4900600.0,40371.5456268118
7381,Oceania,2803,NZL,New Zealand,2019,76.2,0.0,59.5,93.0,95.2,86.6,89.6,84.3,87.0,89.0,78.1,86.8,43.4,64.5,53.2,49.9,88.5,70.5,20,35,80,65,7,37.54,202429793153.827,4979200.0,40655.0837792873
7382,Oceania,2804,NZL,New Zealand,2020,76.8,0.0,59.5,93.1,94.1,90.3,89.6,84.3,87.5,88.7,81.3,87.2,43.4,65.7,53.2,49.6,89.3,71.8,15,45,80,75,10,37.57,201807833897.729,5090200.0,39646.3466853422
7383,Oceania,2805,NZL,New Zealand,2021,77.5,0.0,59.5,92.6,94.1,91.1,89.6,84.3,87.5,89.9,81.3,89.2,49.0,66.1,53.2,49.5,89.2,74.3,15,45,85,77,8,,210960637812.921,5111300.0,41273.3820775381
7384,Oceania,2806,NZL,New Zealand,2022,78.4,0.0,59.5,92.5,94.1,91.4,89.6,84.3,87.8,89.9,81.3,87.6,49.0,66.1,53.2,49.0,87.4,72.6,18,45,80,78,8,,218336637842.863,5117100.0,42668.0420243621
7385,North America,2807,NIC,Nicaragua,2000,56.5,61.9,50.2,63.9,62.8,51.3,62.5,47.0,64.7,10.9,14.2,65.1,87.6,97.2,51.9,69.9,57.0,42.4,25,18,15,15,8,44.87,7324881903.35865,5022633.0,1458.37490084556
7386,North America,2808,NIC,Nicaragua,2001,56.7,61.9,50.4,64.6,65.2,52.2,62.7,45.9,64.7,10.9,14.2,65.2,87.6,97.1,51.8,71.8,56.7,41.4,30,20,12,15,5,43.86,7541760192.38638,5087825.0,1482.31517247279
7387,North America,2809,NIC,Nicaragua,2002,57.3,61.9,50.5,62.7,70.1,58.7,62.9,46.6,64.6,10.9,14.2,65.7,86.6,97.1,52.3,71.8,56.6,41.1,10,30,10,35,10,42.85,7598620454.41747,5149909.0,1475.48635411179
7388,North America,2810,NIC,Nicaragua,2003,57.6,61.9,51.7,63.1,70.1,59.6,63.1,48.2,64.6,10.9,14.2,65.8,87.0,97.0,52.5,71.7,56.3,42.2,10,18,22,18,5,41.85,7790161379.81727,5210963.0,1494.95618752566
7389,North America,2811,NIC,Nicaragua,2004,58.1,61.9,52.7,62.8,73.4,60.0,63.4,48.7,65.2,10.9,14.2,66.2,87.3,97.0,53.1,71.7,56.2,42.3,30,20,14,18,5,40.84,8203988039.95305,5272912.0,1555.87425694816
7390,North America,2812,NIC,Nicaragua,2005,58.6,61.9,52.8,64.7,75.2,60.0,63.6,50.0,65.9,11.0,20.0,66.3,86.8,97.1,50.5,71.6,55.3,43.2,30,15,10,23,10,39.83,8555315487.40164,5342105.0,1601.48770707458
7391,North America,2813,NIC,Nicaragua,2006,58.9,61.9,52.7,66.1,74.7,59.2,63.8,50.4,65.9,11.1,20.0,66.7,87.1,97.0,53.8,71.5,55.0,44.5,35,15,15,22,5,38.83,8910613085.37027,5418855.0,1644.37193565251
7392,North America,2814,NIC,Nicaragua,2007,58.9,61.9,52.1,66.9,75.2,60.9,64.1,50.2,66.1,11.2,20.0,66.0,87.2,97.0,51.9,71.5,53.5,45.2,35,25,25,20,15,37.82,9362947172.55444,5497243.0,1703.20780299405
7393,North America,2815,NIC,Nicaragua,2008,59.4,61.9,52.7,69.1,74.9,60.9,64.3,51.8,65.4,11.5,20.0,66.3,87.6,97.1,56.7,71.4,53.8,44.6,10,20,15,22,15,36.82,9684631534.27819,5576593.0,1736.65740610408
7394,North America,2816,NIC,Nicaragua,2009,60.1,61.9,53.3,70.4,74.9,62.0,64.5,52.4,64.3,11.8,33.3,65.1,87.0,97.1,54.1,71.3,52.5,45.6,20,20,15,20,5,35.81,9365749046.00831,5656601.0,1655.72028962416
7395,North America,2817,NIC,Nicaragua,2010,60.8,61.9,53.4,71.9,75.9,62.0,64.8,53.2,64.5,12.2,33.3,67.1,87.5,97.1,56.3,71.3,52.6,49.1,37,28,15,18,15,34.8,9778787862.00226,5737450.0,1704.37875049059
7396,North America,2818,NIC,Nicaragua,2011,61.6,62.6,54.1,71.6,75.9,73.3,65.0,53.5,65.2,12.4,33.3,69.4,87.3,96.8,52.2,71.2,53.3,49.9,30,28,18,18,5,34.34,10396483140.3717,5819051.0,1786.62863418308
7397,North America,2819,NIC,Nicaragua,2012,62.6,64.1,53.5,71.2,75.9,73.3,65.2,55.2,65.9,13.0,33.3,68.8,87.1,96.9,63.6,71.1,55.9,50.8,30,25,15,30,5,33.87,11071852873.3639,5901287.0,1876.1759720149
7398,North America,2820,NIC,Nicaragua,2013,63.1,65.3,52.7,72.9,75.9,78.0,65.5,56.7,65.9,13.2,33.3,68.3,87.1,96.8,62.4,71.4,56.9,50.8,25,33,15,23,5,33.4,11617373486.8649,5983845.0,1941.45628552626
7399,North America,2821,NIC,Nicaragua,2014,63.1,66.7,52.5,73.5,75.9,79.5,65.7,57.5,67.1,13.3,23.7,71.5,87.3,96.8,63.3,71.3,55.5,50.8,35,30,15,30,5,32.94,12173318263.9174,6066492.0,2006.64869646533
7400,North America,2822,NIC,Nicaragua,2015,63.3,68.5,52.7,74.2,78.0,79.2,66.0,57.1,67.2,14.5,23.7,72.0,86.7,96.2,61.8,71.2,56.1,51.6,38,38,18,25,8,32.47,12756696261.0676,6149417.0,2074.45620634731
7401,North America,2823,NIC,Nicaragua,2016,63.8,70.5,53.5,74.4,78.0,81.6,66.2,57.8,67.7,19.4,23.7,71.1,86.5,96.2,58.9,71.2,55.6,52.4,38,35,15,25,10,31.64,13338803114.2245,6232666.0,2140.14405941606
7402,North America,2824,NIC,Nicaragua,2017,64.9,71.1,54.1,75.7,78.0,81.8,66.2,58.6,70.6,21.2,23.7,73.1,86.8,96.3,63.3,71.1,58.1,53.8,44,20,15,24,15,30.81,13956550774.5717,6316231.0,2209.63273423213
7403,North America,2825,NIC,Nicaragua,2018,63.7,68.5,54.8,74.9,78.0,81.6,66.3,59.6,68.4,20.7,23.7,64.8,87.1,96.9,64.7,61.8,55.6,55.1,45,30,15,14,10,29.98,13487142194.6088,6400080.0,2107.3396261623
7404,North America,2826,NIC,Nicaragua,2019,64.4,67.3,54.8,75.9,78.0,80.8,66.3,59.2,68.3,21.7,23.7,76.4,87.1,96.9,62.0,61.7,56.5,57.8,55,30,20,20,15,29.15,13096437236.4148,6483657.0,2019.91518620044
7405,North America,2827,NIC,Nicaragua,2020,64.4,66.5,54.4,75.6,78.0,82.0,66.3,59.7,67.9,27.6,23.7,73.2,87.1,97.1,62.0,61.6,54.1,58.0,60,35,15,15,7,28.32,12803529948.2066,6565267.0,1950.19181218473
7406,North America,2828,NIC,Nicaragua,2021,64.8,69.6,54.8,74.3,78.0,83.7,66.3,59.7,67.6,30.0,23.7,71.9,87.3,97.0,62.0,64.3,53.8,58.3,55,40,15,17,10,,14142060836.745,6644741.0,2128.30881395452
7407,North America,2829,NIC,Nicaragua,2022,64.8,71.7,54.8,74.8,78.0,83.9,66.3,59.7,67.6,30.0,23.7,73.2,87.3,97.0,61.9,64.1,49.4,58.1,72,28,15,18,10,,14644146345.7189,6730654.0,2175.73899144405
7408,Africa,2830,NER,Niger,2000,38.2,3.7,38.6,19.2,0.0,23.3,39.9,7.5,67.1,9.5,31.4,31.9,95.7,99.5,0.0,52.0,51.1,41.2,25,40,8,20,7,1.05,4522117708.50312,11509630.0,392.898616941042
7409,Africa,2831,NER,Niger,2001,38.2,3.7,39.5,19.4,0.0,23.3,39.9,6.2,67.1,9.5,31.4,32.0,95.6,99.5,0.0,51.9,51.1,40.8,20,40,20,30,7,1.04,4850791323.99035,11920647.0,406.923493665264
7410,Africa,2832,NER,Niger,2002,38.3,3.7,39.3,19.7,0.0,23.3,39.9,7.3,66.9,9.5,31.4,32.2,95.5,99.5,0.0,51.9,51.1,41.1,25,40,10,12,10,1.03,5089376067.96136,12349144.0,412.123793192578
7411,Africa,2833,NER,Niger,2003,38.2,3.7,39.4,19.8,0.0,23.3,39.9,6.8,66.6,9.5,31.4,32.4,95.6,99.5,0.0,51.8,51.1,40.1,35,20,15,15,8,1.02,5199846593.3602,12796984.0,406.333757497876
7412,Africa,2834,NER,Niger,2004,38.5,3.7,38.4,20.6,0.0,29.1,39.9,6.8,66.4,9.5,31.4,32.5,95.4,99.5,0.0,51.7,51.1,40.3,25,40,35,15,10,1.01,5218763717.35798,13265836.0,393.398781453199
7413,Africa,2835,NER,Niger,2005,39.6,3.7,39.0,21.6,0.0,29.1,40.1,11.3,66.2,9.5,31.4,35.9,95.6,99.5,0.0,58.8,51.1,41.5,35,35,18,15,10,1.0,5601396628.31908,13756192.0,407.190931059924
7414,Africa,2836,NER,Niger,2006,40.2,3.7,42.7,22.9,0.0,29.3,40.3,11.0,66.4,9.5,31.4,36.0,95.6,99.5,0.0,58.6,51.0,44.7,40,25,15,22,5,0.99,5933618261.55882,14268581.0,415.852022114801
7415,Africa,2837,NER,Niger,2007,42.4,3.7,42.1,25.3,0.0,29.7,40.5,11.2,66.7,9.5,62.9,39.4,95.7,99.5,0.0,58.6,49.0,45.0,25,35,15,18,10,0.98,6120095511.70958,14803610.0,413.419126261066
7416,Africa,2838,NER,Niger,2008,41.7,3.7,41.5,26.9,0.0,30.2,40.7,9.9,67.0,9.5,62.9,29.9,95.6,99.5,0.0,58.5,46.9,44.6,30,55,15,18,10,0.97,6593265446.85522,15361915.0,429.195542798877
7417,Africa,2839,NER,Niger,2009,42.4,3.7,42.4,27.8,0.0,29.3,40.9,9.0,67.2,9.5,62.9,37.8,95.4,99.5,0.0,58.5,48.4,45.6,30,40,15,14,10,0.96,6722664934.31258,15943675.0,421.650901333136
7418,Africa,2840,NER,Niger,2010,42.4,3.7,40.4,29.1,0.7,29.8,41.2,7.8,67.5,9.5,62.9,37.7,95.5,99.5,0.0,58.4,51.0,44.2,38,35,10,25,10,0.95,7299346341.92573,16548835.0,441.079166112039
7419,Africa,2841,NER,Niger,2011,44.7,5.0,42.3,30.4,3.3,32.3,41.4,9.3,67.7,9.5,84.3,39.9,95.9,99.5,0.0,58.3,51.4,44.7,38,45,15,18,10,0.94,7471447186.58798,17176283.0,434.986264873953
7420,Africa,2842,NER,Niger,2012,44.7,6.4,40.9,30.6,4.0,34.5,41.7,6.1,66.7,10.6,84.3,38.8,96.0,99.5,0.0,58.3,51.9,44.5,38,55,15,18,7,0.93,8259606009.352,17836769.0,463.066265496402
7421,Africa,2843,NER,Niger,2013,45.1,6.9,42.9,31.1,3.8,34.1,41.9,5.8,67.2,10.6,84.3,43.2,95.9,99.5,0.0,58.2,50.5,45.9,40,60,15,15,10,0.92,8698614858.59842,18519898.0,469.690214200878
7422,Africa,2844,NER,Niger,2014,44.5,6.5,43.1,33.2,3.8,34.4,42.1,4.3,67.6,8.2,75.5,41.2,95.9,99.4,0.0,58.1,49.6,48.1,40,66,15,22,8,0.91,9276388744.59484,19215909.0,482.74524741946
7423,Africa,2845,NER,Niger,2015,44.8,7.3,44.0,34.7,4.7,35.0,42.3,9.3,67.6,8.3,75.5,37.2,96.0,99.5,0.0,58.1,50.0,46.8,40,55,15,18,10,0.9,9683867926.44282,19939498.0,485.662574175279
7424,Africa,2846,NER,Niger,2016,44.8,9.2,46.7,34.8,5.3,35.5,42.6,9.2,67.6,9.6,75.5,36.6,96.1,99.5,0.0,58.0,46.8,44.2,35,63,30,20,10,0.89,10239808436.9433,20685753.0,495.017437216008
7425,Africa,2847,NER,Niger,2017,46.9,11.0,46.7,36.7,6.9,39.5,42.8,11.0,68.8,10.7,75.5,40.0,96.0,99.5,0.0,72.2,47.5,45.8,40,55,18,18,7,0.88,10752347793.0235,21435446.0,501.615305462902
7426,Africa,2848,NER,Niger,2018,46.2,11.9,43.2,37.2,3.5,40.3,42.9,9.0,68.8,9.3,63.2,47.9,96.2,99.5,0.0,72.1,46.8,47.1,40,60,18,25,20,0.87,11527744540.163,22188069.0,519.546993483886
7427,Africa,2849,NER,Niger,2019,46.9,11.9,46.8,37.9,2.8,41.0,43.1,10.8,69.3,10.4,63.2,47.2,96.2,99.5,0.0,74.0,48.7,47.9,38,63,18,19,10,0.86,12212475570.6373,22947757.0,532.186024570389
7428,Africa,2850,NER,Niger,2020,46.8,12.2,44.9,37.7,2.8,38.9,43.3,10.9,67.8,11.2,63.2,47.4,96.2,99.5,0.0,73.9,49.6,48.7,35,45,15,20,10,0.85,12646096746.8881,23717613.0,533.194328910254
7429,Africa,2851,NER,Niger,2021,47.1,10.1,44.8,38.4,3.0,43.5,43.3,10.9,67.5,11.3,63.2,47.4,96.2,99.5,0.0,73.9,49.7,51.6,40,63,12,15,15,,12821067681.4111,24502140.0,523.263179518652
7430,Africa,2852,NER,Niger,2022,48.3,12.8,45.3,37.6,3.0,43.7,43.3,10.9,67.6,11.3,63.2,46.2,96.2,99.5,0.0,73.8,49.0,51.7,42,62,12,15,10,,14346774735.5026,25311973.0,566.797962983866
7431,Africa,2853,NGA,Nigeria,2000,46.1,39.7,58.3,21.8,26.3,34.0,45.1,10.1,62.4,15.0,52.5,27.6,96.1,96.8,57.9,67.9,37.6,35.5,30,60,25,18,15,27.33,179675448843.373,126382494.0,1421.67987952013
7432,Africa,2854,NGA,Nigeria,2001,46.2,39.7,57.8,21.9,27.0,34.0,45.6,10.3,62.4,15.0,52.5,27.3,96.0,96.7,57.6,67.9,37.6,35.5,43,40,22,25,15,27.15,190308075297.965,129862595.0,1465.45720342309
7433,Africa,2855,NGA,Nigeria,2002,46.6,39.7,57.9,21.3,27.0,34.0,46.3,16.9,62.5,15.1,52.5,27.6,95.9,96.6,57.6,67.9,37.6,35.5,45,60,15,18,10,26.97,219480696548.006,133471989.0,1644.39518877632
7434,Africa,2856,NGA,Nigeria,2003,46.8,39.7,58.0,21.7,31.2,34.6,47.0,15.2,62.5,15.1,52.5,27.3,95.9,96.6,56.9,67.9,37.6,35.5,35,40,15,35,5,26.79,235606371240.501,137202644.0,1717.2145111176
7435,Africa,2857,NGA,Nigeria,2004,47.3,39.7,58.5,22.8,32.4,35.5,47.7,18.6,62.5,15.1,52.5,27.7,96.0,96.6,58.1,67.9,37.6,35.5,35,65,18,20,15,26.61,257401275803.762,141057045.0,1824.80269456773
7436,Africa,2858,NGA,Nigeria,2005,47.6,39.7,58.7,23.2,32.7,37.3,48.4,17.3,62.5,15.3,52.5,30.4,95.9,96.6,58.3,67.8,37.6,35.5,45,40,20,32,18,26.44,273974099482.934,145017253.0,1889.25175325817
7437,Africa,2859,NGA,Nigeria,2006,48.3,39.7,58.8,23.7,39.0,37.9,49.1,19.4,62.5,15.7,52.5,30.8,95.9,96.7,58.2,67.8,37.6,35.5,40,60,35,25,15,26.26,290575362867.503,149077334.0,1949.15856804565
7438,Africa,2860,NGA,Nigeria,2007,48.4,39.7,58.4,24.5,41.0,39.1,49.8,22.1,62.5,15.9,52.5,27.3,95.9,96.8,58.2,67.8,36.2,35.5,50,75,20,28,15,26.08,309727563830.14,153267261.0,2020.83316299454
7439,Africa,2861,NGA,Nigeria,2008,49.0,39.7,59.1,25.8,28.6,40.2,50.5,20.2,62.5,16.1,52.5,34.5,95.8,96.8,58.5,79.7,36.9,35.5,45,68,18,22,20,25.9,330679000570.778,157595014.0,2098.28339220667
7440,Africa,2862,NGA,Nigeria,2009,48.7,39.7,58.0,27.7,29.4,40.2,51.3,21.3,62.5,16.3,52.5,25.7,95.9,97.0,59.0,79.7,35.7,35.5,55,40,35,20,10,25.72,357255424171.356,162049464.0,2204.6072560373
7441,Africa,2863,NGA,Nigeria,2010,50.7,39.7,57.5,29.0,33.5,40.2,52.0,19.5,62.5,16.7,71.0,37.6,95.8,96.7,59.3,79.7,35.8,35.5,50,60,22,20,10,25.54,385856064172.784,166642886.0,2315.46676509662
7442,Africa,2864,NGA,Nigeria,2011,50.7,39.6,57.6,29.3,33.5,39.9,52.8,19.5,62.5,17.0,71.0,34.3,95.6,96.2,59.9,79.7,38.4,35.7,50,60,35,20,15,25.36,406337011591.35,171379598.0,2370.97657091803
7443,Africa,2865,NGA,Nigeria,2012,51.2,40.8,57.0,30.0,33.5,40.1,53.5,24.2,62.5,17.0,71.8,34.5,95.8,97.0,59.4,79.7,37.1,35.7,50,65,20,20,10,25.18,423525315758.054,176200625.0,2403.65387896923
7444,Africa,2866,NGA,Nigeria,2013,51.9,47.2,56.5,27.4,41.3,41.8,54.3,23.6,62.5,17.9,71.8,36.2,95.9,96.7,58.9,79.7,34.7,35.6,63,65,30,22,5,25.0,451780110046.797,181049443.0,2495.34106573748
7445,Africa,2867,NGA,Nigeria,2014,52.4,44.5,60.5,27.7,41.3,41.8,55.0,23.2,65.0,20.3,71.8,35.1,95.9,96.6,60.6,79.7,37.0,35.6,55,68,30,20,35,24.82,480286163931.15,185896915.0,2583.6155695814
7446,Africa,2868,NGA,Nigeria,2015,52.5,42.1,61.1,29.7,41.3,41.2,55.8,25.1,66.4,22.2,70.4,28.3,96.0,97.1,60.7,79.7,39.1,35.8,59,63,35,28,10,24.64,493026682800.63,190671878.0,2585.73360671797
7447,Africa,2869,NGA,Nigeria,2016,52.3,39.7,58.8,31.2,41.3,40.8,56.6,27.2,66.2,22.1,70.4,26.9,96.0,97.3,61.5,79.7,38.6,35.6,54,65,32,30,10,24.46,485055087455.82,195443700.0,2481.81490350326
7448,Africa,2870,NGA,Nigeria,2017,52.8,39.6,58.0,33.7,41.3,40.8,57.3,24.8,66.5,26.1,70.4,32.5,95.8,97.3,62.5,79.7,36.3,34.8,45,60,28,22,20,24.28,488964081500.901,200254579.0,2441.71236404487
7449,Africa,2871,NGA,Nigeria,2018,53.2,42.3,61.3,34.2,38.8,40.1,58.1,23.7,65.9,31.1,72.8,33.6,95.7,96.9,63.3,74.6,36.3,35.0,55,70,28,30,65,24.1,498365674277.734,204938755.0,2431.77857832567
7450,Africa,2872,NGA,Nigeria,2019,53.2,40.6,60.8,33.8,38.8,39.1,58.9,24.4,67.0,34.6,72.8,28.7,95.7,96.8,62.1,74.6,40.2,36.2,58,66,35,25,15,23.93,509371727735.743,209485641.0,2431.53528472982
7451,Africa,2873,NGA,Nigeria,2020,53.3,38.9,60.9,36.1,38.8,41.0,59.7,25.0,65.8,39.2,72.8,25.0,95.7,96.8,62.1,74.6,37.3,37.3,45,65,23,20,10,23.75,500232309808.216,213996181.0,2337.57587388074
7452,Africa,2874,NGA,Nigeria,2021,54.1,49.2,61.0,34.9,38.8,39.1,59.7,25.0,66.5,40.2,72.8,27.4,95.6,96.7,62.1,76.4,36.5,38.2,60,72,35,23,15,,518476715283.896,218529286.0,2372.57314465346
7453,Africa,2875,NGA,Nigeria,2022,54.3,49.9,61.1,36.2,38.8,39.2,59.7,25.0,66.6,40.6,72.8,29.4,95.6,96.7,62.1,76.4,34.7,37.9,65,66,20,30,65,,535335926240.996,223150896.0,2398.98622787065
7477,Europe,2899,MKD,North Macedonia,2000,65.9,93.5,59.4,70.0,70.5,34.4,71.3,64.3,61.7,23.6,39.0,74.7,80.4,86.3,0.0,80.6,74.3,70.9,35,45,20,30,12,37.97,6653275727.54115,2026350.0,3283.37934095351
7478,Europe,2900,MKD,North Macedonia,2001,65.7,93.5,58.2,70.5,69.8,34.7,71.5,62.0,61.7,23.4,39.0,74.7,81.0,86.4,0.0,80.6,74.2,70.7,50,65,22,25,10,37.98,6449202687.04079,2034882.0,3169.32514368931
7479,Europe,2901,MKD,North Macedonia,2002,66.3,93.5,59.8,70.3,70.3,40.5,71.6,62.4,61.7,25.3,39.0,74.7,80.7,87.3,0.0,80.6,74.2,69.3,30,40,18,25,5,37.99,6545532200.7983,2020157.0,3240.11064526089
7480,Europe,2902,MKD,North Macedonia,2003,66.4,93.5,58.9,71.3,69.0,41.1,70.7,64.6,61.7,25.5,39.0,74.7,80.7,87.1,0.0,80.6,74.1,69.6,35,38,20,32,5,38.0,6691013307.97393,2022725.0,3307.92040834712
7481,Europe,2903,MKD,North Macedonia,2004,66.6,93.5,62.3,71.3,68.1,41.8,69.7,65.1,61.7,26.6,39.0,74.7,79.9,87.2,0.0,80.6,74.6,69.2,20,40,20,35,15,38.01,7003757263.7722,2016186.0,3473.76544811451
7482,Europe,2904,MKD,North Macedonia,2005,66.7,93.5,61.3,71.8,68.4,42.1,68.9,66.2,61.7,27.1,39.0,75.3,80.1,87.2,0.0,80.6,75.2,68.7,37,50,15,35,15,38.02,7334620965.18469,2005330.0,3657.56307699216
7483,Europe,2905,MKD,North Macedonia,2006,67.0,93.5,60.3,71.4,67.5,47.0,70.7,66.7,61.7,27.5,39.0,75.4,80.5,87.5,0.0,80.7,74.8,67.2,37,55,24,35,5,38.04,7711402289.66945,1994287.0,3866.74650622977
7484,Europe,2906,MKD,North Macedonia,2007,67.0,93.5,57.4,71.5,67.1,47.7,72.5,65.9,61.7,29.0,39.0,75.4,79.6,88.6,0.0,80.7,74.8,67.6,35,38,22,30,10,38.05,8210598903.42197,1982933.0,4140.63354809364
7485,Europe,2907,MKD,North Macedonia,2008,67.0,93.5,61.7,72.4,65.9,49.2,71.3,65.8,61.6,31.2,39.0,70.0,80.2,88.7,0.0,80.7,72.2,68.2,38,38,32,35,12,38.06,8659882989.55735,1971493.0,4392.5507164151
7486,Europe,2908,MKD,North Macedonia,2009,67.4,93.5,62.2,72.6,67.1,49.8,70.1,68.3,61.7,32.4,39.0,72.8,80.9,89.3,0.0,80.7,72.2,66.6,30,60,22,30,15,38.07,8628827362.55974,1958782.0,4405.20045750867
7487,Europe,2909,MKD,North Macedonia,2010,68.4,93.5,61.2,73.7,68.5,50.0,71.0,71.1,61.7,32.2,52.2,70.0,81.1,89.4,0.0,80.7,73.7,65.3,40,50,25,33,10,38.08,8918648175.61246,1946298.0,4582.36517512347
7488,Europe,2910,MKD,North Macedonia,2011,68.7,92.4,63.0,74.0,68.5,49.4,71.9,68.7,61.6,33.7,56.4,71.2,80.7,88.2,0.0,80.7,74.3,64.7,35,40,22,35,12,38.35,9127334379.6944,1937398.0,4711.13027870081
7489,Europe,2911,MKD,North Macedonia,2012,69.2,92.6,60.7,75.2,66.5,50.4,72.9,68.6,61.7,37.5,61.4,70.4,81.0,89.5,0.0,80.7,74.3,64.5,38,60,25,35,5,38.62,9085697011.49163,1929821.0,4708.05168535923
7490,Europe,2912,MKD,North Macedonia,2013,70.6,92.9,62.6,75.9,66.8,51.8,73.7,70.9,61.7,39.6,69.7,74.1,81.2,90.3,0.0,80.7,73.4,63.7,35,60,22,32,15,38.89,9351477059.69398,1922716.0,4863.68088666968
7491,Europe,2913,MKD,North Macedonia,2014,71.0,93.3,64.7,76.1,67.9,51.2,72.9,70.7,61.4,41.8,73.3,75.9,81.1,90.3,0.0,80.7,72.7,62.8,38,65,45,30,17,39.16,9690853712.45803,1917557.0,5053.75001236367
7492,Europe,2914,MKD,North Macedonia,2015,70.9,93.9,62.4,75.9,71.5,51.2,72.1,72.8,59.3,42.6,71.9,73.2,81.4,91.0,0.0,80.7,70.4,63.7,35,55,33,28,15,39.43,10064519962.5655,1912430.0,5262.68671928674
7493,Europe,2915,MKD,North Macedonia,2016,71.1,94.4,64.9,76.0,71.5,50.8,71.2,71.9,60.2,43.5,76.0,69.9,81.0,90.8,0.0,80.7,71.0,63.2,43,50,20,36,12,39.49,10351178142.8536,1906313.0,5429.94678358359
7494,Europe,2916,MKD,North Macedonia,2017,71.6,94.7,60.7,76.7,73.6,53.3,71.4,70.6,64.8,44.3,77.1,71.9,80.8,90.2,0.0,80.7,71.6,63.8,38,52,30,35,5,39.54,10463154366.0785,1898657.0,5510.81862920922
7495,Europe,2917,MKD,North Macedonia,2018,73.0,95.1,64.5,76.4,75.0,56.3,71.6,72.3,66.0,45.1,81.5,73.3,80.8,90.7,0.0,80.7,72.8,65.8,35,55,40,38,10,39.6,10764555646.4726,1889051.0,5698.39334484489
7496,Europe,2918,MKD,North Macedonia,2019,73.0,95.6,62.6,76.9,72.8,58.2,71.7,69.7,68.1,45.5,81.5,73.1,80.6,89.9,0.0,80.7,73.1,68.6,37,60,33,43,10,39.65,11185494933.6944,1876262.0,5961.58475399191
7497,Europe,2919,MKD,North Macedonia,2020,72.5,95.1,62.8,75.7,66.6,58.0,71.8,69.9,68.3,45.9,81.5,67.8,80.6,91.0,0.0,81.2,72.4,70.8,33,56,35,40,15,39.71,10661068595.4055,1856124.0,5743.72649424581
7498,Europe,2920,MKD,North Macedonia,2021,73.1,95.6,62.6,77.4,66.6,58.8,71.8,69.9,70.1,46.7,81.5,69.9,81.2,90.8,0.0,81.2,73.5,72.6,40,45,40,40,12,,11141955229.994,1837114.0,6064.92315120022
7499,Europe,2921,MKD,North Macedonia,2022,72.5,96.2,62.6,76.9,66.6,59.0,71.8,69.9,70.0,46.7,81.5,65.6,81.2,90.8,0.0,81.2,73.9,72.7,36,55,35,20,20,,11449348867.2054,1831712.0,6250.62720952063
7500,Europe,2922,NOR,Norway,2000,79.2,99.3,64.8,90.1,98.4,82.7,83.7,98.8,85.9,77.4,94.7,90.9,40.1,17.6,72.8,68.6,90.3,89.2,10,10,85,80,5,39.83,304696827580.115,4490967.0,67846.5968643534
7501,Europe,2923,NOR,Norway,2001,79.2,99.3,64.0,90.8,98.3,82.6,83.7,98.5,85.7,79.2,94.7,90.9,39.6,17.2,72.1,68.6,90.4,90.4,10,15,90,79,8,39.82,310995308438.91,4513751.0,68899.5268987833
7502,Europe,2924,NOR,Norway,2002,79.6,99.3,63.2,90.3,98.3,83.1,83.7,98.8,85.6,80.7,94.7,90.9,38.7,17.6,74.2,71.0,90.3,92.8,10,18,90,76,10,39.82,315279446147.563,4538159.0,69472.9836807311
7503,Europe,2925,NOR,Norway,2003,79.9,99.3,64.3,90.7,98.5,83.3,83.7,98.2,85.5,81.7,94.5,90.9,38.7,17.2,77.0,71.5,90.3,92.9,10,20,85,78,7,39.82,318258551154.607,4564855.0,69719.3122573679
7504,Europe,2926,NOR,Norway,2004,79.8,99.3,65.5,91.4,99.3,84.4,83.7,98.4,85.4,81.1,88.9,90.9,39.4,17.2,77.7,71.6,90.8,92.3,10,18,88,85,8,39.81,331035320834.205,4591910.0,72090.9862854901
7505,Europe,2927,NOR,Norway,2005,79.7,99.3,64.0,92.6,98.7,84.3,83.7,98.7,85.5,81.5,90.3,91.0,38.4,17.7,75.9,71.7,91.1,90.9,8,8,85,78,10,39.81,339924026052.237,4623291.0,73524.2549197612
7506,Europe,2928,NOR,Norway,2006,79.9,99.3,63.0,92.9,98.7,84.6,83.7,98.5,86.0,81.5,94.7,91.0,38.8,17.6,74.8,72.0,91.2,89.6,8,5,88,82,10,39.81,348291164569.533,4660677.0,74729.7365961068
7507,Europe,2929,NOR,Norway,2007,79.9,99.3,63.3,93.0,99.1,83.8,83.7,98.6,86.3,82.5,94.7,91.0,37.2,17.1,74.9,71.9,91.1,90.1,8,8,85,75,8,39.8,358440508444.307,4709153.0,76115.7066768285
7508,Europe,2930,NOR,Norway,2008,80.1,99.3,64.8,93.5,99.2,84.0,83.7,98.4,86.2,83.0,100.0,84.1,38.9,17.6,76.6,72.0,90.4,89.6,9,15,85,75,7,39.8,360167903328.752,4768212.0,75535.2118003041
7509,Europe,2931,NOR,Norway,2009,80.5,99.3,61.9,93.8,98.1,85.8,83.7,98.2,86.1,85.5,100.0,84.1,40.7,18.3,77.5,72.0,90.4,92.5,8,18,85,82,10,39.8,353179332378.308,4828726.0,73141.3073299889
7510,Europe,2932,NOR,Norway,2010,80.4,99.3,63.3,94.8,98.2,85.8,83.7,98.3,85.7,86.2,100.0,84.1,38.9,17.7,77.6,72.1,89.8,91.8,6,15,88,78,8,39.79,355959036888.204,4889252.0,72804.3956188398
7511,Europe,2933,NOR,Norway,2011,80.3,99.5,61.4,95.2,98.7,85.9,83.7,98.6,85.7,86.4,100.0,84.0,37.9,18.2,77.0,72.7,89.3,91.1,8,18,85,80,7,39.82,359894719457.521,4953088.0,72660.6754124944
7512,Europe,2934,NOR,Norway,2012,80.8,99.4,61.9,95.5,99.7,85.9,83.7,98.7,85.9,85.7,100.0,87.9,38.4,18.5,75.9,72.7,90.7,92.6,10,28,85,82,10,39.84,369676511271.49,5018573.0,73661.6785830334
7513,Europe,2935,NOR,Norway,2013,80.8,99.3,60.8,95.3,99.3,87.8,83.7,98.5,85.7,86.2,100.0,88.0,37.7,18.6,74.7,72.8,92.1,92.9,10,25,80,78,8,39.87,373433130118.312,5079623.0,73515.9144917472
7514,Europe,2936,NOR,Norway,2014,81.1,99.3,63.3,95.4,98.4,87.8,83.7,98.6,85.6,89.2,100.0,88.4,38.6,18.6,73.4,73.0,92.5,92.9,10,30,80,83,7,39.89,381081533571.259,5137232.0,74180.3238731011
7515,Europe,2937,NOR,Norway,2015,81.4,99.3,64.2,96.7,99.6,87.7,83.7,98.6,85.4,89.8,98.1,89.3,40.7,18.6,73.3,73.0,92.0,92.9,10,18,86,79,5,39.92,388159512245.53,5188607.0,74809.9658049898
7516,Europe,2938,NOR,Norway,2016,81.1,98.8,63.7,96.9,98.8,87.8,83.7,98.9,85.2,87.1,98.3,89.8,40.4,19.0,72.5,73.2,91.2,92.9,10,15,85,83,10,39.95,392680500171.757,5234519.0,75017.4944769055
7517,Europe,2939,NOR,Norway,2017,81.7,99.1,63.5,97.1,97.4,88.9,83.7,98.7,85.4,91.8,100.0,91.5,40.5,19.3,72.1,73.2,92.0,94.2,10,20,88,83,7,39.97,402355151331.034,5276968.0,76247.4116445341
7518,Europe,2940,NOR,Norway,2018,81.5,99.2,58.0,96.8,97.5,88.8,83.7,98.6,85.5,91.1,99.9,89.5,41.3,19.4,73.2,73.9,92.2,96.7,10,22,88,78,10,40.0,405690399924.369,5311916.0,76373.6474606092
7519,Europe,2941,NOR,Norway,2019,81.9,99.2,61.8,97.3,97.6,88.6,83.7,98.5,85.6,91.8,99.7,90.8,41.3,20.0,74.6,73.9,92.2,96.7,14,25,85,82,10,40.02,410249333418.695,5347896.0,76712.2871160349
7520,Europe,2942,NOR,Norway,2020,82.2,99.2,61.7,97.1,98.0,88.9,83.7,98.5,85.2,92.2,99.4,93.2,41.3,20.5,74.6,74.1,92.4,96.8,15,16,85,78,10,40.05,405005642242.722,5379475.0,75287.2059527598
7521,Europe,2943,NOR,Norway,2021,82.1,99.2,60.8,97.3,98.0,90.9,83.7,98.5,85.2,92.4,99.4,94.0,39.8,20.7,74.6,74.1,91.9,95.6,10,23,85,80,8,,420836044191.958,5408320.0,77812.7115614383
7522,Europe,2944,NOR,Norway,2022,82.0,99.2,60.8,97.1,98.0,92.9,83.7,98.5,85.9,92.4,99.4,91.2,39.8,20.7,74.6,74.1,91.7,94.0,12,23,86,80,10,,434497344228.607,5457127.0,79620.1635455079
7523,Asia,2945,OMN,Oman,2000,59.7,0.0,58.0,73.6,65.4,17.5,47.7,63.4,79.9,22.1,0.0,80.9,70.4,42.3,76.3,65.5,75.3,56.6,15,30,13,40,7,0.01,45372727044.5609,2282131.0,19881.7364316776
7524,Asia,2946,OMN,Oman,2001,60.2,0.0,56.7,73.7,68.4,18.0,48.1,64.8,79.8,22.5,0.0,80.9,69.3,43.5,77.6,65.4,75.3,58.5,15,18,10,65,8,0.01,47465846485.9487,2310217.0,20546.0554077598
7525,Asia,2947,OMN,Oman,2002,59.8,0.0,58.0,73.1,68.7,18.5,48.5,63.4,79.8,22.8,0.0,80.9,69.0,40.1,74.2,65.1,75.3,59.5,15,20,12,65,12,0.01,47093635557.5669,2337140.0,20150.1131971413
7526,Asia,2948,OMN,Oman,2003,59.4,0.0,57.6,73.8,68.0,18.9,49.9,60.8,79.7,23.2,0.0,80.9,69.4,35.6,75.3,64.9,75.2,58.5,20,30,11,60,10,0.01,46060087700.6298,2363796.0,19485.6441506077
7527,Asia,2949,OMN,Oman,2004,59.7,0.0,57.9,73.4,68.0,19.5,49.3,63.9,79.6,23.1,0.0,80.9,68.0,38.9,75.3,64.7,75.0,58.3,18,15,8,60,10,0.01,46977841907.6213,2404821.0,19534.8601445269
7528,Asia,2950,OMN,Oman,2005,59.5,0.0,57.5,73.6,68.0,20.1,48.9,64.1,79.7,23.3,0.0,81.0,67.3,38.0,75.6,64.5,74.8,56.5,10,20,10,60,10,0.01,48283564529.379,2459802.0,19629.0451546015
7529,Asia,2951,OMN,Oman,2006,58.9,0.0,56.9,73.8,68.0,20.6,48.5,62.6,79.6,23.7,0.0,81.3,66.4,32.0,76.3,64.4,73.4,56.7,20,23,12,60,10,0.01,50538317581.1033,2514795.0,20096.3965576134
7530,Asia,2952,OMN,Oman,2007,58.8,0.0,56.7,73.1,68.0,20.4,48.0,61.1,79.4,25.2,0.0,81.5,66.1,29.3,76.6,64.1,75.2,56.9,20,18,9,60,10,0.01,53055456656.1063,2570174.0,20642.7489563377
7531,Asia,2953,OMN,Oman,2008,58.8,0.0,56.0,72.5,68.2,20.8,47.8,63.1,79.3,25.9,0.0,81.8,66.1,28.4,76.3,64.0,75.0,56.1,18,15,15,60,10,0.01,57803951303.0508,2626529.0,22007.7338963517
7532,Asia,2954,OMN,Oman,2009,60.9,0.0,61.1,72.6,81.3,23.1,48.1,64.9,79.7,29.2,0.0,82.0,68.1,30.6,75.1,63.8,75.2,58.4,20,22,15,60,5,0.01,61261764565.2408,2684659.0,22819.1977324647
7533,Asia,2955,OMN,Oman,2010,61.1,0.0,61.2,74.5,81.3,25.4,48.3,64.6,79.5,32.0,0.0,82.6,65.2,26.9,76.1,63.5,75.1,59.8,20,20,18,60,10,0.01,62776154506.6944,2757446.0,22766.0503620721
7534,Asia,2956,OMN,Oman,2011,61.5,0.0,60.9,73.3,81.6,27.2,48.7,64.1,79.6,35.4,0.0,82.8,66.5,27.9,77.0,63.4,75.4,58.5,25,25,18,65,8,0.01,64593279186.5623,3076763.0,20993.9079436935
7535,Asia,2957,OMN,Oman,2012,61.7,0.0,61.1,73.4,80.1,28.5,49.0,64.5,79.7,38.6,0.0,82.9,66.6,25.7,77.1,63.3,75.4,59.4,25,40,12,70,10,0.01,70318260489.7491,3547106.0,19824.1215485946
7536,Asia,2958,OMN,Oman,2013,62.5,0.0,60.8,76.4,85.1,29.2,49.3,64.5,79.7,42.7,0.0,83.1,66.3,24.3,77.6,63.0,74.6,60.6,35,30,18,60,10,0.01,73994291063.383,3833913.0,19299.9400516869
7537,Asia,2959,OMN,Oman,2014,64.7,0.0,60.1,78.3,90.9,35.5,49.6,65.6,80.0,44.0,0.0,84.0,69.2,32.7,77.6,63.7,76.4,62.2,18,30,18,75,10,0.01,74950483987.1606,4002439.0,18726.2026946971
7538,Asia,2960,OMN,Oman,2015,65.1,0.0,59.8,80.2,91.9,35.7,49.8,66.5,80.1,46.1,0.0,82.4,69.4,32.3,78.5,63.5,76.3,64.4,15,30,15,60,10,0.01,78710793237.9714,4184895.0,18808.3077921839
7539,Asia,2961,OMN,Oman,2016,66.2,0.0,59.0,80.7,94.0,35.9,50.0,67.0,80.3,51.4,0.0,83.7,71.2,36.9,78.7,63.3,75.7,64.6,20,33,18,75,20,0.01,82682873555.7961,4390877.0,18830.6057208608
7540,Asia,2962,OMN,Oman,2017,66.9,0.0,58.9,81.6,92.2,35.9,50.1,66.8,80.8,58.4,0.0,83.2,71.7,37.2,78.9,63.1,75.4,69.3,12,28,20,65,15,0.01,82934277088.5646,4537396.0,18277.945563615
7541,Asia,2963,OMN,Oman,2018,66.7,0.0,58.6,82.0,90.2,35.9,50.3,67.0,81.5,55.9,0.0,83.1,73.8,37.3,78.6,62.9,77.5,66.5,25,39,17,60,30,0.01,84001727416.2074,4597877.0,18269.6769435562
7542,Asia,2964,OMN,Oman,2019,67.3,0.0,58.3,83.1,92.4,36.5,50.4,67.0,81.4,60.4,0.0,83.1,73.7,37.6,77.9,62.9,76.2,68.8,20,30,17,55,25,0.01,83053651985.4157,4591241.0,18089.586668488
7543,Asia,2965,OMN,Oman,2020,67.8,0.0,58.0,83.5,93.2,36.4,50.5,67.0,80.6,62.8,0.0,83.3,73.7,37.3,77.9,62.7,76.8,73.0,15,22,17,55,15,0.01,80246670660.8581,4522497.0,17743.8858800477
7544,Asia,2966,OMN,Oman,2021,67.3,0.0,57.9,83.5,85.0,36.6,50.5,67.0,80.9,66.6,0.0,83.3,74.2,33.7,77.9,62.4,76.3,73.6,30,33,18,60,7,,82318780120.4001,4500424.0,18291.3387983888
7545,Asia,2967,OMN,Oman,2022,68.6,0.0,57.9,83.5,85.0,37.2,50.5,67.0,80.9,67.2,0.0,83.3,74.2,33.7,77.9,62.2,67.3,74.3,30,25,18,55,35,,88892516940.1985,4730226.0,18792.4460565306
7546,Asia,2968,PAK,Pakistan,2000,52.9,64.8,37.4,30.0,48.4,15.0,39.9,42.8,60.1,11.0,92.9,44.9,94.5,97.5,58.0,70.9,47.6,42.9,55,45,15,20,25,5.85,162552194688.572,154879127.0,1049.54229686852
7547,Asia,2969,PAK,Pakistan,2001,52.8,64.8,35.4,30.6,48.4,15.5,40.4,43.5,60.1,11.1,92.9,44.6,94.4,97.5,57.6,70.8,47.5,42.8,70,38,15,25,10,5.8,168487544527.033,159270907.0,1057.86767778646
7548,Asia,2970,PAK,Pakistan,2002,52.9,64.8,34.2,31.0,48.4,16.0,40.9,43.9,60.1,11.4,92.9,44.7,94.5,97.5,57.9,70.5,47.6,43.0,50,35,18,22,30,5.74,172859487443.654,163222549.0,1059.04171024589
7549,Asia,2971,PAK,Pakistan,2003,53.1,64.8,34.5,31.5,48.4,16.9,41.4,44.5,60.1,11.8,92.9,44.4,94.5,97.5,59.7,70.4,47.6,42.3,40,40,20,23,0,5.69,182196165734.208,167110248.0,1090.27523993746
7550,Asia,2972,PAK,Pakistan,2004,52.9,64.8,36.0,31.8,48.4,17.2,41.9,44.2,60.1,11.9,86.1,44.5,94.4,97.3,59.9,70.1,47.6,42.2,55,60,15,24,5,5.64,196464413110.888,171286000.0,1146.99632842666
7551,Asia,2973,PAK,Pakistan,2005,53.0,64.8,36.7,32.7,48.5,17.6,42.4,45.2,60.1,12.8,84.5,43.8,94.3,97.3,60.1,69.9,47.6,42.6,70,50,15,35,40,5.58,210760292372.08,175453212.0,1201.23359367214
7552,Asia,2974,PAK,Pakistan,2006,53.4,64.8,35.9,35.5,51.0,19.6,42.9,45.4,60.1,12.9,84.5,43.9,94.3,97.2,60.1,69.6,47.6,43.1,45,60,34,33,20,5.53,223514741630.685,179682690.0,1243.94142602543
7553,Asia,2975,PAK,Pakistan,2007,53.4,64.8,36.5,34.3,49.2,18.8,43.3,44.8,60.1,13.9,89.8,44.0,94.2,97.1,60.4,69.5,44.0,43.5,55,55,15,14,40,5.47,233449556918.441,184493231.0,1265.35567539842
7554,Asia,2976,PAK,Pakistan,2008,53.6,64.8,36.0,31.8,54.4,18.8,43.8,45.1,60.1,13.9,89.8,44.1,94.2,97.2,60.6,69.3,43.6,43.6,65,58,25,18,5,5.42,238399717138.761,189499113.0,1258.05188934452
7555,Asia,2977,PAK,Pakistan,2009,53.5,64.8,35.8,33.6,54.5,20.0,44.3,45.7,60.1,13.4,89.8,42.1,94.1,97.2,60.5,69.1,41.2,43.4,65,60,22,20,35,5.36,246678267936.347,194376534.0,1269.07432116444
7556,Asia,2978,PAK,Pakistan,2010,53.7,64.8,35.0,35.6,54.7,20.2,44.8,46.6,60.0,13.5,92.5,40.4,94.3,97.2,60.6,68.9,40.4,42.9,55,63,20,19,20,5.31,250382678707.751,199239047.0,1256.69482201323
7557,Asia,2979,PAK,Pakistan,2011,53.8,66.0,35.6,36.3,54.4,20.7,45.3,46.7,59.9,13.1,89.7,42.2,94.3,97.2,60.8,68.6,41.4,42.7,62,63,25,22,40,5.27,257093227079.837,203746065.0,1261.83161907857
7558,Asia,2980,PAK,Pakistan,2012,54.8,69.2,35.3,37.6,56.4,25.5,45.8,47.3,59.2,17.1,89.7,42.9,94.4,97.3,60.9,68.5,41.3,42.8,60,63,22,26,40,5.23,264876940258.885,207667125.0,1275.48806898966
7559,Asia,2981,PAK,Pakistan,2013,55.4,70.7,39.4,38.0,56.7,27.4,46.2,48.4,58.5,17.2,90.5,42.8,94.3,97.3,60.8,68.2,42.4,43.5,65,63,25,23,63,5.19,276443758787.987,211073978.0,1309.70080446386
7560,Asia,2982,PAK,Pakistan,2014,55.8,72.7,39.8,39.3,58.1,28.4,46.7,48.8,59.7,17.7,90.5,39.8,94.2,97.2,62.4,68.0,42.2,43.4,60,58,22,30,40,5.14,287823367553.405,214264647.0,1343.30778121043
7561,Asia,2983,PAK,Pakistan,2015,55.9,73.3,39.1,40.6,58.2,28.6,47.2,48.8,58.6,18.7,84.4,43.5,94.3,97.0,62.6,67.7,44.1,43.8,63,59,22,32,65,5.1,299963590534.773,217290883.0,1380.47020838317
7562,Asia,2984,PAK,Pakistan,2016,56.2,73.9,39.5,42.6,58.6,28.3,47.6,48.3,58.5,20.1,84.4,42.5,94.3,96.8,63.5,67.5,45.1,44.5,60,60,20,25,35,5.05,319682711890.74,220138869.0,1452.18658269177
7563,Asia,2985,PAK,Pakistan,2017,57.2,73.8,40.5,43.3,59.7,29.8,48.1,47.7,59.9,27.6,84.4,44.8,94.2,96.5,63.4,67.3,45.8,45.4,72,60,30,30,40,4.99,333853050597.697,223273967.0,1495.26187528032
7564,Asia,2986,PAK,Pakistan,2018,58.1,73.9,42.6,44.7,58.8,32.4,48.5,48.9,59.8,27.5,90.1,44.7,94.2,96.8,63.3,67.0,48.4,45.8,70,58,22,32,70,4.94,354390697428.203,226928892.0,1561.68169819559
7565,Asia,2987,PAK,Pakistan,2019,58.4,75.8,42.9,44.3,59.7,37.0,49.0,49.5,59.6,27.2,90.1,44.2,94.2,96.8,63.2,66.9,47.6,45.5,68,63,20,33,10,4.89,363242090361.647,230800899.0,1573.8330826937
7566,Asia,2988,PAK,Pakistan,2020,58.6,73.2,42.6,44.1,59.7,36.9,49.4,50.2,59.0,30.8,90.1,45.9,94.2,96.8,63.2,66.5,47.1,46.2,50,55,30,24,20,4.83,358614068499.253,235001746.0,1526.00597486307
7567,Asia,2989,PAK,Pakistan,2021,59.1,77.1,43.4,44.5,59.7,37.2,49.4,50.2,59.6,33.5,90.1,46.3,94.3,96.6,63.3,66.3,45.3,48.5,63,63,22,28,50,,381973779235.3,239477801.0,1595.02792175422
7568,Asia,2990,PAK,Pakistan,2022,59.0,79.1,43.6,45.2,59.7,37.2,49.4,50.2,59.4,33.5,90.1,43.9,94.3,96.6,63.3,65.8,42.2,48.8,60,64,15,22,70,,400224894618.857,243700667.0,1642.28066974826
7592,North America,3014,PAN,Panama,2000,61.2,88.4,41.4,75.0,70.1,57.1,64.7,67.3,66.7,22.3,9.0,90.1,77.9,79.2,56.9,63.0,63.2,47.6,15,30,25,20,8,59.75,20639538981.1271,3010369.0,6856.14919005847
7593,North America,3015,PAN,Panama,2001,61.1,88.4,41.6,74.8,71.0,57.1,65.0,64.9,66.7,22.5,8.9,90.1,77.0,78.6,58.8,64.6,63.2,45.9,25,25,23,25,7,59.6,20835595644.0282,3069537.0,6787.86267897348
7594,North America,3016,PAN,Panama,2002,61.7,88.4,43.1,75.3,72.1,57.1,65.3,68.7,66.7,22.6,9.7,90.2,77.1,79.3,60.5,64.6,62.7,46.1,12,40,20,44,10,59.45,21358328178.3601,3129344.0,6825.17747437166
7595,North America,3017,PAN,Panama,2003,61.8,88.4,43.3,75.7,72.1,57.1,65.7,69.7,66.7,22.9,10.3,90.2,77.8,79.2,57.2,65.3,63.0,45.5,15,20,18,30,7,59.29,22446932329.0813,3189807.0,7037.08165700349
7596,North America,3018,PAN,Panama,2004,62.1,88.4,42.0,75.7,72.4,60.6,66.0,70.1,66.8,22.8,11.5,90.3,78.2,79.4,56.7,67.0,63.3,44.9,20,35,20,30,10,59.14,24282115701.6943,3251155.0,7468.76593139801
7597,North America,3019,PAN,Panama,2005,62.0,88.4,41.5,76.2,72.6,60.6,66.3,67.8,66.8,22.9,13.0,90.4,77.4,78.9,58.3,66.9,62.7,43.1,20,30,30,44,7,58.99,26291748117.2201,3313026.0,7935.87135060821
7598,North America,3020,PAN,Panama,2006,62.1,88.4,42.0,75.1,78.6,60.6,66.6,67.5,66.8,23.8,11.8,90.4,77.6,78.6,53.1,67.0,63.8,43.9,15,38,25,40,7,58.83,28883388489.0221,3375024.0,8557.9801770364
7599,North America,3021,PAN,Panama,2007,61.7,88.4,43.2,77.2,78.6,60.6,66.9,68.6,66.7,24.5,14.5,81.5,77.2,78.8,47.5,66.9,61.6,45.8,18,40,12,40,8,58.68,32682439460.4496,3437490.0,9507.64641073854
7600,North America,3022,PAN,Panama,2008,61.9,88.4,43.8,77.1,78.0,60.6,67.2,69.4,66.6,26.3,14.5,85.2,77.1,78.9,48.3,66.9,59.3,44.9,20,38,15,20,10,58.53,36015209193.4566,3500648.0,10288.1549911493
7601,North America,3023,PAN,Panama,2009,62.0,88.4,44.2,77.4,77.4,56.4,67.5,68.3,66.6,26.9,15.8,86.0,77.1,78.4,53.7,68.4,56.6,45.1,18,43,20,30,10,58.37,36595725406.4936,3564381.0,10267.0633151993
7602,North America,3024,PAN,Panama,2010,62.4,88.4,43.5,80.4,79.1,56.4,67.8,68.3,66.6,27.2,16.1,87.7,76.8,78.2,51.1,68.7,59.2,45.1,10,33,20,50,10,58.22,38818327825.9763,3628535.0,10698.0717633911
7603,North America,3025,PAN,Panama,2011,62.9,90.8,45.1,78.9,78.8,56.4,68.1,68.6,67.6,29.2,16.5,85.7,76.7,77.4,59.5,68.7,57.6,43.4,30,37,18,45,6,58.07,43441154827.5517,3693505.0,11761.4988547604
7604,North America,3026,PAN,Panama,2012,63.5,88.9,44.8,78.7,80.9,56.4,68.4,70.5,67.7,32.5,15.9,85.3,76.6,75.5,68.6,68.6,57.6,42.7,30,40,15,35,7,57.91,47623362287.1202,3759256.0,12668.2945474105
7605,North America,3027,PAN,Panama,2013,62.8,91.4,45.5,77.8,80.3,58.5,68.7,69.5,67.7,32.9,16.2,87.6,76.7,76.1,51.5,68.6,54.8,43.6,25,38,25,60,10,57.76,50635232250.8688,3825329.0,13236.8306754449
7606,North America,3028,PAN,Panama,2014,63.5,91.0,46.7,77.5,78.5,61.9,69.0,70.0,70.2,34.3,17.6,87.4,75.7,68.5,63.1,68.5,57.5,42.7,20,38,30,50,5,57.6,52977523789.5376,3892101.0,13611.5490809559
7607,North America,3029,PAN,Panama,2015,64.9,92.8,45.6,77.5,77.4,61.9,69.4,71.8,73.2,41.2,17.2,85.1,77.7,79.2,60.6,68.5,60.7,42.7,25,38,38,60,8,57.45,55767806100.0,3960035.0,14082.6548502728
7608,North America,3030,PAN,Panama,2016,65.5,92.7,47.8,78.6,75.2,62.0,69.8,72.7,72.9,41.9,17.7,88.7,78.5,82.6,60.1,68.4,60.0,42.9,25,37,10,30,5,57.3,58317491835.7804,4029086.0,14474.1243636349
7609,North America,3031,PAN,Panama,2017,65.9,92.9,48.2,79.6,75.3,62.3,70.2,73.4,73.0,44.4,18.5,90.4,77.9,80.0,60.1,68.4,62.2,44.4,30,37,25,45,7,57.14,61667283244.4831,4098707.0,15045.5456426827
7610,North America,3032,PAN,Panama,2018,66.3,93.9,49.1,80.1,76.0,62.7,70.5,74.2,72.6,45.2,19.4,91.8,76.1,72.4,66.7,66.8,62.3,46.7,30,42,25,35,7,56.99,64083529548.7943,4167860.0,15375.6435074101
7611,North America,3033,PAN,Panama,2019,66.9,95.1,49.6,80.8,76.9,65.0,70.9,71.3,73.0,45.8,18.6,94.4,75.9,71.4,70.3,67.3,62.7,48.5,20,55,30,30,8,56.84,66072084974.6328,4234700.0,15602.5420867199
7612,North America,3034,PAN,Panama,2020,66.9,93.2,49.8,79.2,75.2,65.6,71.2,71.5,68.3,46.6,18.6,94.5,75.9,72.2,70.3,67.2,62.4,55.2,25,38,25,45,8,56.68,54297226765.6596,4293261.0,12647.082664124
7613,North America,3035,PAN,Panama,2021,67.3,93.8,50.2,80.0,80.7,65.9,71.2,71.5,70.6,46.6,18.6,90.8,76.2,71.7,70.4,66.7,63.1,56.2,25,38,20,55,8,,63238418924.7981,4345405.0,14552.9401574302
7614,North America,3036,PAN,Panama,2022,67.3,94.7,50.3,78.9,80.7,66.4,71.2,71.5,71.2,46.6,18.6,90.0,76.2,71.7,70.3,66.6,62.1,57.5,35,38,25,45,7,,70048985344.8611,4400773.0,15917.427539403
7615,Oceania,3037,PNG,Papua New Guinea,2000,53.3,24.4,50.1,37.6,57.7,36.7,40.5,23.7,76.8,3.4,43.7,81.9,96.3,94.8,69.5,68.3,56.4,43.7,35,88,15,24,10,80.11,11016425270.6953,5537064.0,1989.57882204274
7616,Oceania,3038,PNG,Papua New Guinea,2001,53.3,24.4,49.2,36.9,57.7,37.2,40.5,24.0,76.9,3.5,43.7,81.9,96.5,94.6,68.7,68.1,56.8,45.3,38,88,25,24,10,80.09,11003063602.1014,5728435.0,1920.78003889393
7617,Oceania,3039,PNG,Papua New Guinea,2002,53.2,24.4,48.0,37.6,57.7,37.7,40.5,24.6,76.9,3.4,43.7,81.9,96.2,94.5,70.1,67.8,56.6,42.2,28,85,22,20,10,80.06,10985579675.3822,5924003.0,1854.41831737462
7618,Oceania,3040,PNG,Papua New Guinea,2003,53.0,24.4,45.7,38.7,57.7,37.8,40.5,25.0,77.0,3.4,43.7,81.9,96.2,94.4,69.4,67.6,55.7,42.2,30,85,18,22,8,80.04,11223318880.0206,6123997.0,1832.67870314447
7619,Oceania,3041,PNG,Papua New Guinea,2004,52.8,24.4,43.6,38.3,57.7,38.3,40.5,24.5,77.1,3.4,43.7,81.9,96.0,94.2,69.0,67.4,55.7,42.2,30,80,15,23,12,80.02,11528725110.7168,6328041.0,1821.84741071002
7620,Oceania,3042,PNG,Papua New Guinea,2005,53.0,24.4,44.1,39.7,57.7,38.8,40.5,25.3,77.2,3.4,43.7,81.2,96.2,94.3,69.2,67.2,56.0,42.2,35,90,20,15,10,80.0,12260199191.5266,6535905.0,1875.82273480514
7621,Oceania,3043,PNG,Papua New Guinea,2006,53.0,24.4,43.8,41.0,57.7,39.3,40.5,23.4,77.2,3.4,43.7,80.5,96.3,94.4,70.2,67.1,56.1,42.2,44,75,24,25,15,79.98,12923469113.2424,6747720.0,1915.2349405788
7622,Oceania,3044,PNG,Papua New Guinea,2007,53.1,24.4,45.3,39.4,57.7,39.7,40.5,24.9,77.3,3.5,43.7,79.7,96.4,93.8,70.0,66.9,56.8,42.2,40,80,30,30,15,79.96,13933462679.345,6963345.0,2000.9726186689
7623,Oceania,3045,PNG,Papua New Guinea,2008,53.1,24.4,44.1,38.7,57.7,40.2,40.6,26.7,77.2,3.5,43.7,78.9,96.8,94.3,71.2,66.7,56.4,42.2,35,88,20,24,15,79.93,13892155836.0293,7183002.0,1934.03201558753
7624,Oceania,3046,PNG,Papua New Guinea,2009,53.0,24.4,43.8,40.0,57.7,40.7,40.6,25.0,77.4,3.4,43.7,78.1,96.6,94.3,70.7,66.5,56.0,42.2,40,90,22,18,10,79.91,14836880985.9851,7406438.0,2003.24109727039
7625,Oceania,3047,PNG,Papua New Guinea,2010,52.5,24.4,34.3,39.1,58.2,41.1,40.6,26.5,77.5,3.4,43.7,77.3,96.6,94.5,71.3,66.4,56.0,42.2,40,80,25,20,5,79.89,16339627662.3714,7633523.0,2140.50939027384
7626,Oceania,3048,PNG,Papua New Guinea,2011,52.7,24.0,35.9,40.0,58.2,41.8,40.6,29.7,76.9,3.5,43.7,76.2,96.4,93.7,71.7,66.1,56.0,42.2,40,88,18,23,10,79.82,16520596167.0901,7859346.0,2102.03192060639
7627,Oceania,3049,PNG,Papua New Guinea,2012,52.9,24.8,34.2,40.3,58.2,43.2,40.6,31.0,77.0,5.5,43.7,75.8,96.1,93.1,71.9,65.9,55.0,42.2,35,75,20,23,20,79.75,17289980088.7062,8081390.0,2139.48096660428
7628,Oceania,3050,PNG,Papua New Guinea,2013,53.3,25.3,35.3,41.0,58.2,43.9,40.6,33.4,77.0,6.1,43.7,75.4,96.4,94.5,72.2,65.7,55.0,42.2,30,80,15,24,5,79.69,17951312547.2223,8302698.0,2162.10592595591
7629,Oceania,3051,PNG,Papua New Guinea,2014,53.3,28.4,35.4,40.6,58.2,44.5,40.9,33.0,77.2,6.7,43.7,75.1,96.7,95.0,70.4,65.5,54.8,39.6,38,85,18,22,25,79.62,20382597142.1943,8523441.0,2391.3578028163
7630,Oceania,3052,PNG,Papua New Guinea,2015,53.0,29.6,34.7,41.6,58.2,45.0,41.1,34.1,77.1,6.9,43.7,74.2,96.8,95.6,66.6,65.2,53.4,37.6,40,85,18,30,10,79.55,21723437010.0982,8743246.0,2484.5963398603
7631,Oceania,3053,PNG,Papua New Guinea,2016,53.1,30.4,34.1,41.9,58.2,48.0,41.4,35.6,77.1,8.2,43.7,73.9,96.7,95.5,63.2,65.0,53.9,35.1,50,85,25,35,20,79.47,22915960976.066,8961718.0,2557.09463030035
7632,Oceania,3054,PNG,Papua New Guinea,2017,53.6,30.8,34.1,41.4,58.2,47.6,41.7,37.6,77.1,8.7,43.7,73.6,96.7,95.7,68.3,64.8,54.4,37.0,38,90,20,30,20,79.4,23725951011.6612,9178714.0,2584.8883636271
7633,Oceania,3055,PNG,Papua New Guinea,2018,53.6,30.3,33.6,42.1,53.9,47.9,41.9,37.8,77.0,6.5,43.7,73.1,96.5,95.3,72.8,64.3,53.8,40.7,35,80,25,20,15,79.33,23659695751.3327,9394513.0,2518.45899317321
7634,Oceania,3056,PNG,Papua New Guinea,2019,53.6,30.9,33.6,42.8,53.9,48.2,42.2,36.7,77.1,7.9,43.7,72.6,96.5,95.2,72.1,64.0,54.3,38.8,40,80,25,20,40,79.25,24719771866.5529,9609010.0,2572.56177967896
7635,Oceania,3057,PNG,Papua New Guinea,2020,53.6,29.6,34.0,43.2,53.9,48.2,42.5,37.0,76.9,9.1,43.7,71.8,96.5,95.2,72.0,63.8,54.4,39.2,38,75,18,32,5,79.18,23936789891.162,9815746.0,2438.61137922293
7636,Oceania,3058,PNG,Papua New Guinea,2021,53.7,29.5,33.9,43.2,53.9,48.4,42.5,37.0,76.8,9.7,43.7,71.8,96.5,95.2,72.1,64.5,54.9,39.5,37,80,28,22,25,,23814388297.7556,10012896.0,2378.3716816549
7637,Oceania,3059,PNG,Papua New Guinea,2022,53.6,30.8,33.9,43.2,53.9,48.4,42.5,37.0,76.9,9.7,43.7,71.8,96.5,95.2,72.1,64.1,52.1,39.6,35,85,25,25,20,,25173614524.0292,10203169.0,2467.23488790877
7638,South America,3060,PRY,Paraguay,2000,60.6,81.0,67.7,68.3,81.0,53.8,63.6,77.8,67.8,17.6,11.8,67.1,80.3,94.3,0.0,41.7,45.8,49.5,18,10,15,20,5,57.87,20783433276.2554,5100868.0,4074.48953320404
7639,South America,3061,PRY,Paraguay,2001,60.9,81.0,69.0,68.5,80.9,54.0,64.4,77.0,68.6,17.6,11.8,67.4,80.4,94.3,0.0,46.3,44.4,48.2,20,25,30,35,10,57.01,20610088070.713,5187689.0,3972.88427866686
7640,South America,3062,PRY,Paraguay,2002,60.5,81.0,67.9,69.1,80.0,54.2,65.2,76.4,66.8,17.7,8.0,68.6,80.9,94.3,0.0,46.2,44.2,46.7,20,30,20,32,5,56.15,20605676606.0528,5261328.0,3916.4402230868
7641,South America,3063,PRY,Paraguay,2003,61.1,81.0,69.4,68.4,79.3,57.6,66.0,76.1,68.3,17.6,11.4,68.9,80.1,94.2,0.0,46.8,44.7,46.9,30,25,30,24,10,55.29,21495995447.7688,5326436.0,4035.71833919883
7642,South America,3064,PRY,Paraguay,2004,61.5,81.0,70.0,68.0,79.3,57.6,66.8,76.6,68.4,17.8,15.1,70.1,80.3,94.2,0.0,46.9,45.1,46.0,30,15,15,35,7,54.43,22368177914.5133,5388175.0,4151.34584799368
7643,South America,3065,PRY,Paraguay,2005,62.6,81.0,69.3,69.3,84.6,57.1,67.5,78.4,69.4,18.5,16.3,70.3,81.6,94.4,0.0,50.8,46.6,46.0,15,18,15,42,10,53.56,22845400902.1597,5448097.0,4193.2808652562
7644,South America,3066,PRY,Paraguay,2006,62.6,81.0,69.2,69.3,83.8,56.8,68.2,79.9,69.1,18.5,14.1,71.4,80.9,94.3,0.0,50.8,47.1,46.4,5,19,18,30,10,52.7,23943606096.665,5505148.0,4349.31197066182
7645,South America,3067,PRY,Paraguay,2007,62.6,81.0,70.2,70.4,80.9,57.1,69.0,80.7,69.4,19.0,14.1,71.8,80.5,94.3,0.0,50.8,47.0,45.5,10,30,20,30,10,51.84,25241738121.227,5559386.0,4540.38235899198
7646,South America,3068,PRY,Paraguay,2008,62.9,81.0,70.0,69.5,79.3,61.1,69.7,80.5,69.6,19.4,17.3,71.3,80.7,94.2,0.0,51.2,47.3,45.3,25,30,20,25,10,50.98,26881515165.6739,5613574.0,4788.6631877791
7647,South America,3069,PRY,Paraguay,2009,62.8,81.0,69.0,68.8,75.6,58.9,70.4,80.9,69.0,20.1,19.6,71.7,80.6,94.1,0.0,51.9,46.9,46.7,25,30,30,23,7,50.12,26811317495.2227,5671236.0,4727.59685811395
7648,South America,3070,PRY,Paraguay,2010,63.4,81.0,72.2,70.5,75.9,60.0,71.1,81.3,69.5,20.4,16.9,73.3,81.7,93.9,0.0,51.9,47.3,46.8,20,20,18,25,10,49.26,29786095177.4635,5737971.0,5191.05014254402
7649,South America,3071,PRY,Paraguay,2011,63.5,82.1,71.8,70.9,75.6,61.1,71.8,81.9,69.4,21.5,15.1,71.2,81.4,93.3,0.0,51.9,46.8,49.7,20,38,20,30,10,48.22,31062837784.8467,5814626.0,5342.19015717376
7650,South America,3072,PRY,Paraguay,2012,65.0,87.1,69.2,71.0,76.3,62.2,72.5,83.0,69.8,22.2,21.7,77.9,81.9,94.6,0.0,51.9,47.8,51.5,5,30,30,20,8,47.17,30842899501.4209,5897008.0,5230.26244858764
7651,South America,3073,PRY,Paraguay,2013,65.6,90.8,71.0,71.4,76.2,68.0,73.1,84.3,69.6,25.9,21.3,71.9,81.2,94.4,0.0,51.9,46.1,52.0,35,28,20,30,10,46.13,33400724748.6239,5982445.0,5583.12274473463
7652,South America,3074,PRY,Paraguay,2014,65.5,88.8,70.8,70.5,75.8,65.5,73.8,84.8,69.3,28.9,17.3,76.5,80.8,94.4,0.0,52.0,44.9,53.6,5,33,18,40,10,45.09,35171376859.1294,6069811.0,5794.47644401603
7653,South America,3075,PRY,Paraguay,2015,66.2,90.4,73.1,71.3,75.3,65.8,74.5,84.7,69.5,32.0,21.7,75.1,81.0,94.4,0.0,52.0,46.3,51.7,35,33,45,35,10,44.04,36211447840.0971,6159103.0,5879.33792308671
7654,South America,3076,PRY,Paraguay,2016,66.5,90.8,74.6,72.4,72.9,65.4,75.1,84.0,69.2,33.2,21.3,78.6,81.1,94.4,0.0,51.9,47.6,51.5,30,30,20,35,10,43.34,37756961788.4686,6249126.0,6041.95879367268
7655,South America,3077,PRY,Paraguay,2017,67.0,93.0,74.7,73.7,72.9,64.8,75.8,83.5,73.7,35.1,20.4,78.6,80.5,92.8,0.0,51.9,47.8,52.1,35,25,35,40,15,42.64,39573101423.9502,6338660.0,6243.13363139058
7656,South America,3078,PRY,Paraguay,2018,67.5,93.0,74.4,73.1,72.8,66.3,76.1,84.1,72.7,37.0,23.9,80.3,80.3,91.9,0.0,51.9,49.1,53.0,30,30,24,48,8,41.94,40841122661.179,6427382.0,6354.2392005297
7657,South America,3079,PRY,Paraguay,2019,68.0,93.6,75.1,73.4,72.8,66.5,76.3,84.7,72.5,38.3,24.4,82.8,80.2,92.0,0.0,51.9,48.2,54.6,35,30,20,38,10,41.23,40677000526.59,6515058.0,6243.53620897773
7658,South America,3080,PRY,Paraguay,2020,68.7,94.3,75.3,72.3,76.0,66.3,76.5,85.0,72.0,39.2,35.7,78.0,80.2,92.1,0.0,51.9,48.5,56.3,38,28,20,32,8,40.53,40343536418.7875,6603739.0,6109.19608100615
7659,South America,3081,PRY,Paraguay,2021,68.9,94.8,73.7,71.2,75.3,67.1,76.5,85.0,72.5,40.2,35.7,77.6,80.2,92.0,0.0,51.9,49.5,59.4,30,30,28,50,15,,41964030301.4424,6684182.0,6278.11006663828
7660,South America,3082,PRY,Paraguay,2022,68.8,95.1,73.8,72.0,75.3,67.2,76.5,85.0,73.0,40.2,35.7,80.0,80.2,92.0,0.0,51.9,47.5,59.9,30,35,18,45,15,,42037903094.7449,6760464.0,6218.19790694024
7661,South America,3083,PER,Peru,2000,62.3,75.9,58.7,67.7,90.4,56.0,70.4,53.5,68.7,23.5,19.6,62.5,89.7,94.9,70.1,50.9,53.4,53.1,40,35,20,25,7,58.83,87409379264.7108,26598331.0,3286.27308475523
7662,South America,3084,PER,Peru,2001,62.5,75.9,58.6,67.5,91.5,56.4,70.8,55.8,68.7,24.2,16.5,62.6,89.7,95.2,71.2,52.4,53.4,52.5,25,35,25,20,10,58.73,87949475111.0632,26964601.0,3261.6642505136
7663,South America,3085,PER,Peru,2002,62.6,75.9,59.3,69.0,92.7,56.8,71.2,57.5,68.8,24.4,13.2,63.3,89.6,95.2,70.3,52.5,53.4,51.8,15,40,18,20,10,58.63,92745825187.2292,27288217.0,3398.74991419297
7664,South America,3086,PER,Peru,2003,62.9,75.9,59.7,68.4,91.9,57.2,71.7,58.7,69.2,24.8,13.9,63.4,89.7,95.2,71.1,52.6,53.4,52.1,35,35,20,32,10,58.53,96608710264.5646,27580490.0,3502.79165687646
7665,South America,3087,PER,Peru,2004,63.1,75.9,59.7,68.1,92.3,56.8,72.1,58.4,68.8,25.4,18.5,64.1,89.6,94.9,69.7,52.7,53.2,52.0,35,40,20,25,7,58.44,101398766434.291,27852190.0,3640.60299869744
7666,South America,3088,PER,Peru,2005,63.3,75.9,62.0,69.3,92.2,55.3,72.5,59.5,68.7,25.8,17.6,63.9,89.4,94.6,70.5,53.0,53.2,53.3,20,35,25,30,8,58.34,107771740073.589,28101180.0,3835.13219279722
7667,South America,3089,PER,Peru,2006,64.2,75.9,62.5,71.8,93.4,59.6,72.9,61.9,69.1,26.5,17.9,64.5,89.3,95.2,71.0,53.2,53.5,53.7,35,30,18,18,8,58.24,115885765581.756,28324491.0,4091.36268615581
7668,South America,3090,PER,Peru,2007,64.7,75.9,62.9,72.6,93.2,59.9,73.4,61.8,69.1,27.1,18.3,67.9,89.1,94.8,70.9,53.2,54.9,54.4,35,35,20,15,8,58.14,125757364463.195,28530699.0,4407.79121686416
7669,South America,3091,PER,Peru,2008,65.0,75.9,65.2,73.4,93.5,59.9,73.7,62.6,69.1,27.9,21.8,66.1,88.7,94.5,71.1,53.2,54.0,54.9,30,35,35,45,10,58.05,137234696225.05,28719041.0,4778.52642172313
7670,South America,3092,PER,Peru,2009,65.5,75.9,65.8,74.0,94.0,59.5,74.1,62.9,69.2,28.1,22.5,66.7,88.9,93.9,74.4,54.6,54.0,54.1,35,32,18,48,5,57.95,138738546494.974,28896811.0,4801.17153740507
7671,South America,3093,PER,Peru,2010,66.0,75.9,66.6,77.6,94.2,60.5,74.5,64.3,69.4,28.6,24.6,66.2,88.8,93.6,73.6,54.7,54.9,54.7,35,40,40,48,8,57.85,150298879148.001,29086019.0,5167.39259325937
7672,South America,3094,PER,Peru,2011,66.1,77.9,67.0,77.4,90.2,58.4,74.8,65.6,69.4,28.6,28.0,65.8,88.6,93.5,74.0,55.0,54.7,54.6,35,43,35,35,15,57.72,159808578409.161,29304086.0,5453.45718713631
7673,South America,3095,PER,Peru,2012,66.7,79.9,67.8,78.4,87.1,58.8,75.2,66.7,69.6,29.4,29.4,68.0,88.7,93.7,75.1,55.1,54.8,55.9,40,35,45,45,10,57.58,169620385179.423,29550366.0,5740.04346272472
7674,South America,3096,PER,Peru,2013,67.6,81.3,68.8,77.9,92.3,63.4,75.5,67.6,69.4,30.7,32.6,66.5,88.3,93.5,74.7,55.2,54.1,56.8,40,46,18,35,8,57.45,179547449111.361,29817919.0,6021.46142765232
7675,South America,3097,PER,Peru,2014,68.9,82.2,69.4,78.9,93.8,63.2,75.9,68.0,70.9,33.8,37.0,68.3,88.4,93.4,77.5,55.2,57.1,58.2,35,45,55,42,8,57.32,183824551906.256,30115826.0,6103.91864749969
7676,South America,3098,PER,Peru,2015,69.3,83.0,69.9,79.8,95.2,64.7,76.3,69.1,70.7,37.9,35.9,70.1,88.4,93.6,76.3,55.2,55.6,57.0,35,40,35,30,15,57.18,189802976285.619,30457600.0,6231.71150338894
7677,South America,3099,PER,Peru,2016,69.9,83.8,69.4,80.6,96.2,67.8,76.6,69.8,70.5,39.1,34.2,72.4,88.2,93.7,77.0,55.3,57.3,55.6,30,55,30,33,7,57.05,197306492869.139,30866494.0,6392.25474941014
7678,South America,3100,PER,Peru,2017,70.4,84.2,68.8,80.8,96.8,68.1,77.0,71.3,72.6,40.4,35.8,71.9,87.9,93.6,78.2,55.3,57.4,56.5,25,35,22,35,8,56.91,202276318741.548,31324637.0,6457.41940254721
7679,South America,3101,PER,Peru,2018,71.2,84.9,70.7,81.0,97.9,68.2,77.3,72.1,72.8,40.3,41.3,71.5,87.9,93.4,78.6,54.9,59.5,57.9,35,53,25,35,10,56.78,210305376512.78,31897584.0,6593.14437459526
7680,South America,3102,PER,Peru,2019,71.8,85.5,70.5,81.7,98.4,69.8,77.6,72.8,72.0,43.0,45.2,72.3,87.8,93.4,78.5,55.1,58.9,58.6,35,45,35,35,5,56.64,215017545590.315,32449303.0,6626.26083494969
7681,South America,3103,PER,Peru,2020,70.4,82.1,70.9,78.7,98.7,65.3,78.0,74.4,70.5,44.8,33.8,67.2,87.8,93.9,78.7,55.1,57.9,59.8,35,46,20,30,10,56.51,191509018299.917,32838579.0,5831.83024758521
7682,South America,3104,PER,Peru,2021,71.9,85.1,71.3,80.5,98.8,74.1,78.0,74.4,73.8,45.5,33.8,72.1,87.8,93.5,78.7,55.3,58.3,60.6,46,50,30,25,20,,217099648514.382,33155882.0,6547.84718181776
7683,South America,3105,PER,Peru,2022,71.7,86.0,71.4,80.8,98.8,74.9,78.0,74.4,74.6,44.8,33.8,70.5,87.8,93.5,78.7,55.3,54.3,60.7,40,55,32,25,15,,223198050485.251,33475438.0,6667.51695632036
7684,Asia,3106,PHL,Philippines,2000,59.3,65.1,59.7,52.3,76.8,51.9,63.5,49.1,64.0,22.4,21.5,63.9,92.2,96.5,70.6,50.6,55.5,51.9,5,45,28,20,10,24.51,142796015521.852,79625397.0,1793.34761146436
7685,Asia,3107,PHL,Philippines,2001,59.6,65.1,60.0,52.2,76.8,55.3,63.7,49.9,64.0,22.5,21.5,64.2,92.3,96.6,71.3,51.5,55.5,51.4,35,40,30,20,15,24.36,147150196386.034,81401488.0,1807.70892524758
7686,Asia,3108,PHL,Philippines,2002,59.7,65.1,60.7,52.1,77.3,55.3,63.9,50.6,64.1,22.8,21.5,64.9,92.4,96.6,71.3,51.3,55.3,50.3,30,40,35,28,15,24.2,152618672919.07,83068889.0,1837.25429286854
7687,Asia,3109,PHL,Philippines,2003,60.0,65.1,60.8,52.9,78.0,55.3,64.1,51.3,64.1,22.8,23.1,65.2,92.5,96.6,70.8,51.2,55.3,50.8,25,35,35,35,20,24.04,160382249186.079,84731835.0,1892.82161995051
7688,Asia,3110,PHL,Philippines,2004,60.4,65.1,61.5,53.9,80.6,54.0,64.3,54.7,64.1,22.9,23.1,65.9,92.4,96.6,71.0,51.1,55.3,49.8,40,40,32,30,15,23.88,170918125627.487,86394504.0,1978.34489133113
7689,Asia,3111,PHL,Philippines,2005,60.2,65.1,62.7,53.9,79.9,54.0,64.6,52.8,64.0,22.8,23.1,66.1,92.4,96.6,70.9,51.1,53.6,50.2,30,30,30,30,18,23.73,179365762735.543,88015962.0,2037.8776605946
7690,Asia,3112,PHL,Philippines,2006,60.5,65.1,63.7,53.9,78.1,54.0,64.8,54.0,63.8,22.9,22.3,66.8,92.5,96.8,71.9,51.1,55.3,51.2,25,35,40,30,15,23.57,188901594317.393,89508986.0,2110.42044781284
7691,Asia,3113,PHL,Philippines,2007,60.6,65.1,64.2,54.6,75.9,56.7,65.0,54.0,64.2,22.9,22.3,67.9,92.5,96.7,72.0,51.0,53.5,51.0,37,45,35,35,20,23.41,201216639993.9,91075184.0,2209.34651083329
7692,Asia,3114,PHL,Philippines,2008,61.0,65.1,65.1,54.2,81.6,56.7,65.3,54.4,64.0,23.0,22.3,67.8,92.5,96.6,72.3,50.9,55.0,51.1,30,35,45,34,30,23.25,209958471374.167,92699095.0,2264.9462907288
7693,Asia,3115,PHL,Philippines,2009,61.2,65.1,64.4,54.1,81.9,56.9,65.8,54.9,63.9,23.4,23.5,70.5,92.5,96.7,72.4,52.5,51.6,50.3,40,30,40,33,18,23.1,212999348337.291,94384250.0,2256.72554835463
7694,Asia,3116,PHL,Philippines,2010,61.4,65.1,63.1,54.7,81.9,57.5,66.1,54.8,64.1,25.8,23.5,72.3,92.4,96.6,72.0,52.4,52.9,49.5,35,45,55,30,15,22.94,228621785456.625,96337125.0,2373.14312064664
7695,Asia,3117,PHL,Philippines,2011,61.8,64.9,63.8,56.2,81.9,60.2,66.5,55.8,64.1,26.5,23.5,71.6,92.5,96.7,71.3,52.9,53.2,49.8,40,45,38,45,60,23.06,237442546234.973,98248614.0,2416.75212064542
7696,Asia,3118,PHL,Philippines,2012,62.2,65.1,64.8,55.8,81.9,60.2,66.9,56.0,64.1,28.3,23.2,74.0,92.6,96.7,70.1,52.7,53.8,50.3,37,40,42,42,25,23.17,253818843989.004,100175512.0,2533.74141964959
7697,Asia,3119,PHL,Philippines,2013,62.4,67.4,64.1,55.4,82.0,62.3,67.3,55.7,64.1,31.7,23.2,72.7,92.6,96.4,69.9,52.5,51.7,51.5,37,45,30,35,20,23.29,270952964501.391,102076336.0,2654.41506933978
7698,Asia,3120,PHL,Philippines,2014,63.0,69.6,65.6,55.8,85.9,62.4,67.8,56.3,64.8,31.3,23.2,72.1,92.4,96.3,71.3,52.5,52.0,51.8,35,40,40,42,45,23.41,288153024771.696,103767130.0,2776.92005909479
7699,Asia,3121,PHL,Philippines,2015,63.9,72.0,66.6,55.7,86.2,62.5,68.1,56.0,64.7,33.7,30.4,73.8,92.5,96.0,71.7,52.2,51.2,53.3,30,40,35,37,15,23.52,306445871242.322,105312992.0,2909.85818010301
7700,Asia,3122,PHL,Philippines,2016,64.1,74.3,66.0,57.2,85.3,63.4,68.5,56.8,64.9,35.7,30.4,74.5,92.3,95.5,71.6,52.1,49.0,52.3,35,35,35,35,30,23.64,328355086268.976,106735719.0,3076.3374186759
7701,Asia,3123,PHL,Philippines,2017,64.8,76.1,67.0,59.4,84.6,63.8,68.6,57.0,64.9,38.0,30.4,74.8,91.9,95.3,72.8,51.9,50.9,54.7,35,40,33,33,15,23.76,351113338965.581,108119693.0,3247.4503878362
7702,Asia,3124,PHL,Philippines,2018,66.7,77.8,67.9,59.8,85.7,64.2,69.0,57.8,64.1,43.8,42.2,74.9,92.0,95.3,75.9,56.5,51.5,55.6,30,38,28,34,20,23.88,373379140695.818,109465287.0,3410.93647976109
7703,Asia,3125,PHL,Philippines,2019,67.2,79.7,68.2,60.3,87.2,64.0,69.9,58.2,65.8,44.4,42.2,75.4,91.9,95.3,74.6,56.3,53.8,55.4,37,40,30,40,55,23.99,396224439236.642,110804683.0,3575.88170922922
7704,Asia,3126,PHL,Philippines,2020,66.4,75.5,68.5,58.7,79.6,63.8,70.4,59.0,65.7,44.5,42.2,69.4,91.9,95.5,74.8,56.1,55.3,58.1,10,58,30,40,20,24.11,358510629276.391,112081264.0,3198.66690008413
7705,Asia,3127,PHL,Philippines,2021,67.1,76.7,68.8,58.2,78.5,63.9,70.4,59.0,69.0,45.6,42.2,73.5,92.2,95.4,74.9,59.0,53.6,59.5,35,44,35,40,45,,378998554988.857,113100950.0,3350.97587587776
7706,Asia,3128,PHL,Philippines,2022,67.1,80.5,68.8,58.2,78.5,64.3,70.4,59.0,69.2,44.4,42.2,73.5,92.2,95.4,74.9,58.6,51.9,59.4,35,58,25,35,35,,407730367707.393,113964338.0,3577.70136573244
7707,Europe,3129,POL,Poland,2000,73.1,98.6,65.8,76.0,93.6,58.0,78.7,67.4,76.6,37.0,74.3,83.6,76.0,76.7,68.8,76.5,79.1,56.8,20,25,60,48,10,29.59,283174187558.032,38258629.0,7401.57697647848
7708,Europe,3130,POL,Poland,2001,73.7,98.6,67.3,76.9,93.5,62.2,79.0,67.6,75.4,37.7,74.3,83.6,76.3,77.0,69.2,76.6,79.1,58.0,10,18,60,35,8,29.67,286667833930.23,38248076.0,7494.96089503246
7709,Europe,3131,POL,Poland,2002,73.6,98.6,66.8,77.4,93.0,62.6,79.4,67.8,74.6,39.7,74.3,83.6,75.8,77.3,66.4,76.8,79.2,58.5,18,15,40,49,7,29.76,292117946677.278,38230364.0,7640.99307757777
7710,Europe,3132,POL,Poland,2003,73.4,98.6,65.4,77.6,93.0,63.1,79.5,67.9,74.9,40.7,74.3,83.6,75.9,76.8,61.2,77.7,79.2,58.2,30,20,45,63,10,29.85,302410346199.761,38204570.0,7915.55424389704
7711,Europe,3133,POL,Poland,2004,74.5,98.6,68.1,77.8,93.2,63.6,79.6,68.1,75.0,42.8,74.3,83.6,76.0,76.5,66.9,84.9,79.7,58.0,25,18,70,58,7,29.94,317805438387.054,38182222.0,8323.38773754587
7712,Europe,3134,POL,Poland,2005,74.6,98.6,66.8,78.9,92.9,64.3,79.7,68.3,75.8,44.3,77.4,83.6,75.5,76.6,62.9,85.0,80.1,58.2,15,20,65,45,10,30.03,328168510412.522,38165445.0,8598.57681241557
7713,Europe,3135,POL,Poland,2006,74.9,98.6,64.7,79.4,92.9,64.8,79.8,68.1,77.9,45.7,81.1,83.6,75.0,76.0,62.9,85.1,80.0,57.8,25,18,60,50,7,30.12,348521872927.444,38141267.0,9137.65850849801
7714,Europe,3136,POL,Poland,2007,75.7,98.6,66.5,79.5,93.0,65.2,79.9,68.3,80.3,46.3,81.8,84.0,74.6,76.0,66.0,89.9,79.2,57.4,18,20,65,60,8,30.2,372083512402.176,38120560.0,9760.7042604352
7715,Europe,3137,POL,Poland,2008,76.1,98.6,66.5,79.5,93.2,65.6,80.5,68.4,81.6,47.8,84.0,80.8,74.8,76.3,67.1,91.3,79.9,58.5,30,18,65,65,7,30.29,388394800371.402,38125759.0,10187.2017910883
7716,Europe,3138,POL,Poland,2009,76.5,98.6,67.2,80.8,93.5,66.1,80.6,69.1,81.1,49.1,85.1,82.9,75.6,76.8,64.1,91.4,79.8,58.7,30,20,65,55,10,30.38,398551823849.317,38151603.0,10446.5289138524
7717,Europe,3139,POL,Poland,2010,76.6,98.6,66.4,82.2,93.9,66.5,81.3,68.9,80.2,51.2,85.1,82.5,75.0,76.1,63.7,91.5,80.1,58.6,25,18,55,55,15,30.47,411181642127.603,38042794.0,10808.3975674238
7718,Europe,3140,POL,Poland,2011,76.7,98.6,66.1,81.9,94.5,68.8,80.7,69.7,80.2,51.7,85.7,81.2,75.0,75.7,65.1,92.1,79.6,57.9,30,25,40,60,10,30.53,432791139408.41,38063255.0,11370.313427173
7719,Europe,3141,POL,Poland,2012,77.4,98.7,66.7,82.9,95.6,69.1,81.2,70.0,80.0,55.3,86.6,82.6,75.0,75.1,66.1,92.3,81.3,57.8,15,20,45,55,10,30.59,439333996551.267,38063164.0,11542.2353368014
7720,Europe,3142,POL,Poland,2013,77.3,98.7,66.5,82.9,92.0,68.4,81.6,70.5,79.8,55.7,86.2,82.5,75.4,76.4,65.9,92.3,81.0,58.3,20,20,35,50,10,30.65,442340098156.254,38040196.0,11628.2286809525
7721,Europe,3143,POL,Poland,2014,78.2,98.7,68.6,83.4,95.8,69.1,82.3,70.7,81.7,61.6,87.2,83.3,75.4,76.6,63.5,92.4,81.7,58.2,20,18,55,60,10,30.71,459682079851.439,38011735.0,12093.1622787394
7722,Europe,3144,POL,Poland,2015,79.0,98.7,66.0,84.4,96.1,70.8,82.7,71.2,82.6,58.5,89.9,87.6,75.4,77.8,67.7,92.4,83.5,57.9,20,25,40,65,10,30.77,480054118583.367,37986412.0,12637.5220324406
7723,Europe,3145,POL,Poland,2016,79.5,98.9,67.3,85.0,96.6,70.9,83.0,70.8,83.4,66.8,91.4,83.3,74.9,76.8,69.8,92.5,81.9,57.7,15,20,38,50,15,30.81,494605411858.337,37970087.0,13026.1858988718
7724,Europe,3146,POL,Poland,2017,80.6,98.9,67.8,85.3,97.5,71.4,83.4,70.6,85.5,75.7,95.3,90.2,74.5,75.7,70.7,92.5,77.8,57.9,30,24,35,65,12,30.85,520089746650.75,37974826.0,13695.6452848724
7725,Europe,3147,POL,Poland,2018,80.2,98.8,65.3,85.3,97.0,71.7,83.8,70.6,85.1,77.1,93.4,86.8,74.1,75.0,68.1,92.6,79.2,60.0,30,25,35,58,20,30.89,552573816155.989,37974750.0,14551.0850277089
7726,Europe,3148,POL,Poland,2019,80.9,99.0,65.8,85.9,98.8,72.0,84.4,71.2,85.6,77.6,93.4,88.2,73.8,75.8,72.9,92.6,77.3,60.4,30,24,45,55,10,30.93,577884228677.544,37965475.0,15221.3090624454
7727,Europe,3149,POL,Poland,2020,80.6,98.9,67.7,84.1,97.4,72.0,84.4,71.2,85.3,79.0,93.4,81.7,73.8,76.4,72.5,92.7,77.7,61.6,38,24,35,55,10,30.97,566120997479.772,37515748.0,15090.2228440113
7728,Europe,3150,POL,Poland,2021,81.0,99.0,67.5,83.9,97.5,72.6,84.4,71.2,86.6,79.7,93.4,85.8,74.1,75.3,72.1,92.8,78.3,62.4,35,24,40,60,10,,605337233054.782,36981559.0,16368.6239689025
7729,Europe,3151,POL,Poland,2022,81.8,99.0,67.5,85.2,97.5,73.1,84.4,71.2,86.9,80.3,93.4,87.8,74.1,75.3,72.1,92.9,77.4,72.6,35,28,60,50,5,,637150470884.733,36821749.0,17303.64494323
7730,Europe,3152,PRT,Portugal,2000,71.3,100.0,62.4,81.1,96.6,64.0,77.3,77.3,81.1,37.2,59.1,89.2,64.8,79.7,40.5,63.9,76.5,62.1,5,20,60,60,8,35.81,193677420326.402,10289898.0,18822.0933119456
7731,Europe,3153,PRT,Portugal,2001,71.6,100.0,61.4,81.2,97.9,65.1,77.4,78.0,81.1,38.2,59.1,89.3,65.0,79.9,39.9,64.1,76.6,62.5,12,18,55,72,7,35.78,197441874355.986,10362722.0,19053.0899464433
7732,Europe,3154,PRT,Portugal,2002,71.6,100.0,61.8,81.8,97.9,66.0,77.6,76.3,80.7,38.7,59.1,89.3,65.3,79.3,39.6,64.0,76.5,62.8,15,20,30,60,6,35.75,198964002686.146,10419631.0,19095.1102477762
7733,Europe,3155,PRT,Portugal,2003,72.1,100.0,61.2,82.9,97.6,66.5,77.8,78.8,79.9,41.2,59.1,89.3,65.6,80.1,40.4,65.7,76.5,63.0,15,10,35,63,8,35.72,197112600778.479,10458821.0,18846.5411903004
7734,Europe,3156,PRT,Portugal,2004,72.3,100.0,62.7,83.2,97.7,66.8,78.0,77.3,79.7,42.5,58.9,89.4,65.3,79.7,41.6,65.9,77.0,63.1,12,30,65,70,7,35.69,200638423882.959,10483861.0,19137.8370891182
7735,Europe,3157,PRT,Portugal,2005,72.4,100.0,59.7,84.0,97.8,68.2,78.1,76.3,79.0,44.2,60.8,89.3,65.3,79.4,42.7,66.3,76.9,63.3,12,20,45,70,15,35.66,202207110514.895,10503330.0,19251.7145052945
7736,Europe,3158,PRT,Portugal,2006,73.2,100.0,61.8,85.2,97.7,68.6,78.4,79.2,78.9,47.4,64.1,89.3,65.4,80.1,43.5,66.3,76.9,61.5,20,25,70,60,8,35.62,205493047483.185,10522288.0,19529.3122069254
7737,Europe,3159,PRT,Portugal,2007,73.8,100.0,61.2,85.9,97.5,72.6,78.4,79.5,78.7,49.1,67.8,89.4,64.5,80.5,44.7,66.3,77.2,61.3,14,15,62,68,10,35.59,210643893808.226,10542964.0,19979.5706224764
7738,Europe,3160,PRT,Portugal,2008,74.9,100.0,61.7,87.0,97.4,72.8,78.5,79.6,79.0,52.5,69.7,91.0,64.8,80.9,47.5,73.3,77.1,61.3,10,10,33,65,7,35.56,211316368842.188,10558177.0,20014.4749270815
7739,Europe,3161,PRT,Portugal,2009,75.5,100.0,61.3,86.3,97.9,72.6,78.6,80.9,78.0,54.3,76.1,87.8,66.3,81.4,48.2,73.5,77.0,63.5,15,10,70,58,6,35.53,204718906429.724,10568247.0,19371.1318849497
7740,Europe,3162,PRT,Portugal,2010,75.9,100.0,61.4,87.3,97.9,73.1,78.7,83.2,77.3,55.4,73.6,90.0,66.2,82.1,49.6,73.6,77.2,63.6,18,23,55,65,10,35.5,208276152360.894,10573100.0,19698.6836746927
7741,Europe,3163,PRT,Portugal,2011,76.2,99.9,62.2,88.2,99.2,73.8,78.8,82.9,76.2,55.9,73.9,90.4,66.8,83.3,51.0,74.2,77.2,62.5,18,25,70,59,10,35.63,204707283316.895,10557560.0,19389.6395868833
7742,Europe,3164,PRT,Portugal,2012,76.1,99.6,62.4,88.6,98.8,74.0,78.9,81.6,74.6,58.8,74.6,85.4,68.0,85.4,50.4,74.3,76.7,61.6,15,15,65,61,5,35.76,196414790539.634,10514844.0,18679.7626802294
7743,Europe,3165,PRT,Portugal,2013,76.8,99.4,62.9,89.3,98.0,77.9,79.0,84.4,74.2,59.4,73.7,89.1,67.8,85.9,50.7,74.3,77.4,62.0,15,25,70,62,8,35.89,194481859683.304,10457295.0,18597.7214646143
7744,Europe,3166,PRT,Portugal,2014,76.8,99.4,62.3,89.2,98.7,78.0,79.1,84.7,76.5,60.6,74.8,88.9,67.9,85.3,45.8,74.2,78.9,61.6,18,20,70,65,10,36.02,195923731498.315,10401062.0,18836.8967994149
7745,Europe,3167,PRT,Portugal,2015,77.1,99.8,62.9,89.8,97.4,80.1,79.1,82.7,77.6,62.1,75.9,86.8,68.1,85.1,47.1,74.2,80.9,61.2,18,18,65,60,10,36.15,199038523119.639,10358076.0,19215.7813014347
7746,Europe,3168,PRT,Portugal,2016,77.3,99.7,62.0,90.6,98.3,80.1,79.2,84.2,78.4,62.0,76.7,87.8,67.6,84.9,45.8,74.2,81.8,61.1,18,36,70,65,10,36.15,203027536337.45,10325452.0,19662.8231226536
7747,Europe,3169,PRT,Portugal,2017,78.5,99.9,63.3,91.3,98.7,80.2,80.3,81.5,80.7,73.6,81.1,88.3,67.3,83.6,45.6,74.1,83.6,61.5,18,28,70,70,15,36.15,209757331835.433,10300300.0,20364.1963666527
7748,Europe,3170,PRT,Portugal,2018,78.5,99.8,63.2,91.5,95.8,80.5,80.3,83.3,81.8,74.9,81.9,87.9,66.5,82.4,44.8,73.9,84.1,61.1,15,18,70,73,10,36.15,215937375270.068,10283822.0,20997.7744918249
7749,Europe,3171,PRT,Portugal,2019,79.1,99.9,63.9,92.4,95.0,82.8,80.3,83.5,81.8,77.0,84.4,87.2,66.4,83.0,49.4,73.9,83.5,61.0,18,30,75,63,15,36.15,221866334950.967,10286263.0,21569.1874639961
7750,Europe,3172,PRT,Portugal,2020,79.7,99.9,63.3,91.8,98.6,83.5,80.3,83.5,81.5,79.5,84.4,88.4,66.4,83.9,49.5,73.8,82.8,63.5,20,15,70,60,7,36.15,203663018608.844,10297081.0,19778.7138519007
7751,Europe,3173,PRT,Portugal,2021,80.1,99.9,64.3,92.4,98.6,84.0,80.3,83.5,80.9,82.3,84.4,89.6,67.4,84.1,49.4,74.0,82.0,64.5,15,24,70,62,10,,214984152369.519,10361831.0,20747.6991633543
7752,Europe,3174,PRT,Portugal,2022,80.0,99.9,64.3,92.1,98.6,84.2,80.3,83.5,81.2,82.2,84.4,88.0,67.4,84.1,49.4,73.9,80.9,65.9,15,20,75,72,10,,230002605108.707,10434332.0,22042.8682074432
7753,Asia,3175,QAT,Qatar,2000,55.0,0.0,66.3,69.4,88.8,48.8,53.1,54.9,70.7,25.2,0.0,54.2,54.0,0.0,67.0,55.1,87.5,29.9,5,15,17,60,10,0.0,33690629183.4261,644989.0,52234.4244373565
7754,Asia,3176,QAT,Qatar,2001,55.1,0.0,65.6,72.2,89.4,48.8,53.1,54.3,70.6,26.2,0.0,54.2,53.7,0.0,67.0,54.8,87.3,29.3,5,15,10,70,15,0.0,35003952796.7125,677925.0,51633.9606840175
7755,Asia,3177,QAT,Qatar,2002,55.2,0.0,65.5,71.8,89.9,48.8,53.1,56.5,70.5,27.1,0.0,54.2,51.2,0.0,67.0,54.4,87.3,31.0,20,12,15,65,10,0.0,37517989780.6433,711205.0,52752.7081230353
7756,Asia,3178,QAT,Qatar,2003,55.4,0.0,64.6,71.7,89.0,48.8,53.1,57.7,70.4,28.7,0.0,54.2,51.8,0.0,66.9,54.1,87.3,32.3,30,15,20,75,5,0.0,38913643496.7552,744682.0,52255.3835016224
7757,Asia,3179,QAT,Qatar,2004,55.6,0.0,65.4,73.5,88.4,48.8,53.1,59.0,70.5,29.4,0.0,54.2,51.8,0.0,67.0,53.7,87.4,32.0,30,7,18,70,10,0.0,46392423696.024,773332.0,59990.3064867664
7758,Asia,3180,QAT,Qatar,2005,55.5,0.0,64.3,73.6,90.1,48.8,53.1,60.1,70.2,30.4,0.0,53.9,51.2,0.0,67.0,53.4,84.1,32.1,40,15,18,80,5,0.0,49868495957.88,825408.0,60416.7829217551
7759,Asia,3181,QAT,Qatar,2006,55.5,0.0,64.0,73.5,85.5,48.8,53.1,59.3,69.4,30.9,0.0,53.9,51.6,0.0,70.9,59.8,80.3,31.6,10,25,15,70,10,0.0,62919203862.1424,972831.0,64676.3968892258
7760,Asia,3182,QAT,Qatar,2007,57.6,0.0,65.2,75.6,88.3,48.8,53.1,61.4,69.9,32.3,0.0,53.9,52.8,0.0,79.0,72.7,80.2,31.3,40,9,18,73,15,0.0,74235635940.1634,1208595.0,61423.0870888622
7761,Asia,3183,QAT,Qatar,2008,58.7,0.0,66.7,76.8,91.0,48.8,53.1,62.3,70.2,34.1,0.0,53.9,53.9,0.0,79.0,72.4,87.3,31.1,42,20,15,75,20,0.0,87348289335.5953,1426938.0,61213.7943874193
7762,Asia,3184,QAT,Qatar,2009,59.2,0.0,69.5,78.7,90.7,48.8,53.1,63.0,70.3,36.7,0.0,53.4,54.7,0.0,79.0,72.1,87.4,30.3,20,15,15,80,5,0.0,97792140945.0617,1608903.0,60781.874945265
7763,Asia,3185,QAT,Qatar,2010,60.1,0.0,70.7,80.7,89.6,48.8,53.1,63.4,70.5,45.5,0.0,53.9,55.2,0.0,79.0,71.8,87.5,32.0,45,15,16,68,10,0.0,116951901413.005,1616832.0,72333.9848623762
7764,Asia,3186,QAT,Qatar,2011,60.1,0.0,68.5,80.8,91.4,48.8,53.0,63.2,70.1,47.1,0.0,56.0,56.4,0.0,79.1,71.4,84.9,30.5,30,20,18,75,5,0.0,132594424542.771,1624761.0,81608.5716870182
7765,Asia,3187,QAT,Qatar,2012,60.3,0.0,68.3,81.6,90.3,48.8,53.0,63.0,70.1,52.7,0.0,57.1,55.2,0.0,79.1,71.2,84.9,29.9,30,18,18,75,15,0.0,138866156527.608,1722438.0,80621.8607158041
7766,Asia,3188,QAT,Qatar,2013,60.2,0.0,67.3,82.5,80.2,51.5,53.0,64.3,70.0,59.3,0.0,57.1,55.3,0.0,79.2,70.8,80.5,31.9,44,15,18,73,10,0.0,146581616623.746,1916426.0,76486.9692979253
7767,Asia,3189,QAT,Qatar,2014,61.0,0.0,68.7,81.7,83.3,52.0,53.0,62.8,69.8,67.8,0.0,60.7,54.9,0.0,78.3,70.5,80.3,31.7,60,20,15,75,20,0.0,154400753941.045,2151745.0,71756.0649338302
7768,Asia,3190,QAT,Qatar,2015,61.7,0.0,67.0,86.3,87.7,52.5,53.0,63.6,69.9,69.5,0.0,57.1,55.4,0.0,78.2,70.1,80.4,34.1,55,20,20,75,15,0.0,161739955576.923,2344557.0,68985.2946961507
7769,Asia,3191,QAT,Qatar,2016,61.8,0.0,64.4,86.9,90.4,52.7,52.9,64.3,69.8,71.1,0.0,57.1,56.1,0.0,78.3,69.8,79.8,33.8,55,40,18,63,20,0.0,166695978169.384,2477113.0,67294.4585771356
7770,Asia,3192,QAT,Qatar,2017,62.7,0.0,65.1,87.8,88.5,57.3,52.9,65.4,69.9,80.0,0.0,57.1,56.2,0.0,78.4,69.5,79.1,32.7,40,20,18,72,15,0.0,164199531361.81,2545820.0,64497.6987225375
7771,Asia,3193,QAT,Qatar,2018,63.3,0.0,69.3,88.1,90.6,57.5,52.9,67.0,69.9,81.3,0.0,57.1,56.2,0.0,78.5,69.3,78.8,32.4,45,15,15,80,15,0.0,166227185730.265,2580734.0,64410.8171280981
7772,Asia,3194,QAT,Qatar,2019,63.7,0.0,68.5,88.7,91.7,57.7,52.9,66.7,69.9,81.8,0.0,57.1,55.8,0.0,79.8,68.8,78.1,37.2,55,10,20,75,30,0.0,167371229300.128,2638657.0,63430.4607609581
7773,Asia,3195,QAT,Qatar,2020,64.1,0.0,69.4,87.6,92.7,57.9,52.9,66.7,69.9,82.2,0.0,57.1,55.8,0.0,79.8,68.6,78.3,42.2,10,10,18,65,10,0.0,161416823768.972,2794148.0,57769.604104354
7774,Asia,3196,QAT,Qatar,2021,64.1,0.0,69.5,88.7,89.9,55.2,52.9,66.7,69.9,84.0,0.0,57.1,55.8,0.0,79.7,68.1,78.3,45.4,35,9,15,80,18,,164042828070.675,2504910.0,65488.5117911123
7775,Asia,3197,QAT,Qatar,2022,66.2,0.0,69.6,88.7,89.9,55.3,52.9,66.7,69.9,84.1,0.0,57.1,55.8,0.0,79.7,67.6,76.7,48.2,40,15,18,50,8,,170908036353.71,2657333.0,64315.6263643699
7776,Europe,3198,ROU,Romania,2000,67.9,96.2,60.4,72.7,89.4,52.0,73.5,66.8,78.5,22.1,58.9,81.6,81.6,88.8,61.7,56.1,72.8,41.4,30,30,40,35,8,27.67,102548872691.521,22442971.0,4569.30914768462
7777,Europe,3199,ROU,Romania,2001,68.1,96.2,65.5,72.6,89.6,52.1,73.5,65.3,78.7,22.4,58.9,81.6,81.1,88.4,61.6,56.1,72.6,42.3,30,40,25,40,10,27.73,107900062083.039,22131970.0,4875.30310600635
7778,Europe,3200,ROU,Romania,2002,68.2,96.2,62.8,72.9,91.3,52.2,73.5,66.1,77.9,22.7,58.9,81.6,81.7,88.3,62.1,56.1,72.7,43.0,30,20,20,60,7,27.8,114053593614.452,21730496.0,5248.54994632668
7779,Europe,3201,ROU,Romania,2003,68.5,96.2,62.4,72.8,93.1,52.5,73.5,66.9,78.5,23.4,58.9,81.5,81.4,87.9,62.1,56.1,72.6,44.4,30,35,35,55,8,27.86,116723756275.208,21574326.0,5410.30835796252
7780,Europe,3202,ROU,Romania,2004,69.1,96.2,69.1,73.1,94.9,53.2,73.5,68.6,78.0,24.4,58.9,81.5,81.3,87.9,62.1,56.1,72.9,43.3,25,30,35,35,5,27.93,128895841498.556,21451748.0,6008.64048461485
7781,Europe,3203,ROU,Romania,2005,69.3,96.2,65.4,73.5,94.4,53.3,73.5,69.8,78.4,25.9,58.9,81.7,81.0,88.0,62.1,58.3,73.1,44.3,40,45,50,45,15,27.99,134912890211.095,21319685.0,6328.09022324183
7782,Europe,3204,ROU,Romania,2006,69.2,96.2,64.0,73.8,92.4,53.6,73.7,69.4,78.3,26.8,58.9,81.7,81.0,87.7,62.2,58.3,73.5,44.9,25,35,35,55,7,28.06,145744791283.304,21193760.0,6876.77841417966
7783,Europe,3205,ROU,Romania,2007,71.1,96.2,57.3,75.0,94.2,52.9,73.9,70.1,78.7,28.4,67.8,83.7,80.7,87.2,69.5,74.6,73.6,44.8,30,35,50,50,10,28.12,156287689281.09,20882982.0,7483.97375820611
7784,Europe,3206,ROU,Romania,2008,72.1,96.2,63.8,74.8,95.0,54.3,74.1,72.3,79.0,30.7,72.2,83.7,80.2,87.3,69.5,75.1,73.5,44.7,25,44,50,50,10,28.19,170834114652.888,20537875.0,8318.00342795388
7785,Europe,3207,ROU,Romania,2009,72.8,96.2,62.3,75.3,95.5,54.6,74.3,73.6,78.5,32.6,77.0,86.5,80.9,88.8,69.5,76.6,71.3,44.7,40,33,35,30,5,28.25,161409698529.133,20367487.0,7924.87058070212
7786,Europe,3208,ROU,Romania,2010,73.1,96.2,64.4,76.1,94.7,54.6,74.5,75.3,78.4,34.6,75.9,85.6,80.9,89.0,69.5,76.6,71.8,44.6,30,40,30,40,10,28.32,155105339843.99,20246871.0,7660.70667630517
7787,Europe,3209,ROU,Romania,2011,73.7,96.5,67.3,76.7,97.7,54.8,74.7,73.8,78.3,35.7,76.0,85.0,80.6,87.9,73.7,79.1,72.9,42.1,30,37,32,45,10,28.65,162078238594.701,20147528.0,8044.57194920892
7788,Europe,3210,ROU,Romania,2012,74.3,96.7,61.8,77.4,93.1,56.1,74.8,74.1,78.5,40.7,73.6,86.7,81.0,88.4,85.8,79.1,72.8,42.1,30,40,50,30,11,28.99,165163587446.019,20058035.0,8234.28553425194
7789,Europe,3211,ROU,Romania,2013,74.4,96.6,67.3,77.8,89.0,53.3,75.0,75.8,78.3,43.1,72.4,86.9,80.6,89.0,85.9,79.5,71.7,43.0,35,25,40,45,7,29.32,165624017079.639,19983693.0,8287.95844089676
7790,Europe,3212,ROU,Romania,2014,74.6,96.8,67.8,78.2,89.0,53.3,75.2,77.1,81.0,47.2,66.8,87.1,80.6,88.9,85.5,79.5,70.8,42.9,35,40,22,42,10,29.66,172441103432.375,19908979.0,8661.47397274241
7791,Europe,3213,ROU,Romania,2015,75.0,97.0,65.5,78.6,87.1,52.8,75.4,76.7,82.5,50.2,74.1,88.2,80.3,89.0,84.9,79.5,71.0,42.7,35,45,58,45,7,29.99,177885131240.315,19815616.0,8977.01748158196
7792,Europe,3214,ROU,Romania,2016,75.5,97.3,66.9,79.1,84.6,52.9,75.5,77.0,83.0,53.0,79.3,88.3,79.7,88.5,85.1,79.5,72.1,42.6,35,40,45,40,7,30.02,182972525962.275,19702267.0,9286.87678236598
7793,Europe,3215,ROU,Romania,2017,75.9,97.8,71.9,78.6,80.8,57.1,75.7,76.5,82.0,60.3,72.7,89.2,79.3,88.0,85.2,79.5,73.2,43.0,40,35,45,40,10,30.04,197967999561.02,19588715.0,10106.2269557253
7794,Europe,3216,ROU,Romania,2018,76.3,98.1,74.3,79.5,82.5,57.0,75.9,76.3,82.5,62.1,73.0,86.0,78.8,87.2,85.4,79.5,73.5,46.0,35,35,43,48,10,30.07,210085482250.697,19473970.0,10788.015091463
7795,Europe,3217,ROU,Romania,2019,76.7,98.2,73.3,80.0,83.4,57.5,76.1,76.4,83.3,64.0,77.2,84.5,78.6,87.5,86.2,79.5,71.5,47.1,35,40,42,53,10,30.09,218327690029.17,19371648.0,11270.4758020159
7796,Europe,3218,ROU,Romania,2020,77.1,98.1,69.6,81.4,84.5,57.4,76.3,76.4,82.0,64.7,77.2,85.7,78.6,87.7,86.4,79.5,73.9,50.9,30,45,50,50,15,30.12,210305491425.986,19265250.0,10916.3126056493
7797,Europe,3219,ROU,Romania,2021,77.3,98.4,72.9,80.7,84.6,54.8,76.3,76.4,83.0,68.0,77.2,84.9,79.2,87.2,86.7,79.5,74.4,50.0,40,40,35,53,18,,221968423307.804,19122059.0,11607.9771173075
7798,Europe,3220,ROU,Romania,2022,77.5,98.6,72.9,80.6,84.6,55.1,76.3,76.4,83.2,69.4,77.2,85.3,79.2,87.2,86.7,79.5,73.4,51.3,40,45,50,48,10,,230770154206.928,19048502.0,12114.8715109948
7799,Europe,3221,RUS,Russian Federation,2000,66.8,98.5,54.2,62.9,88.1,63.3,73.4,66.9,72.1,43.0,64.9,78.5,81.6,70.8,50.4,64.4,39.6,62.5,70,35,10,23,6,49.42,780432873752.842,146596869.0,5323.66650390625
7800,Europe,3222,RUS,Russian Federation,2001,67.1,98.5,56.8,62.9,88.1,63.3,73.5,67.0,73.0,43.8,65.2,78.6,81.4,70.3,49.4,64.5,39.3,65.1,35,20,12,35,7,49.45,820235350096.64,145976482.0,5618.95556640625
7801,Europe,3223,RUS,Russian Federation,2002,67.5,98.5,57.1,63.0,88.8,63.3,73.6,67.0,73.6,44.3,64.6,78.7,81.5,70.3,49.7,64.6,39.0,70.4,40,45,10,22,10,49.49,858786345187.109,145306497.0,5910.171875
7802,Europe,3224,RUS,Russian Federation,2003,67.2,98.5,57.4,62.8,88.4,63.3,73.6,66.7,73.4,45.1,60.8,78.8,81.5,69.9,51.9,64.8,39.4,66.3,38,25,12,30,10,49.52,921477339133.556,144648618.0,6370.45361328125
7803,Europe,3225,RUS,Russian Federation,2004,67.4,98.5,58.6,63.5,86.7,64.4,73.7,67.1,73.6,45.3,60.4,78.9,81.2,69.8,54.8,64.8,39.8,65.2,70,40,12,30,8,49.56,987823227180.876,144067316.0,6856.67822265625
7804,Europe,3226,RUS,Russian Federation,2005,67.5,98.5,57.9,63.3,85.6,64.4,73.8,67.1,74.0,45.5,59.0,79.0,81.0,69.5,55.0,65.0,40.4,68.6,60,33,15,37,8,49.59,1051043572407.72,143518814.0,7323.38525390625
7805,Europe,3227,RUS,Russian Federation,2006,67.4,98.5,58.1,63.8,84.0,64.4,73.9,67.2,74.0,45.6,59.4,79.1,80.9,68.7,54.4,65.1,41.8,67.5,35,30,15,33,8,49.63,1137229862730.35,143049637.0,7949.89697265625
7806,Europe,3228,RUS,Russian Federation,2007,67.6,98.5,57.7,64.2,83.6,66.6,74.0,67.4,74.5,46.8,57.6,77.0,80.9,68.7,54.2,65.2,42.5,69.7,50,25,12,40,7,49.67,1233894148246.74,142805114.0,8640.40625
7807,Europe,3229,RUS,Russian Federation,2008,68.3,98.5,59.4,65.7,85.7,66.6,74.1,67.1,74.4,47.6,58.6,79.8,80.7,68.4,53.3,65.2,44.0,72.2,55,38,20,40,10,49.7,1298056264706.47,142742366.0,9093.7001953125
7808,Europe,3230,RUS,Russian Federation,2009,68.2,98.5,58.2,66.1,86.4,66.6,74.2,67.3,73.3,50.1,61.1,78.8,81.1,69.6,53.2,65.3,44.1,66.1,45,35,20,35,8,49.74,1196807955075.78,142785348.0,8381.8681640625
7809,Europe,3231,RUS,Russian Federation,2010,68.3,98.5,54.9,70.4,86.4,66.5,74.2,67.0,73.7,50.6,61.5,80.8,81.0,68.6,50.4,65.3,46.2,65.5,50,40,10,45,8,49.77,1250664313044.7,142849468.0,8755.1201171875
7810,Europe,3232,RUS,Russian Federation,2011,69.0,98.6,58.0,71.0,91.1,66.3,74.3,66.4,74.2,53.7,61.3,78.3,80.5,67.3,51.2,65.3,45.7,69.3,55,40,10,40,8,49.77,1304443243520.47,143018195.0,9120.8203125
7811,Europe,3233,RUS,Russian Federation,2012,68.7,98.6,55.6,71.8,88.9,66.3,74.4,66.3,74.8,56.1,59.8,77.7,80.5,66.7,52.5,65.4,45.4,66.5,55,40,12,35,10,49.77,1356935163515.02,143378447.0,9464.0107421875
7812,Europe,3234,RUS,Russian Federation,2013,69.2,98.7,57.5,72.3,90.7,66.2,74.5,66.6,74.8,57.8,59.6,80.8,80.5,67.5,53.0,65.6,45.0,65.9,45,40,12,35,10,49.77,1380755103919.45,143805638.0,9601.537109375
7813,Europe,3235,RUS,Russian Federation,2014,70.5,98.7,58.5,72.8,92.6,66.1,74.6,66.2,78.0,60.7,61.0,82.9,80.9,68.9,55.9,65.7,47.7,66.8,68,38,15,18,8,49.76,1390921151162.46,144237223.0,9493.8125
7814,Europe,3236,RUS,Russian Federation,2015,71.0,98.7,58.5,75.8,95.1,65.9,74.7,64.6,78.8,62.3,64.1,80.7,81.3,71.5,56.1,65.8,48.6,64.2,67,45,16,35,10,49.76,1363482182197.71,144640716.0,9277.7138671875
7815,Europe,3237,RUS,Russian Federation,2016,71.4,98.7,59.4,76.6,96.0,65.5,74.8,65.7,78.8,55.1,75.0,81.7,81.2,72.0,56.4,65.8,48.1,63.7,73,40,15,45,10,49.77,1366123111808.03,145015460.0,9269.3193359375
7816,Europe,3238,RUS,Russian Federation,2017,72.6,98.7,60.4,77.5,95.8,66.8,74.8,65.5,79.1,65.1,77.3,83.9,81.0,70.7,56.6,66.0,48.5,66.2,70,38,15,50,8,49.77,1391065651845.68,145293260.0,9418.9140625
7817,Europe,3239,RUS,Russian Federation,2018,72.9,98.7,58.9,77.8,96.0,67.0,74.9,65.0,79.0,70.5,76.9,82.5,80.8,70.5,55.0,66.0,49.4,69.6,75,40,15,34,7,49.78,1430116278515.49,145398106.0,9674.787109375
7818,Europe,3240,RUS,Russian Federation,2019,73.2,98.8,59.1,79.0,97.1,67.0,75.0,64.8,79.6,73.7,76.6,84.4,80.7,70.6,53.4,66.1,50.3,68.9,70,45,13,40,8,49.78,1461551317106.21,145453291.0,9882.0244140625
7819,Europe,3241,RUS,Russian Federation,2020,74.0,98.8,59.5,79.3,97.1,67.1,75.1,64.4,79.4,75.4,79.0,86.1,80.7,71.4,53.4,66.1,51.8,73.3,67,45,11,30,6,49.78,1422766794794.99,145245148.0,9632.3251953125
7820,Europe,3242,RUS,Russian Federation,2021,74.1,98.9,59.1,79.2,97.1,67.3,75.1,64.4,81.6,75.9,79.0,85.5,80.6,69.9,53.4,66.1,51.3,74.4,66,40,15,42,7,,1506233291759.56,144746762.0,10231.318359375
7821,Europe,3243,RUS,Russian Federation,2022,73.8,98.8,59.1,80.3,97.1,67.3,75.1,64.4,81.6,75.9,79.0,83.4,80.6,69.9,53.4,66.1,47.8,74.6,80,57,6,15,7,,1484605556957.56,144236933.0,10119.0625
7822,Africa,3244,RWA,Rwanda,2000,45.9,12.3,50.5,23.9,37.4,35.9,49.2,6.6,65.0,10.9,20.4,44.9,95.4,99.4,0.0,64.6,67.2,50.4,88,15,9,15,7,11.63,2738155710.83594,8213931.0,333.355090374626
7823,Africa,3245,RWA,Rwanda,2001,45.8,12.3,50.8,23.8,37.4,36.5,49.9,2.3,65.0,10.9,20.4,45.0,95.4,99.4,0.0,64.6,67.2,52.8,5,35,10,18,5,11.54,2970476184.36881,8287094.0,358.446058940421
7824,Africa,3246,RWA,Rwanda,2002,46.2,12.3,51.9,24.4,37.4,37.0,50.6,4.4,65.0,10.9,20.4,46.1,95.4,99.4,0.0,64.6,67.2,52.9,84,20,10,20,8,11.46,3362343589.6365,8400180.0,400.270421542931
7825,Africa,3247,RWA,Rwanda,2003,47.9,12.3,52.2,28.8,39.7,49.4,51.1,8.3,64.9,10.9,20.4,46.2,95.4,99.4,0.0,64.6,67.2,55.5,75,25,15,20,15,11.37,3436395424.94488,8586875.0,400.191620926691
7826,Africa,3248,RWA,Rwanda,2004,47.8,12.3,51.7,31.2,39.7,49.8,51.6,2.9,64.9,10.9,20.4,47.3,95.3,99.4,0.0,64.6,67.2,54.9,70,15,8,20,10,11.28,3692326725.72438,8816844.0,418.780997568334
7827,Africa,3249,RWA,Rwanda,2005,48.3,12.3,55.4,34.3,36.4,50.4,52.2,9.3,65.0,10.9,15.5,47.6,95.3,99.5,0.0,67.1,67.2,54.3,45,35,15,45,5,11.19,4038589402.99261,9054528.0,446.029809946207
7828,Africa,3250,RWA,Rwanda,2006,49.0,12.3,56.1,37.1,36.4,51.3,52.7,15.3,65.0,10.9,15.5,48.7,95.4,99.5,0.0,67.1,67.2,54.1,65,20,15,53,7,11.1,4411233107.16471,9299246.0,474.364599792791
7829,Africa,3251,RWA,Rwanda,2007,49.6,12.3,56.6,38.9,36.4,58.4,53.2,14.8,65.0,10.9,15.5,48.8,95.4,99.5,0.0,67.1,67.3,53.2,50,50,14,55,10,11.01,4747955684.14585,9549933.0,497.17162247587
7830,Africa,3252,RWA,Rwanda,2008,50.2,12.3,58.1,42.7,36.4,59.9,53.7,16.0,65.0,11.3,15.5,49.9,95.2,99.5,0.0,67.1,67.3,52.5,42,50,15,48,5,10.92,5277886760.92206,9804269.0,538.325372439502
7831,Africa,3253,RWA,Rwanda,2009,50.4,12.3,59.3,43.8,36.4,60.7,54.2,19.8,65.0,11.8,15.5,46.8,95.1,99.5,0.0,67.1,66.1,52.6,45,45,15,70,8,10.83,5607662716.63038,10060432.0,557.397805246373
7832,Africa,3254,RWA,Rwanda,2010,52.1,12.3,61.3,49.5,39.6,68.1,54.8,19.1,65.0,11.9,22.3,48.3,95.0,99.5,0.0,67.1,65.7,54.7,45,35,15,40,8,10.74,6018965511.77374,10317553.0,583.371416824681
7833,Africa,3255,RWA,Rwanda,2011,52.5,14.4,60.7,50.6,39.6,68.5,55.1,19.6,65.0,11.7,22.3,48.4,95.0,99.4,0.0,67.1,67.5,54.6,45,55,14,55,8,10.78,6497978182.82761,10573733.0,614.539650549868
7834,Africa,3256,RWA,Rwanda,2012,52.9,16.4,62.0,50.7,41.9,69.0,55.5,20.9,65.0,13.8,22.3,46.5,95.2,99.4,0.0,67.1,66.9,54.4,35,40,15,62,8,10.82,7059501497.62531,10829901.0,651.852819118597
7835,Africa,3257,RWA,Rwanda,2013,54.1,17.4,62.4,51.7,41.9,71.4,55.8,20.4,65.0,14.4,27.4,54.7,95.1,99.4,0.0,67.1,66.2,55.1,35,30,18,65,6,10.86,7392699278.09477,11093340.0,666.408789246049
7836,Africa,3258,RWA,Rwanda,2014,55.0,17.9,61.5,53.2,43.0,72.8,56.1,23.5,66.4,18.4,27.4,58.5,95.2,99.4,0.0,67.1,65.6,54.2,38,70,18,40,10,10.9,7848619325.66813,11364757.0,690.61039542404
7837,Africa,3259,RWA,Rwanda,2015,55.5,19.7,60.1,57.0,42.7,73.4,56.5,25.0,66.5,21.0,27.4,56.1,95.1,99.3,0.0,68.0,66.1,53.8,45,25,18,55,10,10.94,8543760205.73641,11640022.0,733.998630392314
7838,Africa,3260,RWA,Rwanda,2016,57.2,19.4,60.6,57.1,50.2,74.0,56.8,27.3,66.4,23.5,34.9,60.5,95.0,99.3,0.0,68.0,67.2,54.5,38,35,18,65,10,10.99,9053886362.76012,11919183.0,759.606288682716
7839,Africa,3261,RWA,Rwanda,2017,57.6,18.6,60.5,58.3,51.1,74.6,57.1,29.4,67.7,24.7,34.9,59.2,95.0,99.3,0.0,68.0,67.4,56.2,38,35,18,50,10,11.04,9408633106.83003,12202060.0,771.069238049151
7840,Africa,3262,RWA,Rwanda,2018,58.0,20.7,61.5,59.3,52.2,74.0,57.5,30.5,67.5,26.5,34.9,58.7,94.7,99.3,0.0,66.8,68.1,56.6,35,40,15,75,12,11.09,10209916261.7807,12487996.0,817.578437867905
7841,Africa,3263,RWA,Rwanda,2019,58.8,21.4,61.6,59.2,54.7,76.8,57.7,31.9,70.1,27.7,34.9,56.8,94.7,99.3,0.0,66.8,69.5,57.6,35,40,19,63,5,11.14,11174486378.2125,12776103.0,874.639659543485
7842,Africa,3264,RWA,Rwanda,2020,58.9,19.5,62.4,59.3,54.7,77.5,57.8,33.7,67.7,28.3,34.9,57.3,94.7,99.3,0.0,66.8,69.3,60.0,35,50,18,60,7,11.19,10797494132.1381,13065837.0,826.391308275017
7843,Africa,3265,RWA,Rwanda,2021,59.7,21.0,62.8,59.0,61.3,77.3,57.8,33.7,68.7,30.2,34.9,57.3,94.7,99.3,0.0,67.3,68.9,61.2,44,50,17,60,15,,11969932692.1767,13355260.0,896.271034197517
7844,Africa,3266,RWA,Rwanda,2022,60.2,23.5,63.0,59.0,61.3,77.2,57.8,33.7,69.1,30.2,34.9,57.3,94.7,99.3,0.0,67.3,68.0,60.9,35,35,12,60,15,,12946823701.9307,13651030.0,948.413687606773
7960,Africa,3382,STP,Sao Tome and Principe,2000,53.5,33.7,58.4,47.9,49.1,32.2,39.6,29.8,50.8,14.2,83.7,61.5,96.4,99.2,54.1,36.1,74.4,48.0,18,35,20,20,5,60.79,138248376.950013,144018.0,959.938180991352
7961,Africa,3383,STP,Sao Tome and Principe,2001,53.7,33.7,58.6,49.6,49.1,32.7,40.3,27.6,48.2,14.5,83.7,61.8,96.4,99.1,59.0,36.0,74.4,48.0,15,20,35,18,10,60.76,142484974.901201,146375.0,973.424252100436
7962,Africa,3384,STP,Sao Tome and Principe,2002,53.6,33.7,58.8,50.8,49.1,33.1,40.9,28.7,44.4,14.8,83.7,62.1,96.4,99.0,57.5,36.0,74.4,48.0,20,30,25,22,12,60.74,147272738.169326,149922.0,982.32906557627
7963,Africa,3385,STP,Sao Tome and Principe,2003,54.5,33.7,58.4,52.4,49.8,33.5,41.5,28.2,46.9,15.4,83.7,62.4,96.4,98.9,58.5,36.0,74.4,56.2,18,25,15,18,5,60.71,159483885.915675,153814.0,1036.86196260207
7964,Africa,3386,STP,Sao Tome and Principe,2004,54.8,33.7,58.8,49.9,52.6,34.0,42.1,28.7,47.4,15.7,83.7,62.7,96.4,98.8,59.4,36.2,74.4,57.0,20,20,30,20,5,60.68,165126275.794519,157705.0,1047.05796134884
7965,Africa,3387,STP,Sao Tome and Principe,2005,55.3,33.7,59.3,50.0,53.6,34.4,42.8,29.5,46.7,15.6,83.7,63.4,96.4,98.8,66.5,36.2,74.4,54.4,22,20,30,20,10,60.66,176048759.302531,161639.0,1089.14778798762
7966,Africa,3388,STP,Sao Tome and Principe,2006,58.6,33.7,60.0,51.6,53.6,33.9,43.4,29.2,46.3,15.9,83.7,63.7,96.4,98.7,82.5,81.1,74.7,47.1,15,20,35,35,8,60.63,191657434.828232,165638.0,1157.0861446542
7967,Africa,3389,STP,Sao Tome and Principe,2007,59.7,33.7,59.3,54.0,48.0,31.6,44.1,30.2,47.0,15.9,83.7,64.0,96.4,98.7,81.9,81.2,74.8,70.3,20,20,18,35,8,60.6,198636586.369116,169700.0,1170.51612474435
7968,Africa,3390,STP,Sao Tome and Principe,2008,58.3,33.7,58.3,56.0,41.2,34.8,44.7,30.8,48.4,16.1,83.7,64.7,96.4,98.8,81.7,81.2,72.3,48.4,20,25,40,40,15,60.58,211009232.403659,173793.0,1214.14114724792
7969,Africa,3391,STP,Sao Tome and Principe,2009,59.0,33.7,56.7,56.0,41.5,35.2,45.3,30.2,49.1,16.3,83.7,65.0,96.4,98.7,80.9,81.3,74.6,58.8,18,23,40,40,10,60.55,217977600.590737,177853.0,1225.60541902997
7970,Africa,3392,STP,Sao Tome and Principe,2010,60.4,33.7,56.8,58.7,41.1,41.2,45.9,31.6,50.4,16.7,87.6,66.9,96.4,98.6,81.8,81.4,78.4,59.4,18,25,40,20,10,60.52,221134908.544338,181802.0,1216.3502521663
7971,Africa,3393,STP,Sao Tome and Principe,2011,60.9,34.7,57.7,58.9,48.6,41.6,46.6,31.9,51.4,16.9,87.6,66.9,96.4,98.7,78.7,81.3,78.4,58.3,20,20,30,37,15,59.88,225556350.897449,185649.0,1214.96130276731
7972,Africa,3394,STP,Sao Tome and Principe,2012,61.0,35.6,58.0,58.6,57.8,42.0,47.2,30.5,52.4,17.1,87.6,68.8,96.4,98.4,76.2,81.3,78.4,51.1,23,30,25,40,10,59.23,232194345.227845,189439.0,1225.6945255615
7973,Africa,3395,STP,Sao Tome and Principe,2013,62.3,37.6,59.1,59.7,65.5,42.7,47.8,33.1,52.3,18.3,87.6,68.3,96.4,98.4,79.9,81.2,78.4,52.4,10,20,35,40,15,58.58,244081946.538405,193148.0,1263.70423995281
7974,Africa,3396,STP,Sao Tome and Principe,2014,63.1,39.9,60.8,61.2,61.9,44.7,48.4,34.7,52.3,22.1,87.6,69.3,96.4,98.5,83.7,81.3,82.7,46.4,18,20,38,45,10,57.94,256057120.595489,196767.0,1301.32146445028
7975,Africa,3397,STP,Sao Tome and Principe,2015,63.6,41.9,61.1,61.8,65.0,45.1,49.0,34.8,52.0,23.2,87.6,69.3,96.4,98.5,83.4,81.2,83.7,46.8,18,25,25,40,12,57.29,259999643.047388,200291.0,1298.10946596396
7976,Africa,3398,STP,Sao Tome and Principe,2016,63.8,43.7,59.5,61.8,65.0,45.5,49.6,35.4,51.9,21.2,87.6,70.3,96.2,98.5,82.6,81.2,84.6,49.0,30,18,35,53,10,56.65,273459368.754364,203689.0,1342.533807689
7977,Africa,3399,STP,Sao Tome and Principe,2017,61.7,45.2,60.1,63.8,68.5,46.0,50.2,36.8,51.7,23.4,48.3,70.6,96.1,98.4,80.3,81.2,78.1,50.0,25,28,30,60,5,56.0,284706696.977306,206970.0,1375.59403284199
7978,Africa,3400,STP,Sao Tome and Principe,2018,62.0,46.1,60.2,64.6,68.9,44.5,50.6,36.4,51.6,24.8,48.3,70.9,95.9,98.4,81.2,81.2,78.3,51.3,15,28,45,35,5,55.35,297171520.830854,210187.0,1413.84348618541
7979,Africa,3401,STP,Sao Tome and Principe,2019,61.3,46.5,60.3,65.7,55.2,46.6,51.0,38.3,51.4,25.3,48.3,71.1,95.8,98.5,79.8,81.2,78.3,48.5,18,25,40,40,15,54.71,303157496.465873,213392.0,1420.66008316091
7980,Africa,3402,STP,Sao Tome and Principe,2020,61.7,47.5,60.3,64.6,55.2,51.2,51.4,38.8,48.7,27.1,48.3,71.1,95.8,98.6,79.8,81.1,78.5,51.3,18,18,40,55,5,54.06,311114954.79799,217435.0,1430.84119299096
7981,Africa,3403,STP,Sao Tome and Principe,2021,62.7,47.6,60.5,63.6,69.1,51.3,51.4,38.8,48.9,29.9,48.3,71.1,95.8,98.5,79.9,81.1,78.0,52.0,22,23,22,40,10,,317023957.753826,221961.0,1428.28676097975
7982,Africa,3404,STP,Sao Tome and Principe,2022,62.7,48.2,60.7,63.6,69.1,51.4,51.4,38.8,48.6,29.9,48.3,71.1,95.8,98.5,79.9,81.1,78.0,52.1,25,19,22,35,5,,317558772.390522,226305.0,1403.23356704678
7983,Asia,3405,SAU,Saudi Arabia,2000,57.4,100.0,52.0,75.2,65.8,17.5,57.9,64.5,72.6,21.2,0.0,67.4,57.9,39.2,59.5,51.9,65.6,51.0,78,10,7,80,75,0.45,359919640768.116,16177722.0,22247.8566987439
7984,Asia,3406,SAU,Saudi Arabia,2001,58.5,100.0,53.1,75.5,65.8,19.3,57.9,65.1,72.5,21.5,0.0,67.4,64.2,39.7,62.2,51.8,65.5,54.4,80,10,12,55,78,0.45,361159899361.902,17041397.0,21193.0922894351
7985,Asia,3407,SAU,Saudi Arabia,2002,58.1,100.0,53.9,75.7,65.8,21.2,57.9,64.8,72.1,21.8,0.0,67.4,58.1,38.1,62.1,52.1,65.5,54.0,70,12,7,50,85,0.45,358673710260.029,17910910.0,20025.4319998274
7986,Asia,3408,SAU,Saudi Arabia,2003,58.3,100.0,53.7,75.7,65.8,23.0,58.0,65.5,71.8,22.2,0.0,67.4,57.8,38.6,62.8,51.9,65.5,52.8,55,9,10,55,75,0.45,390124853185.866,18786767.0,20765.9387688082
7987,Asia,3409,SAU,Saudi Arabia,2004,58.0,100.0,54.4,75.3,65.7,24.8,58.0,64.0,71.6,22.4,0.0,67.4,56.7,34.3,65.7,51.8,65.5,50.9,75,15,8,45,90,0.45,423796550560.486,19669480.0,21545.894988606
7988,Asia,3410,SAU,Saudi Arabia,2005,58.0,100.0,54.5,74.6,65.7,25.2,58.1,65.0,71.4,22.7,0.0,67.7,58.2,34.8,63.7,51.6,65.5,49.3,55,18,7,60,80,0.45,448990815757.244,20559890.0,21838.1915349374
7989,Asia,3411,SAU,Saudi Arabia,2006,58.1,100.0,55.3,74.9,65.7,25.6,58.2,64.4,71.1,23.8,0.0,67.7,56.6,33.5,64.9,51.5,65.6,50.3,75,15,10,45,70,0.45,463868057904.565,21459144.0,21616.3355772516
7990,Asia,3412,SAU,Saudi Arabia,2007,58.4,100.0,54.8,75.6,66.0,26.0,58.3,66.0,71.3,25.4,0.0,66.1,57.2,37.5,64.5,51.3,63.6,50.1,80,13,10,66,70,0.45,474136491554.825,22368313.0,21196.7926036633
7991,Asia,3413,SAU,Saudi Arabia,2008,58.3,100.0,54.5,75.1,66.6,26.3,58.4,65.7,71.8,26.4,0.0,65.0,60.7,35.6,65.0,51.1,62.8,47.8,78,18,10,70,75,0.45,503713066804.231,23287877.0,21629.8405734551
7992,Asia,3414,SAU,Saudi Arabia,2009,58.0,100.0,52.1,74.6,66.6,26.6,58.4,65.6,71.5,27.3,0.0,60.7,59.4,34.6,65.1,51.0,65.6,49.3,75,12,6,60,70,0.45,498339873323.225,24217654.0,20577.5453445336
7993,Asia,3415,SAU,Saudi Arabia,2010,58.7,100.0,52.7,75.3,74.2,27.0,58.5,65.5,71.5,31.6,0.0,59.1,61.7,32.6,64.1,50.9,65.6,48.5,82,15,11,60,85,0.45,523453786400.721,23978487.0,21830.1424272816
7994,Asia,3416,SAU,Saudi Arabia,2011,58.9,100.0,51.6,76.1,74.3,27.3,58.6,66.3,71.2,35.8,0.0,57.6,61.1,34.3,63.0,50.8,65.6,48.8,75,18,10,55,85,0.45,585005967584.982,25091867.0,23314.565137181
7995,Asia,3417,SAU,Saudi Arabia,2012,59.0,100.0,50.9,75.9,75.8,27.6,58.7,66.5,71.4,39.4,0.0,58.4,62.2,29.1,62.9,50.6,65.6,49.3,75,10,8,65,80,0.45,618711129253.977,26168861.0,23643.028607702
7996,Asia,3418,SAU,Saudi Arabia,2013,59.9,100.0,51.8,76.5,76.2,38.8,58.7,67.3,71.3,44.8,0.0,51.6,62.1,30.7,62.6,50.5,65.9,49.9,78,15,10,60,80,0.45,636936502413.09,27624004.0,23057.3562910391
7997,Asia,3419,SAU,Saudi Arabia,2014,60.6,100.0,51.7,76.7,76.0,39.3,58.8,67.3,76.1,48.9,0.0,57.4,61.5,26.4,62.2,50.3,66.1,50.9,70,20,10,63,83,0.45,662570908159.594,28309273.0,23404.7306039825
7998,Asia,3420,SAU,Saudi Arabia,2015,60.9,100.0,56.9,76.8,77.0,40.2,58.9,67.2,76.2,51.5,0.0,53.9,60.8,24.1,62.2,50.1,66.3,51.5,74,18,10,60,80,0.45,693414400000.0,29816382.0,23256.1549553531
7999,Asia,3421,SAU,Saudi Arabia,2016,61.9,100.0,57.3,76.8,77.4,41.1,59.0,68.3,76.4,47.7,0.0,57.3,63.3,30.0,62.9,50.0,65.1,57.8,70,12,8,70,72,0.45,705230699062.962,30954198.0,22783.0389617254
8000,Asia,3422,SAU,Saudi Arabia,2017,63.4,100.0,57.4,76.3,78.2,40.5,59.0,68.3,76.7,63.6,0.0,60.7,63.5,32.1,64.0,49.9,65.6,58.5,70,17,10,68,85,0.45,713567089638.542,30977355.0,23035.1199977707
8001,Asia,3423,SAU,Saudi Arabia,2018,63.7,100.0,58.1,76.0,77.8,41.5,59.1,68.7,76.6,65.3,0.0,62.0,64.5,34.9,64.7,49.7,61.6,58.7,70,20,8,70,75,0.45,736593549189.516,30196281.0,24393.5188306638
8002,Asia,3424,SAU,Saudi Arabia,2019,64.9,100.0,56.9,76.7,79.5,42.5,59.1,68.6,76.9,68.5,0.0,61.5,64.4,34.2,64.6,49.6,75.1,59.6,72,18,12,64,80,0.45,748758860045.79,30063799.0,24905.6634541027
8003,Asia,3425,SAU,Saudi Arabia,2020,65.2,100.0,56.5,76.8,78.9,44.6,59.1,68.6,75.5,71.3,0.0,60.4,64.4,34.7,64.7,49.4,74.4,64.1,62,18,9,64,82,0.45,720270347023.098,31552510.0,22827.671935548
8004,Asia,3426,SAU,Saudi Arabia,2021,67.5,100.0,56.8,80.7,78.5,44.2,59.1,68.6,76.6,74.1,0.0,65.3,66.0,33.8,64.8,49.3,75.6,87.4,70,15,10,68,78,,767229070838.89,30784383.0,24922.6716948944
8005,Asia,3427,SAU,Saudi Arabia,2022,67.7,100.0,56.9,80.7,78.5,44.6,59.1,68.6,77.5,74.7,0.0,63.6,66.0,33.8,64.8,49.0,75.2,80.9,70,18,12,65,75,,859301066620.788,32175224.0,26706.917926066
8006,Africa,3428,SEN,Senegal,2000,48.1,28.2,48.3,31.6,4.5,18.0,52.1,31.4,68.9,16.5,47.1,45.9,94.9,98.3,52.5,64.8,66.9,48.2,25,60,25,30,10,45.98,10450471990.9721,9968260.0,1048.37474052363
8007,Africa,3429,SEN,Senegal,2001,48.6,28.2,49.0,32.5,4.5,20.5,52.7,32.7,68.9,16.5,47.1,45.9,94.8,98.3,53.6,65.1,66.9,48.5,20,35,25,30,10,45.78,10900976316.0181,10212942.0,1067.36886550595
8008,Africa,3430,SEN,Senegal,2002,48.9,28.2,50.0,33.3,4.5,21.9,53.3,32.6,68.8,16.5,47.1,46.8,94.8,98.3,54.1,65.1,66.9,48.6,20,40,20,60,10,45.58,10908464913.3606,10466214.0,1042.25509944289
8009,Africa,3431,SEN,Senegal,2003,49.7,28.2,52.5,35.8,8.8,22.0,53.9,33.7,68.3,16.6,47.1,46.8,95.1,98.2,55.9,65.0,66.9,49.2,40,40,18,40,20,45.38,11518679089.4187,10721176.0,1074.38578467686
8010,Africa,3432,SEN,Senegal,2004,49.8,28.2,51.3,37.0,7.2,22.1,54.6,32.8,67.6,16.9,47.1,47.8,94.8,98.2,58.5,65.4,66.9,49.9,30,30,30,40,7,45.18,12053525217.1809,10975704.0,1098.20064546027
8011,Africa,3433,SEN,Senegal,2005,51.0,28.2,54.1,39.5,7.1,22.3,55.2,36.5,67.0,17.0,56.2,49.4,94.7,98.2,58.7,65.4,66.9,51.5,30,30,24,30,5,44.98,12573060904.8807,11235472.0,1119.0505307548
8012,Africa,3434,SEN,Senegal,2006,51.6,28.2,54.7,41.1,11.6,23.1,55.9,39.4,66.4,17.0,56.2,50.3,94.9,98.4,56.1,66.4,67.0,51.3,20,40,20,25,5,44.78,12866110160.1646,11500094.0,1118.7830430051
8013,Africa,3435,SEN,Senegal,2007,52.3,28.2,55.4,43.1,15.6,25.3,56.5,38.6,66.3,17.3,56.2,53.6,94.8,98.3,55.5,66.5,67.3,50.6,25,40,25,30,10,44.58,13229850430.9674,11770344.0,1123.99862153285
8014,Africa,3436,SEN,Senegal,2008,52.4,28.2,57.3,42.5,14.5,26.0,57.2,39.3,66.3,17.3,56.2,52.1,94.6,98.3,57.0,67.0,66.0,51.0,20,40,28,35,5,44.38,13719774159.3291,12048959.0,1138.66883930214
8015,Africa,3437,SEN,Senegal,2009,52.8,28.2,55.8,42.9,20.8,26.9,57.8,40.2,66.3,17.4,56.2,49.7,94.8,98.3,57.4,66.9,65.7,52.6,30,35,25,60,20,44.18,14097356679.2382,12337389.0,1142.65317233964
8016,Africa,3438,SEN,Senegal,2010,53.6,28.2,56.2,46.6,22.3,28.6,58.5,37.6,66.2,18.0,56.2,53.5,94.8,98.1,60.7,66.9,65.6,52.7,30,30,20,45,15,43.98,14575382431.8826,12635413.0,1153.53431121583
8017,Africa,3439,SEN,Senegal,2011,53.7,27.5,55.0,48.1,24.5,29.0,59.1,36.9,66.2,18.4,51.0,58.7,94.9,97.9,62.5,67.0,64.0,52.4,20,60,25,60,5,43.78,14769831308.7257,12958897.0,1139.74447892639
8018,Africa,3440,SEN,Senegal,2012,55.0,29.2,56.7,48.1,26.6,42.3,59.8,37.9,66.7,16.8,51.0,62.3,95.0,97.9,65.0,67.0,59.9,52.0,20,45,20,45,15,43.57,15361066998.8901,13310495.0,1154.05677992367
8019,Africa,3441,SEN,Senegal,2013,54.7,31.9,56.0,47.9,22.6,46.0,60.4,37.7,67.2,18.7,51.0,55.1,95.0,98.0,65.7,67.0,55.8,53.5,10,60,35,60,15,43.36,15731635117.4164,13710849.0,1147.3859217191
8020,Africa,3442,SEN,Senegal,2014,56.2,36.9,59.5,50.4,24.5,46.9,61.0,38.0,68.9,20.8,51.0,59.2,95.0,98.0,67.6,67.0,57.2,53.4,35,60,40,42,18,43.15,16710783797.4248,14152102.0,1180.7987108505
8021,Africa,3443,SEN,Senegal,2015,56.3,41.8,60.6,51.3,26.0,45.1,61.7,36.8,69.9,22.4,51.0,55.4,95.0,98.0,65.5,66.9,56.6,52.9,25,55,30,62,10,42.94,17774766696.1759,14593331.0,1218.00613555438
8022,Africa,3444,SEN,Senegal,2016,57.5,47.5,60.7,54.1,26.0,45.1,62.3,38.3,71.2,22.4,51.0,62.3,95.0,98.0,65.5,66.9,56.8,53.7,35,45,42,65,15,42.74,18904543055.8656,15034521.0,1257.40906915928
8023,Africa,3445,SEN,Senegal,2017,58.6,53.4,59.6,55.8,29.6,44.9,62.9,38.4,76.7,23.2,51.0,58.5,95.0,97.8,69.0,67.4,57.4,55.0,30,55,40,60,10,42.53,20304894471.3123,15475002.0,1312.10932776049
8024,Africa,3446,SEN,Senegal,2018,59.6,59.5,61.2,56.2,29.6,43.9,63.6,38.7,75.9,26.1,60.3,58.8,95.2,97.7,68.3,67.4,55.7,55.3,35,55,45,63,30,42.32,21565674310.7132,15914498.0,1355.09610863712
8025,Africa,3447,SEN,Senegal,2019,60.4,60.4,61.1,58.9,28.1,43.3,64.2,41.3,76.6,28.0,60.3,61.8,95.2,97.6,68.4,67.3,57.2,56.7,30,50,55,45,5,42.11,22560634320.127,16352922.0,1379.60875249861
8026,Africa,3448,SEN,Senegal,2020,60.7,60.1,61.6,57.8,28.6,43.9,64.8,41.1,76.1,31.5,60.3,60.3,95.2,97.6,68.4,67.4,58.0,59.6,36,60,45,35,40,41.91,22863414676.2849,16789219.0,1361.79143748646
8027,Africa,3449,SEN,Senegal,2021,61.7,62.8,61.7,57.8,31.7,44.1,64.8,41.1,78.7,36.9,60.3,63.2,95.0,97.6,68.4,66.4,57.3,61.0,30,45,20,42,20,,24359596784.117,17220867.0,1414.5395109385
8028,Africa,3450,SEN,Senegal,2022,61.8,67.9,61.8,57.8,31.7,44.3,64.8,41.1,78.7,36.9,60.3,63.6,95.0,97.6,68.4,66.3,54.0,60.9,35,59,20,35,15,,25297546478.5042,17651103.0,1433.1991875241
8029,Europe,3451,SRB,Serbia,2000,69.7,100.0,66.7,71.6,93.1,41.9,72.5,66.0,73.5,28.2,53.2,76.3,85.8,86.3,0.0,56.2,66.6,78.1,30,50,10,12,10,28.13,26625556358.9016,7516346.0,3542.35373929055
8030,Europe,3452,SRB,Serbia,2001,69.5,100.0,67.1,71.7,93.1,42.2,72.5,65.1,73.3,26.0,53.2,76.3,84.7,85.3,0.0,56.8,66.5,78.1,35,55,12,22,8,28.42,28430374779.3657,7503433.0,3788.9822937535
8031,Europe,3453,SRB,Serbia,2002,69.6,100.0,66.8,73.1,93.1,42.5,72.5,64.6,72.8,27.6,53.2,76.3,84.4,84.7,0.0,56.8,66.6,78.1,20,20,10,25,7,28.71,30290019296.1735,7500031.0,4038.65254639261
8032,Europe,3454,SRB,Serbia,2003,69.5,100.0,67.4,73.0,93.1,43.1,72.5,63.7,72.0,27.1,53.2,76.3,84.7,83.9,0.0,56.8,66.7,78.1,30,25,20,20,7,28.99,31671150129.2514,7480591.0,4233.77646622459
8033,Europe,3455,SRB,Serbia,2004,69.2,100.0,67.8,73.1,93.1,43.8,72.5,63.5,70.0,26.6,53.2,76.3,82.9,83.0,0.0,56.8,66.7,78.1,30,35,18,18,10,29.28,33788958041.6963,7463157.0,4527.43497714122
8034,Europe,3456,SRB,Serbia,2005,69.6,100.0,66.7,76.5,93.1,44.3,72.7,64.3,68.7,28.1,53.2,76.1,83.4,84.7,0.0,57.3,66.8,78.1,30,20,20,25,8,29.57,35783688498.2993,7440769.0,4809.13847725945
8035,Europe,3457,SRB,Serbia,2006,69.7,100.0,69.4,74.6,93.1,44.8,72.8,64.3,68.7,28.7,53.2,76.1,84.5,82.7,0.0,57.5,66.8,78.1,20,33,25,10,8,29.86,37179489901.5517,7411569.0,5016.41284072937
8036,Europe,3458,SRB,Serbia,2007,70.1,100.0,64.5,76.4,92.6,49.6,73.0,64.1,70.2,30.6,53.2,76.1,85.0,82.9,0.0,57.5,67.1,78.1,5,43,28,25,15,30.15,40091414194.7181,7381579.0,5431.27888961402
8037,Europe,3459,SRB,Serbia,2008,71.2,100.0,69.6,76.6,92.5,50.7,73.1,65.1,72.6,33.2,53.2,79.9,84.9,84.5,0.0,57.6,67.1,78.6,30,40,18,25,15,30.44,42160489092.4557,7350222.0,5735.94771592691
8038,Europe,3460,SRB,Serbia,2009,71.2,100.0,69.1,76.8,91.5,51.0,73.3,68.6,71.4,35.1,53.2,77.2,85.0,85.8,0.0,57.6,67.2,77.3,30,40,30,30,8,30.73,40835549150.1437,7320807.0,5578.01198011964
8039,Europe,3461,SRB,Serbia,2010,71.3,100.0,71.1,77.8,90.3,51.0,73.5,68.6,69.6,35.9,53.2,78.0,85.0,85.8,0.0,57.6,66.6,77.0,30,33,25,40,8,31.02,41493398683.1048,7291436.0,5690.7032693018
8040,Europe,3462,SRB,Serbia,2011,71.4,100.0,70.5,78.8,96.3,52.0,73.6,67.0,67.4,40.1,53.2,76.1,84.5,83.7,0.0,57.6,66.4,75.2,35,40,20,35,15,31.03,41515918179.0189,7236519.0,5737.00119892159
8041,Europe,3463,SRB,Serbia,2012,72.0,100.0,65.1,79.2,97.3,57.8,73.8,68.8,66.9,48.3,53.2,72.9,84.4,86.0,0.0,57.6,66.0,75.3,35,38,18,25,5,31.05,41331605757.0618,7201497.0,5739.30750190714
8042,Europe,3464,SRB,Serbia,2013,72.9,100.0,70.2,80.0,96.4,57.7,74.0,69.7,67.9,48.0,55.1,71.4,84.4,86.1,0.0,58.3,67.8,78.8,38,50,22,35,10,31.06,41518250511.0447,7166553.0,5793.33614236087
8043,Europe,3465,SRB,Serbia,2014,73.8,100.0,72.4,79.5,97.3,60.0,74.1,71.5,72.8,51.9,50.6,69.6,84.7,87.9,0.0,58.7,69.7,79.4,10,45,32,32,8,31.08,40769149069.4923,7131787.0,5716.5404784933
8044,Europe,3466,SRB,Serbia,2015,73.6,100.0,69.1,80.5,97.8,60.6,74.3,70.5,75.2,52.7,50.2,68.2,85.2,87.2,0.0,59.2,68.3,78.7,38,38,25,50,15,31.09,41297410634.9586,7095383.0,5820.3215576888
8045,Europe,3467,SRB,Serbia,2016,74.8,100.0,72.9,81.0,95.4,61.3,74.5,70.8,76.5,52.0,58.6,75.5,84.6,86.7,0.0,59.3,69.6,78.7,35,40,40,41,5,31.1,42526090284.3724,7058322.0,6024.95753018527
8046,Europe,3468,SRB,Serbia,2017,75.7,100.0,66.0,79.9,96.6,61.8,74.6,70.3,76.9,57.4,69.6,78.7,84.3,85.7,0.0,59.3,69.2,80.3,5,38,24,50,15,31.11,43531149259.9687,7020858.0,6200.26060347164
8047,Europe,3469,SRB,Serbia,2018,76.7,100.0,75.1,82.6,96.1,62.0,74.8,71.2,78.2,59.9,73.5,71.9,84.4,85.6,0.0,60.2,70.4,81.2,30,45,25,35,15,31.12,45555064902.5834,6982604.0,6524.0796846826
8048,Europe,3470,SRB,Serbia,2019,77.5,100.0,76.2,83.0,94.5,64.0,74.9,71.0,79.7,64.6,75.3,74.3,84.3,85.6,0.0,60.7,69.9,81.4,30,40,20,50,10,31.12,47719025212.1981,6945235.0,6870.75746352687
8049,Europe,3471,SRB,Serbia,2020,77.5,100.0,77.2,81.6,94.2,64.5,75.0,71.4,79.7,65.3,75.3,73.2,84.3,85.5,0.0,60.7,68.7,83.6,36,50,28,45,10,31.13,47265683024.0045,6899126.0,6850.96677811138
8050,Europe,3472,SRB,Serbia,2021,78.4,100.0,75.8,82.0,93.6,64.8,75.0,71.4,81.9,70.7,75.3,76.5,85.4,88.5,0.0,60.8,68.3,83.8,35,45,22,45,7,,51022858874.9258,6834326.0,7465.67530944906
8051,Europe,3473,SRB,Serbia,2022,77.3,100.0,75.8,82.5,93.6,64.9,75.0,71.4,81.7,71.9,75.3,73.2,85.4,88.5,0.0,60.8,65.9,83.5,41,45,30,35,5,,52365263375.3114,6664449.0,7857.40327149497
8075,Africa,3497,SLE,Sierra Leone,2000,45.1,15.5,45.9,16.0,25.2,31.4,40.0,14.5,64.0,7.3,51.4,41.4,97.8,99.5,57.7,58.0,57.8,43.4,40,33,12,15,15,40.59,3217030903.99459,4423611.0,727.240913361187
8076,Africa,3498,SLE,Sierra Leone,2001,45.6,15.5,46.3,15.5,25.2,31.5,40.1,19.6,64.0,7.3,51.4,41.4,97.8,99.4,62.7,58.0,57.8,41.6,50,42,14,9,15,40.31,3012895636.22986,4692716.0,642.036644925852
8077,Africa,3499,SLE,Sierra Leone,2002,45.8,15.5,45.6,18.4,25.2,31.6,40.6,18.0,64.0,7.3,51.4,41.1,97.8,99.4,64.7,58.0,57.8,42.3,40,38,13,35,20,40.04,3812040143.01623,4971435.0,766.788692402944
8078,Africa,3500,SLE,Sierra Leone,2003,46.2,15.5,45.3,20.7,25.2,34.6,41.1,15.7,64.0,7.3,51.4,40.9,97.8,99.4,69.1,58.0,57.8,40.8,38,35,10,28,10,39.77,4173559980.18686,5177687.0,806.066488798349
8079,Africa,3501,SLE,Sierra Leone,2004,46.1,15.5,44.3,20.3,25.2,34.7,41.5,14.7,64.0,7.3,51.4,41.0,97.8,99.4,70.6,58.0,57.8,40.4,40,38,12,15,7,39.49,4443958501.89055,5355717.0,829.759769213077
8080,Africa,3502,SLE,Sierra Leone,2005,45.9,15.5,45.6,20.5,25.2,34.8,42.0,9.6,63.9,7.3,51.4,41.0,97.9,99.5,71.7,58.0,57.8,39.2,40,40,18,23,10,39.22,4637426230.55693,5501712.0,842.906031896422
8081,Africa,3503,SLE,Sierra Leone,2006,45.8,15.5,46.1,18.3,25.2,35.1,42.5,9.6,63.8,7.3,51.4,41.5,97.9,99.4,71.4,58.0,57.2,38.2,40,42,18,20,10,38.95,4836052320.36646,5624466.0,859.824260714965
8082,Africa,3504,SLE,Sierra Leone,2007,45.7,15.5,46.3,18.8,25.2,34.7,43.0,10.4,63.8,7.3,51.4,42.1,98.0,99.4,70.8,58.0,54.4,37.7,38,38,20,22,10,38.67,5017392581.4315,5749352.0,872.68836234614
8083,Africa,3505,SLE,Sierra Leone,2008,45.7,15.5,45.6,20.5,30.0,35.0,43.4,10.4,63.7,7.3,51.4,37.7,98.0,99.4,70.4,58.0,53.4,36.8,35,38,15,18,10,38.4,5202336667.33238,5894722.0,882.54147817868
8084,Africa,3506,SLE,Sierra Leone,2009,45.9,15.5,48.2,21.2,30.0,35.3,43.9,11.4,63.6,7.3,51.4,37.5,97.9,99.5,69.1,58.0,53.5,37.9,38,38,30,30,15,38.13,5281974205.57014,6055646.0,872.23959352481
8085,Africa,3507,SLE,Sierra Leone,2010,47.4,15.5,52.5,24.8,30.0,36.6,44.4,20.7,63.6,7.3,51.4,40.7,97.9,99.4,68.4,62.3,52.2,38.1,40,38,15,35,15,37.85,5617678842.06416,6222714.0,902.769891411394
8086,Africa,3508,SLE,Sierra Leone,2011,50.4,27.1,54.1,26.5,36.1,37.0,44.9,17.8,63.5,7.4,76.5,37.5,97.7,99.1,77.0,62.3,53.0,38.8,35,50,15,20,15,37.58,6072747634.58121,6387251.0,950.760763054593
8087,Africa,3509,SLE,Sierra Leone,2012,51.2,29.1,53.7,28.1,38.6,37.4,45.3,15.7,63.4,13.2,76.5,37.8,97.7,99.0,78.8,63.7,53.2,39.2,37,55,15,25,15,37.31,6715143020.4477,6551080.0,1025.04366004502
8088,Africa,3510,SLE,Sierra Leone,2013,51.9,40.9,54.1,29.1,39.6,44.3,45.8,10.6,63.4,13.4,76.5,38.2,97.5,98.9,78.7,63.7,50.4,37.6,35,37,18,35,10,37.03,7699806185.67422,6714051.0,1146.81973456475
8089,Africa,3511,SLE,Sierra Leone,2014,52.3,31.7,56.1,28.1,39.6,44.7,46.3,12.0,63.3,15.2,76.5,44.5,97.5,99.0,79.6,63.7,53.7,38.4,38,40,10,15,10,36.76,7098065167.70102,6876385.0,1032.23789355905
8090,Africa,3512,SLE,Sierra Leone,2015,52.8,31.4,55.9,29.2,38.2,44.8,46.8,18.1,63.4,15.6,76.5,40.0,97.7,99.1,79.6,63.7,52.5,45.0,35,40,20,25,5,36.49,6788352974.78329,7037655.0,964.575980888989
8091,Africa,3513,SLE,Sierra Leone,2016,53.4,34.4,55.3,30.7,41.9,44.8,47.2,19.2,63.7,14.6,76.5,41.2,97.7,99.1,79.7,63.7,51.7,47.0,35,55,35,22,10,36.21,7225348888.80731,7205328.0,1002.77862282013
8092,Africa,3514,SLE,Sierra Leone,2017,53.7,34.2,53.6,33.3,40.9,43.5,47.7,21.1,65.9,15.6,76.5,40.1,97.7,99.2,79.5,63.7,54.2,46.9,38,55,15,22,20,35.94,7457128029.04966,7379299.0,1010.54694071207
8093,Africa,3515,SLE,Sierra Leone,2018,54.0,31.7,53.3,35.4,46.5,43.4,48.2,21.1,65.5,12.4,69.7,42.8,97.8,99.4,79.4,63.7,53.5,53.5,35,55,42,35,18,35.67,7672926606.69678,7554563.0,1015.6678297205
8094,Africa,3516,SLE,Sierra Leone,2019,54.5,32.4,55.8,36.7,53.1,46.6,48.6,15.5,66.0,12.9,69.7,40.3,97.8,99.4,78.5,63.7,54.4,54.9,30,50,18,27,5,35.39,8095145458.32686,7731991.0,1046.96778078594
8095,Africa,3517,SLE,Sierra Leone,2020,54.9,33.1,56.3,36.3,54.7,46.6,49.1,16.5,65.8,13.8,69.7,40.8,97.8,99.4,78.5,63.7,53.4,57.5,38,35,15,30,5,35.12,7993685031.06354,7912558.0,1010.25294614757
8096,Africa,3518,SLE,Sierra Leone,2021,55.6,47.5,56.5,37.3,50.3,46.6,49.1,16.5,67.1,14.2,69.7,38.4,97.8,99.3,78.5,63.7,53.8,59.5,38,45,20,22,8,,8465060863.02376,8094602.0,1045.7661615758
8097,Africa,3519,SLE,Sierra Leone,2022,55.7,49.1,56.7,36.6,50.3,46.6,49.1,16.5,67.1,14.2,69.7,38.0,97.8,99.3,78.5,63.7,53.3,59.7,38,60,18,22,10,,8914856495.10508,8276807.0,1077.08884538507
8098,Asia,3520,SGP,Singapore,2000,66.2,0.0,76.6,87.2,99.8,51.9,70.1,67.9,75.7,74.5,0.0,95.9,41.4,46.6,46.8,39.0,83.9,35.2,18,65,30,82,5,23.96,140533304238.721,4027887.0,34890.0811365168
8099,Asia,3521,SGP,Singapore,2001,66.6,0.0,76.6,87.4,99.8,56.1,70.1,68.5,76.0,76.1,0.0,95.9,41.7,46.6,46.8,38.6,84.0,35.0,13,60,18,82,10,24.06,139028385430.873,4138012.0,33597.8690808226
8100,Asia,3522,SGP,Singapore,2002,66.9,0.0,76.5,87.5,99.8,56.5,70.1,69.0,75.0,76.9,0.0,95.9,42.1,47.8,47.4,38.9,84.0,36.1,18,55,18,80,10,24.16,144482970559.889,4175950.0,34598.8267483781
8101,Asia,3523,SGP,Singapore,2003,67.2,0.0,76.5,87.7,99.8,59.1,70.1,68.9,74.9,77.8,0.0,95.9,42.7,47.1,47.4,38.7,84.0,37.0,18,72,20,80,10,24.27,151054425108.65,4114826.0,36709.7965038255
8102,Asia,3524,SGP,Singapore,2004,67.3,0.0,76.4,88.4,99.8,59.5,70.1,69.4,74.7,79.3,0.0,95.9,42.8,48.3,47.4,38.6,84.0,35.5,15,60,25,83,8,24.37,166069208808.394,4166664.0,39856.6356222613
8103,Asia,3525,SGP,Singapore,2005,67.7,0.0,76.4,89.7,99.8,59.8,70.1,70.8,74.7,79.4,0.0,95.5,43.1,51.0,47.4,38.6,84.0,34.5,20,45,22,80,8,24.47,178302402123.907,4265762.0,41798.4880834671
8104,Asia,3526,SGP,Singapore,2006,67.7,0.0,76.4,89.8,99.8,62.8,70.1,70.2,75.3,79.0,0.0,95.5,43.3,49.1,47.4,38.7,84.1,33.7,15,60,20,82,7,24.57,194361682395.941,4401365.0,44159.4101820552
8105,Asia,3527,SGP,Singapore,2007,68.0,0.0,76.4,90.1,99.8,64.7,70.1,69.9,75.4,81.4,0.0,95.5,43.4,49.5,47.4,38.6,84.8,33.8,15,60,20,80,5,24.68,211896059498.482,4588599.0,46178.8139470199
8106,Asia,3528,SGP,Singapore,2008,67.9,0.0,76.4,89.9,99.8,64.8,70.1,68.9,74.9,84.2,0.0,95.5,43.6,45.6,47.4,38.4,84.7,33.9,25,45,30,85,7,24.78,215844707508.228,4839396.0,44601.5799302699
8107,Asia,3529,SGP,Singapore,2009,68.0,0.0,76.4,89.9,99.8,64.3,70.1,65.6,74.2,84.4,0.0,95.5,43.3,52.1,47.4,38.2,84.8,34.5,15,60,25,78,7,24.88,216120888113.033,4987573.0,43331.8746638962
8108,Asia,3530,SGP,Singapore,2010,68.5,0.0,76.3,92.4,99.9,64.6,70.1,69.4,75.1,88.1,0.0,95.6,43.2,48.7,47.4,37.9,84.8,34.5,20,60,30,82,10,24.99,247501100140.018,5076732.0,48752.0515441859
8109,Asia,3531,SGP,Singapore,2011,69.1,0.0,76.3,92.8,99.9,64.1,70.1,72.1,75.2,89.1,0.0,92.5,43.1,56.7,47.4,37.8,84.2,34.5,18,60,40,85,5,24.63,262883130580.256,5183688.0,50713.5326393594
8110,Asia,3532,SGP,Singapore,2012,68.8,0.0,76.3,92.8,99.9,65.3,70.1,70.4,75.4,88.7,0.0,94.4,43.4,51.6,47.4,37.6,84.6,34.9,20,55,35,82,8,24.27,274543305511.611,5312437.0,51679.352717333
8111,Asia,3533,SGP,Singapore,2013,69.0,0.0,76.3,93.1,99.9,68.7,70.1,69.9,75.3,90.0,0.0,95.1,43.6,51.1,47.4,37.3,82.3,34.9,15,55,35,84,7,23.91,287769788882.221,5399162.0,53298.9728558286
8112,Asia,3534,SGP,Singapore,2014,69.4,0.0,76.3,94.3,99.9,69.9,70.1,70.0,75.3,90.8,0.0,96.6,43.8,50.9,44.0,37.1,86.7,35.5,35,55,25,80,8,23.55,299095084828.978,5469724.0,54681.9336458253
8113,Asia,3535,SGP,Singapore,2015,69.5,0.0,76.2,94.5,99.9,69.7,73.6,69.5,75.0,91.3,0.0,95.6,43.9,49.9,44.0,36.9,86.4,35.9,20,65,30,85,10,23.2,307998545269.398,5535002.0,55645.6068614606
8114,Asia,3536,SGP,Singapore,2016,69.9,0.0,76.1,93.5,100.0,69.8,73.5,71.5,74.8,91.1,0.0,96.1,43.8,56.2,44.0,36.6,84.9,36.1,25,55,25,80,7,22.94,319541032495.045,5607283.0,56986.7853102911
8115,Asia,3537,SGP,Singapore,2017,69.9,0.0,76.1,94.4,100.0,69.3,73.9,71.7,76.3,90.4,0.0,96.0,43.5,55.9,44.0,36.4,84.1,37.1,18,55,35,83,10,22.69,333846562289.746,5612253.0,59485.3015873921
8116,Asia,3538,SGP,Singapore,2018,69.6,0.0,76.1,94.5,99.8,69.5,74.3,71.8,75.3,90.6,0.0,96.1,44.3,53.4,44.0,27.3,85.4,41.1,35,75,38,82,7,22.44,345370865382.867,5638676.0,61250.3476672302
8117,Asia,3539,SGP,Singapore,2019,70.1,0.0,76.1,94.7,98.8,70.5,74.2,72.0,75.3,91.0,0.0,96.1,44.1,58.1,47.2,27.1,84.9,41.7,30,65,30,85,12,22.18,349888458531.086,5703569.0,61345.5291820062
8118,Asia,3540,SGP,Singapore,2020,70.5,0.0,76.2,94.6,98.6,74.2,74.2,72.0,74.7,91.5,0.0,96.1,44.1,58.2,47.2,27.0,83.1,45.9,30,50,30,80,8,21.93,336541232520.503,5685807.0,59189.70385743
8119,Asia,3541,SGP,Singapore,2021,71.2,0.0,76.2,94.9,98.6,75.1,74.2,72.0,74.5,91.4,0.0,96.1,51.6,57.5,47.2,27.0,82.8,48.6,15,48,35,78,8,,369376902514.865,5453566.0,67731.2610711717
8120,Asia,3542,SGP,Singapore,2022,71.8,0.0,76.2,94.4,98.6,75.1,74.2,72.0,74.8,91.4,0.0,96.1,51.6,57.5,47.2,26.5,83.2,49.0,18,58,40,78,8,,384550906479.006,5637022.0,68218.805333562
8121,Europe,3543,SVK,Slovak Republic,2000,72.5,99.0,67.4,78.0,82.7,62.7,81.7,70.3,72.2,33.3,99.1,79.0,68.7,68.9,0.0,71.4,73.1,52.3,12,25,18,49,6,39.55,48483456226.779,5388720.0,8997.21199594319
8122,Europe,3544,SVK,Slovak Republic,2001,72.9,99.0,71.3,78.3,82.7,63.6,81.7,71.1,72.0,33.6,99.1,79.0,68.7,68.2,0.0,72.6,73.2,52.5,25,20,35,40,10,39.58,49901675269.4696,5378867.0,9277.35808851002
8123,Europe,3545,SVK,Slovak Republic,2002,73.3,99.0,71.0,78.9,80.7,65.4,81.7,70.9,72.4,37.6,99.1,78.9,68.6,68.6,0.0,73.2,73.1,53.3,15,20,20,55,10,39.62,52105958758.2435,5376912.0,9690.68468262889
8124,Europe,3546,SVK,Slovak Republic,2003,73.4,99.0,68.6,78.8,79.7,66.5,81.6,70.6,73.2,38.5,99.1,78.9,68.7,68.5,0.0,76.5,73.1,53.0,15,25,30,55,8,39.65,54636588083.9574,5373374.0,10168.02256533
8125,Europe,3547,SVK,Slovak Republic,2004,74.3,99.0,74.4,79.4,79.2,65.3,81.6,71.0,72.3,40.2,99.1,78.9,68.0,68.4,0.0,86.2,73.3,53.3,20,30,28,55,8,39.68,57581226217.4214,5372280.0,10718.2101858841
8126,Europe,3548,SVK,Slovak Republic,2005,74.0,99.0,72.7,80.6,79.9,65.4,81.5,71.1,73.6,41.0,91.8,78.8,67.9,68.4,0.0,86.5,73.5,52.6,25,20,25,45,7,39.72,61315329710.646,5372807.0,11412.1593630008
8127,Europe,3549,SVK,Slovak Republic,2006,74.8,99.0,70.1,80.8,83.0,67.2,81.5,71.3,75.2,41.6,100.0,78.8,67.8,68.5,0.0,86.5,74.2,52.3,18,30,35,51,10,39.75,66788144152.8851,5373054.0,12430.2015488557
8128,Europe,3550,SVK,Slovak Republic,2007,75.0,99.0,69.2,81.3,83.1,67.0,81.5,71.8,76.2,43.1,100.0,78.8,67.0,68.9,0.0,86.6,74.7,52.2,10,25,40,60,8,39.79,74013706023.7143,5374622.0,13770.9602691527
8129,Europe,3551,SVK,Slovak Republic,2008,75.7,99.0,75.5,81.2,83.3,67.1,81.4,71.5,77.0,46.0,100.0,78.8,66.9,68.8,0.0,86.6,75.2,52.7,30,30,40,40,8,39.82,77983340266.5833,5379233.0,14497.1114407172
8130,Europe,3552,SVK,Slovak Republic,2009,75.6,99.0,71.6,82.5,81.6,66.6,81.5,72.7,75.8,47.0,99.4,78.7,67.4,70.0,0.0,86.7,75.5,54.3,35,19,62,38,10,39.86,73690093871.6194,5386406.0,13680.7537106597
8131,Europe,3553,SVK,Slovak Republic,2010,75.7,99.0,67.9,84.6,81.8,65.3,81.6,72.5,74.4,50.4,99.7,80.9,66.8,69.8,0.0,86.8,76.1,54.0,30,30,55,52,15,39.89,78694079820.7688,5391428.0,14596.1477776887
8132,Europe,3554,SVK,Slovak Republic,2011,76.5,98.9,72.5,84.7,81.9,65.8,81.6,73.1,74.7,52.8,100.0,84.9,66.2,66.6,0.0,89.0,77.9,53.5,25,35,35,55,15,39.91,80710556384.8384,5398384.0,14950.8735178599
8133,Europe,3555,SVK,Slovak Republic,2012,76.7,98.9,69.0,85.3,81.9,67.4,81.7,73.4,74.6,55.5,100.0,83.0,66.5,69.6,0.0,89.1,77.5,53.5,25,20,45,55,10,39.92,81977043067.5237,5407579.0,15159.6570420004
8134,Europe,3556,SVK,Slovak Republic,2013,76.8,98.9,69.9,85.7,79.0,66.9,81.7,73.6,74.5,58.9,98.2,82.7,66.5,71.2,0.0,89.1,78.0,54.1,20,20,60,60,15,39.94,82553606913.1151,5413393.0,15249.8824513785
8135,Europe,3557,SVK,Slovak Republic,2014,77.8,98.9,74.7,85.8,82.0,67.2,81.8,74.4,74.7,62.3,100.0,84.3,66.2,71.4,0.0,89.1,78.2,54.3,30,35,60,55,8,39.95,84789118561.7889,5418649.0,15647.6491763517
8136,Europe,3558,SVK,Slovak Republic,2015,78.0,99.0,71.7,86.6,82.2,68.1,81.8,74.8,75.7,64.2,100.0,82.5,66.1,71.9,0.0,89.1,79.4,54.7,25,25,65,55,20,39.97,89178548717.3324,5423801.0,16442.0760860018
8137,Europe,3559,SVK,Slovak Republic,2016,78.0,99.0,74.4,86.4,76.8,69.4,81.8,74.5,76.8,65.0,100.0,84.9,65.3,71.4,0.0,89.2,79.0,54.1,20,35,60,60,10,39.99,90915584911.6973,5430798.0,16740.7413996428
8138,Europe,3560,SVK,Slovak Republic,2017,78.6,99.1,69.6,87.6,79.2,69.8,81.8,74.1,78.7,71.3,100.0,86.5,65.5,71.5,0.0,89.2,79.0,54.8,20,30,33,60,8,40.0,93529165482.8938,5439232.0,17195.2888721963
8139,Europe,3561,SVK,Slovak Republic,2018,78.7,99.1,71.3,87.4,81.0,69.9,81.8,74.0,79.5,70.6,100.0,86.3,66.4,70.3,0.0,89.2,78.3,54.8,30,25,58,45,7,40.02,97328432250.4869,5446771.0,17869.0149173679
8140,Europe,3562,SVK,Slovak Republic,2019,79.1,99.1,71.2,88.0,83.1,70.1,81.8,77.2,79.9,70.2,100.0,85.6,66.2,71.0,0.0,89.2,76.7,55.5,30,30,65,55,5,40.04,99543529164.3085,5454147.0,18250.9802475637
8141,Europe,3563,SVK,Slovak Republic,2020,79.6,99.1,72.6,88.5,82.0,71.8,81.8,77.2,79.4,71.3,100.0,86.8,66.2,71.9,0.0,89.2,79.0,57.5,30,35,50,48,5,40.06,96969818857.1148,5458827.0,17763.8563847352
8142,Europe,3564,SVK,Slovak Republic,2021,79.9,99.1,72.3,88.3,82.0,73.5,81.8,77.2,81.1,71.5,100.0,85.2,69.4,70.6,0.0,89.2,77.8,58.7,25,30,55,65,5,,102496703508.856,5447247.0,18816.239379058
8143,Europe,3565,SVK,Slovak Republic,2022,79.1,99.2,72.3,87.8,82.0,73.7,81.8,77.2,81.5,73.6,100.0,84.0,69.4,70.6,0.0,89.2,77.8,59.0,30,30,55,60,6,,102944982587.622,5431752.0,18952.4452860922
8144,Europe,3566,SVN,Slovenia,2000,74.2,99.3,65.2,83.2,92.1,61.0,87.8,77.7,83.7,45.0,100.0,80.7,54.8,66.8,64.5,57.1,82.7,59.9,20,18,55,60,7,61.22,32113425072.0193,1988925.0,16146.1216848394
8145,Europe,3567,SVN,Slovenia,2001,74.5,99.3,63.3,83.8,94.5,61.6,87.8,78.1,84.4,47.1,100.0,80.7,54.7,65.8,64.6,57.1,82.8,61.3,15,30,40,63,5,61.29,33021812643.9619,1992060.0,16576.7158840406
8146,Europe,3568,SVN,Slovenia,2002,75.1,99.3,67.3,84.5,95.3,62.1,87.8,76.9,84.3,48.0,100.0,80.7,54.7,65.5,64.5,61.1,82.7,61.6,20,25,35,60,10,61.36,34105781287.8601,1994530.0,17099.658209132
8147,Europe,3569,SVN,Slovenia,2003,74.8,99.3,61.5,84.9,94.7,62.6,87.8,76.9,83.9,47.8,100.0,80.7,54.3,65.8,64.4,61.6,82.9,61.6,15,20,35,68,8,61.43,35195471631.5843,1995733.0,17635.3608581831
8148,Europe,3570,SVN,Slovenia,2004,76.7,99.3,66.6,85.0,95.6,63.1,87.8,77.7,84.1,49.6,100.0,80.7,52.9,65.5,68.6,83.0,82.3,61.4,20,25,50,65,7,61.5,36795465565.4736,1997012.0,18425.2601213581
8149,Europe,3571,SVN,Slovenia,2005,76.8,99.3,66.8,85.4,96.2,63.2,87.8,78.0,84.0,50.7,100.0,80.6,53.0,65.4,68.8,83.0,82.9,61.4,20,25,45,60,8,61.57,38213609800.3921,2000474.0,19102.2776603905
8150,Europe,3572,SVN,Slovenia,2006,76.9,99.3,64.4,85.9,95.7,63.9,87.8,77.4,84.2,52.2,100.0,80.6,53.6,65.2,69.1,83.0,83.4,61.1,18,22,33,67,7,61.64,40471568430.3753,2006868.0,20166.5323431214
8151,Europe,3573,SVN,Slovenia,2007,76.8,99.3,64.6,85.7,95.3,64.7,87.8,77.8,84.6,52.1,100.0,80.6,53.2,65.1,68.8,83.0,83.4,59.8,20,25,45,60,7,61.71,43360927307.906,2018122.0,21485.780992381
8152,Europe,3574,SVN,Slovenia,2008,77.0,99.3,64.2,87.0,95.4,64.9,87.8,77.5,84.8,53.1,100.0,80.6,53.5,64.4,68.6,83.1,83.9,60.4,15,35,60,58,8,61.78,44823161262.4126,2021316.0,22175.2369557321
8153,Europe,3575,SVN,Slovenia,2009,77.4,99.3,63.6,87.5,96.6,65.7,87.8,79.0,84.2,54.7,100.0,80.6,55.0,66.2,68.7,83.1,82.8,61.9,15,16,62,45,8,61.85,41420820595.9101,2039669.0,20307.6188322273
8154,Europe,3576,SVN,Slovenia,2010,77.9,99.3,64.9,90.0,96.4,66.0,87.8,79.1,83.4,56.5,100.0,79.9,55.2,66.1,68.7,83.1,85.8,62.0,20,22,45,62,7,61.92,41881476947.431,2048583.0,20444.1201295876
8155,Europe,3577,SVN,Slovenia,2011,78.6,99.3,66.1,90.0,96.0,75.5,87.8,78.5,82.8,58.2,100.0,79.0,54.6,64.3,72.9,83.0,86.0,61.9,15,30,45,40,10,61.93,42155984116.073,2052843.0,20535.4155754108
8156,Europe,3578,SVN,Slovenia,2012,79.7,99.3,64.7,90.3,96.5,76.0,87.8,79.1,82.5,63.8,100.0,82.5,54.8,68.1,78.0,83.0,86.1,62.1,20,35,60,50,8,61.94,40926910455.6051,2057159.0,19894.8697964548
8157,Europe,3579,SVN,Slovenia,2013,79.5,99.2,61.9,90.2,95.4,76.7,87.8,80.5,81.8,65.3,100.0,83.7,54.8,67.9,77.7,83.5,84.3,61.7,12,20,65,50,5,61.95,40589764218.782,2059953.0,19704.2186005128
8158,Europe,3580,SVN,Slovenia,2014,79.3,99.2,66.5,90.1,96.4,78.8,87.8,81.4,82.0,65.4,100.0,84.5,54.7,68.6,64.9,83.5,83.7,61.2,18,28,55,59,8,61.96,41711191731.4298,2061980.0,20228.7081986391
8159,Europe,3581,SVN,Slovenia,2015,79.1,99.2,66.3,90.3,97.2,79.9,87.8,80.1,81.7,65.5,100.0,84.3,55.6,71.7,57.8,83.5,83.4,60.7,20,33,38,55,7,61.97,42709468274.8137,2063531.0,20697.2748530619
8160,Europe,3582,SVN,Slovenia,2016,79.4,99.3,66.3,90.6,97.0,81.0,87.8,80.2,82.2,66.1,100.0,88.6,54.9,69.9,57.4,83.5,84.0,60.6,18,20,60,60,7,61.87,44005450729.606,2065042.0,21309.7122138949
8161,Europe,3583,SVN,Slovenia,2017,79.7,99.3,64.0,91.7,96.9,81.3,87.8,79.5,82.0,74.7,100.0,87.5,54.8,69.6,59.1,83.5,83.3,60.7,20,18,54,65,10,61.76,46282469720.8281,2066388.0,22397.7634988337
8162,Europe,3584,SVN,Slovenia,2018,79.3,99.3,65.2,92.0,96.2,74.9,87.8,79.9,83.6,76.5,100.0,86.6,54.2,67.5,56.4,83.3,83.8,61.4,20,30,50,63,7,61.66,48309217703.4135,2073894.0,23293.966665323
8163,Europe,3585,SVN,Slovenia,2019,80.5,99.4,65.9,93.3,95.4,76.8,87.8,80.2,85.0,78.3,100.0,84.0,54.1,67.9,71.3,83.3,83.8,61.6,25,25,65,66,5,61.56,50002578162.6734,2088385.0,23943.1800949889
8164,Europe,3586,SVN,Slovenia,2020,81.0,99.3,66.9,93.0,95.6,77.2,87.8,80.2,84.3,80.4,100.0,87.3,54.1,68.9,71.3,83.3,82.3,64.5,20,30,60,55,10,61.46,47959972369.9892,2102419.0,22811.8050540778
8165,Europe,3587,SVN,Slovenia,2021,80.8,99.4,66.6,92.5,95.6,77.0,87.8,80.2,84.6,79.7,100.0,84.0,54.1,69.1,71.3,83.6,81.7,66.0,18,30,60,68,10,,51983646950.5935,2108079.0,24659.2499382582
8166,Europe,3588,SVN,Slovenia,2022,81.0,99.4,66.6,92.4,95.6,77.0,87.8,80.2,84.9,80.8,100.0,85.6,54.1,69.1,71.3,83.6,80.5,68.2,20,20,72,60,7,,53386809690.2718,2112076.0,25276.9359105789
8190,Africa,3612,SOM,Somalia,2000,43.2,11.3,26.1,12.5,55.6,14.0,39.6,26.9,56.3,3.9,73.8,46.0,90.9,99.9,53.7,57.2,33.3,33.3,85,85,10,5,5,11.98,2059706442.19359,8838713.0,233.032393086367
8191,Africa,3613,SOM,Somalia,2001,43.3,11.3,26.2,12.7,55.6,14.0,39.7,26.9,56.4,3.9,73.8,46.9,91.0,99.9,53.4,57.0,33.3,33.3,75,75,15,5,10,11.86,2206158044.12573,9198493.0,239.839074088085
8192,Africa,3614,SOM,Somalia,2002,43.3,11.3,25.8,13.1,55.6,14.0,39.8,26.1,56.4,3.9,73.8,47.9,91.2,99.9,53.0,56.9,33.3,33.3,80,35,15,8,20,11.73,2374493799.80357,9550063.0,248.63645400073
8193,Africa,3615,SOM,Somalia,2003,43.3,11.3,25.4,12.8,55.6,14.0,40.0,26.7,56.4,3.9,73.8,48.8,91.4,99.9,52.7,56.7,33.3,33.3,78,15,10,12,12,11.61,2555674023.59387,9909157.0,257.910337235939
8194,Africa,3616,SOM,Somalia,2004,43.4,11.3,25.0,12.7,55.6,14.0,40.2,27.6,56.4,3.9,73.8,49.7,91.6,99.9,52.4,56.6,33.3,33.3,75,83,10,7,10,11.49,2737390479.44448,10280998.0,266.257271856728
8195,Africa,3617,SOM,Somalia,2005,43.6,11.3,25.0,13.2,55.6,14.0,40.4,28.8,56.4,3.9,73.8,50.9,91.7,99.9,52.6,56.5,33.3,33.3,78,70,10,8,10,11.37,2932027546.45905,10644228.0,275.457040797985
8196,Africa,3618,SOM,Somalia,2006,43.6,11.3,24.6,12.0,55.6,13.8,40.6,29.4,56.4,3.9,73.8,51.8,92.2,99.9,52.5,56.3,33.3,33.3,75,70,10,8,70,11.25,3122209723.10728,10975502.0,284.470789865218
8197,Africa,3619,SOM,Somalia,2007,43.7,11.3,24.9,12.1,55.6,14.1,40.5,31.0,56.5,3.9,73.8,52.7,92.7,99.9,51.3,56.2,33.3,33.3,70,75,7,8,40,11.12,3331221429.82764,11322582.0,294.210404466723
8198,Africa,3620,SOM,Somalia,2008,43.8,11.3,24.9,12.1,55.6,14.1,40.8,32.3,56.5,3.9,73.8,53.6,92.9,99.9,49.9,56.1,33.3,33.3,75,80,10,8,70,11.0,3554225115.76459,11663084.0,304.741448811017
8199,Africa,3621,SOM,Somalia,2009,43.8,11.3,23.8,12.3,55.6,13.2,41.1,33.4,56.5,3.9,73.8,54.5,92.9,99.9,48.9,55.9,33.3,33.3,84,45,5,12,20,10.88,3792157453.2426,11961201.0,317.038184814601
8200,Africa,3622,SOM,Somalia,2010,44.3,11.3,24.4,12.6,55.6,13.1,41.5,40.9,56.5,4.0,73.8,55.7,93.0,99.9,49.1,55.8,33.3,33.3,83,75,7,8,70,10.76,4046017818.73412,12261756.0,329.970504936986
8201,Africa,3623,SOM,Somalia,2011,44.4,11.2,24.4,12.1,55.6,13.1,42.6,40.6,56.5,4.0,73.8,56.3,93.0,99.9,49.6,55.6,33.3,33.3,83,78,10,12,65,10.63,4316872490.49406,12348830.0,349.577449077691
8202,Africa,3624,SOM,Somalia,2012,45.0,10.8,26.8,12.4,55.6,18.0,43.3,41.8,56.5,3.9,73.8,56.8,93.1,99.9,49.4,55.5,33.3,33.3,80,78,10,8,70,10.51,4605859127.18469,12461160.0,369.617204753385
8203,Africa,3625,SOM,Somalia,2013,45.2,11.4,26.3,12.4,55.6,17.7,44.0,43.7,56.6,4.0,73.8,58.6,93.2,99.9,49.3,55.3,33.3,33.3,75,78,10,13,20,10.39,5110628982.787,12869594.0,397.108796344858
8204,Africa,3626,SOM,Somalia,2014,45.3,11.4,25.4,12.6,55.6,17.8,44.8,43.1,56.6,4.0,73.8,58.9,93.4,99.9,50.0,55.2,33.3,33.3,75,80,12,10,20,10.27,5569461554.68169,13339491.0,417.516796906395
8205,Africa,3627,SOM,Somalia,2015,46.3,11.9,25.7,12.9,55.6,18.0,45.5,43.4,56.7,4.0,73.8,68.5,93.6,99.9,50.3,55.1,38.2,33.3,75,85,12,12,70,10.14,6152149099.99942,13806963.0,445.583080073396
8206,Africa,3628,SOM,Somalia,2016,46.2,12.2,25.6,12.8,55.6,18.1,46.3,43.2,56.7,4.0,73.8,66.3,93.8,99.9,50.8,54.9,38.2,33.3,78,83,13,11,80,10.02,6584944951.37229,14348740.0,458.921476824606
8207,Africa,3629,SOM,Somalia,2017,46.9,12.1,25.9,14.1,55.6,25.4,47.0,43.9,56.6,4.1,73.8,67.0,94.0,99.9,51.4,54.7,38.2,33.3,74,80,12,12,60,9.9,7555288980.07722,14916629.0,506.50109887946
8208,Africa,3630,SOM,Somalia,2018,47.2,12.2,26.8,14.9,55.6,25.5,47.8,43.4,56.7,5.5,73.8,67.8,94.1,99.9,51.4,54.6,38.2,33.3,75,78,15,15,40,9.78,7710498420.37301,15452487.0,498.981065013872
8209,Africa,3631,SOM,Somalia,2019,47.4,12.1,26.6,17.2,55.6,25.7,48.5,43.1,56.7,5.5,73.8,68.5,94.1,99.9,50.3,54.5,39.4,33.3,74,75,15,15,70,9.65,7928267057.80263,16030971.0,494.559378705297
8210,Africa,3632,SOM,Somalia,2020,47.6,11.4,26.8,17.5,55.6,25.7,49.3,43.3,56.2,5.6,73.8,69.4,94.1,99.9,50.2,54.3,40.1,35.7,76,80,17,15,70,9.53,7710043010.29294,16651191.0,463.03252483819
8211,Africa,3633,SOM,Somalia,2021,48.0,11.4,27.1,17.9,55.6,25.8,49.3,43.3,56.0,5.6,73.8,69.4,94.1,99.9,50.2,53.8,40.1,42.5,80,70,14,15,70,,7976673871.04291,17271431.0,461.842094673158
8212,Africa,3634,SOM,Somalia,2022,48.0,11.3,27.3,17.9,55.6,25.9,49.3,43.3,55.7,5.6,73.8,69.4,94.1,99.9,50.3,53.4,40.0,43.7,75,78,15,15,20,,8194206884.51117,17801897.0,460.29964584736
8213,Africa,3635,ZAF,South Africa,2000,59.1,54.9,54.8,36.7,74.2,71.9,60.1,46.5,66.2,45.8,7.3,81.4,84.3,80.4,64.5,56.9,56.1,61.8,37,60,40,40,7,14.66,221691970228.101,47159719.0,4700.87555500704
8214,Africa,3636,ZAF,South Africa,2001,59.0,54.9,53.5,36.3,74.7,71.8,60.4,47.3,66.2,46.0,7.3,81.4,83.8,80.8,64.2,56.9,56.1,61.7,40,45,40,40,5,14.63,227677653424.683,47566800.0,4786.482450463
8215,Africa,3637,ZAF,South Africa,2002,59.5,54.9,53.9,35.6,80.6,72.4,60.7,50.2,66.3,46.1,7.3,81.5,83.5,81.4,63.4,56.7,56.1,60.3,40,65,50,34,10,14.6,236102579035.79,48019415.0,4916.81498068625
8216,Africa,3638,ZAF,South Africa,2003,59.1,54.9,53.0,34.5,77.5,72.0,60.9,50.8,66.4,46.4,7.3,81.5,83.5,79.9,62.8,56.6,56.1,60.8,42,45,55,50,15,14.57,243065422272.369,48500348.0,5011.62223150169
8217,Africa,3639,ZAF,South Africa,2004,59.3,54.9,53.1,34.0,77.2,74.3,61.2,51.5,66.4,47.0,7.3,81.6,83.1,78.4,63.0,56.8,56.1,62.1,40,65,65,55,7,14.54,254135982543.496,48991421.0,5187.35683424034
8218,Africa,3640,ZAF,South Africa,2005,59.3,54.9,54.4,35.3,77.3,73.5,61.4,52.6,66.5,47.1,0.0,81.7,83.2,79.7,63.0,57.5,56.1,63.5,43,70,35,35,10,14.51,267546870424.295,49490033.0,5406.07581377638
8219,Africa,3641,ZAF,South Africa,2006,59.3,54.9,52.4,36.1,77.3,73.6,61.7,53.0,66.6,47.4,0.0,81.8,83.2,78.8,63.5,57.4,56.1,65.3,43,60,50,55,10,14.48,282539679229.874,49998277.0,5650.9883176549
8220,Africa,3642,ZAF,South Africa,2007,59.4,54.9,51.0,36.7,77.3,74.0,61.9,53.9,66.6,47.5,0.0,81.8,83.0,78.3,64.5,57.4,55.1,65.6,45,50,45,32,12,14.45,297685145427.081,50528584.0,5891.42069421698
8221,Africa,3643,ZAF,South Africa,2008,59.7,54.9,55.0,38.9,77.3,73.7,62.1,53.8,66.6,47.8,0.0,81.1,83.0,77.5,65.4,57.2,55.3,65.3,50,72,45,30,5,14.42,307184409060.741,51114599.0,6009.71963138635
8222,Africa,3644,ZAF,South Africa,2009,60.4,54.9,55.5,39.9,77.6,80.1,62.4,53.9,66.1,48.1,0.0,82.7,83.4,78.2,65.7,57.1,56.1,65.1,40,60,35,40,5,14.39,302459639039.778,51728516.0,5847.05811084505
8223,Africa,3645,ZAF,South Africa,2010,60.2,54.9,54.9,40.7,77.8,80.1,62.6,56.1,64.6,50.0,0.0,73.6,83.2,78.9,65.5,57.0,56.6,66.5,43,60,40,45,5,14.36,311653604140.269,52344051.0,5953.94506512821
8224,Africa,3646,ZAF,South Africa,2011,60.9,54.7,54.7,42.6,77.8,79.7,62.8,56.8,65.6,52.0,0.0,79.4,83.3,78.8,65.5,56.9,57.6,67.3,40,65,50,45,5,14.33,321528523981.702,52995205.0,6067.12482726885
8225,Africa,3647,ZAF,South Africa,2012,61.1,54.2,54.8,43.6,77.9,79.4,63.0,57.7,65.3,56.6,0.0,76.7,83.3,79.4,64.7,57.6,56.6,68.2,43,60,45,45,5,14.3,329233094599.263,53782567.0,6121.55783860713
8226,Africa,3648,ZAF,South Africa,2013,61.5,52.8,54.4,43.4,77.9,81.7,64.1,57.9,65.2,62.4,0.0,77.9,83.5,79.7,63.0,57.6,55.3,68.6,40,65,38,37,20,14.27,337416077838.151,54678791.0,6170.87670863373
8227,Africa,3649,ZAF,South Africa,2014,61.7,51.3,56.6,45.8,77.9,81.4,62.9,58.0,67.5,57.9,0.0,77.9,83.6,80.0,63.5,57.9,56.9,70.5,40,63,38,35,5,14.24,342186555600.731,55594838.0,6155.00589462516
8228,Africa,3650,ZAF,South Africa,2015,62.1,51.6,53.0,48.4,78.5,81.6,61.6,58.6,68.6,60.0,0.0,76.9,84.0,81.1,65.5,57.9,57.7,71.5,35,72,40,33,10,14.21,346709790458.563,56723537.0,6112.27382485974
8229,Africa,3651,ZAF,South Africa,2016,62.2,51.3,54.3,48.2,80.6,81.4,61.7,58.7,67.9,56.0,0.0,78.9,84.1,81.7,66.2,57.9,57.3,70.9,40,68,55,33,10,14.18,349013858372.625,57259551.0,6095.295060428
8230,Africa,3652,ZAF,South Africa,2017,63.0,51.5,58.2,49.9,77.2,82.0,61.8,59.0,66.9,66.2,0.0,80.6,84.0,81.9,66.6,57.9,56.5,70.9,37,63,55,37,15,14.15,353055253707.071,57635162.0,6125.6920507497
8231,Africa,3653,ZAF,South Africa,2018,62.5,52.1,56.4,52.1,75.2,78.2,61.8,59.7,67.0,64.5,0.0,76.7,84.2,82.3,67.5,57.8,55.8,70.5,40,65,55,45,10,14.12,358551560868.533,58613001.0,6117.2701406047
8232,Africa,3654,ZAF,South Africa,2019,63.2,52.2,55.2,54.2,76.7,76.7,62.1,59.7,67.1,69.6,0.0,79.3,84.2,81.5,70.8,58.2,56.6,71.1,46,75,45,37,15,14.09,359483563936.676,59587885.0,6032.82972598668
8233,Africa,3655,ZAF,South Africa,2020,63.8,49.2,56.8,54.6,76.6,76.8,62.4,59.7,68.1,70.1,0.0,83.3,84.2,82.6,70.9,58.1,57.6,72.8,50,70,40,40,5,14.06,337307318679.639,60562381.0,5569.58483319272
8234,Africa,3656,ZAF,South Africa,2021,63.9,51.0,56.8,57.0,76.6,76.7,62.4,59.7,69.8,70.8,0.0,80.5,84.4,82.7,70.9,58.0,55.2,74.7,50,63,45,33,5,,354021006263.537,61502603.0,5756.19549409213
8235,Africa,3657,ZAF,South Africa,2022,64.0,51.7,56.8,57.0,76.6,76.8,62.4,59.7,69.8,70.8,0.0,80.5,84.4,82.7,70.9,57.8,55.1,75.2,55,65,40,40,40,,360788046853.641,62378410.0,5783.86090401536
8236,Asia,3658,KOR,"Korea, Rep.",2000,72.6,98.9,83.0,80.1,97.7,52.2,74.6,68.3,86.6,71.0,67.8,80.2,70.3,74.5,50.0,53.7,73.5,52.3,38,8,72,63,10,66.46,798929132744.302,47008111.0,16995.5591864626
8237,Asia,3659,KOR,"Korea, Rep.",2001,73.1,98.9,82.9,81.3,98.1,52.6,74.1,68.8,86.9,74.0,67.8,80.2,70.5,74.1,52.2,53.6,73.5,53.2,25,12,65,65,15,66.37,837696366558.277,47370164.0,17684.0503773277
8238,Asia,3660,KOR,"Korea, Rep.",2002,72.8,98.9,81.2,82.2,98.1,52.9,73.6,68.9,87.2,74.6,67.8,80.2,70.1,73.5,48.7,53.4,73.5,52.9,35,10,60,62,5,66.28,902409606062.147,47644736.0,18940.3842233935
8239,Asia,3661,KOR,"Korea, Rep.",2003,73.0,98.9,80.5,82.3,98.6,53.3,73.6,69.2,87.0,76.9,67.8,80.2,70.6,73.2,49.4,53.3,73.5,53.2,30,12,60,65,10,66.18,930811064125.151,47892330.0,19435.4934104303
8240,Asia,3662,KOR,"Korea, Rep.",2004,73.4,98.9,82.5,82.2,97.9,57.2,73.6,69.4,87.0,79.7,67.8,80.2,69.9,73.1,47.9,53.1,73.7,53.2,28,10,55,50,10,66.09,979188957980.11,48082519.0,20364.7599656771
8241,Asia,3663,KOR,"Korea, Rep.",2005,73.7,98.9,81.8,84.2,97.0,57.5,73.6,69.8,87.0,81.3,67.8,80.0,70.5,72.9,50.0,52.9,74.4,53.4,30,15,55,62,10,66.0,1021377732486.55,48184561.0,21197.1990880347
8242,Asia,3664,KOR,"Korea, Rep.",2006,74.1,98.9,81.8,84.9,98.6,57.5,73.6,69.9,87.1,84.2,67.8,80.0,69.8,72.8,51.9,53.3,73.9,53.9,33,15,50,45,10,65.91,1075146392089.85,48438292.0,22196.2077459266
8243,Asia,3665,KOR,"Korea, Rep.",2007,74.3,98.9,80.7,85.3,98.5,58.0,73.6,70.0,87.2,85.8,67.8,80.0,69.6,72.2,54.8,53.2,73.1,54.0,30,10,60,60,12,65.82,1137500027631.58,48683638.0,23365.1402064812
8244,Asia,3666,KOR,"Korea, Rep.",2008,74.9,98.9,82.9,85.1,98.5,57.6,73.7,70.1,87.2,87.2,67.0,82.7,70.6,71.9,56.3,55.7,73.1,54.2,30,6,65,60,10,65.73,1171772731392.34,49054708.0,23887.0595538423
8245,Asia,3667,KOR,"Korea, Rep.",2009,75.0,98.9,83.4,85.8,98.4,58.0,73.7,70.1,87.0,90.8,67.0,80.5,71.8,71.8,55.6,55.6,73.2,53.9,28,11,60,68,7,65.64,1181061361993.54,49307835.0,23952.8132191069
8246,Asia,3668,KOR,"Korea, Rep.",2010,75.5,98.9,81.7,88.7,99.1,59.4,73.7,70.1,87.0,94.4,67.4,84.0,71.3,69.9,54.2,55.5,73.4,54.0,34,15,60,68,10,65.54,1261430519849.42,49554112.0,25455.6174843658
8247,Asia,3669,KOR,"Korea, Rep.",2011,75.4,99.0,82.0,91.1,98.7,59.6,73.8,70.1,87.2,96.0,67.4,83.4,70.7,67.5,52.5,55.4,72.6,54.0,38,10,60,65,5,65.44,1307922658113.4,49936638.0,26191.6442615421
8248,Asia,3670,KOR,"Korea, Rep.",2012,75.8,99.0,81.0,89.8,97.9,60.2,73.8,70.3,87.2,97.2,68.9,84.2,71.2,67.6,55.3,55.7,74.6,54.1,30,5,60,63,10,65.34,1339345905332.01,50199853.0,26680.2754448705
8249,Asia,3671,KOR,"Korea, Rep.",2013,76.0,99.2,82.3,90.2,96.5,61.4,73.8,70.3,87.3,97.4,72.7,84.3,71.4,67.9,54.7,55.6,72.4,54.2,25,18,65,65,5,65.24,1381732300870.28,50428893.0,27399.6159477521
8250,Asia,3672,KOR,"Korea, Rep.",2014,76.1,99.3,83.3,90.2,95.3,62.2,73.8,70.3,87.3,98.1,75.7,81.8,71.5,68.5,53.3,55.4,73.2,54.3,33,18,60,63,10,65.13,1425981639370.35,50746659.0,28100.0102759544
8251,Asia,3673,KOR,"Korea, Rep.",2015,76.9,99.4,83.0,90.9,95.5,62.6,73.9,70.3,86.0,98.4,78.5,85.2,71.7,69.2,54.5,55.2,76.5,57.2,30,10,55,68,5,65.03,1466038936206.43,51014947.0,28737.4391706499
8252,Asia,3674,KOR,"Korea, Rep.",2016,76.9,99.4,82.6,91.5,96.7,63.4,73.9,70.2,86.0,98.9,77.3,86.5,71.5,69.7,52.7,55.0,74.9,57.3,25,18,65,55,7,64.93,1509241369553.54,51217803.0,29467.124342556
8253,Asia,3675,KOR,"Korea, Rep.",2017,76.8,99.5,82.2,91.5,95.8,63.8,73.9,70.2,83.9,99.2,77.6,88.1,71.1,68.3,52.0,54.9,75.1,58.3,30,18,65,68,12,64.83,1556927899270.75,51361911.0,30312.8888500809
8254,Asia,3676,KOR,"Korea, Rep.",2018,77.4,99.5,82.0,91.8,99.0,64.3,74.0,70.4,83.8,98.9,80.1,87.3,70.7,67.9,52.9,54.9,77.9,61.1,30,16,55,68,5,64.72,1602194079769.04,51585058.0,31059.2668087927
8255,Asia,3677,KOR,"Korea, Rep.",2019,77.6,99.5,81.8,92.4,94.5,64.6,74.0,70.6,83.8,98.9,81.4,87.6,70.5,68.7,55.4,54.8,77.5,63.3,30,15,72,68,10,64.62,1638146960195.06,51764822.0,31645.9498343307
8256,Asia,3678,KOR,"Korea, Rep.",2020,77.8,99.5,81.8,92.4,92.3,65.8,74.0,70.6,84.3,99.0,82.6,86.5,70.5,70.3,55.4,54.6,79.3,63.4,30,10,75,68,15,64.52,1626525694049.93,51836239.0,31378.1579340648
8257,Asia,3679,KOR,"Korea, Rep.",2021,78.2,99.5,82.9,93.0,92.3,66.0,74.0,70.6,85.1,99.1,82.6,88.7,73.1,69.7,55.4,54.5,79.5,63.9,32,17,66,68,10,,1696543311942.81,51769539.0,32771.0724243229
8258,Asia,3680,KOR,"Korea, Rep.",2022,78.1,99.5,82.9,92.8,92.3,66.3,74.0,70.6,85.5,99.1,82.6,87.0,73.1,69.7,55.4,54.1,77.9,64.1,35,10,64,65,18,,1740868427277.01,51672569.0,33690.3788793046
8259,Africa,3681,SSD,South Sudan,2000,37.4,24.1,7.8,24.5,0.0,51.0,39.8,9.9,51.5,0.0,23.5,14.6,96.6,99.8,0.0,71.2,43.5,40.6,70,80,5,5,15,11.33,,6032267.0,
8260,Africa,3682,SSD,South Sudan,2001,37.4,24.1,7.8,24.7,0.0,51.0,39.8,9.9,51.5,0.0,23.5,14.6,96.6,99.8,0.0,71.2,43.5,40.6,60,75,5,5,15,11.33,,6308391.0,
8261,Africa,3683,SSD,South Sudan,2002,37.4,24.1,7.7,24.9,0.0,51.0,39.8,9.9,51.5,0.0,23.5,14.6,96.6,99.7,0.0,71.2,43.5,40.6,75,75,5,5,15,11.33,,6596806.0,
8262,Africa,3684,SSD,South Sudan,2003,37.4,24.1,8.1,24.9,0.0,51.0,39.8,9.9,51.5,0.0,23.5,14.6,96.6,99.7,0.0,71.1,43.5,40.6,70,80,5,8,15,11.33,,6903127.0,
8263,Africa,3685,SSD,South Sudan,2004,37.5,24.1,8.8,24.8,0.0,51.0,39.8,9.9,51.5,0.0,23.5,14.6,96.6,99.7,0.0,71.1,43.5,40.6,70,82,8,5,10,11.33,,7233041.0,
8264,Africa,3686,SSD,South Sudan,2005,37.5,24.1,9.2,24.8,0.0,51.0,39.8,9.9,51.5,0.0,23.5,14.9,96.5,99.7,0.0,71.1,43.5,40.6,78,83,10,10,15,11.33,,7590143.0,
8265,Africa,3687,SSD,South Sudan,2006,37.8,24.1,10.0,24.8,0.0,51.0,39.8,9.9,51.5,0.0,23.5,14.9,96.5,99.7,0.0,74.9,43.5,40.6,70,70,7,12,10,11.33,,7976526.0,
8266,Africa,3688,SSD,South Sudan,2007,37.8,24.1,10.5,25.0,0.0,51.0,39.8,9.9,51.5,0.0,23.5,14.9,96.5,99.6,0.0,74.9,43.5,40.6,70,80,8,13,15,11.33,,8388788.0,
8267,Africa,3689,SSD,South Sudan,2008,37.8,24.1,10.8,25.2,0.0,51.0,39.8,9.9,51.5,0.0,23.5,14.9,96.1,99.6,0.0,74.8,43.5,40.6,70,78,10,8,5,11.33,20185217785.8109,8817647.0,2289.18415375563
8268,Africa,3690,SSD,South Sudan,2009,37.9,24.1,11.4,25.3,0.0,51.0,39.8,9.9,51.4,0.0,23.5,14.9,96.1,99.6,0.0,74.8,43.5,40.6,55,68,7,10,18,11.33,21202884179.2359,9243556.0,2293.80166888543
8269,Africa,3691,SSD,South Sudan,2010,38.0,24.1,11.8,27.2,0.0,51.0,39.8,9.9,51.5,0.0,23.5,14.8,96.2,99.7,0.0,74.8,43.5,40.6,70,85,8,10,15,11.33,22367646895.0144,9745953.0,2295.07026096006
8270,Africa,3692,SSD,South Sudan,2011,37.8,21.6,12.3,26.9,0.0,51.0,39.8,9.9,51.4,0.0,23.5,15.0,95.7,98.8,0.0,74.8,43.5,40.6,78,80,10,5,10,11.33,21329717232.6938,10288109.0,2073.23981819145
8271,Africa,3693,SSD,South Sudan,2012,37.4,19.1,14.3,26.1,0.0,51.0,39.8,9.9,51.3,0.0,23.5,15.1,90.9,98.9,0.0,74.8,43.5,40.6,70,75,10,8,15,11.33,11500530835.4315,10756240.0,1069.19619080938
8272,Africa,3694,SSD,South Sudan,2013,37.2,15.8,15.1,25.5,0.0,51.9,39.8,9.3,51.6,0.0,23.5,14.6,91.1,98.8,0.0,74.8,43.5,40.6,82,78,10,5,40,11.33,13010519613.8763,11166275.0,1165.16202707495
8273,Africa,3695,SSD,South Sudan,2014,37.4,11.7,20.3,25.1,0.0,52.0,39.8,8.9,51.5,0.1,23.5,15.8,91.1,98.7,0.0,74.8,43.8,40.6,68,85,5,12,5,11.33,13449448810.7001,11235073.0,1197.09491969479
8274,Africa,3696,SSD,South Sudan,2015,36.6,6.2,19.0,25.1,0.0,52.2,40.0,8.0,51.3,0.2,23.5,14.1,90.1,97.5,0.0,74.7,43.4,40.6,78,83,10,5,10,11.33,11997800760.2242,11107561.0,1080.14718624765
8275,Africa,3697,SSD,South Sudan,2016,36.6,2.2,18.8,23.3,0.0,53.3,40.3,8.6,51.3,0.2,26.6,13.9,91.3,99.3,0.0,74.7,40.6,40.6,75,78,8,9,30,11.33,,10830102.0,
8276,Africa,3698,SSD,South Sudan,2017,36.4,0.0,19.2,23.7,0.0,53.4,40.5,11.1,51.4,0.9,26.6,14.2,91.1,99.3,0.0,74.7,38.6,38.3,78,75,6,10,10,11.33,,10259154.0,
8277,Africa,3699,SSD,South Sudan,2018,36.6,0.0,19.2,23.7,1.2,53.6,40.7,11.7,51.4,1.3,26.6,14.0,91.0,99.4,0.0,74.7,39.0,38.3,82,85,10,12,5,11.33,,10122977.0,
8278,Africa,3700,SSD,South Sudan,2019,36.8,0.0,19.4,23.9,1.2,53.7,41.0,11.4,51.4,1.4,26.6,13.8,91.0,99.4,0.0,74.7,39.4,40.9,70,75,10,10,10,11.33,,10423384.0,
8279,Africa,3701,SSD,South Sudan,2020,36.7,0.0,19.6,23.9,1.2,53.7,41.0,11.4,50.2,1.4,26.6,13.8,91.0,99.4,0.0,74.7,39.8,39.7,77,80,10,15,25,11.33,,10698467.0,
8280,Africa,3702,SSD,South Sudan,2021,37.0,0.0,19.6,23.9,1.2,55.9,41.0,11.4,50.3,1.7,26.6,13.8,91.0,99.4,0.0,74.7,39.4,42.7,78,80,10,15,10,,,10865780.0,
8281,Africa,3703,SSD,South Sudan,2022,38.7,0.0,19.8,23.9,1.2,56.0,41.0,11.4,50.9,1.7,26.6,13.8,91.0,99.4,0.0,74.7,38.1,41.6,73,80,10,12,35,,,11021177.0,
8282,Europe,3704,ESP,Spain,2000,73.6,99.0,66.1,88.8,99.5,67.3,85.3,71.7,78.2,56.5,82.9,87.7,61.8,74.7,42.2,58.2,77.4,53.1,10,35,60,75,20,34.21,977964704474.031,40567864.0,24106.8818529374
8283,Europe,3705,ESP,Spain,2001,73.8,99.0,63.1,89.5,99.6,67.7,85.4,72.5,80.2,57.5,82.9,87.7,61.7,74.7,42.6,59.6,77.4,52.9,10,10,60,58,10,34.5,1016292009754.12,40850412.0,24878.3784543991
8284,Europe,3706,ESP,Spain,2002,73.8,99.0,64.6,89.9,99.6,68.0,85.5,71.6,79.7,58.7,82.9,87.7,61.5,74.0,41.3,59.7,77.4,53.0,15,20,35,55,8,34.79,1044295490089.67,41431558.0,25205.3154769045
8285,Europe,3707,ESP,Spain,2003,74.4,99.0,64.3,90.0,99.6,68.3,85.3,72.6,79.6,62.4,86.4,87.8,61.1,74.0,43.5,60.3,77.4,53.9,20,20,38,60,12,35.08,1074990358774.14,42187645.0,25481.1653690112
8286,Europe,3708,ESP,Spain,2004,74.9,99.0,65.8,90.6,99.6,72.6,85.1,72.2,79.7,63.8,84.3,87.8,61.6,73.6,44.7,60.8,77.5,54.0,30,25,42,63,10,35.37,1108471271904.22,42921895.0,25825.3106463315
8287,Europe,3709,ESP,Spain,2005,75.0,99.0,61.0,91.2,99.5,72.9,84.9,71.9,80.7,66.0,85.6,87.8,61.5,73.3,45.2,62.5,77.4,54.1,20,18,35,65,8,35.66,1147835587310.16,43653155.0,26294.447384391
8288,Europe,3710,ESP,Spain,2006,75.6,99.0,63.4,91.7,99.6,73.2,85.3,72.7,81.1,67.7,84.0,87.8,61.3,73.8,48.7,63.8,77.3,54.3,20,20,45,60,10,35.95,1194247574981.13,44397319.0,26899.0921497113
8289,Europe,3711,ESP,Spain,2007,76.0,99.0,65.4,91.5,99.6,73.8,85.7,73.0,81.2,69.3,83.2,91.1,61.4,73.8,49.9,63.9,75.8,54.6,25,20,60,60,10,36.24,1236446314615.43,45226803.0,27338.79541774
8290,Europe,3712,ESP,Spain,2008,76.4,99.0,65.4,92.6,99.6,74.1,85.7,73.8,79.5,70.4,79.9,93.5,62.7,75.2,51.2,64.3,76.6,55.8,25,20,60,60,10,36.53,1245931907237.16,45954106.0,27112.526293889
8291,Europe,3713,ESP,Spain,2009,76.1,99.0,62.7,91.0,93.4,74.5,85.3,75.2,75.9,71.0,77.7,94.8,63.8,76.8,53.7,64.5,76.0,57.6,30,25,50,60,15,36.83,1198983535018.34,46362946.0,25860.8142592652
8292,Europe,3714,ESP,Spain,2010,76.4,99.0,63.1,92.3,92.8,74.6,85.6,76.7,74.7,73.5,76.0,93.7,64.1,77.3,54.8,64.6,78.6,57.4,25,20,48,63,10,37.12,1200112046037.65,46576897.0,25766.2515825743
8293,Europe,3715,ESP,Spain,2011,76.7,98.8,64.3,93.4,99.1,74.4,85.6,76.7,73.9,75.5,75.3,92.7,64.5,77.7,51.6,64.9,78.0,57.4,30,35,45,61,7,37.12,1192432281393.69,46742697.0,25510.5579678829
8294,Europe,3716,ESP,Spain,2012,77.0,98.8,61.0,93.2,99.0,74.7,85.1,77.3,72.0,77.1,77.0,92.6,65.0,79.7,56.3,64.9,79.8,56.4,30,23,40,48,8,37.12,1158267740898.69,46773055.0,24763.568274484
8295,Europe,3717,ESP,Spain,2013,77.8,98.7,65.2,93.1,98.8,80.8,86.5,78.1,71.4,79.4,73.7,91.5,65.2,80.7,62.0,64.9,77.2,56.0,25,33,48,60,5,37.12,1141735527746.35,46604197.0,24498.5559507945
8296,Europe,3718,ESP,Spain,2014,78.1,98.6,62.4,93.8,96.0,83.0,86.3,78.3,72.8,82.8,74.1,92.1,65.1,80.5,60.9,65.4,79.2,55.8,20,18,65,63,10,37.13,1159095455877.44,46460733.0,24947.8512505913
8297,Europe,3719,ESP,Spain,2015,77.9,98.7,62.4,94.0,94.6,84.0,86.7,77.5,73.6,84.3,73.4,92.4,65.2,80.6,54.1,66.5,80.1,56.0,35,10,46,62,10,37.13,1206164777553.12,46422303.0,25982.4416197775
8298,Europe,3720,ESP,Spain,2016,78.2,98.3,64.5,94.1,94.1,83.4,86.8,78.0,74.9,85.4,75.2,93.4,65.0,80.3,54.4,66.6,80.1,55.7,20,30,45,61,8,37.14,1241326362266.48,46458139.0,26719.2442268615
8299,Europe,3721,ESP,Spain,2017,78.1,99.0,60.8,93.8,94.4,83.4,87.2,76.9,75.9,86.7,78.3,90.9,64.7,79.7,53.8,66.7,79.2,55.7,15,45,60,48,7,37.14,1277275696051.09,46571232.0,27426.281015093
8300,Europe,3722,ESP,Spain,2018,78.9,98.8,65.4,94.6,95.6,83.4,87.4,77.8,78.0,88.2,78.6,91.8,64.3,78.8,54.8,66.5,80.5,56.1,37,35,45,60,10,37.15,1307871701701.25,46782011.0,27956.7225466484
8301,Europe,3723,ESP,Spain,2019,79.5,98.7,64.0,94.9,95.7,86.3,87.4,78.1,78.2,89.2,81.4,91.1,64.3,79.5,59.5,66.5,79.8,56.7,30,20,55,68,10,37.16,1333521400432.69,47118501.0,28301.4393949563
8302,Europe,3724,ESP,Spain,2020,80.0,98.6,65.9,94.8,97.4,86.5,87.4,78.1,77.7,90.1,81.4,91.5,64.3,80.9,59.6,66.5,80.4,59.6,35,40,60,52,8,37.17,1187633217292.02,47359424.0,25077.019882928
8303,Europe,3725,ESP,Spain,2021,80.5,98.7,65.4,94.6,97.4,86.7,87.4,78.1,78.9,90.2,81.4,93.1,67.9,80.2,59.6,66.5,80.3,61.6,10,35,55,58,8,,1267004457826.92,47443821.0,26705.3629138959
8304,Europe,3726,ESP,Spain,2022,80.4,98.7,65.4,94.2,97.4,86.9,87.4,78.1,79.4,90.2,81.4,91.9,67.9,80.2,59.5,66.4,79.2,63.0,42,30,62,60,15,,1345296618859.67,47786102.0,28152.4661471586
8305,Asia,3727,LKA,Sri Lanka,2000,63.9,83.2,58.1,71.9,93.0,45.1,42.3,48.4,75.2,19.8,51.8,69.2,92.4,96.8,65.9,55.8,61.6,55.3,40,30,12,18,5,34.55,37755216046.2078,19293054.0,1956.93310381072
8306,Asia,3728,LKA,Sri Lanka,2001,64.0,83.2,58.3,72.1,93.0,45.1,42.7,45.6,75.1,19.8,51.8,69.4,92.4,96.7,70.5,55.6,61.6,55.0,40,55,15,18,10,34.45,37171743866.5487,19600362.0,1896.48251734068
8307,Asia,3729,LKA,Sri Lanka,2002,64.4,83.2,57.9,72.7,93.4,45.2,43.1,51.0,74.7,19.9,51.8,69.6,92.2,96.7,71.2,55.5,61.6,54.9,35,35,15,25,20,34.35,38645482957.365,19805752.0,1951.22522777045
8308,Asia,3730,LKA,Sri Lanka,2003,64.1,83.2,58.3,73.1,94.3,45.3,43.6,50.1,75.0,19.9,51.8,69.8,92.3,96.7,65.2,55.3,61.6,53.6,35,45,20,20,15,34.25,40941128631.5337,19951521.0,2052.03045078787
8309,Asia,3731,LKA,Sri Lanka,2004,64.0,83.2,58.8,72.3,92.3,45.6,44.0,50.8,74.9,20.1,51.8,70.0,92.3,96.6,64.7,55.1,61.6,53.6,70,65,10,35,20,34.15,43170398173.7749,20087605.0,2149.10628588002
8310,Asia,3732,LKA,Sri Lanka,2005,64.7,83.2,59.9,73.6,94.1,45.7,44.5,52.2,75.3,20.1,51.8,70.2,92.1,96.6,70.7,54.9,61.6,52.6,45,58,18,20,15,34.05,45864985657.2719,20216524.0,2268.68801270049
8311,Asia,3733,LKA,Sri Lanka,2006,65.2,83.2,60.1,74.3,96.1,49.8,44.9,54.1,75.9,20.2,53.9,70.4,92.2,96.7,67.7,54.7,60.6,53.2,40,42,15,22,10,33.95,49382046637.8596,20352411.0,2426.34873273046
8312,Asia,3734,LKA,Sri Lanka,2007,65.0,83.2,61.3,74.9,94.7,50.3,45.3,53.7,76.2,20.4,53.9,64.6,92.2,96.6,69.0,54.6,61.4,52.5,40,55,15,20,15,33.85,52738458481.8031,20492545.0,2573.54362192705
8313,Asia,3735,LKA,Sri Lanka,2008,65.2,83.2,61.5,75.0,94.4,50.4,45.8,54.4,76.6,20.2,53.9,68.1,92.2,96.7,68.4,54.9,61.2,51.0,40,60,15,18,5,33.75,55876443247.647,20629378.0,2708.58594222506
8314,Asia,3736,LKA,Sri Lanka,2009,66.1,83.2,64.9,73.8,90.4,50.4,46.2,55.4,76.3,20.2,68.3,70.4,91.5,96.6,68.4,55.9,62.0,50.7,65,58,15,12,10,33.65,57853861432.6254,20756435.0,2787.27350976338
8315,Asia,3737,LKA,Sri Lanka,2010,66.5,83.2,65.5,75.5,94.2,50.3,46.6,56.0,76.9,20.4,68.3,70.6,91.3,96.6,68.6,56.0,61.7,48.1,40,45,15,22,18,33.55,62491408087.5837,20879089.0,2993.0141151074
8316,Asia,3738,LKA,Sri Lanka,2011,66.8,84.8,63.3,76.4,93.8,50.7,47.1,56.2,77.2,20.5,68.3,71.8,90.4,95.8,72.2,55.9,62.9,48.5,44,43,18,35,10,33.63,67909090095.45,21009048.0,3232.37350380893
8317,Asia,3739,LKA,Sri Lanka,2012,66.2,83.6,61.0,77.0,92.3,50.9,47.5,54.8,77.4,25.4,57.9,70.3,91.8,96.2,72.4,56.0,62.9,47.0,38,40,18,30,15,33.71,73771125926.1601,21169458.0,3484.79049043958
8318,Asia,3740,LKA,Sri Lanka,2013,66.8,85.8,63.7,77.5,94.4,50.7,48.0,58.8,77.2,25.4,57.9,72.7,91.6,96.5,71.9,57.0,59.7,47.5,40,42,16,28,25,33.79,76760144812.9338,20585000.0,3728.9358665501
8319,Asia,3741,LKA,Sri Lanka,2014,67.3,86.5,62.7,77.8,95.4,50.6,48.4,58.0,79.4,25.4,57.9,78.6,92.2,95.9,71.0,57.0,59.8,47.4,37,50,18,35,5,33.87,81655890647.2576,20778000.0,3929.92062023571
8320,Asia,3742,LKA,Sri Lanka,2015,68.0,88.2,63.3,79.5,96.6,50.8,48.8,58.3,81.1,26.6,57.9,78.3,92.0,95.2,73.6,57.0,59.1,49.5,38,44,20,25,15,33.95,85090301052.0465,20970000.0,4057.7158346231
8321,Asia,3743,LKA,Sri Lanka,2016,68.9,88.6,66.7,79.4,96.4,52.8,49.3,58.5,81.3,31.6,54.6,83.2,89.5,95.2,73.2,57.0,61.8,51.9,46,58,18,27,20,33.9,89390445684.9413,21209000.0,4214.74117992085
8322,Asia,3744,LKA,Sri Lanka,2017,68.5,88.2,63.0,79.2,97.3,53.1,49.7,59.4,79.6,34.6,54.6,79.8,89.9,95.2,74.3,57.0,59.7,50.5,40,45,18,40,40,33.85,95165677467.0656,21453000.0,4436.00789945768
8323,Asia,3745,LKA,Sri Lanka,2018,69.7,89.4,67.2,79.2,97.4,52.3,50.2,61.8,80.6,41.9,54.6,82.9,90.1,95.8,75.0,56.7,59.1,49.9,40,46,30,25,40,33.8,97364084798.8326,21670000.0,4493.03575444544
8324,Asia,3746,LKA,Sri Lanka,2019,69.6,90.3,69.1,79.1,98.2,52.0,50.2,61.3,78.6,41.5,54.6,84.8,90.0,95.7,73.9,56.7,58.3,48.6,38,63,23,30,5,33.75,97149412680.2905,21803000.0,4455.78189608267
8325,Asia,3747,LKA,Sri Lanka,2020,70.1,88.5,69.2,79.8,98.9,52.5,50.2,61.8,78.2,48.0,54.6,84.8,90.0,95.8,74.2,56.7,59.5,48.2,50,45,17,25,5,33.7,92656723482.0524,21919000.0,4227.23315306594
8326,Asia,3748,LKA,Sri Lanka,2021,70.2,90.0,68.9,78.7,98.9,52.6,50.2,61.8,80.8,52.0,54.6,81.6,90.1,95.9,73.6,56.9,57.3,49.4,38,50,18,18,35,,96555233343.7041,22156000.0,4357.97225779491
8327,Asia,3749,LKA,Sri Lanka,2022,69.4,86.2,69.0,78.5,98.9,52.4,50.2,61.8,79.7,53.9,54.6,76.2,90.1,95.9,72.7,56.9,53.6,49.3,59,45,18,15,10,,89459202881.0576,22181000.0,4033.14561476298
8328,Africa,3750,SDN,Sudan,2000,43.6,49.1,16.5,32.9,30.0,17.2,23.3,31.5,44.8,4.0,71.9,40.1,97.3,99.5,50.8,50.4,46.7,35.8,5,70,10,8,5,11.69,37610270337.133,27816745.0,1111.11865234375
8329,Africa,3751,SDN,Sudan,2001,43.7,49.1,16.7,33.5,30.0,18.0,23.3,33.3,44.8,3.6,71.9,40.1,97.3,99.4,49.7,50.2,46.7,35.7,80,63,5,15,10,11.6,40055073506.847,28516770.0,1150.17626953125
8330,Africa,3752,SDN,Sudan,2002,43.7,49.1,16.7,34.0,30.0,18.7,23.3,31.4,44.9,3.4,71.9,40.1,97.3,99.3,49.7,50.1,46.7,36.0,82,60,5,15,10,11.51,42460970095.8851,29228727.0,1185.21533203125
8331,Africa,3753,SDN,Sudan,2003,44.1,49.1,17.4,35.5,30.0,19.5,23.3,32.0,44.9,3.3,71.9,40.1,97.3,99.3,52.6,49.9,46.7,36.2,82,65,7,12,15,11.41,45131259048.7124,29896035.0,1226.42077636719
8332,Africa,3754,SDN,Sudan,2004,44.3,49.1,18.1,36.4,30.0,20.2,23.3,30.2,45.0,3.1,71.9,40.1,97.3,99.2,55.2,49.7,46.7,36.9,83,68,12,10,20,11.32,47451406763.008,30556637.0,1255.67114257813
8333,Africa,3755,SDN,Sudan,2005,44.9,49.1,18.2,37.3,30.0,23.4,24.1,32.3,45.0,3.1,71.9,41.5,97.3,99.2,58.2,49.7,46.7,36.8,78,64,10,15,12,11.23,50129334265.0222,31262444.0,1290.24438476563
8334,Africa,3756,SDN,Sudan,2006,45.4,49.1,19.6,38.5,30.0,25.2,24.8,34.7,45.0,3.1,71.9,41.9,97.3,99.2,58.4,49.5,46.7,37.7,82,63,8,9,20,11.13,53403487491.79,31992435.0,1336.1240234375
8335,Africa,3757,SDN,Sudan,2007,45.7,49.1,20.5,40.1,30.0,25.6,25.6,34.3,45.0,4.1,71.9,42.2,97.3,99.1,58.5,49.3,46.7,38.1,83,65,15,14,20,11.04,56466323951.3765,32764135.0,1372.10961914063
8336,Africa,3758,SDN,Sudan,2008,45.1,49.1,20.3,40.7,24.4,25.8,26.3,32.1,45.1,4.1,71.9,42.6,97.3,99.1,54.5,49.2,46.7,38.1,78,63,8,11,20,10.94,58638439292.8844,33623980.0,1381.62561035156
8337,Africa,3759,SDN,Sudan,2009,45.7,49.1,20.5,42.7,24.4,26.5,27.1,37.1,46.2,4.1,71.9,43.0,97.3,99.1,52.7,49.0,46.7,39.9,78,70,12,10,10,10.85,57015500648.426,34569113.0,1301.34729003906
8338,Africa,3760,SDN,Sudan,2010,46.1,49.1,19.5,46.8,24.4,30.1,27.8,42.0,45.0,4.1,71.9,44.2,97.3,99.1,51.5,48.9,46.8,35.8,75,68,10,12,5,10.76,59215296613.7581,35414399.0,1311.22314453125
8339,Africa,3761,SDN,Sudan,2011,45.2,33.3,20.4,47.3,24.4,30.5,28.6,45.0,43.7,6.5,71.9,40.0,97.3,99.1,49.9,48.7,46.0,35.1,80,75,8,12,25,10.66,57312394053.386,36140806.0,1388.21813964844
8340,Africa,3762,SDN,Sudan,2012,44.8,31.9,21.3,49.0,22.4,31.4,29.4,46.9,43.5,8.2,71.9,40.3,97.3,99.1,40.8,48.6,44.8,34.4,80,55,12,12,10,10.57,47566600027.2224,36923178.0,1288.25854492188
8341,Africa,3763,SDN,Sudan,2013,45.7,33.6,22.8,49.5,22.7,32.3,30.1,48.3,43.7,9.0,71.9,41.5,97.3,99.0,48.6,48.5,43.6,34.0,75,63,8,12,18,10.48,48496595854.7667,37785849.0,1283.45922851563
8342,Africa,3764,SDN,Sudan,2014,46.4,38.0,23.2,49.2,22.6,35.4,30.9,49.9,44.8,8.5,75.0,36.4,97.3,99.1,50.5,48.3,44.1,35.1,80,63,8,8,10,10.38,50757206252.6521,38823318.0,1307.3896484375
8343,Africa,3765,SDN,Sudan,2015,46.9,40.5,21.4,50.4,23.0,39.5,31.7,49.9,44.8,8.8,75.0,33.5,97.3,98.9,53.6,48.2,44.1,35.9,75,70,5,9,15,10.29,51726758676.7677,40024431.0,1292.37963867188
8344,Africa,3766,SDN,Sudan,2016,48.2,43.5,22.2,50.5,23.9,40.2,32.4,51.3,44.8,10.9,75.0,35.7,97.3,99.0,63.2,50.2,44.2,34.0,82,68,13,10,15,10.2,53520457581.1072,41259892.0,1297.15454101563
8345,Africa,3767,SDN,Sudan,2017,48.4,43.2,21.1,51.4,25.2,40.9,32.5,52.6,44.8,12.2,75.0,35.7,97.4,98.9,63.2,50.0,44.5,33.7,75,67,8,10,25,10.11,53900054790.1369,42714306.0,1261.87353515625
8346,Africa,3768,SDN,Sudan,2018,48.8,38.1,22.6,51.6,31.8,41.7,32.5,53.3,44.7,13.3,75.0,35.3,97.2,99.0,63.2,49.6,44.5,36.5,72,63,12,10,5,10.02,52455031754.9093,44230596.0,1185.94445800781
8347,Africa,3769,SDN,Sudan,2019,48.7,36.1,22.2,52.2,31.8,42.4,32.6,54.4,44.7,14.3,75.0,34.8,97.3,99.1,61.7,49.4,44.5,34.8,75,65,15,10,5,9.93,51312429477.3951,45548175.0,1126.55297851563
8348,Africa,3770,SDN,Sudan,2020,48.6,34.0,21.6,52.3,31.8,42.4,32.6,55.1,43.8,15.3,75.0,34.8,97.3,99.2,61.7,49.3,45.5,35.6,73,78,10,12,20,9.84,49449890489.355,46789231.0,1056.86474609375
8349,Africa,3771,SDN,Sudan,2021,48.6,33.1,21.8,51.9,31.8,42.5,32.6,55.1,43.9,15.4,75.0,34.8,97.3,99.1,61.7,49.4,44.9,36.3,77,68,12,10,30,,48525909156.8784,48066924.0,1009.54888916016
8350,Africa,3772,SDN,Sudan,2022,48.6,32.5,21.9,51.9,31.8,42.6,32.6,55.1,44.2,15.4,75.0,34.8,97.3,99.1,61.7,49.2,43.8,36.3,73,75,12,9,10,,48061119947.9824,49383346.0,973.225280761719
8351,South America,3773,SUR,Suriname,2000,62.2,0.0,54.8,58.2,61.6,57.2,64.4,67.7,51.6,11.9,0.0,82.5,82.2,88.5,59.0,78.5,60.3,54.7,10,45,15,20,7,98.34,2921018934.53474,476643.0,6128.31602380553
8352,South America,3774,SUR,Suriname,2001,62.4,0.0,56.0,60.8,61.6,57.2,64.6,67.7,52.4,12.2,0.0,82.6,82.2,87.8,58.1,78.5,59.9,54.7,25,60,15,20,8,98.31,3043701742.07788,486560.0,6255.55274185687
8353,South America,3775,SUR,Suriname,2002,63.1,0.0,55.6,62.0,61.6,57.2,64.9,73.0,53.2,12.4,0.0,82.4,82.2,92.1,59.0,78.5,61.0,51.7,20,40,10,10,10,98.29,3128925411.81216,496551.0,6301.31731043167
8354,South America,3776,SUR,Suriname,2003,63.1,0.0,55.8,61.8,61.6,57.2,65.2,72.1,54.0,12.4,0.0,82.4,82.2,92.3,58.3,78.5,60.9,52.1,10,50,25,25,8,98.26,3326047695.01974,506414.0,6567.84309876847
8355,South America,3777,SUR,Suriname,2004,63.3,0.0,54.9,61.9,61.6,58.2,65.5,71.5,54.8,12.8,0.0,82.2,82.2,92.3,58.8,78.4,61.6,51.9,10,33,15,20,5,98.23,3608761755.24276,513923.0,7021.98919924338
8356,South America,3778,SUR,Suriname,2005,63.7,0.0,56.4,65.4,61.6,61.6,65.8,70.2,54.9,13.0,0.0,82.4,82.2,92.3,58.2,78.4,60.5,52.7,18,40,10,20,10,98.21,3771156041.83844,519313.0,7261.8171350196
8357,South America,3779,SUR,Suriname,2006,64.2,0.0,58.9,65.8,62.7,62.0,66.2,70.6,55.1,13.4,0.0,82.2,82.2,91.6,60.5,78.4,60.9,53.0,20,60,15,25,10,98.18,3989639610.76687,524997.0,7599.35696921481
8358,South America,3780,SUR,Suriname,2007,64.7,0.0,59.9,66.3,61.7,62.4,66.6,73.0,55.2,14.7,0.0,82.3,82.2,91.6,59.9,78.4,61.7,54.9,30,40,22,20,7,98.15,4193569551.84687,531016.0,7897.25648915828
8359,South America,3781,SUR,Suriname,2008,65.7,0.0,57.9,67.2,66.1,62.8,66.9,73.5,55.4,16.1,0.0,82.1,82.2,90.9,71.2,78.4,61.8,52.9,25,60,17,20,10,98.13,4367326198.30964,537245.0,8129.11464659446
8360,South America,3782,SUR,Suriname,2009,66.2,0.0,60.2,67.1,67.9,63.1,67.3,73.7,55.5,18.0,0.0,82.2,82.2,90.7,69.5,78.4,61.8,55.1,30,40,20,20,5,98.1,4498944263.51763,543568.0,8276.69079768793
8361,South America,3783,SUR,Suriname,2010,65.4,0.0,59.2,69.6,67.2,55.4,67.6,70.4,57.1,18.1,0.0,82.1,82.2,89.1,70.7,78.3,61.8,51.8,25,44,22,20,10,98.08,4731486826.19641,549923.0,8603.90786745855
8362,South America,3784,SUR,Suriname,2011,65.6,0.0,59.1,68.5,65.0,56.7,68.0,72.1,56.7,18.1,0.0,81.8,82.2,88.9,71.6,78.3,61.8,54.5,40,60,20,30,7,98.01,5008248887.00011,556269.0,9003.28597674886
8363,South America,3785,SUR,Suriname,2012,66.2,0.0,60.5,69.5,67.2,57.1,68.4,68.9,56.1,21.7,0.0,82.3,82.2,90.2,72.0,78.3,61.8,56.2,25,65,25,24,10,97.95,5142988298.24504,562633.0,9140.92898611536
8364,South America,3786,SUR,Suriname,2013,66.9,0.0,62.0,71.3,70.2,60.6,68.7,69.6,57.6,22.1,0.0,82.4,82.2,87.3,72.0,78.3,62.4,56.2,35,55,15,20,12,97.89,5293854859.13611,569020.0,9303.46008775809
8365,South America,3787,SUR,Suriname,2014,67.9,0.0,62.8,70.2,72.1,61.1,69.1,67.5,57.3,33.6,0.0,82.9,82.2,87.3,76.0,78.3,62.3,56.2,25,65,20,20,8,97.83,5307380818.79212,575373.0,9224.24378410547
8366,South America,3788,SUR,Suriname,2015,68.9,0.0,61.8,72.3,75.4,68.7,69.5,67.5,57.0,33.7,0.0,83.1,82.2,89.5,76.2,78.3,62.2,56.2,30,55,28,22,10,97.77,5126237646.22072,581627.0,8813.61705392067
8367,South America,3789,SUR,Suriname,2016,68.9,0.0,61.1,72.3,74.2,68.9,69.9,69.3,56.3,31.1,0.0,83.2,82.1,89.8,77.0,78.3,63.3,57.3,10,55,25,30,5,97.7,4874454256.1508,587757.0,8293.31553031406
8368,South America,3790,SUR,Suriname,2017,69.0,0.0,62.7,71.0,70.1,69.0,70.2,70.7,55.3,31.4,0.0,83.3,81.9,91.0,77.8,78.3,64.3,57.9,35,40,18,30,10,97.63,4950790053.58146,593713.0,8338.69235401862
8369,South America,3791,SUR,Suriname,2018,69.3,0.0,63.8,72.9,71.4,64.5,70.6,71.1,55.7,31.8,0.0,83.3,81.8,92.1,74.8,78.0,65.0,63.1,30,55,20,30,5,97.55,5195768566.26648,599513.0,8666.64870697797
8370,South America,3792,SUR,Suriname,2019,69.7,0.0,63.2,71.0,72.4,67.6,71.0,70.4,56.4,30.1,0.0,83.5,81.7,88.8,76.9,78.0,66.4,68.3,30,40,25,28,10,97.48,5256433828.6406,605768.0,8677.30522021731
8371,South America,3793,SUR,Suriname,2020,69.1,0.0,62.6,68.7,73.3,66.5,71.4,70.6,53.2,32.4,0.0,83.4,81.7,89.2,76.9,78.0,63.5,64.4,25,55,12,20,8,97.41,4416708447.1504,612317.0,7213.10766669943
8372,South America,3794,SUR,Suriname,2021,69.7,0.0,63.3,70.2,67.3,66.7,71.4,70.6,55.1,42.1,0.0,83.4,80.7,88.6,77.0,78.1,65.7,65.6,30,65,20,30,15,,4309144555.20541,617896.0,6973.89941868115
8373,South America,3795,SUR,Suriname,2022,68.2,0.0,63.4,70.2,67.3,66.9,71.4,70.6,55.9,42.1,0.0,83.4,80.7,88.6,77.0,78.1,63.4,65.5,30,50,24,25,5,,4412832154.84564,623164.0,7081.33357325783
8374,Europe,3796,SWE,Sweden,2000,84.0,98.6,66.9,90.6,97.1,88.9,94.8,91.2,87.8,87.0,99.1,89.5,52.1,62.1,74.6,77.4,88.4,82.6,10,14,80,80,8,69.14,368734580258.813,8872109.0,41561.0967199358
8375,Europe,3797,SWE,Sweden,2001,84.1,98.6,66.7,91.1,97.1,88.9,94.9,90.1,88.3,87.9,99.1,89.5,53.0,61.9,72.9,77.9,88.4,82.9,10,15,80,75,10,69.12,373752198468.524,8895960.0,42013.7004290176
8376,Europe,3798,SWE,Sweden,2002,84.2,98.6,67.0,91.5,97.1,90.1,94.9,89.0,88.2,90.6,99.1,89.5,53.1,61.8,70.9,78.1,88.4,83.9,7,20,80,80,7,69.1,382265044393.135,8924958.0,42831.0188566865
8377,Europe,3799,SWE,Sweden,2003,84.3,98.6,66.4,91.8,96.8,90.2,94.9,88.4,87.8,91.4,99.1,89.5,53.1,61.7,72.8,78.1,88.4,83.9,10,10,85,79,10,69.08,389455236261.488,8958229.0,43474.5792121957
8378,Europe,3800,SWE,Sweden,2004,84.2,98.6,67.0,92.3,95.2,90.2,94.9,89.1,87.0,91.3,99.1,89.5,52.7,61.9,72.6,78.7,88.3,83.3,7,10,85,82,10,69.06,405732636285.124,8993531.0,45113.8308507663
8379,Europe,3801,SWE,Sweden,2005,84.4,98.6,66.5,92.8,94.1,90.2,94.9,91.0,86.6,91.4,99.1,89.7,52.6,62.4,74.7,78.7,88.5,83.1,10,15,83,78,7,69.03,417065466396.116,9029572.0,46188.8411096468
8380,Europe,3802,SWE,Sweden,2006,84.4,98.6,64.1,93.1,93.9,91.2,94.9,91.3,86.8,92.3,99.1,89.7,53.5,62.5,73.0,79.0,88.3,82.7,10,10,85,78,10,69.01,436567442196.025,9080505.0,48077.440868765
8381,Europe,3803,SWE,Sweden,2007,84.5,98.6,66.6,92.7,94.8,91.1,94.9,92.2,87.2,90.5,99.1,88.5,53.3,62.7,74.9,79.0,87.7,82.3,20,20,85,81,8,68.99,450646355077.532,9148092.0,49261.2399479074
8382,Europe,3804,SWE,Sweden,2008,84.9,98.6,65.8,93.5,96.4,91.1,94.9,92.9,87.1,92.6,98.2,87.2,53.6,63.1,78.6,79.4,87.3,82.9,10,23,85,78,8,68.97,446486334539.387,9219637.0,48427.7563790621
8383,Europe,3805,SWE,Sweden,2009,85.4,98.6,66.9,93.6,97.1,90.8,95.0,94.1,86.2,93.1,99.1,88.1,55.0,63.9,78.1,79.5,87.9,84.4,11,15,85,78,8,68.95,427485779312.93,9298515.0,45973.5537677715
8384,Europe,3806,SWE,Sweden,2010,84.8,98.6,64.2,95.4,96.9,90.1,95.0,93.5,85.9,94.1,98.8,86.0,54.1,62.9,74.5,79.5,89.3,83.3,12,30,85,85,8,68.92,452069357232.391,9378126.0,48204.6580769325
8385,Europe,3807,SWE,Sweden,2011,84.8,98.6,65.0,95.3,96.0,89.9,95.0,93.9,86.3,96.5,98.9,87.2,53.9,61.6,68.9,79.8,89.0,86.0,11,35,85,78,10,68.88,466372427078.04,9449213.0,49355.6899477279
8386,Europe,3808,SWE,Sweden,2012,85.5,98.7,66.3,95.9,96.5,89.9,95.0,95.6,86.3,97.2,98.9,89.0,54.9,64.8,69.0,79.9,89.5,86.0,18,15,82,78,8,68.83,464439473161.751,9519374.0,48788.8671210682
8387,Europe,3809,SWE,Sweden,2013,85.3,98.6,65.9,95.5,98.2,90.4,95.0,95.0,86.2,97.5,97.2,88.7,55.0,64.0,67.7,79.9,88.4,86.0,10,28,85,78,7,68.79,469723477716.099,9600379.0,48927.5973079916
8388,Europe,3810,SWE,Sweden,2014,85.3,98.7,67.3,95.3,98.9,90.3,95.0,95.7,86.3,96.6,96.9,87.7,55.1,65.3,66.8,79.8,87.9,86.0,10,38,85,75,10,68.74,480507219240.808,9696110.0,49556.7004954366
8389,Europe,3811,SWE,Sweden,2015,85.5,98.7,68.2,96.3,99.0,90.0,95.0,97.6,86.6,96.7,95.1,88.3,55.9,68.0,63.6,79.9,88.0,86.0,10,38,86,78,10,68.69,501698263620.663,9799186.0,51197.9529341175
8390,Europe,3812,SWE,Sweden,2016,85.5,98.8,66.3,96.4,99.2,90.0,95.0,96.9,86.8,96.7,93.6,89.6,55.8,67.3,67.2,80.0,87.4,86.0,15,30,82,78,8,68.69,513486872449.421,9923085.0,51746.6969646457
8391,Europe,3813,SWE,Sweden,2017,85.5,99.0,67.8,96.2,99.7,89.5,95.1,97.4,85.4,97.6,94.4,89.6,55.8,68.5,64.3,80.1,86.9,86.3,10,38,85,78,7,68.69,522858809003.494,10057698.0,51985.9324672002
8392,Europe,3814,SWE,Sweden,2018,85.3,98.6,60.3,96.4,99.8,91.0,95.1,97.3,85.0,96.9,94.3,90.0,56.0,68.8,66.3,80.1,88.4,86.3,35,35,86,75,8,68.69,532808626903.279,10175214.0,52363.3829129568
8393,Europe,3815,SWE,Sweden,2019,86.0,98.9,65.3,96.9,99.9,91.5,95.1,98.0,85.1,98.0,94.7,89.2,56.0,69.1,69.2,80.2,88.5,86.2,15,40,85,80,10,68.69,546393370721.116,10278887.0,53156.8613139843
8394,Europe,3816,SWE,Sweden,2020,86.3,98.8,64.8,96.7,99.8,91.1,95.1,98.0,84.2,98.5,95.0,92.4,56.0,69.9,69.4,80.2,88.8,87.8,15,30,86,77,10,68.69,535436339440.588,10353442.0,51715.7810359674
8395,Europe,3817,SWE,Sweden,2021,86.1,98.9,63.1,96.9,99.8,91.2,95.1,98.0,84.3,97.6,95.0,92.0,56.8,70.0,69.5,80.2,88.6,86.2,15,35,75,78,8,,567227918083.309,10415811.0,54458.3535629927
8396,Europe,3818,SWE,Sweden,2022,86.0,98.9,63.1,96.9,99.8,91.4,95.1,98.0,85.0,97.6,95.0,90.4,56.8,70.0,69.3,80.2,88.5,85.8,30,25,85,78,8,,575505409859.556,10486941.0,54878.2919499171
8397,Europe,3819,CHE,Switzerland,2000,76.7,99.4,72.4,90.6,98.4,67.8,90.5,79.7,82.3,75.8,84.5,97.0,43.0,56.5,0.0,62.1,81.0,46.4,10,45,80,78,8,30.27,529837998914.444,7184250.0,73749.9389517966
8398,Europe,3820,CHE,Switzerland,2001,77.1,99.4,70.9,91.0,98.3,68.1,90.5,79.9,82.4,77.0,84.5,97.0,44.0,56.2,0.0,65.5,81.0,47.1,10,25,75,75,8,30.37,538186454855.434,7229854.0,74439.4637644735
8399,Europe,3821,CHE,Switzerland,2002,77.4,99.4,71.7,91.3,98.3,68.4,90.5,79.6,82.3,77.9,86.9,97.0,44.2,56.7,0.0,65.5,81.0,48.1,10,45,80,80,10,30.46,537792409495.674,7284753.0,73824.3849167809
8400,Europe,3822,CHE,Switzerland,2003,77.4,99.4,68.6,91.2,98.3,69.7,90.5,79.5,81.5,78.5,86.9,97.0,44.9,56.5,0.0,65.6,81.0,48.6,15,45,82,82,8,30.56,537618173222.303,7339001.0,73254.9529864219
8401,Europe,3823,CHE,Switzerland,2004,77.8,99.4,72.3,91.5,98.2,70.1,90.5,79.5,81.2,80.2,86.9,97.0,46.5,56.4,0.0,65.6,81.2,48.4,10,55,78,85,7,30.66,552143052490.049,7389625.0,74718.6836260364
8402,Europe,3824,CHE,Switzerland,2005,77.9,99.4,71.1,93.0,98.4,70.4,90.5,79.4,81.5,80.5,86.9,97.0,47.2,56.4,0.0,65.6,81.7,48.0,10,35,80,75,8,30.76,567325325069.244,7437115.0,76282.9840696619
8403,Europe,3825,CHE,Switzerland,2006,77.8,99.4,70.5,93.4,98.4,70.8,90.5,79.3,81.6,81.3,83.8,97.0,47.1,56.5,0.0,65.6,81.7,47.2,10,60,85,78,8,30.85,590436050732.85,7483934.0,78893.8078199046
8404,Europe,3826,CHE,Switzerland,2007,77.9,99.4,71.1,93.4,98.4,72.9,90.5,80.4,81.8,81.5,81.7,97.0,47.5,57.0,0.0,65.7,81.8,46.7,15,25,82,80,10,30.95,613559745174.533,7551117.0,81254.1701015272
8405,Europe,3827,CHE,Switzerland,2008,78.0,99.4,70.9,94.2,97.7,73.3,90.5,80.3,81.8,82.0,83.6,97.0,46.7,56.8,0.0,65.7,81.3,47.2,15,35,78,78,8,31.05,630788402145.885,7647675.0,82481.0680560935
8406,Europe,3828,CHE,Switzerland,2009,78.3,99.4,71.1,94.3,96.6,73.9,90.5,80.5,81.5,82.3,86.5,96.6,46.9,57.2,0.0,65.8,81.1,47.9,15,45,82,75,10,31.15,616296830083.857,7743831.0,79585.5216989959
8407,Europe,3829,CHE,Switzerland,2010,78.3,99.4,69.6,95.3,96.6,74.2,90.5,80.9,81.0,83.4,86.6,96.6,46.4,57.0,0.0,65.9,81.2,47.7,15,40,75,85,8,31.24,636285783946.788,7824909.0,81315.4228307049
8408,Europe,3830,CHE,Switzerland,2011,78.7,99.6,71.5,95.6,97.0,74.1,90.5,80.9,80.8,84.3,89.7,96.6,44.8,58.0,0.0,65.9,81.6,47.9,20,45,80,78,7,31.33,647822334336.491,7912398.0,81874.3362425008
8409,Europe,3831,CHE,Switzerland,2012,79.0,99.6,70.4,95.8,98.1,74.4,90.5,81.7,81.0,85.8,90.2,97.2,45.5,57.8,0.0,66.0,81.6,48.2,18,23,80,80,8,31.42,655461804171.543,7996861.0,81964.8864937809
8410,Europe,3832,CHE,Switzerland,2013,79.1,99.6,68.7,96.1,97.8,78.1,90.5,81.5,80.8,89.7,87.0,97.3,45.5,57.7,0.0,66.0,81.6,48.2,15,35,80,82,8,31.5,667208623614.234,8089346.0,82479.9215677304
8411,Europe,3833,CHE,Switzerland,2014,79.8,99.6,71.3,96.1,97.9,78.5,90.5,82.1,80.8,92.9,86.7,98.3,46.5,58.6,0.0,66.0,82.8,48.2,15,45,80,79,6,31.59,682887235059.834,8188649.0,83394.3712888211
8412,Europe,3834,CHE,Switzerland,2015,80.1,99.6,69.6,96.5,98.4,79.4,90.5,82.8,80.9,95.6,87.3,97.9,46.8,58.8,0.0,66.0,83.5,48.4,18,45,83,80,7,31.68,694118186379.628,8282396.0,83806.4476003837
8413,Europe,3835,CHE,Switzerland,2016,79.8,99.5,66.4,96.3,99.2,79.4,90.5,82.8,80.8,95.9,85.4,98.6,45.9,58.8,0.0,66.0,83.2,48.4,15,55,83,82,7,31.76,708477337740.424,8373338.0,84611.0998672721
8414,Europe,3836,CHE,Switzerland,2017,80.3,99.5,70.5,96.7,98.1,79.7,90.5,83.1,81.0,95.8,86.4,98.9,46.6,59.1,0.0,66.0,83.5,48.9,15,40,80,77,8,31.85,718132464454.115,8451840.0,84967.5886498224
8415,Europe,3837,CHE,Switzerland,2018,80.3,99.5,69.4,96.8,97.9,80.1,90.5,83.0,81.1,96.2,83.4,99.0,48.2,60.4,0.0,66.4,83.9,49.1,10,25,85,75,10,31.94,738674254331.744,8514329.0,86756.6022327472
8416,Europe,3838,CHE,Switzerland,2019,80.7,99.5,69.9,97.2,98.0,85.2,90.5,83.4,81.3,96.9,82.4,99.1,48.2,60.5,0.0,66.4,83.8,49.2,8,65,78,80,7,32.03,747109782755.794,8575280.0,87123.6604234257
8417,Europe,3839,CHE,Switzerland,2020,80.9,99.4,70.6,97.1,98.5,85.1,90.5,83.4,81.0,97.0,82.4,99.1,48.2,61.1,0.0,66.4,82.9,52.1,12,35,80,85,8,32.11,731108655210.761,8638167.0,84637.0132935333
8418,Europe,3840,CHE,Switzerland,2021,81.5,99.4,67.9,96.7,98.5,85.8,90.5,83.4,81.0,97.2,82.4,99.1,58.2,61.0,0.0,66.3,83.4,52.9,12,40,83,80,10,,771755519734.1,8704546.0,88661.2029776281
8419,Europe,3841,CHE,Switzerland,2022,80.5,99.5,67.9,96.0,98.5,85.9,90.5,83.4,81.6,97.2,82.4,99.1,58.2,61.0,0.0,66.3,81.0,54.4,15,40,83,85,10,,795248228754.84,8777088.0,90605.019427268
8420,Asia,3842,SYR,Syrian Arab Republic,2000,58.7,0.0,45.3,63.2,60.8,33.0,62.2,63.6,70.0,15.8,63.0,73.2,89.1,89.1,48.3,56.4,60.8,45.2,75,38,5,15,10,2.35,20770487869.9399,16637888.0,1248.38488334216
8421,Asia,3843,SYR,Syrian Arab Republic,2001,58.7,0.0,43.5,63.6,61.4,32.8,62.3,64.6,68.0,15.8,63.0,72.9,89.1,89.7,47.1,56.4,60.8,47.8,85,30,5,9,5,2.39,20988014510.4076,17051338.0,1230.87200021533
8422,Asia,3844,SYR,Syrian Arab Republic,2002,59.2,0.0,44.0,64.6,61.9,32.5,62.4,64.8,68.7,15.8,63.0,72.4,89.1,91.3,50.0,56.3,60.8,50.0,86,35,5,12,15,2.42,21818055209.1143,17468332.0,1249.00621359351
8423,Asia,3845,SYR,Syrian Arab Republic,2003,59.3,0.0,43.0,64.2,63.3,32.8,62.5,64.6,69.4,16.0,63.0,71.8,89.2,89.2,50.0,56.3,60.7,53.2,78,30,7,20,7,2.45,23389922826.4268,17889296.0,1307.4814585452
8424,Asia,3846,SYR,Syrian Arab Republic,2004,59.3,0.0,41.7,64.2,63.7,32.4,62.6,65.7,70.0,16.2,63.0,71.3,88.9,89.9,50.7,56.3,62.1,50.0,75,35,10,10,5,2.48,25004519710.9876,18336875.0,1363.61946683869
8425,Asia,3847,SYR,Syrian Arab Republic,2005,59.6,0.0,40.8,65.4,65.0,32.0,62.6,66.2,70.7,16.4,63.0,71.6,88.6,90.1,52.0,56.4,62.1,49.9,80,45,8,14,15,2.52,26558570073.3917,18814091.0,1411.63184941498
8426,Asia,3848,SYR,Syrian Arab Republic,2006,59.4,0.0,39.9,65.8,64.9,31.7,62.7,68.3,71.4,16.7,63.0,71.0,88.7,89.9,48.4,56.4,62.1,49.0,80,35,5,12,10,2.55,27898767456.1339,19637022.0,1420.72293121298
8427,Asia,3849,SYR,Syrian Arab Republic,2007,59.0,0.0,37.5,65.7,65.5,31.4,62.7,64.9,71.2,17.2,63.0,70.5,88.8,88.7,50.5,56.4,62.0,48.1,82,45,8,12,15,2.58,29481908620.0444,20884125.0,1411.6899137524
8428,Asia,3850,SYR,Syrian Arab Republic,2008,58.8,0.0,33.2,65.5,66.8,32.1,62.8,65.1,68.7,17.6,63.0,70.0,89.5,89.1,52.8,56.4,62.0,47.0,80,35,5,9,8,2.61,30801717185.314,21636564.0,1423.59559425951
8429,Asia,3851,SYR,Syrian Arab Republic,2009,59.6,0.0,38.1,65.8,66.5,32.7,62.8,65.9,71.4,18.1,63.0,71.0,89.7,89.8,52.8,56.5,61.9,48.3,80,63,6,6,10,2.65,32622727886.4047,21976969.0,1484.40523742854
8430,Asia,3852,SYR,Syrian Arab Republic,2010,59.3,0.0,35.7,66.4,66.6,36.1,62.8,66.8,71.0,18.6,63.0,66.1,90.2,90.1,52.1,56.5,58.7,48.0,78,35,10,5,10,2.68,34316469200.952,22482421.0,1526.36894402751
8431,Asia,3853,SYR,Syrian Arab Republic,2011,59.1,0.0,37.9,64.4,70.3,36.1,62.8,66.4,70.9,18.9,63.0,55.3,90.3,90.2,57.9,56.5,57.2,47.3,90,38,5,8,10,2.71,35294489548.9953,22878098.0,1542.71957174916
8432,Asia,3854,SYR,Syrian Arab Republic,2012,58.3,0.0,37.1,58.5,71.3,35.9,62.8,66.6,70.7,19.9,63.0,48.1,91.3,93.0,57.2,56.5,53.2,47.8,85,78,5,5,15,2.75,25998267919.3561,22759763.0,1142.29080150598
8433,Asia,3855,SYR,Syrian Arab Republic,2013,55.5,0.0,29.4,57.1,44.3,34.5,62.8,65.8,70.8,20.4,63.0,45.5,92.1,95.3,56.0,56.5,47.4,47.8,85,65,5,5,10,2.78,19160700666.0922,21666917.0,884.329813332104
8434,Asia,3856,SYR,Syrian Arab Republic,2014,55.4,0.0,32.6,56.7,46.0,34.7,62.8,65.6,70.9,18.5,63.0,45.0,92.1,95.5,51.0,56.5,48.0,47.8,85,65,7,3,10,2.81,17185167298.4619,20273659.0,847.659877206276
8435,Asia,3857,SYR,Syrian Arab Republic,2015,54.9,0.0,29.1,54.1,46.0,34.3,62.8,64.7,70.9,19.3,63.0,43.3,92.1,95.8,51.1,56.5,47.6,47.8,90,75,9,5,20,2.84,16466863117.0009,19424618.0,847.731631942565
8436,Asia,3858,SYR,Syrian Arab Republic,2016,54.7,0.0,31.3,54.0,46.0,34.8,62.9,64.7,70.9,16.5,63.0,43.1,92.0,95.8,49.2,56.5,46.7,47.8,90,75,5,5,15,2.84,15412063258.1149,19193834.0,802.969498335502
8437,Asia,3859,SYR,Syrian Arab Republic,2017,54.9,0.0,30.5,58.4,46.0,34.8,62.9,65.1,70.9,16.5,63.0,42.0,92.0,95.4,49.2,56.5,46.9,47.8,90,75,5,9,40,2.84,15300590613.0367,19224668.0,795.883216970859
8438,Asia,3860,SYR,Syrian Arab Republic,2018,54.9,0.0,30.2,58.2,46.0,34.9,62.9,61.4,70.9,23.0,63.0,41.1,92.0,95.6,48.7,56.3,46.7,48.2,82,78,7,5,15,2.84,15513754781.2974,19577845.0,792.413811698757
8439,Asia,3861,SYR,Syrian Arab Republic,2019,55.5,0.0,33.9,62.0,46.0,34.9,62.9,61.9,70.9,22.2,63.0,40.3,91.9,96.1,50.0,56.3,46.7,48.4,88,65,9,5,20,2.84,15703131995.8402,20353534.0,771.518695271305
8440,Asia,3862,SYR,Syrian Arab Republic,2020,56.3,0.0,33.2,61.4,62.9,33.8,62.9,61.8,69.6,23.2,63.0,39.7,91.9,96.4,50.0,56.3,46.9,48.0,85,65,9,5,5,2.84,15593656903.8252,21049429.0,740.811397013438
8441,Asia,3863,SYR,Syrian Arab Republic,2021,56.4,0.0,30.9,61.3,62.5,34.0,62.9,61.8,69.8,23.9,63.0,39.7,91.9,96.4,49.9,56.5,46.7,50.6,84,73,8,9,20,,15882796969.6273,21628839.0,734.334236323426
8442,Asia,3864,SYR,Syrian Arab Republic,2022,58.2,0.0,31.1,61.3,61.8,34.1,62.9,61.8,70.2,23.9,63.0,39.7,91.9,96.4,49.9,56.5,46.7,50.9,85,45,6,10,20,,15999183136.0334,22462173.0,712.272278200037
8466,Asia,3888,TJK,Tajikistan,2000,60.0,47.4,47.0,49.9,68.3,48.3,47.0,82.7,66.0,9.4,81.2,53.0,95.1,98.0,0.0,60.1,67.1,39.3,30,25,10,15,10,2.95,2699528109.30372,6284735.0,429.537300984643
8467,Asia,3889,TJK,Tajikistan,2001,59.5,47.4,41.0,51.7,63.5,47.1,47.7,83.6,66.2,9.4,81.2,53.0,95.1,98.0,0.0,60.1,67.5,39.9,40,30,8,25,15,2.95,2958165475.04676,6407377.0,461.681195760256
8468,Asia,3890,TJK,Tajikistan,2002,60.7,47.4,54.0,53.0,63.1,47.1,48.5,85.0,66.4,9.3,81.2,54.3,95.0,98.1,0.0,60.1,67.9,40.4,43,26,11,25,10,2.95,3277647457.55418,6531669.0,501.80856647117
8469,Asia,3891,TJK,Tajikistan,2003,61.3,47.4,53.4,53.6,69.6,47.1,49.3,86.2,66.7,9.3,81.2,54.3,94.9,98.0,0.0,60.1,68.0,41.4,30,30,15,30,10,2.95,3638188647.66711,6658575.0,546.391479808684
8470,Asia,3892,TJK,Tajikistan,2004,61.4,47.4,55.2,53.6,69.3,47.1,50.1,86.8,66.9,9.3,77.8,55.6,94.8,97.9,0.0,60.0,68.2,42.4,28,20,15,20,7,2.95,4012922039.84883,6790547.0,590.957111385699
8471,Asia,3893,TJK,Tajikistan,2005,61.7,47.4,52.5,54.6,69.6,49.5,50.9,88.0,67.3,9.4,77.8,56.3,94.6,98.0,0.0,60.0,68.1,43.8,40,22,15,22,15,2.95,4281787756.98917,6924720.0,618.333702588577
8472,Asia,3894,TJK,Tajikistan,2006,62.0,47.4,53.1,54.4,70.8,49.5,51.7,88.7,67.5,9.7,77.8,57.5,94.5,97.9,0.0,60.0,67.9,43.5,38,35,14,28,10,2.95,4581513037.47047,7057566.0,649.163328755334
8473,Asia,3895,TJK,Tajikistan,2007,63.0,47.4,56.1,56.0,70.8,49.5,52.3,88.7,67.7,10.0,83.1,58.3,94.4,97.8,0.0,60.1,71.2,43.8,40,25,15,15,15,2.95,4938871059.83241,7194477.0,686.48090192413
8474,Asia,3896,TJK,Tajikistan,2008,63.5,47.4,54.9,57.1,70.3,49.5,53.0,89.9,68.0,10.3,83.1,65.7,94.1,97.9,0.0,60.1,71.1,44.3,40,29,15,22,10,2.95,5329041788.19322,7338403.0,726.185491338269
8475,Asia,3897,TJK,Tajikistan,2009,64.6,47.4,62.2,57.3,69.5,49.5,53.6,90.9,68.3,10.5,87.8,68.6,94.1,98.0,0.0,60.1,70.9,44.9,30,23,15,25,10,2.95,5536874479.12428,7490230.0,739.212878526331
8476,Asia,3898,TJK,Tajikistan,2010,65.0,47.4,62.6,59.0,72.4,50.3,54.3,91.3,68.7,10.8,87.8,65.5,94.1,98.0,0.0,60.1,73.6,44.9,20,25,10,20,15,2.95,5896771269.65215,7652141.0,770.604105393791
8477,Asia,3899,TJK,Tajikistan,2011,65.3,50.9,61.7,59.5,73.3,50.2,54.9,91.9,69.1,11.1,87.8,63.2,93.9,97.5,0.0,60.1,74.3,45.0,37,30,15,25,15,2.97,6333132378.96151,7824785.0,809.368229154093
8478,Asia,3900,TJK,Tajikistan,2012,65.4,54.1,56.5,59.9,70.4,50.2,55.6,92.3,69.5,11.5,87.8,66.7,93.7,97.5,0.0,60.1,74.5,45.7,30,20,15,20,15,2.99,6808117273.38834,8014084.0,849.519080831738
8479,Asia,3901,TJK,Tajikistan,2013,65.7,57.1,57.8,61.6,70.4,51.4,56.3,92.6,70.0,11.8,87.8,63.1,93.5,97.5,0.0,61.0,72.5,46.1,30,18,15,28,10,3.01,7311917934.39479,8216724.0,889.882383099979
8480,Asia,3902,TJK,Tajikistan,2014,66.4,59.4,58.1,62.3,72.1,50.8,56.9,88.3,71.1,14.6,87.8,69.0,93.4,97.2,0.0,61.0,74.2,46.4,38,20,10,25,15,3.02,7801816486.46336,8425552.0,925.970961482804
8481,Asia,3903,TJK,Tajikistan,2015,66.3,61.0,56.8,64.2,73.2,52.4,57.6,89.2,71.5,15.2,76.4,68.8,93.6,97.7,0.0,61.0,74.7,48.0,40,30,10,30,20,3.04,8271431485.07484,8643840.0,956.916310930656
8482,Asia,3904,TJK,Tajikistan,2016,67.0,64.4,65.1,64.3,73.8,52.9,60.7,86.3,72.0,14.8,76.4,71.3,93.8,97.7,0.0,61.0,67.8,49.2,55,28,12,35,35,3.04,8842160257.54501,8865631.0,997.352614556708
8483,Asia,3905,TJK,Tajikistan,2017,68.5,67.8,65.1,65.8,73.5,53.2,62.3,86.8,78.4,15.7,76.4,78.0,93.9,97.5,0.0,61.0,69.9,50.9,40,30,15,33,20,3.04,9469953672.84779,9085946.0,1042.26391757642
8484,Asia,3906,TJK,Tajikistan,2018,68.7,71.4,63.6,66.2,73.5,53.5,60.2,86.4,78.3,15.9,76.4,79.8,93.9,97.3,0.0,61.0,70.8,50.5,37,30,15,33,20,3.05,10189670046.8255,9307333.0,1094.8002018221
8485,Asia,3907,TJK,Tajikistan,2019,68.9,74.7,64.6,67.5,73.5,53.8,59.5,86.4,78.3,16.2,76.4,79.0,93.9,97.2,0.0,61.0,70.0,50.8,35,25,18,33,20,3.05,10943705646.9105,9529966.0,1148.34676712493
8486,Asia,3908,TJK,Tajikistan,2020,69.3,76.2,64.5,67.5,73.5,56.3,59.5,86.6,78.0,16.4,76.4,79.7,93.9,97.3,0.0,61.0,69.3,51.9,58,28,14,35,15,3.05,11425228817.4554,9749310.0,1171.90127480359
8487,Asia,3909,TJK,Tajikistan,2021,69.3,80.0,65.1,67.4,73.5,56.5,59.5,86.6,76.5,16.3,76.4,78.5,93.7,97.2,0.0,61.0,69.8,51.4,55,28,12,25,30,,12499200274.9255,9966908.0,1254.06999592306
8488,Asia,3910,TJK,Tajikistan,2022,69.2,83.0,65.3,67.2,73.5,56.5,59.5,86.6,76.1,16.3,76.4,79.7,93.7,97.2,0.0,61.0,68.0,50.8,40,30,18,30,20,,13499136339.2248,10182222.0,1325.75545290849
8489,Africa,3911,TZA,Tanzania,2000,49.1,21.0,54.4,18.8,17.4,54.3,40.0,28.2,61.1,13.5,64.4,43.6,95.4,99.2,71.9,59.9,47.6,43.8,20,60,15,35,5,60.59,18486481203.1543,34260139.0,555.348083496094
8490,Africa,3912,TZA,Tanzania,2001,49.5,21.0,55.8,21.5,19.7,54.3,40.0,28.1,61.2,13.5,64.4,43.4,95.5,99.2,72.2,59.8,47.6,44.4,30,34,15,25,15,60.17,19608760036.0732,35198299.0,573.400146484375
8491,Africa,3913,TZA,Tanzania,2002,50.3,21.0,55.7,24.8,27.8,54.4,39.9,27.9,61.1,13.5,64.4,44.5,95.4,99.2,72.1,60.2,47.6,44.8,20,33,15,20,5,59.75,20999647619.2893,36121304.0,598.421569824219
8492,Africa,3914,TZA,Tanzania,2003,50.4,21.0,52.8,26.4,32.4,54.4,39.9,27.5,61.1,13.5,64.4,44.3,95.3,99.2,72.7,60.0,47.6,45.1,25,30,22,22,10,59.33,22400909970.0774,37089555.0,621.720703125
8493,Africa,3915,TZA,Tanzania,2004,51.2,21.0,55.3,27.3,34.9,54.8,40.1,26.9,61.1,13.5,64.4,45.4,95.3,99.2,74.9,60.1,47.5,48.2,30,60,15,20,7,58.91,24081832736.0715,38109668.0,650.516540527344
8494,Africa,3916,TZA,Tanzania,2005,51.7,21.0,55.5,28.2,37.5,59.9,40.3,27.0,61.0,13.5,64.4,45.3,95.4,99.1,73.9,60.1,47.5,48.7,35,20,20,60,5,58.49,25882267435.0187,39182076.0,680.051208496094
8495,Africa,3917,TZA,Tanzania,2006,51.9,21.0,56.9,29.1,40.7,60.3,40.6,26.3,61.0,13.6,64.4,46.3,95.4,99.1,72.1,60.6,47.5,47.9,25,38,15,23,10,58.07,27572954444.2321,40294902.0,704.502746582031
8496,Africa,3918,TZA,Tanzania,2007,51.5,21.0,57.4,30.2,40.7,60.6,40.9,28.3,61.1,13.6,51.1,47.0,95.4,99.1,71.4,60.9,48.2,48.9,10,50,18,25,15,57.65,29439239572.2798,41435512.0,731.52001953125
8497,Africa,3919,TZA,Tanzania,2008,51.9,21.0,57.2,31.8,41.9,61.0,41.4,27.3,61.3,13.6,51.1,50.0,95.4,99.1,72.0,60.8,47.2,49.7,30,40,15,58,10,57.23,31113277454.4947,42570728.0,752.540466308594
8498,Africa,3920,TZA,Tanzania,2009,52.0,21.0,56.6,31.1,42.9,64.1,42.3,27.8,61.4,13.6,51.1,50.3,95.4,99.1,72.8,60.6,46.1,48.0,30,30,15,20,5,56.81,32752668789.9028,43633982.0,772.929565429688
8499,Africa,3921,TZA,Tanzania,2010,51.9,21.0,57.2,35.4,37.6,64.5,43.2,28.4,61.1,13.9,51.1,45.7,95.4,99.1,72.7,60.5,47.6,47.5,40,45,18,20,15,56.39,34828049320.6343,44758488.0,801.29931640625
8500,Africa,3922,TZA,Tanzania,2011,53.1,24.1,56.1,38.2,37.6,67.5,44.1,27.2,60.8,13.9,61.2,50.9,95.2,98.9,73.1,60.2,48.2,45.5,25,55,30,30,20,55.97,37500111399.4432,46029367.0,838.999267578125
8501,Africa,3923,TZA,Tanzania,2012,54.0,22.3,56.4,41.5,49.2,67.8,45.0,26.7,61.0,16.8,61.2,47.9,95.2,99.0,73.4,60.1,47.8,46.0,30,40,17,30,15,55.55,39187673997.6272,47374260.0,851.910705566406
8502,Africa,3924,TZA,Tanzania,2013,54.0,22.5,58.7,42.2,45.8,67.1,45.9,26.7,61.1,17.5,61.2,49.2,95.0,98.9,73.6,59.9,47.4,45.9,35,50,18,45,15,55.13,41845219654.6812,48824128.0,882.8115234375
8503,Africa,3925,TZA,Tanzania,2014,54.6,22.6,59.8,41.1,44.9,67.2,46.8,29.2,65.1,17.4,61.2,50.1,95.0,98.9,75.2,59.6,46.8,46.7,20,35,22,33,10,54.71,44662433111.6494,50351512.0,913.811218261719
8504,Africa,3926,TZA,Tanzania,2015,55.3,23.9,59.0,43.3,41.7,68.9,47.7,29.9,69.9,18.7,61.2,52.0,95.1,99.0,75.1,59.5,46.7,47.4,30,37,25,30,10,54.29,47413919817.124,52020962.0,939.127319335938
8505,Africa,3927,TZA,Tanzania,2016,56.0,23.6,58.9,41.8,43.1,69.5,48.7,32.5,69.9,22.5,61.2,56.5,95.1,99.1,75.0,59.3,46.2,48.7,30,55,18,35,5,53.76,50669888784.2555,53824013.0,970.156127929688
8506,Africa,3928,TZA,Tanzania,2017,56.8,23.4,59.1,43.7,45.4,70.3,49.6,32.1,71.4,22.8,61.2,58.7,95.2,99.2,74.5,59.1,48.5,51.3,38,60,20,35,10,53.23,54096327104.7372,55652890.0,1001.88745117188
8507,Africa,3929,TZA,Tanzania,2018,56.5,24.7,60.4,44.4,45.3,70.7,50.6,33.0,73.1,23.0,50.4,63.4,95.2,99.1,74.1,58.5,47.4,48.0,40,60,20,36,10,52.7,57054358529.8858,57437145.0,1024.01525878906
8508,Africa,3930,TZA,Tanzania,2019,56.9,24.7,61.8,46.2,49.2,71.0,51.5,33.7,72.4,23.3,50.4,62.5,95.2,99.1,69.9,60.2,48.5,47.9,35,55,18,30,15,52.17,60363511324.6004,59174891.0,1051.7666015625
8509,Africa,3931,TZA,Tanzania,2020,56.9,24.1,61.9,47.0,47.6,70.2,51.7,34.3,71.8,25.3,50.4,63.9,95.2,99.1,69.9,60.0,46.6,48.8,37,65,30,30,30,51.64,61565931105.4141,60972798.0,1041.25964355469
8510,Africa,3932,TZA,Tanzania,2021,57.1,24.4,62.0,46.4,48.7,70.6,51.7,34.3,73.4,27.2,50.4,61.8,95.3,99.1,69.8,60.0,46.1,49.3,44,45,14,46,20,,64226431583.1539,62830412.0,1054.31726074219
8511,Africa,3933,TZA,Tanzania,2022,56.8,25.6,61.0,46.2,48.7,70.8,51.7,34.3,73.3,27.2,50.4,59.8,95.3,99.1,69.8,59.6,42.9,50.5,37,63,22,40,10,,67159014151.451,64711821.0,1070.58532714844
8512,Asia,3934,THA,Thailand,2000,66.9,95.8,58.4,65.9,91.4,64.0,72.6,55.2,75.2,24.8,39.9,78.4,81.1,86.1,65.6,63.4,60.2,58.6,15,30,18,35,8,37.19,221454615181.944,63007815.0,3514.71662970608
8513,Asia,3935,THA,Thailand,2001,67.2,95.8,59.2,66.8,91.4,66.8,72.8,57.0,75.1,25.1,39.9,78.7,81.0,85.6,64.1,63.3,60.2,58.9,40,35,25,22,12,37.4,229082063572.247,63651141.0,3599.02524877358
8514,Asia,3936,THA,Thailand,2002,67.4,95.8,59.3,67.0,91.4,67.3,73.0,58.2,75.6,25.4,43.8,79.0,80.8,85.3,62.5,63.2,60.4,57.5,35,30,20,60,10,37.61,243168402250.2,64266437.0,3783.75422073266
8515,Asia,3937,THA,Thailand,2003,67.5,95.8,59.5,67.6,91.4,67.7,73.2,59.3,75.7,25.8,43.8,79.2,80.5,85.0,61.9,63.0,59.7,59.0,40,20,20,23,10,37.82,260650370324.981,64868166.0,4018.15538187068
8516,Asia,3938,THA,Thailand,2004,67.4,95.8,59.3,67.5,91.4,67.9,73.4,59.7,75.7,26.1,40.2,79.6,80.5,84.5,62.0,62.9,60.6,59.4,30,35,20,18,15,38.03,277043563911.345,65452047.0,4232.77157261934
8517,Asia,3939,THA,Thailand,2005,67.9,95.8,60.0,70.4,91.5,68.5,73.6,60.8,75.8,26.8,40.2,79.8,80.4,84.3,62.6,62.7,60.4,60.4,25,18,30,25,10,38.24,288645146658.334,66017420.0,4372.25730206261
8518,Asia,3940,THA,Thailand,2006,68.3,95.8,60.2,70.7,91.5,67.3,73.8,63.5,75.9,27.4,44.1,80.3,80.5,84.3,63.4,62.6,60.0,60.2,40,45,30,20,7,38.45,302984491694.587,66567687.0,4551.5250018314
8519,Asia,3941,THA,Thailand,2007,69.0,95.8,61.2,71.0,91.2,69.3,73.9,62.8,75.9,27.7,53.5,81.4,80.3,84.1,61.7,62.6,60.2,59.4,40,35,17,20,20,38.66,319452158416.903,67102394.0,4760.66708464831
8520,Asia,3942,THA,Thailand,2008,68.9,95.8,61.3,71.3,90.9,69.6,74.1,64.1,75.9,27.7,51.2,78.7,80.3,84.3,62.9,62.7,60.4,60.0,38,45,20,24,15,38.87,324964940636.733,67619830.0,4805.76393990836
8521,Asia,3943,THA,Thailand,2009,69.3,95.8,60.4,71.7,91.1,70.9,74.3,65.5,75.7,28.2,54.2,81.8,80.2,83.9,62.3,62.9,60.3,59.5,35,30,35,35,15,39.08,322720673508.111,68121080.0,4737.45679763314
8522,Asia,3944,THA,Thailand,2010,69.7,95.8,60.6,75.2,90.4,71.2,74.5,65.9,76.2,28.7,54.9,83.6,79.8,83.4,62.5,62.7,59.8,60.0,40,35,20,25,15,39.29,346967938038.265,68579447.0,5059.35747831657
8523,Asia,3945,THA,Thailand,2011,70.8,97.4,61.5,76.1,90.9,72.4,74.7,66.3,76.1,29.5,63.0,84.0,79.7,82.4,62.4,62.6,62.1,63.2,35,40,23,30,10,39.29,349882927003.633,69007208.0,5070.23740191942
8524,Asia,3946,THA,Thailand,2012,69.9,97.0,60.1,75.8,90.2,70.5,74.9,67.3,76.2,31.0,55.6,82.6,79.5,80.9,62.5,62.5,62.1,60.4,47,40,27,30,15,39.28,375224234353.836,69436098.0,5403.87846036273
8525,Asia,3947,THA,Thailand,2013,70.7,97.8,59.9,76.1,91.8,69.8,75.1,67.2,76.2,37.5,62.1,81.5,79.5,80.3,62.6,62.4,59.8,62.0,35,30,25,25,20,39.28,385308369004.167,69845114.0,5516.61164164135
8526,Asia,3948,THA,Thailand,2014,71.6,97.9,60.6,78.0,91.6,64.9,75.2,68.2,77.0,44.6,65.2,81.2,79.8,81.4,63.2,62.3,64.4,61.7,40,45,15,20,10,39.27,389101609925.933,70216367.0,5541.46599361845
8527,Asia,3949,THA,Thailand,2015,72.4,98.4,60.0,77.8,91.5,65.1,75.4,68.0,77.6,46.9,68.9,85.5,80.1,81.4,63.1,62.1,66.5,62.3,42,33,25,23,15,39.27,401296238228.084,70540795.0,5688.85335397884
8528,Asia,3950,THA,Thailand,2016,72.3,98.3,60.3,77.9,91.9,65.2,75.5,70.1,77.6,48.0,65.8,83.9,80.0,82.0,63.1,62.0,65.0,61.7,30,43,30,40,10,39.19,415081396923.293,70859841.0,5857.78052935926
8529,Asia,3951,THA,Thailand,2017,72.7,98.3,60.4,78.3,96.2,64.5,75.7,70.4,75.8,55.3,67.2,83.0,79.7,81.9,63.1,61.9,64.6,60.0,38,35,28,35,15,39.12,432422173710.333,71160187.0,6076.74307700082
8530,Asia,3952,THA,Thailand,2018,73.2,98.3,60.7,78.9,96.4,64.7,75.8,71.5,77.3,58.2,67.6,86.7,79.6,81.4,64.1,58.5,64.6,59.9,40,45,25,35,10,39.05,450682801200.339,71376079.0,6314.19948412043
8531,Asia,3953,THA,Thailand,2019,73.8,98.5,58.6,79.4,97.0,70.8,75.9,72.5,76.8,59.4,73.4,86.8,79.5,81.2,63.5,58.4,63.8,59.4,40,55,25,40,20,38.97,460212749509.626,71522271.0,6434.53770518034
8532,Asia,3954,THA,Thailand,2020,73.8,98.5,58.4,79.4,97.5,70.7,76.0,72.7,75.0,63.1,73.2,82.5,79.5,81.6,63.5,58.2,63.0,61.3,46,40,22,35,20,38.9,432369701127.278,71641484.0,6035.18627737077
8533,Asia,3955,THA,Thailand,2021,74.3,98.5,58.6,79.0,96.5,70.8,76.0,72.7,77.1,67.4,73.2,82.1,80.6,81.6,64.2,60.5,62.3,61.6,38,45,28,35,10,,439080796986.82,71727332.0,6121.52696529713
8534,Asia,3956,THA,Thailand,2022,74.7,98.6,58.6,79.7,98.0,70.7,76.0,72.7,77.2,67.4,73.2,86.6,80.6,81.6,64.2,60.2,62.8,62.3,43,38,25,40,15,,450410744554.857,71735329.0,6278.7855138276
8558,Africa,3980,TGO,Togo,2000,48.5,15.1,55.4,24.9,56.5,26.0,41.2,6.0,67.0,10.5,43.0,43.6,96.4,98.8,68.0,82.8,45.0,43.9,25,40,8,12,5,23.32,3492826652.71696,5140037.0,679.533367700848
8559,Africa,3981,TGO,Togo,2001,48.7,15.1,56.4,23.4,59.3,26.0,41.6,6.9,66.9,10.5,43.0,43.1,96.5,98.8,69.5,82.8,45.0,43.7,30,35,10,15,7,23.27,3521587940.91953,5277382.0,667.298281784325
8560,Africa,3982,TGO,Togo,2002,49.0,15.1,56.8,25.0,60.8,26.0,42.1,8.4,66.9,10.5,43.0,43.6,96.5,98.8,69.0,82.8,45.0,43.3,30,35,15,15,8,23.21,3656345820.12691,5413274.0,675.440744386282
8561,Africa,3983,TGO,Togo,2003,49.4,15.1,56.9,30.2,61.6,27.5,42.6,7.8,66.9,10.5,43.0,43.1,96.4,98.7,69.4,82.8,45.0,43.1,40,30,8,15,5,23.16,3902058527.07031,5552167.0,702.799200216835
8562,Africa,3984,TGO,Togo,2004,49.7,15.1,57.5,30.7,63.0,27.0,43.0,9.5,66.9,10.5,43.0,43.6,96.5,98.7,69.2,82.8,45.0,42.8,20,35,12,15,7,23.1,3863870433.00269,5696508.0,678.287546160331
8563,Africa,3985,TGO,Togo,2005,50.2,15.1,57.2,31.1,64.6,27.8,43.6,11.7,66.8,10.5,43.0,45.0,96.5,98.7,71.3,82.9,45.0,43.0,40,35,12,18,7,23.05,3683570670.78378,5844631.0,630.248628319525
8564,Africa,3986,TGO,Togo,2006,50.9,15.1,57.4,31.3,66.1,28.6,44.1,17.6,66.9,10.5,43.0,45.5,96.6,98.8,71.7,82.9,45.0,44.7,25,55,15,20,10,23.0,3781190159.53558,6010668.0,629.079855938738
8565,Africa,3987,TGO,Togo,2007,50.6,15.1,57.7,30.9,62.7,30.1,44.6,13.7,67.1,10.5,43.0,45.0,96.6,98.8,71.3,82.9,45.0,45.7,20,35,15,15,5,22.94,3736756622.90122,6188344.0,603.837896358253
8566,Africa,3988,TGO,Togo,2008,50.1,15.1,58.1,30.1,63.8,30.2,45.1,10.7,67.4,10.6,43.0,41.0,96.7,98.8,71.4,82.9,43.1,44.5,20,60,11,20,8,22.89,3887558865.03174,6368812.0,610.405655722251
8567,Africa,3989,TGO,Togo,2009,50.5,15.1,58.9,31.6,66.2,30.4,45.6,10.4,67.6,10.6,43.0,40.5,96.4,98.5,71.2,82.9,43.1,46.5,25,40,15,13,10,22.83,4099579483.14033,6551865.0,625.711836727455
8568,Africa,3990,TGO,Togo,2010,50.6,15.1,59.5,31.4,66.2,29.2,46.1,9.8,67.9,10.7,43.0,41.1,96.5,98.5,70.7,82.9,43.1,48.9,40,40,12,20,10,22.78,4339583325.05855,6732590.0,644.563730311597
8569,Africa,3991,TGO,Togo,2011,50.0,14.8,60.2,32.8,66.5,29.1,46.6,13.2,68.1,10.8,23.9,40.6,96.4,98.4,71.4,82.9,44.9,49.0,38,44,15,20,10,22.72,4592288208.09362,6916474.0,663.963778088896
8570,Africa,3992,TGO,Togo,2012,50.4,15.0,59.7,34.5,66.5,29.1,47.1,13.5,68.1,14.9,23.9,41.3,96.5,98.6,69.1,82.9,44.9,50.5,50,38,20,20,10,22.67,4881726146.69009,7100736.0,687.495795744285
8571,Africa,3993,TGO,Togo,2013,50.8,16.0,59.6,34.4,66.3,35.5,47.7,13.5,68.1,15.0,23.9,41.0,96.4,98.7,69.6,82.9,44.7,50.4,38,40,15,20,15,22.61,5166050854.68532,7285442.0,709.092304171157
8572,Africa,3994,TGO,Togo,2014,51.4,17.0,59.6,35.7,66.2,37.4,48.2,16.2,69.3,13.1,23.9,42.2,96.4,98.8,70.4,82.9,44.6,51.9,30,38,15,18,5,22.56,5457066909.12427,7472450.0,730.291525419946
8573,Africa,3995,TGO,Togo,2015,53.0,17.9,58.9,38.9,70.3,38.2,48.7,18.5,69.3,13.8,38.1,41.3,96.4,98.7,70.6,82.9,45.7,52.7,15,40,12,25,10,22.51,5755461035.38026,7663195.0,751.052405084336
8574,Africa,3996,TGO,Togo,2016,53.3,21.0,58.2,39.7,69.6,38.9,49.2,18.7,68.8,17.3,38.1,48.1,96.3,98.7,71.8,82.9,43.8,45.7,35,38,18,20,5,22.45,5998047709.85307,7858289.0,763.276549113054
8575,Africa,3997,TGO,Togo,2017,55.0,25.2,59.8,44.3,71.2,40.2,49.7,28.6,72.6,18.4,38.1,45.6,96.5,98.9,71.2,82.9,44.7,47.3,25,45,22,18,10,22.4,6238457455.15971,8057140.0,774.276909071917
8576,Africa,3998,TGO,Togo,2018,54.7,29.0,59.8,43.4,72.8,40.8,50.3,21.7,72.6,19.7,41.6,40.6,96.3,98.9,70.8,77.6,43.7,49.7,50,40,15,18,7,22.34,6537595250.07312,8258778.0,791.59353236921
8577,Africa,3999,TGO,Togo,2019,55.2,29.1,60.1,45.6,75.7,41.0,50.8,26.6,70.3,19.6,41.6,42.1,96.3,98.9,70.9,77.6,43.3,49.1,38,40,22,20,10,22.29,6859436220.97836,8463068.0,810.514132815471
8578,Africa,4000,TGO,Togo,2020,55.8,28.3,60.7,45.3,78.9,42.1,50.9,27.2,70.6,22.5,41.6,42.5,96.3,98.9,70.9,77.6,43.4,50.2,30,38,15,20,5,22.23,6996086823.90934,8669720.0,806.956490395231
8579,Africa,4001,TGO,Togo,2021,56.1,29.3,60.8,45.4,80.1,42.3,50.9,27.2,70.6,23.1,41.6,41.3,96.3,98.9,70.9,77.7,44.8,51.8,30,55,15,20,15,,7415213717.65264,8878379.0,835.199051274184
8580,Africa,4002,TGO,Togo,2022,56.3,31.4,61.0,45.7,80.1,42.4,50.9,27.2,70.7,23.1,41.6,44.5,96.3,98.9,70.9,77.7,42.4,51.6,42,42,15,18,15,,7842296104.31507,9089738.0,862.763712696128
8604,North America,4026,TTO,Trinidad and Tobago,2000,61.2,98.4,60.3,66.7,83.7,53.9,67.1,52.7,65.4,21.0,0.0,76.9,62.9,45.4,55.8,55.2,65.0,48.0,25,58,20,40,15,46.13,13249188352.3017,1319774.0,10038.9826987815
8605,North America,4027,TTO,Trinidad and Tobago,2001,60.9,98.4,58.3,66.9,83.4,54.0,67.3,53.0,66.3,22.3,0.0,76.9,62.9,41.1,54.8,55.1,64.4,49.1,35,65,24,40,7,46.05,13801483946.1684,1325567.0,10411.7588519995
8606,North America,4028,TTO,Trinidad and Tobago,2002,61.1,98.4,57.7,67.5,81.0,58.3,67.4,51.5,66.7,23.7,0.0,76.9,62.9,40.9,54.9,55.0,64.1,50.7,38,55,30,40,5,45.97,14896867659.4949,1332011.0,11183.7422209688
8607,North America,4029,TTO,Trinidad and Tobago,2003,61.2,98.4,56.1,66.5,87.0,58.4,67.5,51.8,66.6,24.2,0.0,76.9,62.9,40.9,54.9,54.9,63.1,49.6,25,25,24,45,15,45.88,17048122759.8372,1338709.0,12734.7487466187
8608,North America,4030,TTO,Trinidad and Tobago,2004,61.2,98.4,54.9,67.9,85.9,58.5,67.6,51.6,68.3,24.7,0.0,76.9,62.9,40.9,54.1,54.9,62.5,49.5,30,55,30,40,15,45.8,18403457300.8516,1345380.0,13679.0031818903
8609,North America,4031,TTO,Trinidad and Tobago,2005,61.1,98.4,54.8,70.8,82.4,58.5,68.3,50.1,68.6,25.4,0.0,76.6,62.9,40.9,53.9,54.8,60.4,50.2,25,55,42,60,5,45.72,19546116532.3495,1294494.0,15099.4261327974
8610,North America,4032,TTO,Trinidad and Tobago,2006,61.1,98.4,54.8,70.2,82.4,58.6,68.5,50.0,69.9,25.1,0.0,76.6,62.9,40.9,53.7,54.7,60.7,49.5,30,42,60,60,5,45.63,22127779058.9777,1297944.0,17048.3310982428
8611,North America,4033,TTO,Trinidad and Tobago,2007,61.8,98.4,55.5,70.4,88.3,62.4,68.6,50.0,70.5,25.9,0.0,76.6,62.9,40.9,54.5,54.6,60.3,49.6,20,55,30,50,5,45.55,23179780077.5994,1303188.0,17786.9809095843
8612,North America,4034,TTO,Trinidad and Tobago,2008,61.8,98.4,55.6,71.2,87.8,62.5,68.7,50.0,71.2,26.0,0.0,79.8,62.9,40.9,53.4,54.6,57.2,49.3,38,45,38,38,5,45.47,23965977273.1073,1308587.0,18314.3935199626
8613,North America,4035,TTO,Trinidad and Tobago,2009,62.3,98.4,54.7,72.7,89.2,62.4,68.9,49.7,70.7,28.2,0.0,79.8,62.9,40.9,54.2,54.5,57.7,51.2,25,65,35,45,5,45.39,22913456439.7643,1310106.0,17489.7729189579
8614,North America,4036,TTO,Trinidad and Tobago,2010,62.4,98.4,54.5,74.6,85.5,63.5,69.0,50.1,71.7,28.6,0.0,80.1,62.9,40.9,54.4,54.5,58.3,50.8,30,45,45,60,18,45.3,23674922086.1483,1317714.0,17966.6620269257
8615,North America,4037,TTO,Trinidad and Tobago,2011,63.6,98.4,54.4,75.9,85.5,64.4,69.2,51.1,72.2,29.9,0.0,87.2,62.9,40.9,53.1,54.4,64.2,53.2,20,55,42,55,20,45.22,23605233909.1501,1328019.0,17774.7712262777
8616,North America,4038,TTO,Trinidad and Tobago,2012,63.6,98.4,53.7,75.4,85.5,64.4,69.4,52.3,72.0,30.6,0.0,88.0,62.9,40.9,52.8,54.3,62.8,53.8,38,45,55,60,20,45.14,25189164853.3539,1335194.0,18865.5467694986
8617,North America,4039,TTO,Trinidad and Tobago,2013,63.5,98.4,53.5,76.8,85.5,67.1,69.8,53.4,72.8,32.4,0.0,80.8,62.9,40.9,52.6,54.2,60.0,55.5,30,40,28,35,15,45.06,26031643292.1398,1340557.0,19418.5277404391
8618,North America,4040,TTO,Trinidad and Tobago,2014,63.7,98.4,54.6,77.0,85.5,67.3,70.0,52.7,72.9,34.8,0.0,81.7,62.9,40.9,51.2,54.1,59.4,56.1,15,38,30,40,10,44.97,26993607566.546,1345343.0,20064.4798884344
8619,North America,4041,TTO,Trinidad and Tobago,2015,63.6,98.4,54.1,78.4,85.5,68.0,70.2,53.7,73.0,34.9,0.0,81.7,62.9,40.9,51.1,54.1,58.3,52.8,30,45,42,45,30,44.89,26841143094.6765,1349667.0,19887.2337359338
8620,North America,4042,TTO,Trinidad and Tobago,2016,64.0,98.3,54.5,78.6,85.5,68.6,70.4,55.8,72.4,37.7,0.0,82.0,62.5,40.9,50.6,54.0,57.0,54.8,25,45,35,40,15,44.81,24853971609.6096,1353895.0,18357.384885541
8621,North America,4043,TTO,Trinidad and Tobago,2017,63.8,98.2,54.5,79.6,85.5,68.3,70.6,55.6,73.2,38.1,0.0,78.3,62.2,40.9,50.7,53.9,55.0,56.2,30,55,40,55,20,44.73,23656360890.7384,1356633.0,17437.5537752202
8622,North America,4044,TTO,Trinidad and Tobago,2018,64.1,98.2,54.6,80.2,85.5,68.1,70.6,56.0,74.6,37.8,0.0,78.5,62.0,40.9,50.8,53.8,56.5,58.3,30,40,37,38,10,44.65,23423221520.4673,1359193.0,17233.1828669419
8623,North America,4045,TTO,Trinidad and Tobago,2019,64.1,98.2,54.2,81.7,85.5,68.8,70.6,56.2,73.7,38.6,0.0,78.7,61.9,40.9,51.6,53.7,55.7,56.1,30,40,65,50,30,44.56,23533735414.6087,1363985.0,17253.6614512687
8624,North America,4046,TTO,Trinidad and Tobago,2020,64.4,98.0,54.1,81.5,85.5,66.6,70.6,56.2,74.6,39.6,0.0,78.7,61.9,40.9,51.5,53.6,57.7,59.2,38,55,25,45,15,44.48,21438575321.8702,1366725.0,15686.0929022811
8625,North America,4047,TTO,Trinidad and Tobago,2021,64.8,98.0,54.3,81.9,85.5,66.9,70.6,56.2,74.8,39.9,0.0,78.7,62.8,40.9,51.5,54.3,56.9,64.0,35,45,55,45,20,,21243057044.1771,1367558.0,15533.5693580653
8626,North America,4048,TTO,Trinidad and Tobago,2022,63.0,98.2,54.3,81.9,85.5,66.9,70.6,56.2,75.4,39.9,0.0,78.7,62.8,40.9,51.5,54.1,56.7,63.5,35,38,35,40,20,,21472954153.1036,1365805.0,15721.830095148
8627,Africa,4049,TUN,Tunisia,2000,64.9,93.2,60.3,70.9,81.2,32.7,63.2,64.7,63.0,25.3,48.4,74.9,84.7,92.8,55.9,58.6,68.2,65.5,35,20,10,30,10,4.3,27972151936.7461,9764935.0,2864.55075602101
8628,Africa,4050,TUN,Tunisia,2001,65.2,93.2,61.4,71.1,82.5,33.3,62.2,65.8,63.3,25.7,48.4,75.0,84.8,92.7,56.6,58.8,68.2,65.6,30,22,10,60,10,4.31,29034050813.9794,9869677.0,2941.74275551058
8629,Africa,4051,TUN,Tunisia,2002,65.4,93.2,59.3,71.8,84.1,33.9,62.5,66.5,63.2,26.1,48.4,75.1,86.3,92.7,55.7,58.8,68.2,65.6,25,28,15,35,15,4.32,29418042728.4576,9971515.0,2950.20794016332
8630,Africa,4052,TUN,Tunisia,2003,65.7,93.2,63.1,71.6,83.9,34.4,62.8,67.0,63.3,26.9,48.4,75.2,86.6,92.7,54.5,58.8,68.2,67.0,20,28,15,40,18,4.34,30801396632.295,10071632.0,3058.23292911168
8631,Africa,4053,TUN,Tunisia,2004,66.3,93.2,62.1,72.5,83.7,40.6,63.1,67.4,63.4,27.9,48.4,75.3,86.4,92.6,56.2,58.8,68.2,66.6,40,35,15,30,15,4.35,32722107265.8078,10166163.0,3218.72738670507
8632,Africa,4054,TUN,Tunisia,2005,67.3,93.2,62.2,73.9,83.2,41.1,63.4,67.9,64.2,28.5,62.1,75.7,86.3,92.5,56.9,58.8,68.1,65.8,30,20,20,22,12,4.36,33862978438.2739,10255472.0,3301.94245942789
8633,Africa,4055,TUN,Tunisia,2006,67.4,93.2,60.8,74.8,82.2,41.9,63.6,68.1,64.4,29.3,62.1,75.8,86.3,92.5,57.6,58.8,68.1,66.1,30,28,15,35,10,4.37,35638786833.8244,10346410.0,3444.55582504699
8634,Africa,4056,TUN,Tunisia,2007,67.9,93.2,61.7,75.0,82.7,42.6,63.9,67.6,64.4,30.3,62.1,75.9,85.6,92.4,59.7,61.9,68.0,66.7,35,28,15,30,5,4.39,38029978711.5099,10441702.0,3642.12450341045
8635,Africa,4057,TUN,Tunisia,2008,68.3,93.2,60.3,75.2,85.1,43.3,64.1,67.8,64.4,32.4,62.1,76.0,85.7,92.3,60.4,61.9,68.0,68.3,28,35,17,25,20,4.4,39641606104.3034,10542635.0,3760.12316696001
8636,Africa,4058,TUN,Tunisia,2009,69.0,93.2,62.5,75.5,89.1,46.5,63.9,68.2,63.9,34.3,62.1,76.1,86.3,92.4,60.1,61.9,68.1,68.6,30,23,15,35,10,4.41,40848078614.3277,10650681.0,3835.25509911786
8637,Africa,4059,TUN,Tunisia,2010,69.2,93.2,60.4,76.8,86.9,47.2,63.7,67.9,64.1,34.9,70.3,75.8,86.1,92.0,59.5,62.4,68.0,67.1,38,30,20,10,15,4.42,42061729256.0554,10765980.0,3906.91133143991
8638,Africa,4060,TUN,Tunisia,2011,69.1,94.5,61.7,76.4,86.9,47.6,63.4,68.4,61.1,36.9,70.3,71.8,86.3,92.3,59.9,62.4,62.4,73.2,40,45,30,10,5,4.43,41200879648.1279,10886035.0,3784.74620448381
8639,Africa,4061,TUN,Tunisia,2012,69.6,95.6,61.8,73.9,86.5,47.7,63.2,68.6,61.5,40.1,70.3,72.3,86.6,92.1,61.3,68.1,64.3,69.6,35,38,30,18,20,4.44,42938187711.576,11009647.0,3900.05126518371
8640,Africa,4062,TUN,Tunisia,2013,69.8,96.4,60.1,74.9,85.1,49.5,63.1,68.7,62.4,43.1,70.3,70.3,86.7,92.5,61.6,69.5,61.4,71.8,30,30,40,30,20,4.45,43981556030.3594,11141361.0,3947.59276091668
8641,Africa,4063,TUN,Tunisia,2014,70.4,96.7,62.4,74.7,85.4,52.7,62.9,68.9,63.4,42.5,70.3,71.6,86.5,92.3,62.6,69.5,63.1,71.5,38,38,38,32,5,4.46,45340730384.707,11274288.0,4021.60476871861
8642,Africa,4064,TUN,Tunisia,2015,71.0,97.7,60.3,75.7,85.0,53.7,62.8,68.8,63.0,45.1,80.8,70.6,86.5,92.4,63.3,69.5,61.7,69.7,38,45,35,33,40,4.47,45779494041.9295,11402264.0,4014.94773686432
8643,Africa,4065,TUN,Tunisia,2016,71.5,97.8,59.2,74.6,84.9,54.7,62.6,69.0,62.8,47.3,80.8,74.8,86.3,92.7,63.2,69.5,63.6,71.7,38,35,35,35,18,4.48,46291045987.6341,11528674.0,4015.29664102169
8644,Africa,4066,TUN,Tunisia,2017,71.7,97.8,59.9,74.9,86.1,55.3,64.2,69.1,64.5,49.3,80.8,71.7,86.4,92.9,63.0,69.5,63.5,70.8,32,38,45,42,40,4.49,47326964919.9643,11650498.0,4062.22677519573
8645,Africa,4067,TUN,Tunisia,2018,71.9,97.9,61.3,78.7,87.8,52.7,63.1,70.1,63.3,49.5,80.8,70.0,86.5,93.2,62.9,66.5,65.7,71.9,35,35,40,30,30,4.5,48569264671.6842,11765514.0,4128.10393763368
8646,Africa,4068,TUN,Tunisia,2019,71.9,98.0,62.6,79.2,87.8,48.9,63.5,70.2,63.9,51.1,80.8,70.9,86.5,93.3,62.7,66.5,65.1,71.5,32,40,32,35,20,4.51,49340470115.969,11875081.0,4154.95861594283
8647,Africa,4069,TUN,Tunisia,2020,72.0,97.7,61.3,79.8,87.9,50.0,63.9,70.2,62.9,52.1,80.8,71.1,86.5,93.6,63.0,66.4,64.1,73.6,35,32,35,35,15,4.52,44893939452.6941,11974057.0,3749.26722435797
8648,Africa,4070,TUN,Tunisia,2021,72.9,97.8,61.5,79.3,93.1,50.8,63.9,70.2,62.5,54.7,80.8,69.1,86.7,93.1,63.3,71.0,65.9,76.3,35,45,30,24,35,,47020260421.799,12048622.0,3902.54258302726
8649,Africa,4071,TUN,Tunisia,2022,72.5,97.9,61.5,78.9,93.1,51.0,63.9,70.2,62.5,55.9,80.8,65.4,86.7,93.1,63.3,70.9,60.6,76.7,30,33,22,20,30,,48277261609.9968,12119334.0,3983.49130488497
8650,Asia,4072,TUR,Türkiye,2000,66.2,95.5,66.6,68.6,73.6,27.5,72.6,72.5,71.4,41.1,49.5,69.5,82.3,87.1,61.2,54.2,62.2,69.8,20,42,20,35,15,26.18,413825489994.336,65425961.0,6325.0960882995
8651,Asia,4073,TUR,Türkiye,2001,66.5,95.5,66.3,70.2,73.6,27.9,72.9,73.2,70.4,41.9,49.5,69.5,83.2,87.6,61.5,54.2,62.2,70.7,40,35,18,27,20,26.3,390030497194.88,66245128.0,5887.68576603671
8652,Asia,4074,TUR,Türkiye,2002,66.6,95.5,67.1,69.5,73.6,28.4,73.3,73.0,69.3,43.2,49.5,69.9,83.0,87.5,62.2,54.2,62.2,71.3,35,40,18,18,10,26.42,415178579551.82,67048795.0,6192.18555011794
8653,Asia,4075,TUR,Türkiye,2003,66.5,95.5,65.7,69.2,73.6,28.9,73.7,72.4,69.2,43.7,48.4,69.9,82.8,87.2,62.1,54.1,62.2,71.6,40,42,35,25,15,26.54,439106176635.555,67831730.0,6473.46273839035
8654,Asia,4076,TUR,Türkiye,2004,66.7,95.5,66.1,71.4,73.6,29.3,73.9,72.9,69.0,44.6,49.6,70.3,82.8,87.1,60.4,54.1,61.4,71.7,38,30,17,28,15,26.67,482120738379.834,68592617.0,7028.75556387992
8655,Asia,4077,TUR,Türkiye,2005,66.8,95.5,66.5,73.5,75.2,29.1,74.0,72.1,69.1,45.3,47.8,71.0,82.7,86.7,60.5,54.1,61.3,71.4,43,35,30,33,10,26.79,525474505335.922,69329557.0,7579.37203227654
8656,Asia,4078,TUR,Türkiye,2006,67.0,95.5,66.1,74.1,74.9,29.2,74.1,71.5,70.2,46.0,52.0,71.4,82.5,86.3,59.8,54.1,60.4,71.3,30,38,30,20,10,26.91,561984411360.158,70045349.0,8023.15099265417
8657,Asia,4079,TUR,Türkiye,2007,67.9,95.5,64.6,77.4,75.7,32.1,74.2,70.5,70.1,48.3,53.7,75.5,82.3,85.7,60.7,54.1,61.6,71.4,45,38,35,35,20,27.03,590328139721.3,70158112.0,8414.25350387565
8658,Asia,4080,TUR,Türkiye,2008,68.0,95.5,65.7,77.5,76.8,34.9,74.3,70.6,69.6,49.3,52.9,73.5,82.7,85.8,58.6,54.1,62.2,71.7,42,50,35,35,10,27.15,595139459121.408,71051678.0,8376.14924620652
8659,Asia,4081,TUR,Türkiye,2009,68.4,95.5,65.9,78.0,76.5,35.3,74.0,71.0,68.0,50.6,52.9,75.9,82.9,85.8,58.7,54.1,63.4,73.4,40,45,15,45,20,27.27,566434966772.826,72039206.0,7862.87076474477
8660,Asia,4082,TUR,Türkiye,2010,69.3,95.5,65.8,79.9,78.7,35.5,73.9,71.9,69.1,52.3,53.1,78.8,82.6,85.9,59.2,54.1,66.8,74.3,45,40,17,35,5,27.39,614169032343.374,73142150.0,8396.92342026278
8661,Asia,4083,TUR,Türkiye,2011,69.2,96.1,67.1,78.9,80.9,38.6,73.8,70.9,70.1,54.4,51.5,73.4,82.5,84.7,59.3,54.0,65.6,73.9,43,50,35,28,35,27.54,682956643134.524,74223629.0,9201.33726059829
8662,Asia,4084,TUR,Türkiye,2012,69.6,96.5,65.5,79.4,81.9,38.9,73.7,71.2,70.5,59.4,52.1,76.1,82.5,86.1,54.8,54.0,66.9,74.0,38,38,25,40,15,27.68,715659972210.858,75175827.0,9519.81508910914
8663,Asia,4085,TUR,Türkiye,2013,69.9,97.0,65.3,79.6,84.1,42.4,73.8,71.8,70.1,60.6,55.2,76.7,82.1,85.2,50.5,54.0,66.3,73.8,42,38,18,35,10,27.82,776389567770.091,76147624.0,10195.8475785153
8664,Asia,4086,TUR,Türkiye,2014,69.5,97.3,63.8,80.7,84.2,42.6,73.9,70.3,69.3,60.7,51.3,75.2,82.2,85.3,50.3,54.0,66.1,73.4,42,30,15,35,10,27.96,814741000960.492,77181884.0,10556.1170411504
8665,Asia,4087,TUR,Türkiye,2015,69.5,96.9,65.4,83.0,83.2,43.5,73.7,71.5,67.4,64.3,46.7,75.7,82.4,85.5,51.9,54.0,63.5,73.2,60,42,15,25,15,28.1,864313810469.009,78218479.0,11049.9951100942
8666,Asia,4088,TUR,Türkiye,2016,69.6,97.6,64.1,83.2,82.6,44.3,72.9,71.5,67.0,67.4,48.2,75.2,82.2,85.7,54.5,54.0,59.3,74.3,60,55,30,18,15,28.26,893035686216.222,79277962.0,11264.6145749335
8667,Asia,4089,TUR,Türkiye,2017,69.3,97.8,65.1,83.7,80.9,44.8,73.2,70.4,67.2,66.5,47.0,73.4,82.0,85.5,54.1,54.0,59.1,73.9,65,38,15,30,18,28.41,960031200973.599,80312698.0,11953.6664174026
8668,Asia,4090,TUR,Türkiye,2018,70.1,98.0,65.4,83.7,83.8,47.0,73.0,70.7,67.7,66.1,50.3,73.7,82.3,86.9,53.4,53.9,61.0,74.8,55,50,18,35,10,28.56,988958576886.064,81407204.0,12148.2931275476
8669,Asia,4091,TUR,Türkiye,2019,70.3,97.2,65.5,84.2,84.7,47.6,73.1,72.1,66.4,67.0,45.0,73.6,82.1,87.4,57.2,53.9,62.2,75.2,45,35,20,45,30,28.72,997053346501.186,82579440.0,12073.8690708145
8670,Asia,4092,TUR,Türkiye,2020,70.6,97.3,65.8,84.1,89.4,46.7,73.3,72.1,68.0,69.1,45.0,72.4,82.1,87.3,58.0,53.9,61.8,73.7,61,45,20,25,30,28.87,1015597272884.83,83384680.0,12179.6626536773
8671,Asia,4093,TUR,Türkiye,2021,70.7,97.9,65.1,83.3,89.4,47.2,73.3,72.1,68.8,71.9,45.0,71.1,82.2,86.7,58.7,53.9,60.4,74.5,55,60,18,32,20,,1131775463573.96,84147318.0,13449.9291299333
8672,Asia,4094,TUR,Türkiye,2022,70.8,98.1,65.2,84.6,89.4,47.6,73.3,72.1,70.0,71.9,45.0,71.5,82.2,86.7,58.6,53.9,58.5,74.5,55,55,24,30,20,,1194401442556.95,84979913.0,14055.1031460453
8673,Asia,4095,TKM,Turkmenistan,2000,65.7,98.8,50.2,60.9,99.6,74.3,51.6,56.7,60.3,10.8,0.0,84.2,86.2,73.0,0.0,64.0,72.2,42.1,80,10,4,18,5,8.78,10334005228.0022,4582677.0,2255.01496788934
8674,Asia,4096,TKM,Turkmenistan,2001,66.0,98.8,51.0,61.1,99.6,74.3,51.8,57.7,60.8,10.8,0.0,84.1,85.2,76.1,0.0,64.0,72.3,42.1,75,8,6,20,7,8.78,10782898471.2171,4675409.0,2306.30057631688
8675,Asia,4097,TKM,Turkmenistan,2002,66.4,98.8,55.3,60.8,99.6,74.3,52.0,56.7,61.4,10.8,0.0,83.9,84.4,78.7,0.0,64.0,72.4,42.1,70,8,5,22,10,8.78,10810629921.4189,4769465.0,2266.6336625636
8676,Asia,4098,TKM,Turkmenistan,2003,65.9,98.8,56.6,60.5,99.6,74.2,52.3,54.7,61.9,10.8,0.0,83.8,83.2,73.8,0.0,64.0,72.5,42.1,65,15,6,22,5,8.78,11164010879.7579,4863865.0,2295.29620574541
8677,Asia,4099,TKM,Turkmenistan,2004,65.9,98.8,56.7,63.0,99.6,74.2,52.5,55.9,62.4,10.8,0.0,83.6,82.9,69.4,0.0,63.9,72.7,42.1,45,15,5,30,5,8.78,11722256910.1313,4958093.0,2364.26725156856
8678,Asia,4100,TKM,Turkmenistan,2005,65.8,98.8,57.2,64.6,99.6,69.1,52.8,56.5,62.9,10.8,0.0,83.8,82.4,70.2,0.0,63.9,72.6,42.1,75,5,5,28,10,8.78,13250139963.3514,5052257.0,2622.61796328876
8679,Asia,4101,TKM,Turkmenistan,2006,66.1,98.8,60.4,64.8,99.6,69.0,53.1,57.3,63.5,10.8,0.0,83.7,82.4,69.8,0.0,63.9,72.1,42.1,80,15,5,20,15,8.78,14704118675.0772,5147105.0,2856.77457038028
8680,Asia,4102,TKM,Turkmenistan,2007,65.8,98.8,55.4,64.9,99.6,69.1,53.5,57.0,64.1,10.8,0.0,83.6,82.6,70.2,0.0,63.9,72.1,42.1,55,15,5,20,5,8.78,16330291193.8443,5244046.0,3114.06330033038
8681,Asia,4103,TKM,Turkmenistan,2008,65.5,98.8,54.9,64.9,99.6,69.2,53.8,56.8,64.6,10.8,0.0,83.5,82.2,65.6,0.0,63.9,72.1,42.1,85,15,5,20,10,8.78,18730843999.3395,5345029.0,3504.34843278483
8682,Asia,4104,TKM,Turkmenistan,2009,66.2,98.8,56.6,65.1,99.6,69.7,54.1,59.9,65.2,10.8,0.0,83.4,82.8,69.2,0.0,63.9,72.1,42.1,75,18,5,35,8,8.78,19873425504.8127,5451592.0,3645.43522420841
8683,Asia,4105,TKM,Turkmenistan,2010,66.2,98.8,57.4,67.0,99.6,69.8,54.4,58.8,65.2,10.9,0.0,83.1,83.0,66.3,0.0,63.9,72.7,42.1,80,15,5,18,5,8.78,21701780648.8816,5564356.0,3900.14237925855
8684,Asia,4106,TKM,Turkmenistan,2011,65.9,98.9,56.6,66.1,99.6,69.9,54.8,58.1,65.1,11.3,0.0,82.7,82.8,63.2,0.0,63.9,72.8,42.1,75,16,6,20,20,8.78,24891942388.6142,5683417.0,4379.74943394339
8685,Asia,4107,TKM,Turkmenistan,2012,65.5,99.0,54.0,65.9,99.6,70.0,55.1,57.6,65.1,11.7,0.0,86.1,82.2,59.4,0.0,63.9,71.6,42.1,78,15,5,30,15,8.78,27654947984.1806,5808546.0,4761.0792759807
8686,Asia,4108,TKM,Turkmenistan,2013,65.6,98.9,54.9,65.7,99.6,70.0,55.4,58.3,65.0,12.0,0.0,85.0,82.0,58.0,0.0,63.9,72.0,42.6,78,10,5,30,10,8.78,30475752706.6088,5939341.0,5131.16736462999
8687,Asia,4109,TKM,Turkmenistan,2014,66.2,99.0,55.4,66.8,99.6,75.1,55.7,59.3,65.0,12.7,0.0,87.4,81.8,57.8,0.0,63.9,70.3,42.7,85,8,5,70,10,8.78,33614755226.4132,6075283.0,5533.03528846527
8688,Asia,4110,TKM,Turkmenistan,2015,66.8,99.0,57.9,68.1,99.6,77.3,56.1,60.4,65.1,13.2,0.0,87.0,81.9,59.0,0.0,63.9,71.0,42.8,80,18,5,28,15,8.78,35799714285.7143,6215770.0,5759.497903834
8689,Asia,4111,TKM,Turkmenistan,2016,67.3,99.0,57.7,68.8,99.6,77.4,56.4,60.5,65.0,16.2,0.0,87.2,81.8,60.9,0.0,63.9,73.4,42.5,82,16,2,25,10,8.78,38019296559.4106,6360041.0,5977.83828113854
8690,Asia,4112,TKM,Turkmenistan,2017,67.1,99.0,56.6,68.4,99.6,77.5,56.7,60.7,70.9,17.0,0.0,77.4,82.0,61.6,0.0,63.9,72.3,42.9,80,18,7,30,5,8.78,40490550853.5767,6507061.0,6222.55590558882
8691,Asia,4113,TKM,Turkmenistan,2018,67.1,99.0,57.4,67.4,99.6,77.0,56.9,59.3,70.9,16.2,0.0,77.5,81.8,61.8,0.0,63.9,75.1,42.3,80,12,5,35,15,8.78,43000964982.7593,6655524.0,6460.94356849428
8692,Asia,4114,TKM,Turkmenistan,2019,67.6,98.9,58.6,69.5,99.6,78.4,57.1,57.8,70.9,16.1,0.0,82.8,81.7,61.7,0.0,63.9,74.9,42.5,70,10,5,80,20,8.78,45710025794.8484,6803944.0,6718.16608056274
8693,Asia,4115,TKM,Turkmenistan,2020,67.8,98.9,58.7,69.5,99.6,78.4,57.3,57.9,70.5,16.1,0.0,82.7,81.7,63.3,0.0,63.9,74.9,43.5,82,18,5,60,5,8.78,48406917338.9257,6949912.0,6965.11226889286
8694,Asia,4116,TKM,Turkmenistan,2021,67.6,98.9,58.5,69.4,99.6,78.4,57.3,57.9,70.5,16.1,0.0,82.7,81.7,59.3,0.0,63.9,74.9,44.1,75,10,3,35,15,,51408146222.3962,7092043.0,7248.70763225719
8695,Asia,4117,TKM,Turkmenistan,2022,68.5,98.9,58.6,69.4,99.6,78.4,57.3,57.9,70.1,16.1,0.0,82.7,81.7,59.3,0.0,63.8,74.9,45.3,76,15,5,80,10,,54595451255.3951,7230193.0,7551.03650143157
8719,Africa,4141,UGA,Uganda,2000,46.5,21.7,61.7,16.6,38.6,41.0,41.4,29.6,63.5,13.0,27.6,35.2,96.5,99.4,0.0,66.1,45.4,46.0,5,55,10,20,10,15.77,12220817656.1968,24000150.0,509.19755319016
8720,Africa,4142,UGA,Uganda,2001,46.8,21.7,62.2,17.7,38.6,44.9,41.5,30.0,63.5,13.0,27.6,35.1,96.4,99.4,0.0,66.0,45.4,46.1,30,60,14,18,10,15.57,12854303430.1863,24745676.0,519.456547890884
8721,Africa,4143,UGA,Uganda,2002,47.0,21.7,62.2,18.7,38.8,45.2,41.5,30.1,63.5,12.9,27.6,35.8,96.4,99.4,0.0,65.9,45.4,46.3,38,33,15,22,15,15.36,13976829355.9471,25532870.0,547.405338919875
8722,Africa,4144,UGA,Uganda,2003,47.2,21.7,62.1,20.1,39.0,48.0,41.5,30.5,63.4,12.5,27.6,35.6,96.4,99.4,0.0,65.8,45.4,46.3,35,35,20,30,12,15.16,14881585674.2548,26352124.0,564.720539196569
8723,Africa,4145,UGA,Uganda,2004,47.8,21.7,61.3,21.6,38.9,50.4,41.6,30.7,63.9,12.6,27.6,36.3,96.4,99.4,0.0,65.6,45.6,50.3,35,40,18,30,5,14.95,15894609936.3319,27154515.0,585.339489080616
8724,Africa,4146,UGA,Uganda,2005,48.4,21.7,61.3,22.8,38.9,53.2,41.6,29.0,64.4,12.4,39.1,36.6,96.6,99.4,0.0,65.5,45.6,46.3,35,55,15,35,15,14.75,16901146460.5212,27963289.0,604.404813057618
8725,Africa,4147,UGA,Uganda,2006,49.0,21.7,60.2,24.6,41.0,58.3,41.6,26.8,64.2,12.8,39.1,37.3,96.5,99.4,0.0,68.2,46.0,45.6,35,55,18,30,12,14.54,18723891904.5488,28794003.0,650.270540867444
8726,Africa,4148,UGA,Uganda,2007,49.6,21.7,60.0,28.6,41.5,61.6,41.7,28.7,63.9,13.4,39.1,40.0,96.5,99.4,0.0,68.0,44.7,45.4,30,65,20,18,10,14.33,20299025448.8812,29653430.0,684.542241787248
8727,Africa,4149,UGA,Uganda,2008,50.0,21.7,59.6,29.4,42.0,64.3,41.7,29.8,63.7,13.1,39.1,42.3,96.1,99.4,0.0,67.8,45.7,44.6,37,65,16,20,10,14.13,22066817213.6558,30539553.0,722.565167003452
8728,Africa,4150,UGA,Uganda,2009,49.3,21.7,61.8,31.0,42.4,60.2,41.8,28.0,63.4,13.0,32.2,42.2,96.1,99.4,0.0,67.7,44.2,43.9,40,60,20,18,10,13.92,23567695614.7273,31451151.0,749.342865535423
8729,Africa,4151,UGA,Uganda,2010,49.2,21.7,62.1,32.7,42.8,56.4,41.9,28.2,63.4,13.5,32.2,41.2,96.1,99.4,0.0,67.5,44.4,44.4,35,60,15,22,15,13.72,24896350765.3932,32390802.0,768.624091660131
8730,Africa,4152,UGA,Uganda,2011,50.0,23.8,62.3,37.2,44.2,57.9,42.4,28.3,63.5,13.7,32.2,43.0,96.0,99.3,0.0,67.4,43.0,45.1,30,60,20,35,5,13.51,27234530259.5375,33354543.0,816.516366587228
8731,Africa,4153,UGA,Uganda,2012,50.6,26.5,62.6,37.7,42.0,54.4,42.9,28.6,63.5,14.5,47.9,39.8,96.2,99.4,0.0,67.3,42.4,44.3,40,50,18,28,10,13.3,28279643267.7641,34337438.0,823.580468285493
8732,Africa,4154,UGA,Uganda,2013,51.1,24.4,62.7,37.9,43.7,56.7,43.5,28.4,64.4,14.9,47.9,42.7,96.3,99.4,0.0,67.1,42.7,44.5,40,50,20,22,5,13.1,29294007439.7726,35337042.0,828.988669729986
8733,Africa,4155,UGA,Uganda,2014,51.5,23.1,63.8,39.1,42.8,57.1,44.0,30.4,67.9,14.9,47.9,43.4,96.2,99.4,0.0,67.0,42.9,44.5,40,63,18,28,10,12.89,30789849487.5724,36395539.0,845.978664791099
8734,Africa,4156,UGA,Uganda,2015,51.5,24.5,62.5,41.7,37.3,60.2,44.6,29.2,66.5,15.6,47.9,43.7,96.3,99.4,0.0,66.8,42.1,44.9,35,60,18,30,15,12.69,32387183730.1002,37531446.0,862.934610355811
8735,Africa,4157,UGA,Uganda,2016,51.8,23.0,64.5,44.6,38.9,61.5,45.1,32.6,66.3,18.4,39.4,43.4,96.3,99.4,0.0,66.7,43.3,44.9,42,63,18,30,15,12.48,33935615078.9833,38799152.0,874.648370639216
8736,Africa,4158,UGA,Uganda,2017,52.9,21.7,65.3,46.0,37.6,62.7,45.7,34.1,69.2,29.0,39.4,41.4,96.3,99.4,0.0,66.6,46.1,46.5,40,60,23,32,55,12.28,34998276801.8745,40177388.0,871.093880017151
8737,Africa,4159,UGA,Uganda,2018,53.3,23.1,66.3,46.9,40.2,63.9,46.3,37.4,69.2,27.5,39.4,43.0,96.3,99.4,0.0,62.3,46.0,46.1,50,55,20,30,40,12.07,37204541496.6985,41565831.0,895.07512785438
8738,Africa,4160,UGA,Uganda,2019,53.6,23.8,66.9,49.2,40.2,64.9,46.8,38.0,68.2,27.7,39.7,43.9,96.3,99.4,0.0,62.1,44.9,45.3,10,63,17,20,30,11.86,39600047064.28,42999637.0,920.939101515671
8739,Africa,4161,UGA,Uganda,2020,53.5,23.4,66.6,49.3,40.2,65.5,47.4,38.2,67.9,27.6,39.7,42.1,96.3,99.4,0.0,62.0,43.8,46.8,35,65,18,40,5,11.66,40768765796.4748,44457152.0,917.0350317644
8740,Africa,4162,UGA,Uganda,2021,54.6,24.3,66.5,49.0,40.8,67.8,47.4,38.2,69.3,32.2,39.7,46.2,96.3,99.4,0.0,64.4,44.2,48.2,40,60,22,35,15,,42210585952.7826,45910930.0,919.401675217265
8741,Africa,4163,UGA,Uganda,2022,55.0,25.4,66.7,49.3,40.8,67.8,47.4,38.2,69.3,30.3,39.7,43.3,96.3,99.4,0.0,64.1,42.8,48.2,45,63,20,30,30,,44147216889.624,47312719.0,933.094056370423
8742,Europe,4164,UKR,Ukraine,2000,69.1,0.0,55.2,67.6,96.4,61.6,74.3,63.6,71.2,12.8,93.2,83.2,86.5,81.3,59.6,77.8,57.2,63.2,35,45,20,20,7,16.42,69836368849.3183,49556660.0,1409.22265625
8743,Europe,4165,UKR,Ukraine,2001,69.4,0.0,58.6,66.8,97.3,62.1,74.6,63.9,71.5,13.5,93.2,83.0,86.5,80.3,59.3,77.8,57.0,64.4,10,30,18,20,10,16.42,75981969310.6229,49106855.0,1547.2783203125
8744,Europe,4166,UKR,Ukraine,2002,69.7,0.0,58.1,66.6,97.3,62.5,74.9,64.2,72.0,13.2,93.2,82.8,86.4,80.5,61.2,77.8,57.2,68.1,20,30,15,23,8,16.43,80039138412.8861,48677281.0,1644.28125
8745,Europe,4167,UKR,Ukraine,2003,69.4,0.0,56.2,66.4,92.8,61.8,75.1,63.7,72.6,13.9,94.1,82.5,86.2,79.8,60.2,77.8,57.4,69.9,25,30,10,20,10,16.44,87656150954.4385,48315136.0,1814.25854492188
8746,Europe,4168,UKR,Ukraine,2004,69.6,0.0,58.4,66.7,92.5,62.1,75.2,64.2,72.9,13.8,93.6,82.4,86.6,79.5,60.9,78.0,57.8,69.7,30,40,25,15,10,16.44,97995502972.09,47979507.0,2042.44494628906
8747,Europe,4169,UKR,Ukraine,2005,70.0,0.0,58.1,65.9,92.6,62.1,75.3,64.7,73.7,13.8,93.2,82.2,86.6,79.2,62.0,78.0,58.1,75.0,38,30,35,35,10,16.45,101005170642.605,47585556.0,2122.6015625
8748,Europe,4170,UKR,Ukraine,2006,69.7,0.0,57.2,66.1,91.7,63.8,75.2,65.5,73.9,13.3,90.5,82.1,86.4,78.1,59.1,78.0,58.1,76.3,25,20,40,25,10,16.46,108652697104.575,47278694.0,2298.13232421875
8749,Europe,4171,UKR,Ukraine,2007,69.7,0.0,55.7,65.9,91.0,63.6,75.1,65.8,74.1,13.3,98.6,79.9,86.0,77.8,58.7,78.1,58.1,74.0,25,23,35,24,10,16.46,117579433691.217,47062798.0,2498.35205078125
8750,Europe,4172,UKR,Ukraine,2008,70.4,0.0,60.7,66.2,91.2,63.6,75.0,66.0,74.1,14.1,99.0,80.7,85.5,78.2,60.5,78.2,58.7,74.9,35,45,25,25,5,16.47,120217318405.036,46819175.0,2567.69409179688
8751,Europe,4173,UKR,Ukraine,2009,69.9,0.0,59.6,66.0,76.2,63.5,75.0,66.6,72.8,15.3,100.0,83.7,86.3,80.8,60.5,78.2,57.9,76.7,30,33,30,23,8,16.48,102020662582.215,46623731.0,2188.17016601563
8752,Europe,4174,UKR,Ukraine,2010,70.6,0.0,58.4,66.2,93.2,63.5,74.9,66.1,73.1,16.3,100.0,78.6,85.6,79.8,60.7,78.2,57.5,76.9,25,40,35,22,10,16.48,106195352549.996,46456003.0,2285.93383789063
8753,Europe,4175,UKR,Ukraine,2011,71.0,0.0,62.5,66.7,94.7,63.5,75.1,66.8,73.3,17.0,100.0,78.9,85.1,78.4,61.8,78.2,59.2,75.5,25,35,15,25,8,16.52,111977987704.028,46307853.0,2418.12084960938
8754,Europe,4176,UKR,Ukraine,2012,71.6,0.0,60.1,69.7,95.4,64.7,75.2,66.7,73.4,20.6,100.0,81.1,85.0,77.8,61.5,78.5,58.7,77.8,35,42,25,25,10,16.56,112148546939.271,46210056.0,2426.92944335938
8755,Europe,4177,UKR,Ukraine,2013,71.7,0.0,63.2,70.0,94.6,63.6,75.5,67.4,73.6,22.0,100.0,81.1,84.6,78.6,61.0,78.9,57.4,76.0,38,45,15,14,8,16.6,112199506223.487,46126770.0,2432.41625976563
8756,Europe,4178,UKR,Ukraine,2014,72.1,0.0,64.6,65.3,91.9,64.4,75.7,68.2,74.3,22.6,100.0,83.5,85.1,83.2,62.4,78.9,58.7,74.4,50,30,25,10,7,16.63,100891035818.548,45972380.0,2308.6435546875
8757,Europe,4179,UKR,Ukraine,2015,72.4,0.0,64.3,66.7,91.9,64.4,76.2,68.6,75.3,23.0,100.0,79.5,85.5,85.9,64.2,78.9,58.6,76.3,50,40,30,15,7,16.67,91030967789.0717,45784896.0,2094.47387695313
8758,Europe,4180,UKR,Ukraine,2016,72.3,0.0,65.5,66.8,91.9,64.0,76.2,69.4,75.2,24.6,100.0,79.1,85.1,85.1,61.4,79.5,61.0,71.2,40,37,20,30,10,16.68,93253017277.0895,45616832.0,2156.0830078125
8759,Europe,4181,UKR,Ukraine,2017,73.4,0.0,64.2,70.5,91.9,63.9,76.0,70.1,76.7,33.4,99.6,83.0,84.8,85.3,62.2,79.5,59.8,73.1,38,38,40,22,7,16.69,95453762636.0202,45436041.0,2217.7529296875
8760,Europe,4182,UKR,Ukraine,2018,73.4,0.0,65.9,73.4,91.9,63.6,76.0,70.3,76.3,34.0,99.5,81.3,84.6,84.3,59.7,79.6,60.8,73.0,42,50,45,22,8,16.7,98783535744.1445,45208907.0,2308.6669921875
8761,Europe,4183,UKR,Ukraine,2019,74.3,0.0,66.3,75.7,91.9,67.6,76.0,70.7,76.2,41.1,98.7,78.4,84.5,84.8,61.8,79.6,61.9,73.4,42,45,60,30,8,16.72,101944118786.821,44957458.0,2398.07836914063
8762,Europe,4184,UKR,Ukraine,2020,75.0,0.0,65.1,76.9,91.9,67.7,76.1,70.7,75.3,45.3,100.0,79.8,84.5,85.6,61.7,79.6,63.4,76.1,44,45,20,22,7,16.73,98118341608.386,44680014.0,2324.107421875
8763,Europe,4185,UKR,Ukraine,2021,75.7,0.0,67.6,76.6,91.9,67.7,76.1,70.7,78.4,50.4,100.0,80.2,84.5,85.8,61.4,79.6,63.8,77.3,35,38,55,20,10,,101499127457.564,44298640.0,2426.6123046875
8764,Europe,4186,UKR,Ukraine,2022,76.5,0.0,67.9,75.4,91.9,67.7,76.1,70.7,78.4,49.9,100.0,80.2,84.5,85.8,61.4,79.6,62.8,76.8,50,35,15,6,10,,72309415409.6738,41048766.0,1874.66296386719
8765,Asia,4187,ARE,United Arab Emirates,2000,59.8,99.5,67.4,76.2,86.4,39.3,57.6,62.6,62.0,35.8,84.3,82.0,45.0,9.8,64.9,45.9,69.3,29.1,38,30,15,83,10,4.36,200410321466.334,3493575.0,57365.3983287418
8766,Asia,4188,ARE,United Arab Emirates,2001,60.1,99.5,67.1,76.4,85.5,39.6,57.6,64.6,61.7,36.3,84.3,82.0,44.5,9.8,66.0,48.0,69.3,29.1,20,60,12,85,25,4.37,203214232286.707,3723590.0,54574.8141677002
8767,Asia,4189,ARE,United Arab Emirates,2002,60.0,99.5,65.5,74.9,84.7,39.8,57.6,67.1,61.7,36.7,84.3,82.0,44.6,9.8,65.6,47.8,69.3,29.1,38,20,10,80,40,4.38,208159362862.998,3956826.0,52607.6615102605
8768,Asia,4190,ARE,United Arab Emirates,2003,59.8,99.5,63.9,74.5,85.1,40.0,57.6,65.5,61.5,37.5,84.3,82.0,44.5,9.8,65.5,47.6,69.3,29.1,40,18,15,78,5,4.39,226478512548.989,4192457.0,54020.4735669296
8769,Asia,4191,ARE,United Arab Emirates,2004,60.0,99.5,64.6,75.6,86.7,40.2,57.6,65.6,61.1,37.5,84.3,82.0,44.8,9.8,65.3,47.3,69.3,29.1,40,18,20,75,10,4.4,248144435949.927,4428967.0,56027.6100386222
8770,Asia,4192,ARE,United Arab Emirates,2005,60.8,99.5,63.7,79.0,86.1,40.4,57.6,66.8,61.2,39.4,84.3,82.2,44.8,9.8,68.2,51.9,69.3,29.1,40,20,15,85,40,4.41,260192198684.156,4664790.0,55777.9018314127
8771,Asia,4193,ARE,United Arab Emirates,2006,61.0,99.5,63.9,79.0,85.5,42.6,57.6,67.0,60.8,41.1,84.3,82.2,45.9,9.8,68.2,51.7,69.1,29.1,38,18,15,73,60,4.42,285788137283.331,5009100.0,57053.7895596677
8772,Asia,4194,ARE,United Arab Emirates,2007,61.5,99.5,62.1,78.9,84.0,51.7,57.6,67.7,61.1,42.1,84.3,82.2,47.4,9.8,68.0,51.4,69.1,29.1,44,30,15,80,70,4.43,294888746643.285,5624635.0,52428.0680690009
8773,Asia,4195,ARE,United Arab Emirates,2008,61.5,99.5,61.7,79.3,84.0,51.2,57.6,67.0,61.1,42.3,84.3,82.2,48.2,9.8,67.2,51.2,69.1,29.1,40,17,19,70,80,4.45,304301112624.578,6302664.0,48281.347795881
8774,Asia,4196,ARE,United Arab Emirates,2009,61.0,99.5,61.2,79.6,87.0,50.2,57.6,66.9,61.4,42.7,84.3,70.8,49.7,9.8,67.3,50.9,69.1,29.1,43,24,15,65,70,4.46,288346842937.124,6707058.0,42991.5535152856
8775,Asia,4197,ARE,United Arab Emirates,2010,62.2,99.5,61.7,80.3,87.1,49.2,57.7,67.8,61.9,43.6,84.3,86.3,50.5,9.8,68.0,50.7,69.1,29.1,55,35,17,85,5,4.47,292968610443.839,6869838.0,42645.6359587867
8776,Asia,4198,ARE,United Arab Emirates,2011,62.1,99.5,62.1,80.6,86.6,45.7,57.7,67.5,62.0,46.3,84.3,86.6,50.5,9.8,68.3,50.5,69.2,29.1,43,30,20,76,45,4.47,311179896153.556,7104538.0,43800.1593000919
8777,Asia,4199,ARE,United Arab Emirates,2012,62.3,99.4,62.2,81.3,81.6,44.9,57.7,66.0,62.1,51.7,84.3,86.1,51.9,9.8,69.0,52.6,70.8,28.3,50,30,15,70,30,4.47,316857313565.968,7391448.0,42868.0975048418
8778,Asia,4200,ARE,United Arab Emirates,2013,62.9,99.4,61.8,80.7,81.2,48.5,57.8,66.1,62.2,59.4,84.3,84.2,52.1,11.1,69.1,52.5,69.7,28.7,40,20,17,80,5,4.47,332876224084.284,7693031.0,43269.8404678577
8779,Asia,4201,ARE,United Arab Emirates,2014,63.8,99.6,64.6,80.9,85.6,48.2,57.8,66.9,66.5,60.4,84.3,84.4,50.8,9.8,68.2,54.7,72.2,28.8,43,40,10,78,20,4.47,346742821790.424,8059440.0,43023.1904189899
8780,Asia,4202,ARE,United Arab Emirates,2015,64.4,99.5,64.5,81.5,91.9,50.5,57.8,66.8,67.5,63.0,84.3,82.0,50.9,9.8,69.2,54.4,72.4,29.1,50,30,15,75,75,4.47,370275469571.137,8505237.0,43534.9972694631
8781,Asia,4203,ARE,United Arab Emirates,2016,64.8,99.6,64.0,83.7,91.7,50.3,57.9,67.3,67.6,64.6,84.3,85.2,49.8,9.8,70.8,54.2,71.8,29.0,50,30,10,75,10,4.47,390868305597.139,8935095.0,43745.2881695314
8782,Asia,4204,ARE,United Arab Emirates,2017,66.0,99.6,64.5,85.0,91.2,57.6,57.9,68.9,66.1,74.0,84.3,83.3,49.6,9.8,71.4,56.0,70.9,31.0,42,30,17,80,40,4.47,393741456224.296,9223225.0,42690.2147810875
8783,Asia,4205,ARE,United Arab Emirates,2018,67.4,99.7,64.6,85.1,91.2,58.5,57.9,69.1,66.2,78.4,100.0,82.5,49.5,9.8,72.1,56.6,73.1,30.8,60,25,15,76,60,4.47,398914879874.988,9346701.0,42679.75191193
8784,Asia,4206,ARE,United Arab Emirates,2019,69.5,99.7,64.7,86.5,98.2,74.6,57.9,69.2,66.0,81.9,100.0,84.5,49.3,9.8,72.8,56.4,74.3,35.0,48,35,15,80,60,4.47,403336245504.457,9445785.0,42700.1297938135
8785,Asia,4207,ARE,United Arab Emirates,2020,69.6,99.6,64.8,85.0,97.1,76.6,58.0,69.2,64.1,85.0,100.0,84.0,49.3,9.8,72.7,56.2,73.7,38.6,45,25,16,80,50,4.47,383342656333.374,9401038.0,40776.6308713329
8786,Asia,4208,ARE,United Arab Emirates,2021,69.9,99.6,64.8,86.2,98.7,73.5,58.0,69.2,63.5,87.5,100.0,85.4,51.9,9.8,72.7,55.9,73.5,38.8,45,30,15,76,50,,400036290964.175,9575152.0,41778.5838767025
8787,Asia,4209,ARE,United Arab Emirates,2022,69.7,99.7,64.8,86.2,98.2,74.3,58.0,69.2,63.7,88.3,100.0,85.4,51.9,9.8,72.7,55.5,70.4,37.1,52,30,15,79,60,,430077804445.494,10074977.0,42687.7207209003
8788,Europe,4210,GBR,United Kingdom,2000,76.5,99.8,73.1,85.5,99.5,72.3,92.8,68.5,82.7,72.1,65.5,87.7,50.2,60.3,70.8,84.3,81.9,54.3,44,15,75,78,10,12.21,2292208338883.96,58892514.0,38921.896573883
8789,Europe,4211,GBR,United Kingdom,2001,76.8,99.8,70.8,85.2,99.5,71.9,92.8,68.6,83.2,73.0,67.9,87.7,50.4,60.1,73.0,84.6,81.8,54.8,20,23,70,79,8,12.25,2351181826662.72,59119673.0,39769.8719792093
8790,Europe,4212,GBR,United Kingdom,2002,77.3,99.8,72.6,85.4,99.4,71.7,92.8,68.9,83.0,76.4,71.0,87.7,50.4,60.7,71.5,84.5,81.8,56.3,25,10,65,75,10,12.3,2393401075664.14,59370479.0,40312.9824110757
8791,Europe,4213,GBR,United Kingdom,2003,77.4,99.8,72.3,85.1,99.5,71.6,92.7,68.9,83.2,77.5,71.2,87.7,50.8,60.4,71.7,84.7,81.9,57.0,15,15,65,68,7,12.34,2468849371154.3,59647577.0,41390.6062127939
8792,Europe,4214,GBR,United Kingdom,2004,77.4,99.8,72.1,85.3,99.1,71.1,92.7,68.8,83.3,77.4,70.5,87.7,50.5,60.5,72.6,84.8,81.9,57.4,35,35,65,75,6,12.38,2529531329418.04,59987905.0,42167.3557264259
8793,Europe,4215,GBR,United Kingdom,2005,77.8,99.8,71.8,86.5,99.5,71.5,92.7,68.8,83.4,78.1,71.7,87.7,50.7,60.7,74.0,85.6,81.9,58.0,30,32,65,70,8,12.43,2598654839641.27,60401206.0,43023.2277090836
8794,Europe,4216,GBR,United Kingdom,2006,77.5,99.8,71.5,87.1,99.3,71.7,92.6,68.8,83.0,78.0,70.0,87.7,50.5,60.8,70.3,85.7,81.9,58.4,20,18,75,70,10,12.47,2660520860407.28,60846820.0,43724.8957366594
8795,Europe,4217,GBR,United Kingdom,2007,77.4,99.8,70.1,87.2,97.9,71.9,94.4,68.9,83.0,79.1,66.0,88.5,51.4,61.2,70.0,85.7,81.7,58.3,20,18,65,72,8,12.51,2730356339128.21,61322463.0,44524.5706965197
8796,Europe,4218,GBR,United Kingdom,2008,77.9,99.8,71.7,88.0,98.8,72.1,94.4,68.9,82.9,79.6,69.5,88.9,52.3,61.7,69.1,85.7,82.3,58.7,20,20,60,69,8,12.56,2723563287347.57,61806995.0,44065.6156693521
8797,Europe,4219,GBR,United Kingdom,2009,78.3,99.8,71.1,88.3,98.2,72.3,94.5,69.5,82.0,80.5,67.6,91.8,53.5,63.2,70.2,85.7,82.1,60.3,20,25,60,67,10,12.6,2597719582892.9,62276270.0,41712.8319164411
8798,Europe,4220,GBR,United Kingdom,2010,79.0,99.8,70.4,90.6,98.4,73.7,94.5,69.6,81.8,81.5,73.4,91.4,53.7,62.8,71.2,86.1,83.4,61.2,25,30,78,72,8,12.64,2655734846285.57,62766365.0,42311.4329830247
8799,Europe,4221,GBR,United Kingdom,2011,79.5,99.9,70.5,90.9,97.9,73.7,94.7,70.3,81.6,84.4,74.2,93.7,53.8,63.4,72.1,86.1,83.6,61.0,35,30,70,66,7,12.72,2685966733177.06,63258810.0,42459.9630182272
8800,Europe,4222,GBR,United Kingdom,2012,79.6,100.0,68.2,91.5,97.6,74.1,94.6,70.1,81.8,86.4,76.1,93.2,53.8,63.4,71.8,86.1,84.1,61.1,25,13,72,62,7,12.8,2726497926773.14,63711000.0,42794.7752628767
8801,Europe,4223,GBR,United Kingdom,2013,79.8,99.9,69.0,91.9,97.8,75.7,94.7,70.7,81.9,88.4,73.2,93.7,53.9,63.3,72.8,86.1,82.7,60.7,25,33,78,70,10,12.88,2775572749073.16,64139000.0,43274.3377519631
8802,Europe,4224,GBR,United Kingdom,2014,80.0,99.9,69.6,91.9,97.7,76.2,94.8,71.6,82.9,88.9,72.4,93.5,53.9,63.0,73.2,86.1,83.7,60.8,30,28,78,68,10,12.96,2864242231941.85,64620000.0,44324.3923234579
8803,Europe,4225,GBR,United Kingdom,2015,80.4,99.8,69.1,92.0,98.3,79.8,94.5,72.5,82.7,88.8,72.6,96.0,54.2,63.9,72.9,86.1,83.6,60.6,33,35,70,61,10,13.04,2927911140916.73,65088000.0,44983.885522934
8804,Europe,4226,GBR,United Kingdom,2016,80.5,99.9,68.6,92.4,99.1,80.1,94.4,72.8,83.1,88.9,72.5,94.4,54.5,66.6,72.3,86.1,82.7,60.4,25,22,75,65,7,13.07,2984177105011.43,65607000.0,45485.6509977812
8805,Europe,4227,GBR,United Kingdom,2017,80.9,99.0,68.8,93.3,99.7,81.8,94.4,73.4,82.9,89.0,71.2,94.0,54.5,69.2,72.7,86.1,85.3,60.6,25,35,65,65,10,13.1,3063451915304.45,65966000.0,46439.8616757792
8806,Europe,4228,GBR,United Kingdom,2018,80.9,99.0,68.1,93.7,99.5,82.0,94.4,74.1,83.2,90.9,69.0,93.3,54.2,70.0,73.7,86.2,84.2,60.4,35,40,75,58,10,13.13,3106499243232.44,66289000.0,46862.9673585729
8807,Europe,4229,GBR,United Kingdom,2019,81.0,99.0,68.5,94.0,99.2,82.2,94.4,74.8,82.4,91.2,68.4,93.7,54.2,70.4,76.0,86.2,82.3,60.7,30,45,75,38,8,13.16,3156963552417.56,66631000.0,47379.8014800553
8808,Europe,4230,GBR,United Kingdom,2020,81.3,98.9,67.1,93.2,98.2,83.6,94.4,74.8,82.1,91.6,71.5,93.3,54.2,71.4,76.1,86.2,82.1,63.9,42,45,72,58,10,13.19,2831893577011.53,66744000.0,42429.1857996453
8809,Europe,4231,GBR,United Kingdom,2021,81.7,98.9,68.4,93.5,98.2,84.1,94.4,74.8,83.5,91.8,71.5,92.9,63.5,70.9,76.0,86.2,80.5,59.7,25,45,75,68,8,,3074755378978.02,66984000.0,45902.8331986448
8810,Europe,4232,GBR,United Kingdom,2022,81.7,99.0,68.4,93.1,98.2,84.1,94.4,74.8,84.0,91.8,71.5,91.3,63.5,70.9,76.1,86.2,81.1,59.9,35,40,68,75,12,,3223545410805.62,67604000.0,47682.7615349036
8811,North America,4233,USA,United States,2000,71.5,98.6,69.0,84.3,94.2,70.5,82.9,69.8,84.5,74.3,53.5,86.1,51.3,42.7,57.3,56.4,71.5,69.5,35,20,80,75,8,33.18,13717679619283.1,282162411.0,48616.2546267835
8812,North America,4234,USA,United States,2001,71.6,98.6,68.4,84.4,94.2,70.6,82.9,69.5,84.1,75.3,52.8,86.1,51.7,42.7,59.5,56.6,71.2,69.5,25,10,75,65,5,33.24,13848757307662.6,284968955.0,48597.4246130164
8813,North America,4235,USA,United States,2002,71.6,98.6,67.1,84.5,94.2,70.5,82.9,69.7,83.5,76.3,53.1,86.1,52.0,42.7,59.0,56.6,71.4,69.5,30,20,50,71,6,33.3,14084248131240.5,287625193.0,48967.3661209521
8814,North America,4236,USA,United States,2003,71.8,98.6,68.1,85.0,94.2,70.8,82.9,69.9,83.4,76.8,52.5,86.1,52.0,42.7,59.7,56.6,71.4,69.5,20,20,80,65,8,33.35,14477988212152.8,290107933.0,49905.5233079503
8815,North America,4237,USA,United States,2004,72.0,98.6,70.1,85.3,94.2,71.2,82.8,70.1,83.6,77.0,53.2,86.1,52.0,42.7,58.7,56.6,71.6,69.5,10,15,70,75,7,33.41,15035068144475.6,292805298.0,51348.3473392466
8816,North America,4238,USA,United States,2005,72.0,98.6,68.8,85.7,94.2,71.4,82.8,70.3,83.8,77.5,52.2,86.1,51.8,42.7,61.2,56.7,71.4,69.5,30,10,5,68,8,33.47,15558822251116.7,295516599.0,52649.5713058632
8817,North America,4239,USA,United States,2006,72.2,98.6,68.0,85.8,94.2,72.3,83.0,70.7,84.1,77.8,51.7,86.1,51.7,42.7,60.0,60.0,71.5,69.5,40,18,65,68,10,33.52,15992063823932.8,298379912.0,53596.3152369749
8818,North America,4240,USA,United States,2007,72.6,98.6,68.7,86.6,94.2,72.5,83.2,70.7,84.1,79.0,52.5,87.3,52.1,42.7,60.5,60.1,71.2,69.5,40,50,85,67,10,33.58,16312522122064.7,301231207.0,54152.8292653448
8819,North America,4241,USA,United States,2008,72.4,98.6,68.6,86.7,94.2,72.6,83.4,71.1,83.4,79.4,52.5,83.2,53.2,43.6,59.3,60.4,71.8,69.5,40,28,75,55,10,33.64,16331051067048.8,304093966.0,53703.9628962873
8820,North America,4242,USA,United States,2009,73.0,98.6,69.6,86.9,94.2,72.6,83.5,71.5,81.5,83.7,52.8,87.7,54.5,46.3,56.0,60.3,71.5,69.5,20,20,85,68,5,33.69,15910281498377.5,306771529.0,51863.6183424227
8821,North America,4243,USA,United States,2010,73.4,98.6,69.6,88.1,93.7,72.6,83.7,71.6,81.3,86.4,53.6,88.2,54.2,45.5,58.7,60.5,72.0,69.5,20,40,50,78,10,33.75,16339094225152.5,309378227.0,52812.682985453
8822,North America,4244,USA,United States,2011,73.7,98.6,68.4,88.2,93.6,72.6,83.7,72.2,81.6,88.7,52.4,90.1,54.3,47.1,60.8,60.5,71.8,69.2,20,40,70,75,8,33.78,16594704135316.7,311839461.0,53215.5362316915
8823,North America,4245,USA,United States,2012,73.8,98.6,66.4,88.0,93.6,73.1,83.6,72.4,82.1,90.8,52.4,88.7,53.9,47.9,63.0,60.5,71.5,68.7,40,18,65,75,7,33.81,16974575729098.2,314339099.0,54000.8410760833
8824,North America,4246,USA,United States,2013,73.8,98.7,68.6,88.8,91.8,70.9,83.6,72.6,82.5,91.7,52.7,88.8,54.2,48.0,63.2,60.6,69.6,68.7,43,15,70,78,7,33.84,17334068402873.9,316726282.0,54728.8601798884
8825,North America,4247,USA,United States,2014,74.1,98.4,68.6,88.9,92.7,71.7,83.5,72.6,84.0,92.3,52.5,89.3,54.3,48.1,61.0,60.7,71.9,69.1,40,30,65,66,8,33.87,17771549055750.5,319257560.0,55665.2411167663
8826,North America,4248,USA,United States,2015,74.0,98.5,68.3,88.5,93.6,71.6,83.5,72.6,81.9,92.7,54.1,88.6,54.4,49.1,61.9,60.7,70.3,67.5,35,35,60,74,8,33.9,18295019000000.0,321815121.0,56849.4697923159
8827,North America,4249,USA,United States,2016,74.4,98.7,68.7,88.3,95.2,71.5,83.5,73.0,82.2,94.6,53.7,89.2,54.2,50.0,62.7,60.7,70.4,67.4,42,60,85,50,10,33.89,18627887993267.5,324353340.0,57430.8499282527
8828,North America,4250,USA,United States,2017,74.7,98.5,68.5,88.8,94.8,72.2,83.6,73.2,82.5,95.0,53.8,90.4,54.3,50.2,65.7,60.7,70.2,67.1,40,30,55,64,10,33.89,19085691122935.2,326608609.0,58435.9707521832
8829,North America,4251,USA,United States,2018,74.4,98.7,68.7,88.9,94.4,74.3,83.6,73.3,82.1,95.6,52.6,86.8,54.4,50.3,63.7,60.5,69.9,67.3,35,35,60,72,8,33.88,19651869117582.5,328529577.0,59817.6556796969
8830,North America,4252,USA,United States,2019,74.9,98.8,68.7,88.8,94.1,74.4,83.6,73.5,82.3,96.4,51.8,92.2,54.3,51.0,65.7,60.4,69.1,67.5,40,33,58,70,10,33.87,20159639089698.1,330226227.0,61047.9648235152
8831,North America,4253,USA,United States,2020,75.6,98.8,68.7,89.2,93.9,76.5,83.6,73.5,79.7,97.7,56.8,92.6,54.3,53.9,65.7,60.4,69.3,70.5,42,42,75,55,10,33.87,19723580221938.2,331577720.0,59484.0335530935
8832,North America,4254,USA,United States,2021,76.0,98.8,68.6,89.2,93.9,76.6,83.6,73.5,81.5,97.8,57.5,90.6,59.9,52.5,65.7,60.5,69.3,72.5,45,55,62,48,10,,20917853444668.3,332099760.0,62986.6563127547
8833,North America,4255,USA,United States,2022,75.9,98.9,68.6,88.7,93.9,76.8,83.6,73.5,81.9,97.8,57.5,89.3,59.9,52.5,65.7,60.4,68.6,72.9,45,40,65,60,5,,21443388432051.0,334017321.0,64198.4324880296
8834,South America,4256,URY,Uruguay,2000,68.8,97.0,58.9,76.2,90.0,65.3,73.9,82.8,71.7,28.5,24.1,91.5,71.4,92.3,53.4,50.7,75.5,65.5,18,25,55,60,10,7.82,36242902749.5716,3266206.0,11096.3309569487
8835,South America,4257,URY,Uruguay,2001,69.0,97.0,56.8,77.2,90.0,65.4,73.9,84.7,70.4,28.6,24.1,91.5,71.5,92.5,54.8,50.7,75.5,67.6,15,20,60,20,8,8.03,34849678466.8177,3274251.0,10643.5574019273
8836,South America,4258,URY,Uruguay,2002,69.2,97.0,59.3,78.4,91.0,65.4,74.0,85.4,69.5,28.9,24.1,91.5,72.0,92.7,53.3,50.7,75.4,67.1,10,30,50,40,10,8.24,32155098813.2195,3278867.0,9806.7713064359
8837,South America,4259,URY,Uruguay,2003,69.3,97.0,60.4,78.1,91.4,65.5,74.0,85.4,69.5,29.7,24.1,91.5,71.8,92.7,53.0,50.7,75.6,67.4,20,20,65,65,5,8.44,32414038652.1022,3281186.0,9878.75684344081
8838,South America,4260,URY,Uruguay,2004,69.3,97.0,62.9,78.3,90.9,65.5,74.0,81.7,71.6,30.1,24.1,91.5,71.3,92.2,53.9,50.8,76.1,66.8,10,23,60,65,10,8.65,34036089123.994,3283148.0,10366.9067382871
8839,South America,4261,URY,Uruguay,2005,69.6,97.0,63.5,79.4,90.2,65.1,74.1,83.6,72.1,30.8,24.1,91.6,71.7,92.1,55.6,50.8,76.1,65.5,20,15,60,60,12,8.86,36575226344.6127,3285771.0,11131.3984890038
8840,South America,4262,URY,Uruguay,2006,69.6,97.0,64.0,79.1,89.5,65.1,74.3,80.6,72.8,32.7,24.1,91.6,71.5,91.7,57.2,50.8,75.6,66.2,15,20,70,70,10,9.06,38074290288.9132,3289506.0,11574.470540231
8841,South America,4263,URY,Uruguay,2007,70.0,97.0,64.6,79.0,88.0,65.7,74.4,86.0,73.6,33.7,23.4,92.1,71.6,92.0,55.4,50.8,76.2,66.1,20,28,65,70,10,9.27,40564924117.3376,3295153.0,12310.482735502
8842,South America,4264,URY,Uruguay,2008,70.4,97.0,63.7,79.1,90.0,65.7,74.5,86.1,74.3,34.8,26.8,92.5,70.9,90.9,55.2,51.6,76.1,68.2,12,28,75,75,8,9.48,43475921755.0631,3302177.0,13165.83628166
8843,South America,4265,URY,Uruguay,2009,70.8,97.0,63.9,80.3,90.9,66.8,74.7,86.8,74.5,35.5,24.6,94.1,71.7,91.0,55.3,51.8,75.8,68.5,18,40,65,66,7,9.69,45320819970.7986,3310091.0,13691.71420689
8844,South America,4266,URY,Uruguay,2010,72.3,97.0,66.0,81.1,91.4,67.4,74.8,92.7,74.8,37.5,30.2,95.0,71.4,91.9,57.8,56.0,75.6,68.6,18,30,80,65,10,9.89,48857389210.184,3318580.0,14722.3780081191
8845,South America,4267,URY,Uruguay,2011,72.9,97.8,65.6,81.9,90.9,65.9,74.9,90.4,75.2,39.9,42.5,91.9,70.9,90.4,55.9,56.1,76.7,72.2,10,23,80,70,8,10.11,51379472633.5779,3326825.0,15443.9961926395
8846,South America,4268,URY,Uruguay,2012,73.8,97.8,66.1,82.0,91.6,65.9,75.0,89.3,75.2,43.8,53.6,89.0,72.0,91.8,57.8,56.0,75.4,72.8,15,30,75,65,7,10.32,53197370201.0395,3335401.0,15949.3176985435
8847,South America,4269,URY,Uruguay,2013,74.0,98.0,64.1,81.3,91.6,67.8,75.1,92.1,75.2,46.3,50.3,87.0,71.8,92.4,60.0,56.0,75.6,73.7,15,40,82,72,10,10.54,55664418793.7377,3345337.0,16639.4054750651
8848,South America,4270,URY,Uruguay,2014,75.1,98.2,66.7,82.3,90.0,68.9,75.2,95.2,78.5,45.5,52.2,89.7,71.8,93.0,62.3,56.9,76.7,74.1,15,30,75,75,10,10.75,57467273107.5946,3356334.0,17122.0364563225
8849,South America,4271,URY,Uruguay,2015,75.8,97.7,67.0,83.3,91.7,70.6,75.4,96.8,78.1,50.4,52.2,88.2,72.2,94.1,64.5,57.8,74.0,74.4,15,30,85,75,15,10.97,57680327998.6689,3368017.0,17125.9016800298
8850,South America,4272,URY,Uruguay,2016,76.3,98.4,68.3,83.3,91.8,70.9,75.5,97.5,77.9,56.6,53.8,87.1,72.0,94.5,63.1,57.8,74.4,74.8,10,40,80,72,10,11.1,58655009160.0858,3379283.0,17357.2349992841
8851,South America,4273,URY,Uruguay,2017,76.6,98.5,66.8,84.1,90.8,73.2,75.6,98.0,82.1,56.3,55.2,89.1,71.6,94.1,58.9,57.7,73.9,76.4,15,25,75,75,7,11.22,59675827116.7172,3388438.0,17611.6036701032
8852,South America,4274,URY,Uruguay,2018,76.2,98.6,64.5,83.7,91.4,73.4,75.7,97.3,81.7,56.3,54.0,90.4,70.6,92.5,57.7,56.3,75.0,76.9,18,30,75,75,15,11.35,59774159517.7554,3394534.0,17608.9441195037
8853,South America,4275,URY,Uruguay,2019,77.3,98.5,67.1,85.1,95.9,73.1,75.7,97.5,81.4,57.3,53.7,92.5,70.5,92.6,59.6,58.0,79.3,76.3,18,30,78,63,10,11.48,60329073609.8215,3397206.0,17758.4384372986
8854,South America,4276,URY,Uruguay,2020,77.2,98.2,66.5,84.4,90.7,74.5,75.8,97.5,81.2,58.1,51.8,92.5,70.5,92.7,59.9,58.0,81.1,78.3,18,31,75,63,8,11.6,55890466349.1545,3398968.0,16443.3635000843
8855,South America,4277,URY,Uruguay,2021,77.9,98.3,67.5,84.4,90.7,76.2,75.8,97.5,83.5,59.9,51.8,93.3,70.8,92.5,60.0,59.1,80.8,82.2,18,30,75,68,10,,59156857853.7605,3396695.0,17416.0052208869
8856,South America,4278,URY,Uruguay,2022,77.7,98.5,67.6,84.7,90.7,76.4,75.8,97.5,84.2,59.9,51.8,92.5,70.8,92.5,60.0,59.1,78.1,81.5,20,35,75,60,5,,61810768801.3209,3390913.0,18228.3558443761
8857,Asia,4279,UZB,Uzbekistan,2000,60.9,17.9,48.5,63.3,69.8,69.8,52.8,59.0,67.2,16.3,68.5,87.1,94.2,90.9,0.0,64.7,50.5,54.1,44,35,10,40,15,6.96,31472652298.5356,24787054.0,1269.72137546219
8858,Asia,4280,UZB,Uzbekistan,2001,61.2,17.9,50.5,64.1,69.8,70.1,53.4,59.1,67.8,16.2,68.5,86.9,94.4,90.9,0.0,64.7,50.5,54.1,60,30,6,23,7,7.05,32783122633.228,25090283.0,1306.60633175114
8859,Asia,4281,UZB,Uzbekistan,2002,62.1,17.9,52.5,64.6,71.0,70.4,54.0,59.1,68.4,16.0,79.2,86.8,94.5,90.6,0.0,64.6,50.5,54.1,40,35,15,40,15,7.14,34085756140.1454,25399980.0,1341.95995981671
8860,Asia,4282,UZB,Uzbekistan,2003,61.8,17.9,52.5,64.8,70.7,70.5,54.6,59.4,69.0,15.9,71.5,86.7,94.5,90.9,0.0,64.6,50.7,54.1,55,28,10,27,15,7.24,35528479187.7393,25711259.0,1381.8257280882
8861,Asia,4283,UZB,Uzbekistan,2004,62.3,17.9,55.3,64.6,69.3,75.9,55.2,59.7,69.5,16.0,71.5,86.5,94.6,91.0,0.0,64.6,50.7,54.1,55,20,10,20,15,7.33,38174995817.5933,26029350.0,1466.6134889113
8862,Asia,4284,UZB,Uzbekistan,2005,62.6,17.9,57.2,65.1,68.8,76.0,55.8,60.5,70.1,16.0,71.5,86.7,94.5,91.7,0.0,64.6,50.7,54.1,65,30,10,15,10,7.42,40828160773.8708,26356975.0,1549.04577531643
8863,Asia,4285,UZB,Uzbekistan,2006,63.1,17.9,62.7,65.9,70.3,76.0,56.4,59.4,70.7,16.4,71.5,86.6,94.3,91.6,0.0,64.5,50.8,54.1,75,35,10,30,5,7.51,43870437889.2749,26699043.0,1643.14645619601
8864,Asia,4286,UZB,Uzbekistan,2007,63.3,17.9,64.2,66.4,70.6,76.1,56.9,59.8,71.3,16.5,71.5,86.5,94.1,91.6,0.0,64.5,50.9,54.1,50,19,7,33,15,7.6,48026286798.048,27076008.0,1773.75803693248
8865,Asia,4287,UZB,Uzbekistan,2008,63.2,17.9,64.6,67.3,69.5,76.2,57.4,58.2,71.3,16.6,71.5,85.8,93.9,91.5,0.0,64.5,50.1,54.1,55,28,13,23,12,7.69,52362657563.9371,27494774.0,1904.45855506712
8866,Asia,4288,UZB,Uzbekistan,2009,63.7,17.9,66.2,67.4,68.7,78.6,57.7,61.2,71.3,17.1,71.5,86.5,93.7,92.7,0.0,64.5,50.1,54.1,65,33,15,30,10,7.78,56578340212.8329,27939328.0,2025.04298646098
8867,Asia,4289,UZB,Uzbekistan,2010,64.3,17.9,67.3,70.8,69.9,78.7,57.9,62.5,71.1,18.6,71.5,86.2,93.9,92.9,0.0,64.5,51.1,54.1,40,32,14,40,10,7.87,60876691748.3487,28385506.0,2144.6400056546
8868,Asia,4290,UZB,Uzbekistan,2011,64.7,20.4,68.2,71.7,70.8,78.7,58.1,61.7,71.3,19.4,71.5,85.2,93.6,92.3,0.0,64.5,52.8,54.1,40,33,15,30,10,7.97,65457747965.3909,28823196.0,2271.00936223002
8869,Asia,4291,UZB,Uzbekistan,2012,65.1,22.1,69.3,72.8,71.2,78.8,58.4,61.6,71.4,18.6,71.5,85.9,93.5,92.1,0.0,64.5,53.6,56.7,45,30,12,60,5,8.06,70106848438.9456,29261903.0,2395.84036755728
8870,Asia,4292,UZB,Uzbekistan,2013,65.1,23.7,69.6,72.6,71.4,78.9,58.6,62.4,71.4,19.3,71.5,86.3,93.3,92.5,0.0,64.4,53.2,52.9,55,33,15,33,5,8.16,75222229947.9017,29724065.0,2530.68447898703
8871,Asia,4293,UZB,Uzbekistan,2014,65.6,25.2,67.5,73.3,71.7,79.0,58.7,63.0,74.1,19.4,71.5,87.2,93.2,92.7,0.0,64.4,56.5,52.0,20,45,12,55,15,8.25,80392884506.0999,30222994.0,2659.99075095273
8872,Asia,4294,UZB,Uzbekistan,2015,66.3,37.0,67.2,74.6,71.4,76.0,58.7,63.4,74.0,23.1,71.5,86.3,93.1,93.2,0.0,64.4,56.2,50.7,55,35,14,55,5,8.34,86196264755.3105,30749346.0,2803.19018021751
8873,Asia,4295,UZB,Uzbekistan,2016,67.4,47.6,66.5,74.9,71.8,75.8,58.8,63.4,74.0,28.2,71.5,86.9,93.1,93.0,0.0,64.8,57.7,50.1,60,30,12,35,10,8.41,91309557164.505,31284568.0,2918.67725852903
8874,Asia,4296,UZB,Uzbekistan,2017,67.7,51.7,67.3,76.5,72.6,76.0,58.8,63.6,72.2,29.3,71.5,86.8,93.1,93.2,0.0,64.8,55.8,49.5,55,32,10,60,20,8.48,95322862968.5109,31819178.0,2995.76761437743
8875,Asia,4297,UZB,Uzbekistan,2018,68.3,55.0,66.1,76.4,74.0,76.2,58.8,63.2,70.2,31.4,71.5,87.0,93.0,92.8,0.0,64.8,56.7,56.3,65,45,28,60,10,8.54,100622047495.601,32373490.0,3108.1618786112
8876,Asia,4298,UZB,Uzbekistan,2019,69.4,56.4,67.2,77.0,77.2,76.4,58.8,63.4,69.9,36.3,71.5,87.3,93.0,92.8,0.0,64.8,58.8,59.0,42,32,18,60,5,8.61,107444145839.577,32964701.0,3259.36964632494
8877,Asia,4299,UZB,Uzbekistan,2020,70.5,55.9,67.2,76.4,83.7,84.6,58.8,63.3,70.8,39.3,71.5,84.8,93.0,92.9,0.0,64.8,58.7,61.5,60,41,15,37,10,8.67,109123866128.148,33586372.0,3249.05191094018
8878,Asia,4300,UZB,Uzbekistan,2021,71.3,59.1,67.3,77.5,85.1,85.0,58.8,63.3,72.6,40.8,71.5,87.3,93.0,92.8,0.0,64.7,59.4,63.1,35,28,18,60,10,,117891622986.822,34243696.0,3442.7248445034
8879,Asia,4301,UZB,Uzbekistan,2022,71.1,61.6,67.5,77.2,85.1,85.1,58.8,63.3,72.5,40.8,71.5,87.3,93.0,92.8,0.0,64.7,59.8,63.2,50,33,19,40,20,,124966702851.263,34938955.0,3576.71552716054
8926,South America,4348,VEN,"Venezuela, RB",2000,62.9,78.3,57.0,68.1,69.3,58.6,76.8,72.0,68.8,20.4,22.3,68.9,84.3,75.6,74.2,79.3,35.3,60.9,10,30,10,17,15,55.72,,24526708.0,
8927,South America,4349,VEN,"Venezuela, RB",2001,63.1,78.3,56.4,66.5,71.5,58.8,76.7,71.0,69.4,20.6,22.3,68.9,84.0,73.9,75.5,82.3,35.5,61.3,5,25,12,15,15,55.54,,24979922.0,
8928,South America,4350,VEN,"Venezuela, RB",2002,62.7,78.3,54.7,66.3,74.5,59.0,76.6,69.4,67.6,20.6,19.7,69.4,84.0,72.1,75.8,82.2,33.9,61.3,25,25,12,15,10,55.35,,25435671.0,
8929,South America,4351,VEN,"Venezuela, RB",2003,63.0,78.3,55.4,67.3,74.1,59.2,76.6,68.8,67.3,21.0,21.0,69.4,84.6,72.6,77.3,82.1,33.9,61.8,35,20,15,15,8,55.16,,25892703.0,
8930,South America,4352,VEN,"Venezuela, RB",2004,63.8,78.3,56.8,68.9,75.4,59.3,76.5,72.8,68.2,21.2,21.8,69.7,83.9,76.8,77.7,82.1,34.1,61.6,40,30,15,15,5,54.98,,26340838.0,
8931,South America,4353,VEN,"Venezuela, RB",2005,63.9,78.3,58.6,69.9,76.0,63.4,76.5,72.5,70.7,21.9,19.0,69.6,82.7,75.8,75.5,82.3,34.1,59.7,40,40,15,15,5,54.79,,26785804.0,
8932,South America,4354,VEN,"Venezuela, RB",2006,64.6,78.3,59.0,68.6,76.6,63.8,76.5,73.7,71.9,22.8,28.6,69.6,83.8,76.4,72.3,82.2,33.9,60.7,40,30,15,20,15,54.6,,27224686.0,
8933,South America,4355,VEN,"Venezuela, RB",2007,64.9,78.3,58.7,65.5,79.4,64.3,76.5,74.7,72.6,23.1,28.6,73.4,83.0,77.6,71.4,82.1,34.9,59.3,40,50,12,15,15,54.42,,27649363.0,
8934,South America,4356,VEN,"Venezuela, RB",2008,64.3,78.3,57.8,63.5,79.7,64.5,76.5,74.3,73.2,24.1,28.6,71.8,82.4,76.1,71.5,82.1,33.2,56.0,55,30,8,15,15,54.23,,28053696.0,
8935,South America,4357,VEN,"Venezuela, RB",2009,65.5,78.3,58.1,69.6,80.7,64.0,76.5,74.2,73.2,25.2,28.6,75.6,82.1,76.3,72.8,82.0,33.0,63.3,45,38,12,15,10,54.04,,28438298.0,
8936,South America,4358,VEN,"Venezuela, RB",2010,65.4,78.3,58.4,70.7,80.4,63.9,76.5,72.1,72.6,28.5,28.6,75.0,80.9,75.2,71.7,81.9,33.0,63.3,60,55,15,15,5,53.86,,28813101.0,
8937,South America,4359,VEN,"Venezuela, RB",2011,65.7,79.0,58.3,69.1,81.5,64.0,76.5,73.4,72.8,30.4,28.6,75.0,81.1,76.2,70.8,81.9,33.2,64.4,50,40,12,20,10,53.67,,29185212.0,
8938,South America,4360,VEN,"Venezuela, RB",2012,65.7,80.1,58.6,69.3,81.7,64.1,76.4,72.3,72.9,31.6,28.6,74.6,79.8,75.9,72.0,81.8,33.0,63.9,50,40,10,13,10,53.48,,29553826.0,
8939,South America,4361,VEN,"Venezuela, RB",2013,65.4,80.1,60.2,68.6,82.6,65.6,76.4,73.5,72.3,32.5,28.6,70.2,79.2,74.1,71.3,81.7,31.7,62.4,65,45,12,15,15,53.3,,29912198.0,
8940,South America,4362,VEN,"Venezuela, RB",2014,65.1,78.6,59.5,67.2,85.3,65.7,76.4,71.0,74.7,36.2,28.6,63.9,79.5,75.6,70.6,81.6,31.1,62.0,68,40,12,15,7,53.11,,30254079.0,
8941,South America,4363,VEN,"Venezuela, RB",2015,63.2,76.2,56.6,67.4,87.0,65.7,76.4,74.3,72.3,36.1,28.6,60.3,76.2,59.3,74.6,81.6,30.7,51.0,62,55,12,12,12,52.93,,30573972.0,
8942,South America,4364,VEN,"Venezuela, RB",2016,63.9,68.9,54.5,63.3,83.0,64.4,76.4,73.3,73.1,35.8,28.6,65.3,80.8,80.3,77.4,81.5,29.8,49.1,65,45,15,11,8,52.82,,30765720.0,
8943,South America,4365,VEN,"Venezuela, RB",2017,63.4,61.0,51.6,63.2,81.2,67.9,76.3,73.8,76.1,36.0,28.6,56.6,79.6,81.3,80.1,81.5,30.6,52.8,74,45,11,8,10,52.72,,30565323.0,
8944,South America,4366,VEN,"Venezuela, RB",2018,62.6,46.6,51.3,62.4,81.2,67.8,76.3,74.7,75.4,35.4,28.6,53.0,82.9,91.4,80.7,80.1,28.5,48.0,73,30,9,11,15,52.62,,29807592.0,
8945,South America,4367,VEN,"Venezuela, RB",2019,61.6,28.3,51.1,63.2,81.2,67.6,76.3,75.3,75.4,34.9,28.6,54.4,82.6,92.3,80.9,80.1,27.9,46.5,70,20,15,12,10,52.52,,28938098.0,
8946,South America,4368,VEN,"Venezuela, RB",2020,61.1,16.5,53.4,60.3,81.2,67.6,76.3,75.3,73.8,34.1,28.6,53.3,82.6,93.2,81.3,80.0,30.6,50.1,68,50,15,11,15,52.41,,28444077.0,
8947,South America,4369,VEN,"Venezuela, RB",2021,61.5,16.2,52.4,61.4,81.2,67.8,76.3,75.3,76.1,35.1,28.6,53.3,82.6,92.9,81.3,80.8,32.6,51.0,68,55,12,11,10,,,28237826.0,
8948,South America,4370,VEN,"Venezuela, RB",2022,62.9,19.7,52.4,62.8,81.2,68.1,76.3,75.3,76.6,34.8,28.6,71.2,82.6,92.9,81.3,80.7,32.5,52.2,68,45,11,14,10,,,28213017.0,
8949,Asia,4371,VNM,Vietnam,2000,63.5,81.9,59.5,61.0,83.6,67.3,61.0,48.5,72.8,25.7,64.9,57.2,91.6,97.3,56.2,39.2,59.2,52.2,25,25,14,25,8,38.0,93525828108.839,77154011.0,1212.19657794381
8950,Asia,4372,VNM,Vietnam,2001,63.7,81.9,60.3,61.4,82.4,67.5,61.7,49.9,72.5,25.7,64.9,57.7,91.6,97.2,55.5,41.0,59.2,52.9,35,30,15,75,5,38.52,99317782863.096,77969361.0,1273.8052690094
8951,Asia,4373,VNM,Vietnam,2002,64.2,81.9,60.2,61.5,82.4,68.4,62.3,50.6,72.9,25.7,64.9,59.5,91.4,97.0,55.5,45.2,59.2,52.9,37,40,15,35,8,39.04,105595482130.707,78772224.0,1340.51670460271
8952,Asia,4374,VNM,Vietnam,2003,64.5,81.9,59.0,64.0,82.4,68.5,62.9,51.2,72.8,25.9,64.9,60.0,91.3,96.9,55.6,45.6,59.2,55.0,35,38,12,60,10,39.56,112880581486.059,79563777.0,1418.74337471509
8953,Asia,4375,VNM,Vietnam,2004,64.8,81.9,59.4,63.9,82.4,68.7,63.5,51.6,72.9,26.5,66.4,61.8,91.0,96.6,54.9,45.9,59.2,54.9,40,30,15,45,10,40.07,121387725604.567,80338971.0,1510.94449049599
8954,Asia,4376,VNM,Vietnam,2005,65.3,81.9,60.3,64.6,85.4,68.9,64.1,54.1,72.9,27.2,66.4,61.9,91.3,96.5,54.4,45.8,59.2,55.2,35,35,16,55,10,40.59,130549157968.493,81088313.0,1609.96268313651
8955,Asia,4377,VNM,Vietnam,2006,66.0,81.9,61.7,64.5,86.6,69.0,64.8,56.0,72.9,27.9,70.2,63.7,91.3,96.5,53.6,46.1,59.2,55.8,30,35,15,45,8,41.11,139658819217.11,82167897.0,1699.67620343393
8956,Asia,4378,VNM,Vietnam,2007,65.8,81.9,61.6,63.5,86.6,68.4,65.5,56.6,72.9,28.5,70.2,62.2,91.1,96.4,52.9,46.0,57.9,56.3,30,40,15,60,8,41.63,149615800998.365,83633375.0,1788.9485028957
8957,Asia,4379,VNM,Vietnam,2008,66.7,81.9,64.4,64.8,89.3,68.5,66.2,57.2,73.0,29.0,70.7,66.0,91.2,96.2,52.3,45.8,60.3,56.5,30,40,15,65,7,42.14,158086705343.275,85175788.0,1856.00519883979
8958,Asia,4380,VNM,Vietnam,2009,66.8,81.9,64.1,65.1,91.1,68.7,66.9,58.7,73.1,29.4,70.7,66.9,90.5,96.0,51.6,45.7,60.5,55.4,35,30,15,35,10,42.66,166620063722.291,86460018.0,1927.13427057454
8959,Asia,4381,VNM,Vietnam,2010,66.5,81.9,67.8,66.1,91.1,70.9,67.6,59.3,73.4,30.0,55.7,68.7,90.6,95.8,50.9,45.5,57.6,57.9,35,25,15,72,7,43.18,177322478338.404,87455152.0,2027.58184375924
8960,Asia,4382,VNM,Vietnam,2011,66.8,85.3,67.4,68.0,89.7,70.4,68.3,61.7,73.5,31.6,55.7,66.5,90.7,95.6,50.5,46.3,58.4,56.4,40,45,15,72,10,43.61,188694468366.268,88468314.0,2132.90453762087
8961,Asia,4383,VNM,Vietnam,2012,68.3,88.1,68.6,67.5,88.9,70.7,69.0,63.8,73.5,33.1,70.4,70.9,90.7,95.9,49.8,46.4,58.4,56.2,35,38,15,40,10,44.05,199081239731.688,89510356.0,2224.11404253256
8962,Asia,4384,VNM,Vietnam,2013,68.3,89.1,68.2,62.9,90.5,69.4,69.7,64.7,73.3,34.4,70.4,71.5,90.4,95.6,49.4,46.7,57.4,57.3,30,38,15,60,15,44.48,210137237901.389,90573104.0,2320.08431444934
8963,Asia,4385,VNM,Vietnam,2014,69.6,90.3,70.5,68.1,95.8,69.6,70.5,65.6,74.8,39.4,74.0,70.7,90.3,94.9,50.4,48.2,56.7,54.0,40,43,15,60,10,44.92,223632762207.56,91679578.0,2439.28655744423
8964,Asia,4386,VNM,Vietnam,2015,70.6,92.1,69.7,69.2,98.4,69.6,71.2,70.1,75.2,41.4,74.0,75.4,89.7,94.3,49.4,48.2,57.2,55.2,38,45,15,70,15,45.35,239258328381.741,92823254.0,2577.56885340113
8965,Asia,4387,VNM,Vietnam,2016,70.5,93.2,69.7,68.8,98.0,71.1,71.9,69.3,75.2,41.2,72.1,74.3,89.6,94.1,48.6,48.0,57.5,55.4,35,42,17,65,7,45.73,255264731908.124,94000117.0,2715.57887431272
8966,Asia,4388,VNM,Vietnam,2017,70.9,93.9,70.5,68.9,98.2,71.2,72.5,71.6,74.5,42.5,72.1,74.9,89.5,93.9,47.7,47.8,58.5,56.4,44,37,18,75,10,46.1,272980590259.187,95176977.0,2868.13680013379
8967,Asia,4389,VNM,Vietnam,2018,71.3,94.5,71.7,66.6,97.5,71.1,73.1,70.3,76.2,50.0,70.4,82.6,89.2,93.0,47.6,42.0,59.5,57.2,38,44,15,70,10,46.48,293358610036.841,96237319.0,3048.28327602145
8968,Asia,4390,VNM,Vietnam,2019,71.4,95.5,72.2,68.5,97.9,71.3,73.7,68.6,75.6,50.4,70.4,83.0,89.1,91.9,47.4,41.8,60.4,56.8,40,35,18,50,10,46.85,314947640805.601,97173776.0,3241.07648966529
8969,Asia,4391,VNM,Vietnam,2020,71.8,95.4,73.1,69.6,97.8,71.7,74.3,69.0,75.7,52.4,70.4,83.1,89.1,92.1,47.6,41.6,60.4,57.9,42,35,18,65,15,47.23,323972192107.065,98079191.0,3303.16949807493
8970,Asia,4392,VNM,Vietnam,2021,72.3,95.6,73.5,68.5,97.4,74.1,74.3,69.0,75.8,53.7,70.4,81.1,90.2,92.2,47.7,44.9,61.6,59.4,41,40,18,65,10,,332245562394.77,98935098.0,3358.21734764714
8971,Asia,4393,VNM,Vietnam,2022,73.3,97.0,73.6,69.9,97.4,74.4,74.3,69.0,76.2,58.1,70.4,87.8,90.2,92.2,47.7,44.6,64.4,59.4,52,37,18,75,10,,360611028837.664,99680655.0,3617.66311465012
8972,Asia,4394,YEM,"Yemen, Rep.",2000,46.8,42.6,33.8,37.6,29.8,8.3,27.7,29.5,54.6,11.1,73.1,50.3,94.4,97.3,50.8,43.2,46.0,65.9,55,20,10,10,40,1.04,41498240974.0203,19624141.0,2114.65260945793
8973,Asia,4395,YEM,"Yemen, Rep.",2001,46.9,42.6,33.7,38.6,29.8,8.3,27.8,29.5,54.5,11.1,73.1,50.3,94.3,97.1,52.0,43.0,46.0,65.3,65,20,10,20,60,1.04,43076687103.7319,20226147.0,2129.75249827522
8974,Asia,4396,YEM,"Yemen, Rep.",2002,47.0,42.6,32.5,38.3,29.8,8.3,28.0,31.2,54.4,11.1,73.1,51.0,94.1,97.2,54.3,42.8,46.0,64.9,55,40,12,20,20,1.04,44771854466.0679,20835086.0,2148.86823438444
8975,Asia,4397,YEM,"Yemen, Rep.",2003,47.6,42.6,30.8,39.0,33.2,8.3,28.5,31.0,54.3,11.1,73.1,51.2,94.1,97.1,61.1,42.7,46.1,65.1,65,35,10,12,5,1.04,46449634127.6715,21456379.0,2164.84030822123
8976,Asia,4398,YEM,"Yemen, Rep.",2004,47.7,42.6,28.4,41.0,34.7,8.3,29.1,30.0,54.2,11.1,73.1,52.0,93.8,97.0,63.6,42.5,46.2,64.1,70,30,10,15,15,1.04,48294937071.0241,22095167.0,2185.76927121773
8977,Asia,4399,YEM,"Yemen, Rep.",2005,48.5,42.6,31.4,42.0,35.5,8.3,29.5,31.6,54.1,11.1,73.1,53.1,93.8,96.9,65.7,42.3,49.5,63.4,50,23,15,15,20,1.04,50995468285.3211,22790085.0,2237.61641456454
8978,Asia,4400,YEM,"Yemen, Rep.",2006,48.9,42.6,32.9,42.6,35.5,8.3,30.0,32.4,54.0,11.1,73.1,54.0,93.6,96.8,67.6,42.2,50.8,63.4,70,30,15,17,10,1.04,52612233384.6189,23543083.0,2234.72148420914
8979,Asia,4401,YEM,"Yemen, Rep.",2007,49.0,42.6,32.6,44.0,35.5,8.3,30.5,35.3,53.9,11.5,73.1,54.1,93.6,96.9,65.5,42.0,49.6,63.2,65,35,8,15,75,1.04,54368654892.2338,24318082.0,2235.72956503041
8980,Asia,4402,YEM,"Yemen, Rep.",2008,49.6,42.6,32.8,44.1,35.6,8.3,31.0,36.6,53.8,11.8,73.1,55.0,93.8,96.8,72.5,50.9,50.0,54.2,65,30,10,15,70,1.04,56351789349.4012,25111941.0,2244.02364394697
8981,Asia,4403,YEM,"Yemen, Rep.",2009,49.4,42.6,32.7,44.3,35.6,8.3,31.4,35.9,53.7,12.3,73.1,54.7,93.4,96.7,72.4,50.7,47.5,53.6,80,30,12,11,40,1.04,58530478861.9529,25927724.0,2257.44762100803
8982,Asia,4404,YEM,"Yemen, Rep.",2010,49.6,42.6,32.8,45.8,38.6,8.3,31.9,39.3,53.6,12.6,73.1,52.2,93.9,96.9,72.5,50.6,46.8,51.6,70,37,14,14,40,1.04,63038676058.8926,26754387.0,2356.1996041581
8983,Asia,4405,YEM,"Yemen, Rep.",2011,49.2,40.5,32.4,44.7,38.6,8.3,32.3,38.7,53.3,13.0,73.1,44.2,94.4,97.4,75.8,50.4,45.9,52.9,70,25,15,5,65,1.04,55023373390.9499,27582897.0,1994.83663340185
8984,Asia,4406,YEM,"Yemen, Rep.",2012,49.4,38.4,30.9,45.3,41.1,8.3,32.8,39.2,53.3,15.2,73.1,44.8,94.4,97.2,76.1,50.2,45.1,54.1,75,35,15,15,68,1.04,56340077325.8181,28433647.0,1981.45800029867
8985,Asia,4407,YEM,"Yemen, Rep.",2013,49.1,36.2,26.7,47.4,41.6,7.0,33.2,44.2,53.3,15.8,73.1,44.9,94.3,96.7,76.4,50.1,40.0,53.6,70,45,10,10,70,1.04,59057651705.9513,29312952.0,2014.72890570528
8986,Asia,4408,YEM,"Yemen, Rep.",2014,48.1,35.3,26.8,46.5,41.6,7.0,33.6,40.6,53.1,11.5,66.3,47.1,94.3,96.8,76.6,49.9,37.5,53.1,78,30,12,9,70,1.04,58946215682.4435,30226309.0,1950.16254490231
8987,Asia,4409,YEM,"Yemen, Rep.",2015,47.3,21.3,26.5,44.9,41.6,7.0,34.0,46.6,52.9,11.9,66.3,42.0,94.9,98.4,76.3,49.7,37.5,52.3,84,30,10,5,70,1.04,42444490073.7255,31159379.0,1362.17381205593
8988,Asia,4410,YEM,"Yemen, Rep.",2016,47.3,15.9,24.3,45.7,41.8,7.0,34.5,46.9,53.2,12.0,66.3,50.1,94.8,98.7,75.9,49.6,35.0,52.3,78,50,5,5,72,1.04,38465266572.9308,32109010.0,1197.95865935857
8989,Asia,4411,YEM,"Yemen, Rep.",2017,47.3,12.0,25.5,44.2,41.8,7.0,34.9,48.2,53.3,12.3,66.3,49.9,94.9,98.8,75.7,49.4,35.7,54.2,75,35,7,5,73,1.04,36514386858.9647,33090921.0,1103.45634861492
8990,Asia,4412,YEM,"Yemen, Rep.",2018,46.4,11.0,27.2,43.7,41.8,7.5,35.4,33.9,53.4,13.9,66.3,47.1,95.9,98.8,75.3,49.3,35.5,52.6,80,56,8,5,60,1.04,36789138483.6086,34085182.0,1079.3293837659
8991,Asia,4413,YEM,"Yemen, Rep.",2019,47.0,10.4,27.9,45.0,41.8,13.1,35.8,36.6,53.5,14.0,66.3,48.8,96.0,98.6,75.0,49.1,35.5,51.7,82,40,10,10,60,1.04,,35111408.0,
8992,Asia,4414,YEM,"Yemen, Rep.",2020,46.8,5.7,28.5,45.2,41.8,13.1,36.2,36.9,53.0,14.1,66.3,48.9,96.0,98.7,75.0,48.9,36.0,51.1,78,30,12,11,10,1.04,,36134863.0,
8993,Asia,4415,YEM,"Yemen, Rep.",2021,46.6,4.4,28.6,45.5,41.8,13.1,36.2,36.9,52.8,14.2,66.3,48.9,96.0,98.7,74.9,48.7,35.7,49.9,60,40,8,6,10,,,37140230.0,
8994,Asia,4416,YEM,"Yemen, Rep.",2022,46.8,4.6,28.8,44.5,41.8,13.1,36.2,36.9,53.2,14.2,66.3,53.0,96.0,98.7,74.9,48.4,35.9,50.1,78,55,10,8,75,,,38222876.0,
8995,Africa,4417,ZMB,Zambia,2000,47.1,6.7,54.9,19.2,26.5,44.2,45.0,38.5,56.6,5.3,43.0,60.0,95.5,98.5,0.0,70.6,40.6,49.3,15,30,15,22,15,63.3,8059030210.46366,10017631.0,804.48463418783
8996,Africa,4418,ZMB,Zambia,2001,47.2,6.7,53.7,19.8,27.4,44.6,45.4,39.6,56.2,5.3,43.0,59.8,95.2,98.5,0.0,70.6,40.6,49.2,20,42,20,32,10,63.25,8487518230.93072,10325185.0,822.020935308251
8997,Africa,4419,ZMB,Zambia,2002,47.5,6.7,52.3,20.3,33.9,46.1,45.8,39.1,55.9,5.3,43.0,60.0,95.0,98.5,0.0,70.6,40.6,47.5,20,35,12,20,10,63.2,8869967014.46174,10647949.0,833.021177549004
8998,Africa,4420,ZMB,Zambia,2003,47.7,6.7,53.6,21.2,33.9,46.6,46.3,39.6,55.6,5.3,43.0,59.8,95.1,98.5,0.0,70.6,40.6,46.3,25,35,15,30,8,63.15,9485983915.84691,10983595.0,863.650190656785
8999,Africa,4421,ZMB,Zambia,2004,46.5,6.7,53.4,22.0,43.0,47.1,46.7,40.4,55.2,5.4,12.3,60.0,95.2,98.5,0.0,70.6,40.6,47.7,25,40,20,20,10,63.1,10153075785.3691,11338198.0,895.475258534826
9000,Africa,4422,ZMB,Zambia,2005,47.1,6.7,54.0,22.9,50.8,47.9,47.1,41.4,54.9,5.4,12.3,60.4,95.3,98.5,0.0,70.6,40.6,45.1,30,40,20,30,7,63.06,10887711636.03,11718819.0,929.079255855905
9001,Africa,4423,ZMB,Zambia,2006,47.3,6.7,55.3,23.6,49.6,49.4,47.5,41.9,56.4,5.4,11.8,60.7,95.1,98.5,0.0,70.6,40.6,44.1,15,40,30,30,10,63.01,11748243095.7729,12129553.0,968.563565019492
9002,Africa,4424,ZMB,Zambia,2007,47.4,6.7,55.6,23.8,52.0,52.5,47.9,40.5,57.9,5.5,11.8,57.2,95.5,98.5,0.0,70.6,39.9,42.9,20,55,20,25,15,62.96,12729507610.1931,12565085.0,1013.08567432637
9003,Africa,4425,ZMB,Zambia,2008,48.4,6.7,55.8,26.5,58.5,53.1,48.3,41.8,59.4,6.5,11.8,61.9,95.6,98.5,0.0,70.6,37.1,41.8,40,50,20,23,15,62.91,13719086269.626,13021324.0,1053.58612301068
9004,Africa,4426,ZMB,Zambia,2009,48.3,6.7,56.5,28.5,55.5,53.0,48.7,41.9,57.9,6.5,11.8,58.9,95.4,98.4,0.0,70.6,38.8,43.1,10,38,20,30,15,62.86,14984033821.7868,13490389.0,1110.71918102486
9005,Africa,4427,ZMB,Zambia,2010,49.2,6.7,58.2,30.0,66.7,53.6,49.1,40.8,56.4,6.6,10.4,59.0,95.2,98.4,0.0,70.6,38.9,46.0,35,50,18,30,15,62.81,16527123087.7163,13965594.0,1183.41712409199
9006,Africa,4428,ZMB,Zambia,2011,50.0,7.5,58.3,30.6,68.3,53.0,49.5,42.6,57.9,6.7,10.4,62.9,95.1,98.1,0.0,70.6,39.7,49.4,40,48,30,25,15,62.56,17447560252.6576,14437796.0,1208.46424569634
9007,Africa,4429,ZMB,Zambia,2012,50.1,8.7,59.3,31.4,68.4,53.7,49.9,42.9,59.4,6.8,10.4,56.3,94.8,97.8,0.0,70.6,41.5,49.5,35,45,30,30,10,62.31,18773117888.8094,14913629.0,1258.78938578996
9008,Africa,4430,ZMB,Zambia,2013,50.4,9.5,57.6,33.0,66.3,58.4,50.3,43.2,59.3,6.9,10.4,55.2,94.6,97.5,0.0,70.6,44.3,49.4,40,60,25,25,5,62.06,19722575262.7917,15398997.0,1280.77012176778
9009,Africa,4431,ZMB,Zambia,2014,51.6,10.2,57.5,34.9,66.3,58.8,50.7,42.1,61.5,11.3,10.4,61.0,94.7,97.7,0.0,70.6,45.4,53.1,35,55,30,35,12,61.8,20648211567.0616,15895315.0,1299.01241762504
9010,Africa,4432,ZMB,Zambia,2015,51.6,10.4,57.2,38.6,66.3,60.7,51.1,42.9,62.3,12.4,8.3,52.7,94.7,97.8,0.0,70.6,47.6,52.9,30,55,18,33,10,61.55,21251216798.7762,16399089.0,1295.87788680068
9011,Africa,4433,ZMB,Zambia,2016,52.2,10.5,56.3,39.6,66.3,64.0,51.5,43.2,62.2,14.9,8.3,59.8,94.8,98.1,0.0,70.6,44.7,50.7,30,50,25,42,10,61.3,22049221308.1088,16914423.0,1303.57513869133
9012,Africa,4434,ZMB,Zambia,2017,52.5,10.6,57.0,39.8,64.0,64.6,51.8,44.0,64.1,17.2,8.3,58.8,94.7,97.9,0.0,70.6,45.9,51.2,35,58,30,35,15,61.04,22826646593.6169,17441320.0,1308.76829240086
9013,Africa,4435,ZMB,Zambia,2018,53.4,10.7,57.9,41.8,66.1,66.3,52.2,44.1,66.8,19.3,8.3,59.2,95.0,97.9,0.0,68.9,44.9,55.6,30,58,25,30,15,60.79,23747586257.2512,17973569.0,1321.25045711573
9014,Africa,4436,ZMB,Zambia,2019,53.4,10.4,58.7,42.8,66.1,65.9,52.6,44.5,66.4,18.9,8.3,57.1,94.9,97.9,0.0,68.9,45.4,55.3,35,60,30,45,20,60.54,24089861649.0155,18513839.0,1301.18132976178
9015,Africa,4437,ZMB,Zambia,2020,53.6,9.4,59.1,45.9,66.7,66.2,52.9,44.7,65.3,19.8,8.3,56.9,94.9,98.0,0.0,68.9,44.4,55.2,30,55,25,35,30,60.28,23418945736.8993,19059395.0,1228.73500113195
9016,Africa,4438,ZMB,Zambia,2021,53.2,9.7,59.4,44.9,66.7,65.1,52.9,44.7,65.1,20.2,8.3,54.5,94.9,98.0,0.0,68.4,43.9,55.2,38,48,32,30,10,,24879098747.8861,19603607.0,1269.10821808895
9017,Africa,4439,ZMB,Zambia,2022,54.3,9.9,59.5,45.6,66.7,65.1,52.9,44.7,65.1,20.2,8.3,58.1,94.9,98.0,0.0,68.4,44.1,54.9,35,65,20,43,5,,26175604214.1895,20152938.0,1298.8480495593
9018,Africa,4440,ZWE,Zimbabwe,2000,52.0,31.3,44.4,26.7,60.1,57.1,56.1,34.3,60.4,13.8,37.0,68.6,93.6,96.9,0.0,70.6,42.7,38.0,73,40,12,15,7,47.48,19936940457.4994,11892055.0,1676.49245294438
9019,Africa,4441,ZWE,Zimbabwe,2001,52.0,31.3,43.6,24.3,61.9,57.7,55.8,35.8,60.6,13.8,37.0,68.6,93.4,97.1,0.0,70.6,42.7,38.0,60,20,10,15,10,47.36,20223955721.7706,11971901.0,1689.28524565736
9020,Africa,4442,ZWE,Zimbabwe,2002,52.0,31.3,40.9,24.2,60.5,57.8,55.3,37.0,60.7,13.8,37.0,68.4,93.3,97.2,0.0,74.0,42.6,38.0,70,20,15,14,8,47.24,18425232320.6698,12087653.0,1524.30189058784
9021,Africa,4443,ZWE,Zimbabwe,2003,52.1,31.3,41.0,22.6,60.2,58.5,55.4,38.9,60.9,13.8,37.0,68.0,93.8,97.4,0.0,74.0,43.1,38.0,55,30,10,15,8,47.12,15293850319.0266,12232323.0,1250.28175915781
9022,Africa,4444,ZWE,Zimbabwe,2004,52.5,31.3,45.8,22.1,60.2,59.1,55.5,39.9,61.1,13.7,37.0,67.8,93.8,97.5,0.0,74.0,43.3,38.0,40,15,10,10,5,47.0,14405654146.6082,12365896.0,1164.95029123714
9023,Africa,4445,ZWE,Zimbabwe,2005,52.4,31.3,41.6,21.4,60.2,62.8,55.5,38.8,61.1,13.8,37.0,67.6,94.3,97.4,0.0,74.0,43.2,38.0,60,30,8,13,7,46.88,13582935179.826,12483432.0,1088.07699515855
9024,Africa,4446,ZWE,Zimbabwe,2006,52.5,31.3,42.8,20.3,60.2,63.7,55.4,38.8,61.0,13.8,37.0,67.4,94.8,97.4,0.0,74.0,44.5,38.0,65,37,12,15,5,46.76,13112762532.2125,12636445.0,1037.69395049102
9025,Africa,4447,ZWE,Zimbabwe,2007,52.2,31.3,42.2,18.3,60.2,64.0,55.4,38.5,60.9,14.0,37.0,65.3,94.7,97.5,0.0,73.9,43.6,38.0,75,60,12,11,8,46.64,12633710459.7668,12804058.0,986.695816261281
9026,Africa,4448,ZWE,Zimbabwe,2008,51.9,31.3,40.2,17.9,60.2,64.2,55.1,39.7,60.8,14.0,37.0,62.7,94.9,97.8,0.0,73.9,43.2,38.0,75,45,7,12,10,46.52,10401466939.1297,12959149.0,802.635029439794
9027,Africa,4449,ZWE,Zimbabwe,2009,52.9,31.3,44.0,19.5,60.2,64.6,54.9,42.3,60.8,14.0,37.0,70.0,94.7,97.8,0.0,73.9,44.3,38.0,69,25,12,25,10,46.4,11781957804.9788,13142790.0,896.457890978913
9028,Africa,4450,ZWE,Zimbabwe,2010,53.8,31.3,43.5,24.8,60.2,65.2,54.6,40.1,60.7,15.1,37.0,71.0,94.7,97.7,0.0,73.9,44.9,45.9,50,25,10,15,5,46.28,14100106032.9961,13356548.0,1055.6699255673
9029,Africa,4451,ZWE,Zimbabwe,2011,53.8,31.3,43.1,27.1,60.2,65.8,54.3,38.7,60.5,17.1,37.0,73.6,93.4,95.3,0.0,73.9,44.1,45.9,55,40,10,18,5,46.17,16101463201.3366,13595424.0,1184.32960982582
9030,Africa,4452,ZWE,Zimbabwe,2012,55.8,39.8,45.9,29.5,65.4,66.3,54.1,41.4,60.6,20.2,37.0,71.3,93.6,94.9,0.0,73.8,45.7,53.0,30,40,14,25,15,46.05,18784841115.8571,13817887.0,1359.45829603738
9031,Africa,4453,ZWE,Zimbabwe,2013,56.2,34.4,45.4,30.7,64.0,73.4,53.8,38.6,60.7,22.6,37.0,73.2,93.5,95.2,0.0,78.1,45.3,52.9,50,40,12,20,8,45.93,19158562813.5116,14013808.0,1367.1204010724
9032,Africa,4454,ZWE,Zimbabwe,2014,56.3,31.0,46.1,33.2,63.5,74.1,53.5,36.6,59.7,23.6,37.0,74.0,93.7,95.4,0.0,78.0,46.5,54.3,55,40,15,23,10,45.81,19613959112.6711,14207359.0,1380.54927116793
9033,Africa,4455,ZWE,Zimbabwe,2015,56.3,37.0,44.6,35.1,58.4,75.0,53.3,36.5,60.9,24.6,37.0,75.8,93.6,94.2,0.0,78.0,46.5,50.7,43,55,15,26,10,45.69,19963058858.4528,14399013.0,1386.41855927575
9034,Africa,4456,ZWE,Zimbabwe,2016,56.1,29.1,43.7,36.9,60.8,75.8,53.0,37.6,60.6,25.4,37.0,76.1,93.5,94.8,0.0,78.0,46.2,48.6,38,45,10,25,15,45.57,20113938470.3756,14600294.0,1377.63927701563
9035,Africa,4457,ZWE,Zimbabwe,2017,56.4,27.6,46.4,38.5,59.6,77.2,52.8,39.2,63.6,25.7,32.4,75.7,94.5,94.9,0.0,78.0,44.9,51.9,40,55,15,30,15,45.45,21066215031.2159,14812482.0,1422.1934603003
9036,Africa,4458,ZWE,Zimbabwe,2018,55.9,26.4,46.6,39.8,57.9,76.7,51.6,40.6,63.8,23.5,32.4,79.2,94.6,94.1,0.0,76.4,45.5,45.6,35,43,18,25,5,45.33,22121615842.4178,15034452.0,1471.39488971183
9037,Africa,4459,ZWE,Zimbabwe,2019,53.7,21.4,46.0,40.6,60.6,77.0,51.3,39.9,62.8,23.8,24.0,58.6,94.6,94.2,0.0,76.4,44.0,44.5,40,40,15,25,15,45.21,20720775635.0685,15271368.0,1356.83821089692
9038,Africa,4460,ZWE,Zimbabwe,2020,54.3,20.1,47.2,41.5,62.0,77.0,51.1,41.6,62.9,25.4,24.0,60.0,94.6,94.3,0.0,76.4,44.6,46.0,55,58,15,22,0,45.09,19101046519.5924,15526888.0,1230.19155671068
9039,Africa,4461,ZWE,Zimbabwe,2021,54.8,20.8,48.4,41.9,62.5,77.1,51.1,41.6,63.1,27.0,24.0,61.2,94.5,94.3,0.0,77.9,43.1,48.1,50,38,22,28,15,,20718530620.6262,15797210.0,1311.53099950094
9040,Africa,4462,ZWE,Zimbabwe,2022,55.6,21.5,48.5,41.9,62.5,77.2,51.1,41.6,63.2,27.0,24.0,65.7,94.5,94.3,0.0,77.9,40.5,47.8,38,50,15,33,10,,21990477716.189,16069056.0,1368.49841808934
