Item ID,continent,index,country,year,sdg_index_score,goal_1_score,goal_2_score,goal_3_score,goal_4_score,goal_5_score,goal_6_score,goal_7_score,goal_8_score,goal_9_score,goal_10_score,goal_11_score,goal_12_score,goal_13_score,goal_14_score,goal_15_score,goal_16_score,goal_17_score,discrimination_level_judge_score,ethnic_fractionalization_level_judge_score,media_freedom_score_judge_score,political_stability_judge_score,religiosity_level_judge_score,forest_share_pct
4579,Asia,1,Afghanistan,2000,36.0,28.8,27.3,19.2,1.6,20.8,32.4,21.0,38.5,5.2,0.0,25.8,94.7,99.4,0.0,51.9,39.2,34.2,90,12,5,5,20,1.85
4580,Asia,2,Afghanistan,2001,36.3,28.8,30.6,19.4,1.6,20.8,32.4,22.3,38.5,5.2,0.0,25.8,94.5,99.4,0.0,51.9,39.2,34.2,85,72,5,5,85,1.85
4581,Asia,3,Afghanistan,2002,36.3,28.8,30.7,19.7,1.6,20.8,32.7,21.5,38.4,5.2,0.0,26.1,94.1,99.4,0.0,51.8,39.2,34.2,78,63,13,12,10,1.85
4582,Asia,4,Afghanistan,2003,36.7,28.8,32.5,19.9,1.6,20.8,33.0,24.5,38.4,5.2,0.0,26.5,94.4,99.4,0.0,51.8,39.2,34.2,75,64,12,11,15,1.85
4583,Asia,5,Afghanistan,2004,37.1,28.8,32.1,21.1,1.6,20.8,33.3,28.0,38.5,5.2,0.0,26.8,94.8,99.4,0.0,51.8,39.2,34.2,70,65,7,17,40,1.85
4584,Asia,6,Afghanistan,2005,37.5,28.8,35.9,22.6,1.6,20.8,33.6,27.4,38.4,5.2,0.0,26.9,95.7,99.4,0.0,51.8,39.2,34.2,70,70,10,12,10,1.85
4585,Asia,7,Afghanistan,2006,37.6,28.8,36.5,22.7,1.6,20.8,33.9,27.5,38.5,5.2,0.0,27.3,95.9,99.3,0.0,51.8,39.2,34.7,75,66,8,12,10,1.85
4586,Asia,8,Afghanistan,2007,38.0,28.8,39.5,24.4,1.6,21.0,34.6,27.6,38.5,5.2,0.0,27.6,96.2,99.3,0.0,51.8,39.2,34.8,85,72,9,8,8,1.85
4587,Asia,9,Afghanistan,2008,37.3,28.8,37.8,25.9,1.6,21.0,35.7,14.2,38.5,5.2,0.0,28.0,96.3,99.2,0.0,51.8,39.2,36.0,75,70,10,9,10,1.85
4588,Asia,10,Afghanistan,2009,38.3,28.8,43.0,28.1,1.6,20.8,36.9,15.4,38.5,5.4,0.0,30.3,96.6,99.1,0.0,53.0,39.9,36.7,70,78,14,11,10,1.85
4589,Asia,11,Afghanistan,2010,38.8,28.8,43.2,31.4,1.6,21.0,38.0,15.2,38.5,5.5,0.0,29.9,96.3,99.0,0.0,53.0,43.8,36.6,75,68,12,14,15,1.85
4590,Asia,12,Afghanistan,2011,38.4,27.9,42.0,30.6,1.6,21.0,39.2,15.7,38.5,5.6,0.0,25.9,96.0,98.8,0.0,53.0,43.0,36.9,80,70,8,11,15,1.85
4591,Asia,13,Afghanistan,2012,39.7,30.5,44.3,30.4,1.6,21.0,40.4,23.9,38.5,6.5,0.0,31.4,96.1,98.9,0.0,53.0,43.5,35.3,78,72,15,13,5,1.85
4592,Asia,14,Afghanistan,2013,39.7,31.0,44.2,29.6,1.6,21.3,41.6,24.5,38.5,6.6,0.0,28.9,96.0,99.0,0.0,53.0,44.3,35.6,73,70,10,14,7,1.85
4593,Asia,15,Afghanistan,2014,40.8,30.7,44.3,30.9,1.6,21.8,42.9,31.6,38.7,5.8,0.0,33.6,96.3,99.1,0.0,53.0,45.3,36.0,75,63,12,14,10,1.85
4594,Asia,16,Afghanistan,2015,41.6,30.1,45.0,33.4,17.5,22.4,44.1,26.6,39.1,6.4,0.0,31.3,96.6,99.1,0.0,53.0,44.3,35.5,82,63,11,11,85,1.85
4595,Asia,17,Afghanistan,2016,44.7,29.8,44.3,34.4,37.4,24.8,45.4,36.5,38.5,8.0,0.0,36.0,96.5,99.2,0.0,56.5,45.7,38.2,78,63,15,11,10,1.85
4596,Asia,18,Afghanistan,2017,45.6,29.6,43.5,35.1,38.9,27.1,46.6,38.3,39.9,8.8,0.0,33.6,96.6,99.1,0.0,60.9,45.5,40.1,75,63,12,9,10,1.85
4597,Asia,19,Afghanistan,2018,46.3,29.1,47.8,36.9,40.2,29.0,47.9,35.4,40.8,9.5,0.0,32.8,96.7,99.0,0.0,60.9,45.6,42.1,78,66,11,10,75,1.85
4598,Asia,20,Afghanistan,2019,46.4,29.4,47.0,36.5,42.0,30.8,49.2,35.6,40.6,9.7,0.0,29.8,96.7,99.0,0.0,60.9,46.1,42.0,75,65,20,12,20,1.85
4599,Asia,21,Afghanistan,2020,47.3,27.9,46.0,37.6,42.0,30.2,50.4,35.9,41.1,9.8,0.0,30.2,96.7,99.0,0.0,73.2,45.3,44.1,80,55,10,7,60,1.85
4600,Asia,22,Afghanistan,2021,46.3,20.0,46.7,37.5,34.4,32.9,50.4,35.9,39.5,9.7,0.0,29.4,96.7,99.0,0.0,73.2,44.6,45.3,91,70,10,5,70,
4601,Asia,23,Afghanistan,2022,49.0,12.4,46.9,37.5,34.4,32.9,50.4,35.9,39.5,9.7,0.0,24.5,96.7,99.0,0.0,73.2,44.8,45.3,85,75,11,6,75,
4602,Europe,24,Albania,2000,65.9,96.4,47.0,73.6,81.7,36.7,68.8,75.0,61.2,17.6,84.4,74.8,84.3,90.0,35.2,66.7,66.1,60.0,12,42,22,14,5,28.08
4603,Europe,25,Albania,2001,65.9,96.4,46.2,74.7,82.8,37.3,69.0,73.4,61.5,17.6,84.4,74.6,84.4,89.9,36.0,66.5,65.4,60.0,25,25,23,20,10,28.12
4604,Europe,26,Albania,2002,65.7,96.4,45.4,74.6,82.8,37.4,69.3,71.9,61.8,17.6,84.4,75.2,83.9,89.4,35.5,66.4,65.4,59.1,15,25,18,15,5,28.17
4605,Europe,27,Albania,2003,65.7,96.4,43.7,74.2,81.2,37.5,69.6,72.8,62.3,17.6,84.4,75.0,83.8,88.9,37.3,66.3,65.8,59.5,10,30,25,35,7,28.22
4606,Europe,28,Albania,2004,66.2,96.4,44.1,75.0,80.8,38.0,69.9,74.8,62.7,17.7,84.4,75.5,83.1,89.0,38.2,69.6,65.7,60.2,15,25,24,20,8,28.26
4607,Europe,29,Albania,2005,66.5,96.4,44.2,74.9,80.8,38.5,70.2,75.8,62.9,18.2,88.1,75.4,83.2,88.9,38.0,70.2,65.0,60.0,20,25,20,20,8,28.31
4608,Europe,30,Albania,2006,66.6,96.4,44.6,74.6,80.8,38.6,70.5,74.2,63.1,18.8,88.1,75.9,83.3,89.2,38.0,70.3,65.5,59.7,30,30,30,30,5,28.36
4609,Europe,31,Albania,2007,66.8,96.4,45.6,75.2,82.3,38.7,70.8,73.0,62.8,19.6,88.1,75.8,82.9,89.1,39.2,72.1,63.6,59.6,30,35,28,18,10,28.4
4610,Europe,32,Albania,2008,67.5,96.4,48.1,75.7,80.8,38.8,71.1,76.4,64.4,21.3,89.8,77.9,83.2,88.7,39.2,72.6,63.6,59.3,30,35,30,22,7,28.45
4611,Europe,33,Albania,2009,68.0,96.4,47.3,77.6,78.0,43.9,71.3,79.0,64.1,24.0,89.8,77.3,83.1,88.7,39.2,72.5,64.2,59.5,20,25,32,20,8,28.5
4612,Europe,34,Albania,2010,69.2,96.4,49.4,79.1,79.7,44.3,71.6,80.6,63.9,24.9,89.8,78.4,83.5,88.3,44.8,79.2,63.2,59.7,10,40,33,25,15,28.54
4613,Europe,35,Albania,2011,69.6,96.3,49.7,80.2,83.5,44.3,71.9,78.4,64.2,26.6,89.8,79.0,83.2,87.3,44.8,79.8,65.2,58.6,33,32,32,20,5,28.59
4614,Europe,36,Albania,2012,70.7,95.9,50.5,81.2,87.7,46.1,72.1,81.9,64.3,30.9,93.6,78.4,83.3,89.1,44.8,80.4,64.0,57.8,35,35,34,25,8,28.65
4615,Europe,37,Albania,2013,70.6,94.3,50.8,80.1,90.2,48.3,72.4,83.9,62.9,33.1,93.6,72.0,83.3,88.7,46.5,80.6,61.9,58.4,10,35,34,25,15,28.7
4616,Europe,38,Albania,2014,69.6,92.0,50.3,80.4,93.1,49.5,72.6,81.1,63.2,34.0,75.1,76.5,83.0,88.2,44.6,80.5,60.4,59.5,25,40,40,20,8,28.75
4617,Europe,39,Albania,2015,70.9,96.7,50.2,80.7,93.6,51.5,72.8,83.2,61.6,35.8,81.5,76.5,82.4,91.1,43.1,80.4,63.1,60.5,30,45,35,33,10,28.8
4618,Europe,40,Albania,2016,71.1,96.5,49.5,80.9,96.5,53.7,73.0,84.7,62.6,35.0,78.5,75.8,82.0,91.0,44.5,80.3,63.3,61.1,40,44,40,42,20,28.8
4619,Europe,41,Albania,2017,71.9,96.7,56.9,81.7,93.8,55.5,73.3,81.5,64.3,37.0,81.0,77.5,81.8,89.9,45.1,80.1,62.6,62.8,30,40,40,33,8,28.8
4620,Europe,42,Albania,2018,73.5,97.4,57.6,82.5,96.1,56.1,73.5,84.6,65.6,38.7,90.5,80.6,81.8,90.3,45.4,80.2,64.1,65.4,25,35,20,28,5,28.8
4621,Europe,43,Albania,2019,73.7,98.5,58.3,82.6,95.2,57.4,73.6,84.2,66.1,39.3,88.1,78.1,81.7,90.3,49.4,80.1,63.4,65.7,25,50,35,25,8,28.79
4622,Europe,44,Albania,2020,73.7,98.4,59.0,82.7,94.3,57.3,73.7,84.3,65.1,41.3,88.1,76.6,81.7,90.5,50.3,79.9,63.5,65.9,40,35,44,39,10,28.79
4623,Europe,45,Albania,2021,73.7,98.5,59.1,82.1,86.8,60.7,73.7,84.3,66.1,43.6,88.1,77.4,81.7,90.6,50.2,79.8,63.6,66.1,43,40,30,46,15,
4624,Europe,46,Albania,2022,73.5,98.6,59.3,81.9,86.8,60.8,73.7,84.3,66.2,43.6,88.1,77.4,81.7,90.6,50.2,79.6,60.7,66.1,35,45,40,46,5,
4625,Africa,47,Algeria,2000,65.3,95.4,48.7,69.4,71.5,29.6,60.9,58.1,59.3,19.2,97.0,71.7,89.8,89.2,66.1,54.5,64.5,65.6,35,30,20,23,8,0.66
4626,Africa,48,Algeria,2001,66.1,95.4,51.2,70.0,73.5,30.4,60.5,59.6,59.3,19.3,97.0,71.5,89.8,89.2,69.1,60.3,64.5,63.4,20,40,17,20,10,0.68
4627,Africa,49,Algeria,2002,66.0,95.4,45.6,70.4,75.9,32.5,59.9,59.6,59.3,19.8,97.0,71.3,89.3,89.0,69.3,60.3,64.5,63.3,10,38,20,35,10,0.69
4628,Africa,50,Algeria,2003,66.6,95.4,48.1,70.9,76.4,33.2,59.4,59.9,60.5,19.2,97.0,71.1,89.5,89.0,69.8,62.3,64.5,65.5,50,45,25,40,5,0.71
4629,Africa,51,Algeria,2004,67.2,95.4,47.4,71.0,77.1,33.8,59.0,61.4,63.9,19.6,97.0,70.9,89.4,89.2,69.9,69.3,64.5,64.2,35,25,25,35,7,0.72
4630,Africa,52,Algeria,2005,67.7,95.4,47.4,72.0,80.3,34.5,58.6,60.0,65.3,19.4,97.0,71.0,89.7,88.3,71.4,69.6,64.5,67.1,10,37,35,18,5,0.73
4631,Africa,53,Algeria,2006,68.4,95.4,53.7,73.2,79.3,35.4,58.2,61.3,67.0,19.8,97.0,70.8,89.6,88.7,71.4,69.6,64.6,67.1,30,40,30,20,10,0.75
4632,Africa,54,Algeria,2007,68.3,95.4,52.8,73.4,77.7,36.6,57.7,61.7,66.1,20.2,97.0,70.6,89.4,88.4,71.0,69.6,64.7,68.0,35,45,20,40,20,0.76
4633,Africa,55,Algeria,2008,68.3,95.4,51.3,73.3,77.8,37.0,57.3,62.7,67.5,20.4,97.0,70.4,89.1,88.4,70.5,70.9,64.6,67.8,53,50,30,45,10,0.78
4634,Africa,56,Algeria,2009,68.8,95.4,54.1,73.9,80.8,37.5,57.4,61.3,68.1,20.8,97.0,70.3,89.2,88.0,69.0,72.7,64.7,69.8,40,30,20,52,15,0.79
4635,Africa,57,Algeria,2010,69.0,95.4,54.6,76.0,79.6,37.9,57.5,63.4,68.2,21.0,97.0,70.4,89.4,88.2,65.0,72.7,67.4,69.0,10,40,18,48,10,0.81
4636,Africa,58,Algeria,2011,69.4,96.1,54.6,75.9,81.8,38.5,57.6,64.3,68.2,21.4,97.0,70.2,89.0,88.0,63.3,73.3,68.7,71.8,8,40,25,18,10,0.81
4637,Africa,59,Algeria,2012,71.2,96.4,55.5,76.8,90.8,51.8,57.7,64.4,67.7,21.8,97.0,71.9,89.2,87.8,63.6,73.3,68.8,75.5,30,30,30,35,10,0.81
4638,Africa,60,Algeria,2013,71.2,96.8,56.0,77.3,86.4,53.0,57.8,64.4,68.3,22.6,97.0,71.6,89.1,87.4,65.5,73.3,69.5,74.8,63,40,20,35,5,0.81
4639,Africa,61,Algeria,2014,71.8,97.0,53.9,78.6,84.6,53.0,57.8,64.4,70.7,30.0,97.0,72.9,88.9,86.8,66.6,73.3,69.5,75.6,47,42,25,55,10,0.82
4640,Africa,62,Algeria,2015,72.2,97.2,55.1,79.4,83.6,54.1,57.8,64.6,70.2,34.3,97.0,72.2,89.0,87.5,65.1,73.3,69.2,77.0,40,30,28,52,15,0.82
4641,Africa,63,Algeria,2016,71.9,97.3,54.3,77.3,84.5,54.9,57.9,65.1,70.8,39.0,97.0,65.3,89.1,88.0,64.9,73.3,68.0,75.2,35,38,25,60,5,0.82
4642,Africa,64,Algeria,2017,72.0,97.3,54.2,77.0,84.6,52.3,57.9,65.6,69.5,43.5,97.0,68.6,89.2,88.0,63.2,73.3,68.5,74.6,45,30,30,30,10,0.82
4643,Africa,65,Algeria,2018,71.7,97.4,57.1,75.8,88.1,49.4,58.0,65.2,69.5,44.7,97.0,68.7,89.3,88.4,63.5,61.8,69.2,75.8,65,33,30,35,5,0.82
4644,Africa,66,Algeria,2019,70.8,97.5,58.0,75.8,76.9,49.9,58.0,65.4,69.2,47.9,97.0,62.2,89.2,88.3,64.8,62.1,64.0,77.0,10,30,25,28,10,0.82
4645,Africa,67,Algeria,2020,71.3,97.1,57.6,77.0,77.0,49.8,58.0,65.5,66.8,49.9,97.0,67.1,89.2,88.7,64.8,62.0,66.2,77.8,30,35,25,37,7,0.82
4646,Africa,68,Algeria,2021,71.0,97.3,57.5,76.8,69.3,40.9,58.0,65.5,67.4,53.2,97.0,64.7,89.2,88.6,64.8,67.1,67.7,81.3,35,28,25,32,15,
4647,Africa,69,Algeria,2022,70.8,97.7,57.6,77.3,70.1,41.0,58.0,65.5,67.5,53.9,97.0,62.6,89.2,88.6,64.8,67.1,65.3,81.1,45,35,18,50,10,
4648,Europe,70,Andorra,2000,47.8,55.1,44.4,21.9,35.6,37.4,43.6,14.1,63.5,5.3,15.5,50.6,94.3,93.8,68.5,67.1,39.6,62.4,7,10,70,10,10,34.04
4649,Europe,71,Andorra,2001,47.7,55.1,45.2,21.9,35.6,37.9,44.3,13.1,63.5,5.3,15.5,50.6,94.1,93.8,65.0,67.1,39.6,64.0,10,8,65,70,10,34.04
4650,Europe,72,Andorra,2002,47.4,55.1,45.9,22.7,35.6,38.3,45.0,14.9,63.6,5.3,15.5,50.6,94.3,93.4,67.7,67.1,39.6,51.6,10,12,65,70,5,34.04
4651,Europe,73,Andorra,2003,47.8,55.1,46.9,22.9,35.6,38.8,45.6,15.2,63.6,5.3,15.5,51.0,94.2,94.0,67.9,67.1,39.6,54.4,7,10,65,70,5,34.04
4652,Europe,74,Andorra,2004,47.7,55.1,47.4,23.1,35.6,39.1,46.3,15.5,63.6,5.3,15.5,51.4,94.2,92.7,67.4,67.1,39.6,52.8,10,10,65,65,7,34.04
4653,Europe,75,Andorra,2005,47.8,55.1,48.4,23.3,35.6,39.5,46.9,17.8,63.6,5.3,15.5,51.9,94.1,92.7,66.7,67.1,39.6,48.9,7,10,75,20,7,34.04
4654,Europe,76,Andorra,2006,48.6,55.1,48.2,23.8,35.6,40.0,47.5,19.8,63.7,5.3,15.5,50.6,94.2,92.4,66.1,67.1,39.6,62.4,10,10,78,65,5,34.04
4655,Europe,77,Andorra,2007,49.0,55.1,48.3,25.9,35.6,40.5,48.0,20.3,63.7,5.3,15.5,51.0,93.8,92.2,66.5,67.1,39.6,64.0,10,7,75,65,7,34.04
4656,Europe,78,Andorra,2008,51.4,55.1,48.7,26.3,35.6,52.3,48.6,24.9,63.6,5.3,39.4,49.7,93.4,92.2,68.2,67.1,39.6,64.3,10,20,65,75,10,34.04
4657,Europe,79,Andorra,2009,50.9,55.1,52.5,26.7,35.0,53.5,49.1,24.2,63.7,5.3,39.4,50.1,93.3,92.1,67.9,67.1,39.6,51.1,3,9,75,70,10,34.04
4658,Europe,80,Andorra,2010,51.8,55.1,55.1,29.6,35.3,53.9,49.7,25.3,60.5,5.4,39.4,49.4,93.7,92.1,68.8,67.1,39.6,60.6,8,6,80,80,7,34.04
4659,Europe,81,Andorra,2011,52.5,55.0,57.3,31.2,36.1,54.1,50.2,25.3,61.7,5.7,39.4,49.8,93.6,91.5,67.5,67.1,43.3,64.1,10,10,80,80,5,34.04
4660,Europe,82,Andorra,2012,52.4,54.5,55.1,30.7,36.1,52.5,50.8,26.4,61.3,12.0,39.4,48.4,93.7,91.9,67.5,67.1,41.8,60.8,8,15,50,80,7,34.04
4661,Europe,83,Andorra,2013,53.1,53.1,57.6,31.1,36.1,52.3,51.3,31.8,60.8,13.3,39.4,48.1,93.5,91.8,66.8,67.1,45.5,62.9,15,18,40,70,8,34.04
4662,Europe,84,Andorra,2014,52.0,53.7,55.4,32.0,38.5,54.2,51.9,27.0,58.9,12.5,39.4,44.8,93.4,90.4,65.8,67.1,42.9,56.1,8,8,70,75,5,34.04
4663,Europe,85,Andorra,2015,52.2,49.7,58.4,33.1,38.5,53.6,52.4,34.1,58.9,12.8,39.4,45.4,93.7,91.7,69.7,67.1,42.2,46.4,8,20,85,85,5,34.04
4664,Europe,86,Andorra,2016,52.1,47.6,58.1,32.7,42.2,53.1,52.9,34.9,58.9,13.1,39.4,44.2,94.1,94.4,68.6,67.1,42.6,42.6,10,10,85,80,5,34.04
4665,Europe,87,Andorra,2017,52.1,44.2,57.5,33.0,42.2,49.9,53.5,36.5,58.9,13.6,39.4,44.5,94.0,94.9,69.3,67.1,42.6,43.8,10,10,85,65,8,34.04
4666,Europe,88,Andorra,2018,50.9,38.4,57.1,34.4,42.2,49.9,54.0,41.3,59.0,12.8,16.5,43.2,94.1,96.0,67.4,66.2,43.0,50.3,8,8,85,80,5,34.04
4667,Europe,89,Andorra,2019,50.7,34.1,56.2,35.3,42.2,49.8,54.1,43.1,57.6,13.6,16.5,43.2,94.1,96.2,67.7,66.2,42.6,49.8,7,15,78,70,5,34.04
4668,Europe,90,Andorra,2020,50.8,31.1,55.1,35.1,42.2,49.8,54.3,43.6,58.7,13.5,16.5,43.2,94.1,96.3,67.5,66.2,44.0,51.9,10,10,80,85,5,34.04
4669,Europe,91,Andorra,2021,51.0,32.8,54.9,35.2,44.6,49.7,54.3,43.6,58.8,13.7,16.5,43.2,94.1,96.3,67.4,66.3,44.4,50.8,10,15,80,80,5,
4670,Europe,92,Andorra,2022,50.8,33.2,54.8,35.2,44.6,49.7,54.3,43.6,59.0,13.7,16.5,43.2,94.1,96.3,67.4,66.3,41.6,50.4,7,15,85,82,5,
4671,Africa,93,Angola,2000,47.8,55.1,44.4,21.9,35.6,37.4,43.6,14.1,63.5,5.3,15.5,50.6,94.3,93.8,68.5,67.1,39.6,62.4,15,40,15,25,15,62.33
4672,Africa,94,Angola,2001,47.7,55.1,45.2,21.9,35.6,37.9,44.3,13.1,63.5,5.3,15.5,50.6,94.1,93.8,65.0,67.1,39.6,64.0,35,55,12,19,15,61.89
4673,Africa,95,Angola,2002,47.4,55.1,45.9,22.7,35.6,38.3,45.0,14.9,63.6,5.3,15.5,50.6,94.3,93.4,67.7,67.1,39.6,51.6,40,66,15,20,10,61.44
4674,Africa,96,Angola,2003,47.8,55.1,46.9,22.9,35.6,38.8,45.6,15.2,63.6,5.3,15.5,51.0,94.2,94.0,67.9,67.1,39.6,54.4,55,60,15,35,10,61.0
4675,Africa,97,Angola,2004,47.7,55.1,47.4,23.1,35.6,39.1,46.3,15.5,63.6,5.3,15.5,51.4,94.2,92.7,67.4,67.1,39.6,52.8,20,60,20,18,12,60.55
4676,Africa,98,Angola,2005,47.8,55.1,48.4,23.3,35.6,39.5,46.9,17.8,63.6,5.3,15.5,51.9,94.1,92.7,66.7,67.1,39.6,48.9,20,35,10,38,5,60.11
4677,Africa,99,Angola,2006,48.6,55.1,48.2,23.8,35.6,40.0,47.5,19.8,63.7,5.3,15.5,50.6,94.2,92.4,66.1,67.1,39.6,62.4,30,63,10,20,8,59.66
4678,Africa,100,Angola,2007,49.0,55.1,48.3,25.9,35.6,40.5,48.0,20.3,63.7,5.3,15.5,51.0,93.8,92.2,66.5,67.1,39.6,64.0,10,40,18,33,5,59.21
4679,Africa,101,Angola,2008,51.4,55.1,48.7,26.3,35.6,52.3,48.6,24.9,63.6,5.3,39.4,49.7,93.4,92.2,68.2,67.1,39.6,64.3,10,47,10,25,7,58.77
4680,Africa,102,Angola,2009,50.9,55.1,52.5,26.7,35.0,53.5,49.1,24.2,63.7,5.3,39.4,50.1,93.3,92.1,67.9,67.1,39.6,51.1,30,60,12,30,10,58.32
4681,Africa,103,Angola,2010,51.8,55.1,55.1,29.6,35.3,53.9,49.7,25.3,60.5,5.4,39.4,49.4,93.7,92.1,68.8,67.1,39.6,60.6,35,60,15,32,8,57.88
4682,Africa,104,Angola,2011,52.5,55.0,57.3,31.2,36.1,54.1,50.2,25.3,61.7,5.7,39.4,49.8,93.6,91.5,67.5,67.1,43.3,64.1,30,66,15,45,8,57.43
4683,Africa,105,Angola,2012,52.4,54.5,55.1,30.7,36.1,52.5,50.8,26.4,61.3,12.0,39.4,48.4,93.7,91.9,67.5,67.1,41.8,60.8,35,43,18,35,10,56.99
4684,Africa,106,Angola,2013,53.1,53.1,57.6,31.1,36.1,52.3,51.3,31.8,60.8,13.3,39.4,48.1,93.5,91.8,66.8,67.1,45.5,62.9,42,55,15,35,6,56.54
4685,Africa,107,Angola,2014,52.0,53.7,55.4,32.0,38.5,54.2,51.9,27.0,58.9,12.5,39.4,44.8,93.4,90.4,65.8,67.1,42.9,56.1,35,50,18,35,15,56.1
4686,Africa,108,Angola,2015,52.2,49.7,58.4,33.1,38.5,53.6,52.4,34.1,58.9,12.8,39.4,45.4,93.7,91.7,69.7,67.1,42.2,46.4,30,58,17,40,10,55.65
4687,Africa,109,Angola,2016,52.1,47.6,58.1,32.7,42.2,53.1,52.9,34.9,58.9,13.1,39.4,44.2,94.1,94.4,68.6,67.1,42.6,42.6,20,50,18,40,12,55.21
4688,Africa,110,Angola,2017,52.1,44.2,57.5,33.0,42.2,49.9,53.5,36.5,58.9,13.6,39.4,44.5,94.0,94.9,69.3,67.1,42.6,43.8,20,63,18,20,7,54.76
4689,Africa,111,Angola,2018,50.9,38.4,57.1,34.4,42.2,49.9,54.0,41.3,59.0,12.8,16.5,43.2,94.1,96.0,67.4,66.2,43.0,50.3,25,55,18,30,7,54.32
4690,Africa,112,Angola,2019,50.7,34.1,56.2,35.3,42.2,49.8,54.1,43.1,57.6,13.6,16.5,43.2,94.1,96.2,67.7,66.2,42.6,49.8,10,40,15,40,7,53.87
4691,Africa,113,Angola,2020,50.8,31.1,55.1,35.1,42.2,49.8,54.3,43.6,58.7,13.5,16.5,43.2,94.1,96.3,67.5,66.2,44.0,51.9,25,58,15,33,10,53.43
4692,Africa,114,Angola,2021,51.0,32.8,54.9,35.2,44.6,49.7,54.3,43.6,58.8,13.7,16.5,43.2,94.1,96.3,67.4,66.3,44.4,50.8,20,59,15,40,7,
4693,Africa,115,Angola,2022,50.8,33.2,54.8,35.2,44.6,49.7,54.3,43.6,59.0,13.7,16.5,43.2,94.1,96.3,67.4,66.3,41.6,50.4,40,60,21,60,8,
4694,North America,116,Antigua and Barbuda,2000,66.9,88.8,49.4,63.9,68.6,47.2,67.1,69.0,68.0,19.1,70.6,80.0,91.7,94.6,0.0,59.3,76.8,56.1,10,10,65,60,10,21.48
4695,North America,117,Antigua and Barbuda,2001,67.2,88.8,52.2,64.7,68.5,47.3,67.9,69.0,68.0,19.4,70.6,80.1,91.8,94.5,0.0,59.3,76.8,56.2,15,20,40,60,10,21.32
4696,North America,118,Antigua and Barbuda,2002,67.4,88.8,50.4,64.8,68.5,47.4,68.1,71.1,68.1,19.4,72.5,80.3,91.5,94.7,0.0,59.8,77.0,55.4,15,10,40,60,7,21.17
4697,North America,119,Antigua and Barbuda,2003,67.8,88.8,50.0,65.6,67.3,48.2,67.1,72.3,68.2,20.2,78.6,80.3,91.4,94.5,0.0,59.8,77.0,55.4,15,20,30,60,8,21.02
4698,North America,120,Antigua and Barbuda,2004,67.1,88.8,55.1,65.3,68.5,48.7,64.9,72.5,68.4,20.1,62.2,80.5,91.1,94.4,0.0,59.7,77.3,56.2,20,10,15,40,10,20.87
4699,North America,121,Antigua and Barbuda,2005,67.5,88.8,52.8,65.3,72.5,48.4,63.8,71.6,68.5,20.4,67.8,80.6,90.9,94.0,0.0,59.6,77.4,57.8,20,18,18,62,7,20.72
4700,North America,122,Antigua and Barbuda,2006,68.9,88.8,47.9,65.7,75.5,48.5,63.8,72.2,68.6,20.3,90.2,80.8,90.3,94.0,0.0,59.5,77.9,58.3,15,10,40,66,10,20.56
4701,North America,123,Antigua and Barbuda,2007,69.0,88.8,54.3,67.3,76.7,50.5,63.1,71.7,68.7,20.5,85.9,74.0,90.0,93.6,0.0,59.4,79.8,60.2,20,10,30,20,5,20.41
4702,North America,124,Antigua and Barbuda,2008,69.5,88.8,54.6,66.9,75.2,50.2,63.9,71.1,68.5,20.5,92.4,78.6,90.2,93.3,0.0,59.3,77.6,61.5,20,20,40,60,5,20.26
4703,North America,125,Antigua and Barbuda,2009,70.4,88.8,53.2,66.6,78.1,50.7,66.0,72.7,68.6,22.4,96.2,79.0,90.1,93.9,0.0,61.0,76.4,62.7,15,10,45,50,10,20.11
4704,North America,126,Antigua and Barbuda,2010,70.6,88.8,52.9,69.4,77.2,54.4,67.8,74.4,68.2,24.9,89.3,76.9,90.5,94.0,0.0,61.0,77.7,61.8,8,18,45,66,15,19.95
4705,North America,127,Antigua and Barbuda,2011,70.9,90.1,55.8,70.3,76.0,54.1,66.5,73.7,68.0,29.1,91.7,74.5,90.4,93.7,0.0,61.9,77.7,61.7,15,20,50,66,5,19.8
4706,North America,128,Antigua and Barbuda,2012,71.1,90.5,55.2,70.8,76.7,55.3,64.4,72.9,67.7,30.9,90.7,76.9,90.0,93.8,0.0,61.9,78.6,60.8,10,18,20,65,8,19.65
4707,North America,129,Antigua and Barbuda,2013,71.0,90.8,56.6,71.5,76.8,55.3,64.5,73.0,67.6,31.5,87.9,74.9,89.6,93.7,0.0,61.9,79.3,61.5,15,10,30,60,7,19.5
4708,North America,130,Antigua and Barbuda,2014,71.1,90.6,58.5,71.8,75.5,55.3,65.1,73.2,67.4,34.0,84.4,76.7,89.7,93.7,0.0,61.9,79.1,61.4,15,18,35,50,5,19.35
4709,North America,131,Antigua and Barbuda,2015,71.1,91.9,58.5,73.0,75.9,55.5,63.4,75.4,67.2,35.5,81.1,74.1,89.8,94.3,0.0,61.9,79.3,61.3,15,12,40,70,15,19.2
4710,North America,132,Antigua and Barbuda,2016,71.0,91.3,55.8,73.7,71.8,55.4,63.9,76.3,67.0,37.5,81.6,77.6,88.2,94.3,0.0,61.9,78.0,61.0,18,15,40,60,10,19.05
4711,North America,133,Antigua and Barbuda,2017,71.1,91.4,52.7,74.4,73.3,59.2,65.5,76.0,72.1,38.8,76.9,77.0,88.7,93.5,0.0,61.9,75.8,61.0,20,25,45,60,15,18.9
4712,North America,134,Antigua and Barbuda,2018,71.1,91.0,54.1,75.3,74.0,59.2,66.3,74.6,71.9,42.9,73.5,73.3,88.5,92.5,0.0,61.9,78.0,60.3,18,10,45,50,10,18.75
4713,North America,135,Antigua and Barbuda,2019,72.6,91.1,52.3,76.9,73.2,62.7,65.6,74.4,72.5,44.0,89.4,76.8,88.4,92.2,0.0,61.9,77.8,62.3,15,25,40,70,5,18.6
4714,North America,136,Antigua and Barbuda,2020,74.1,94.4,53.0,76.8,77.0,63.4,65.6,74.4,72.5,45.2,100.0,76.8,88.4,92.1,0.0,61.9,79.3,64.5,10,30,50,60,20,18.45
4715,North America,137,Antigua and Barbuda,2021,73.7,95.0,53.6,76.8,66.7,68.4,65.6,74.4,73.6,46.7,100.0,75.2,88.4,91.9,0.0,61.9,76.0,64.7,18,15,40,55,10,
4716,North America,138,Antigua and Barbuda,2022,73.3,96.3,53.6,77.0,66.7,68.4,65.6,74.4,73.4,46.7,100.0,75.6,88.4,91.9,0.0,61.9,75.6,64.6,15,20,40,60,8,
4717,South America,139,Argentina,2000,66.2,96.3,67.9,76.6,94.5,71.6,75.2,68.3,66.8,24.8,16.8,76.0,78.6,89.0,60.9,53.6,53.1,55.8,30,30,30,21,5,12.2
4718,South America,140,Argentina,2001,66.1,96.3,68.2,76.6,94.6,71.6,75.4,69.9,65.6,25.2,13.7,76.1,78.9,89.4,59.7,53.8,53.1,56.0,15,30,24,6,8,12.08
4719,South America,141,Argentina,2002,66.3,96.3,68.7,78.3,94.5,73.8,75.6,70.3,64.3,25.4,13.0,76.3,79.6,89.9,59.9,54.0,52.8,53.9,30,20,17,9,8,11.97
4720,South America,142,Argentina,2003,66.7,96.3,67.8,79.1,93.2,73.8,75.8,70.1,66.7,25.6,17.0,76.4,78.9,89.5,61.2,54.6,53.2,55.3,20,25,50,35,5,11.85
4721,South America,143,Argentina,2004,67.0,96.3,68.7,79.2,92.5,75.3,76.0,69.2,67.7,26.3,20.6,76.7,78.4,88.6,61.2,54.8,53.7,54.8,20,15,25,30,10,11.73
4722,South America,144,Argentina,2005,67.8,96.3,68.8,79.9,92.9,76.5,76.2,69.7,68.8,26.6,21.5,76.7,78.4,88.5,66.3,55.2,53.8,55.6,20,40,40,18,7,11.62
4723,South America,145,Argentina,2006,67.9,96.3,67.2,79.1,92.2,75.9,76.4,69.9,69.6,27.5,23.5,77.0,78.1,88.0,67.2,55.2,54.4,56.7,30,28,30,50,5,11.5
4724,South America,146,Argentina,2007,68.1,96.3,68.0,78.3,91.7,78.5,76.6,69.3,70.5,28.3,23.7,76.2,77.5,88.1,67.2,55.2,53.7,58.3,30,43,45,45,7,11.39
4725,South America,147,Argentina,2008,68.3,96.3,67.9,78.1,92.2,78.5,76.7,69.1,70.8,28.8,27.5,74.9,78.0,87.6,65.2,55.5,53.0,60.2,25,35,34,45,7,11.27
4726,South America,148,Argentina,2009,69.3,96.3,65.0,79.7,92.6,77.7,76.9,70.1,70.4,30.4,34.2,80.6,79.5,88.0,63.0,56.8,53.1,64.3,30,30,45,35,5,11.16
4727,South America,149,Argentina,2010,69.9,96.3,68.8,80.0,93.4,77.7,77.1,70.5,70.9,32.0,34.7,83.0,78.7,87.8,61.7,56.8,54.3,64.2,30,32,30,42,10,11.04
4728,South America,150,Argentina,2011,70.3,97.3,68.8,80.4,93.8,77.1,77.3,70.7,71.1,34.9,39.6,81.9,78.1,86.5,60.6,56.8,56.1,63.9,20,50,35,30,8,10.96
4729,South America,151,Argentina,2012,70.7,97.3,67.4,80.5,93.8,77.1,77.5,70.9,71.2,37.1,46.4,80.1,78.5,86.8,60.1,57.1,55.2,65.6,30,10,30,40,7,10.88
4730,South America,152,Argentina,2013,71.1,97.5,68.3,80.7,95.0,76.1,77.6,71.3,71.2,39.8,48.0,79.5,78.3,86.6,61.4,57.0,54.7,66.2,15,35,35,33,7,10.8
4731,South America,153,Argentina,2014,71.9,97.3,68.4,81.7,96.2,76.3,77.7,71.9,73.8,42.9,45.5,84.4,78.4,87.5,61.6,57.1,54.9,66.9,30,35,30,40,8,10.71
4732,South America,154,Argentina,2015,72.9,97.4,68.2,81.4,96.7,76.5,77.8,71.8,75.8,47.0,45.5,85.3,78.4,86.6,67.5,57.2,58.0,68.3,15,37,25,36,7,10.63
4733,South America,155,Argentina,2016,72.1,97.3,68.7,81.3,96.2,76.3,77.9,72.0,75.5,47.4,43.1,81.7,78.1,87.4,62.2,57.3,58.8,65.1,30,38,35,40,10,10.59
4734,South America,156,Argentina,2017,72.9,97.5,69.9,80.1,95.5,77.7,77.9,72.6,74.5,52.4,47.5,82.9,78.2,87.3,60.9,57.3,61.3,66.2,30,43,35,40,10,10.56
4735,South America,157,Argentina,2018,73.0,96.8,68.1,80.8,95.9,78.7,77.9,72.8,74.2,53.7,46.6,83.1,78.3,88.9,61.2,59.1,62.7,62.9,35,38,40,40,18,10.52
4736,South America,158,Argentina,2019,73.0,96.1,69.5,81.5,97.2,79.6,77.9,73.0,74.0,53.0,38.2,85.7,78.1,89.0,61.4,59.2,64.1,63.5,25,35,48,35,15,10.48
4737,South America,159,Argentina,2020,72.7,95.9,68.9,80.0,97.9,80.0,77.9,73.0,73.0,52.8,41.1,80.9,78.1,89.4,61.5,59.1,62.5,64.1,45,45,45,40,7,10.44
4738,South America,160,Argentina,2021,73.4,96.5,68.7,80.3,97.9,82.1,77.9,73.0,78.0,54.1,41.1,81.7,78.1,88.8,61.7,60.0,61.5,66.2,35,38,33,40,5,
4739,South America,161,Argentina,2022,73.7,96.8,68.7,81.0,97.9,82.6,77.9,73.0,79.2,54.6,41.1,83.4,78.1,88.8,61.7,60.0,61.7,66.2,41,38,50,35,7,
4740,Asia,162,Armenia,2000,66.9,88.8,49.4,63.9,68.6,47.2,67.1,69.0,68.0,19.1,70.6,80.0,91.7,94.6,0.0,59.3,76.8,56.1,10,30,18,28,10,11.68
4741,Asia,163,Armenia,2001,67.2,88.8,52.2,64.7,68.5,47.3,67.9,69.0,68.0,19.4,70.6,80.1,91.8,94.5,0.0,59.3,76.8,56.2,5,10,20,18,5,11.68
4742,Asia,164,Armenia,2002,67.4,88.8,50.4,64.8,68.5,47.4,68.1,71.1,68.1,19.4,72.5,80.3,91.5,94.7,0.0,59.8,77.0,55.4,25,10,20,20,10,11.67
4743,Asia,165,Armenia,2003,67.8,88.8,50.0,65.6,67.3,48.2,67.1,72.3,68.2,20.2,78.6,80.3,91.4,94.5,0.0,59.8,77.0,55.4,5,10,17,25,5,11.66
4744,Asia,166,Armenia,2004,67.1,88.8,55.1,65.3,68.5,48.7,64.9,72.5,68.4,20.1,62.2,80.5,91.1,94.4,0.0,59.7,77.3,56.2,30,30,15,20,15,11.65
4745,Asia,167,Armenia,2005,67.5,88.8,52.8,65.3,72.5,48.4,63.8,71.6,68.5,20.4,67.8,80.6,90.9,94.0,0.0,59.6,77.4,57.8,30,38,20,25,5,11.65
4746,Asia,168,Armenia,2006,68.9,88.8,47.9,65.7,75.5,48.5,63.8,72.2,68.6,20.3,90.2,80.8,90.3,94.0,0.0,59.5,77.9,58.3,30,25,18,25,10,11.64
4747,Asia,169,Armenia,2007,69.0,88.8,54.3,67.3,76.7,50.5,63.1,71.7,68.7,20.5,85.9,74.0,90.0,93.6,0.0,59.4,79.8,60.2,20,15,25,25,15,11.63
4748,Asia,170,Armenia,2008,69.5,88.8,54.6,66.9,75.2,50.2,63.9,71.1,68.5,20.5,92.4,78.6,90.2,93.3,0.0,59.3,77.6,61.5,20,30,25,20,15,11.63
4749,Asia,171,Armenia,2009,70.4,88.8,53.2,66.6,78.1,50.7,66.0,72.7,68.6,22.4,96.2,79.0,90.1,93.9,0.0,61.0,76.4,62.7,10,38,20,20,8,11.62
4750,Asia,172,Armenia,2010,70.6,88.8,52.9,69.4,77.2,54.4,67.8,74.4,68.2,24.9,89.3,76.9,90.5,94.0,0.0,61.0,77.7,61.8,35,30,20,22,10,11.61
4751,Asia,173,Armenia,2011,70.9,90.1,55.8,70.3,76.0,54.1,66.5,73.7,68.0,29.1,91.7,74.5,90.4,93.7,0.0,61.9,77.7,61.7,30,37,20,30,5,11.6
4752,Asia,174,Armenia,2012,71.1,90.5,55.2,70.8,76.7,55.3,64.4,72.9,67.7,30.9,90.7,76.9,90.0,93.8,0.0,61.9,78.6,60.8,35,30,35,30,10,11.6
4753,Asia,175,Armenia,2013,71.0,90.8,56.6,71.5,76.8,55.3,64.5,73.0,67.6,31.5,87.9,74.9,89.6,93.7,0.0,61.9,79.3,61.5,25,20,28,30,12,11.59
4754,Asia,176,Armenia,2014,71.1,90.6,58.5,71.8,75.5,55.3,65.1,73.2,67.4,34.0,84.4,76.7,89.7,93.7,0.0,61.9,79.1,61.4,15,35,20,35,10,11.58
4755,Asia,177,Armenia,2015,71.1,91.9,58.5,73.0,75.9,55.5,63.4,75.4,67.2,35.5,81.1,74.1,89.8,94.3,0.0,61.9,79.3,61.3,10,25,20,45,10,11.57
4756,Asia,178,Armenia,2016,71.0,91.3,55.8,73.7,71.8,55.4,63.9,76.3,67.0,37.5,81.6,77.6,88.2,94.3,0.0,61.9,78.0,61.0,35,30,20,23,5,11.57
4757,Asia,179,Armenia,2017,71.1,91.4,52.7,74.4,73.3,59.2,65.5,76.0,72.1,38.8,76.9,77.0,88.7,93.5,0.0,61.9,75.8,61.0,35,25,22,35,15,11.56
4758,Asia,180,Armenia,2018,71.1,91.0,54.1,75.3,74.0,59.2,66.3,74.6,71.9,42.9,73.5,73.3,88.5,92.5,0.0,61.9,78.0,60.3,25,35,35,20,30,11.55
4759,Asia,181,Armenia,2019,72.6,91.1,52.3,76.9,73.2,62.7,65.6,74.4,72.5,44.0,89.4,76.8,88.4,92.2,0.0,61.9,77.8,62.3,15,37,30,30,15,11.54
4760,Asia,182,Armenia,2020,74.1,94.4,53.0,76.8,77.0,63.4,65.6,74.4,72.5,45.2,100.0,76.8,88.4,92.1,0.0,61.9,79.3,64.5,30,35,40,30,5,11.54
4761,Asia,183,Armenia,2021,73.7,95.0,53.6,76.8,66.7,68.4,65.6,74.4,73.6,46.7,100.0,75.2,88.4,91.9,0.0,61.9,76.0,64.7,30,18,28,25,10,
4762,Asia,184,Armenia,2022,73.3,96.3,53.6,77.0,66.7,68.4,65.6,74.4,73.4,46.7,100.0,75.6,88.4,91.9,0.0,61.9,75.6,64.6,30,38,28,24,5,
4763,Oceania,185,Australia,2000,70.7,99.7,63.3,90.5,71.7,72.2,93.8,70.6,85.6,77.6,80.9,82.2,47.0,3.4,52.7,59.3,85.1,66.2,10,40,50,75,5,17.16
4764,Oceania,186,Australia,2001,70.9,99.7,62.9,91.0,74.5,72.2,93.8,71.1,85.4,78.5,80.9,82.2,47.5,3.1,51.4,59.2,85.2,66.2,15,20,60,70,10,17.13
4765,Oceania,187,Australia,2002,71.4,99.7,63.4,91.2,74.5,73.5,93.8,71.0,85.6,79.1,80.9,82.2,46.5,3.1,56.5,60.1,85.1,66.6,15,8,65,70,5,17.1
4766,Oceania,188,Australia,2003,70.9,99.7,57.3,91.7,73.9,73.6,93.8,70.4,85.8,79.1,80.9,82.3,45.8,2.8,57.1,60.1,85.2,66.5,15,30,70,79,7,17.07
4767,Oceania,189,Australia,2004,71.4,99.7,63.0,91.8,74.2,73.3,93.8,70.3,86.0,79.5,81.5,82.4,45.1,2.0,59.4,60.1,85.3,66.8,18,25,62,79,5,17.04
4768,Oceania,190,Australia,2005,71.5,99.7,61.0,92.1,74.7,73.4,93.8,69.9,86.2,81.0,81.5,82.5,45.1,2.1,60.9,60.0,85.3,66.7,15,20,75,75,7,17.01
4769,Oceania,191,Australia,2006,71.7,99.7,62.6,92.3,74.8,73.7,93.8,69.9,86.3,82.7,81.5,82.6,45.0,2.0,60.3,60.2,85.3,66.4,15,30,70,65,10,16.98
4770,Oceania,192,Australia,2007,71.5,99.7,56.1,92.4,75.0,74.8,93.8,70.1,86.4,83.3,81.5,82.3,44.7,1.9,62.5,60.8,84.5,66.6,20,28,58,70,5,16.95
4771,Oceania,193,Australia,2008,71.5,99.7,57.8,92.6,75.0,75.1,93.9,69.7,86.5,84.4,78.2,81.6,45.2,2.2,61.4,60.9,84.7,66.7,30,20,68,70,8,16.92
4772,Oceania,194,Australia,2009,71.8,99.7,59.4,92.7,75.2,75.6,93.9,69.9,85.9,84.8,78.2,81.7,45.8,2.6,61.6,61.6,84.9,67.9,10,25,65,65,6,16.89
4773,Oceania,195,Australia,2010,72.2,99.7,58.9,94.0,75.3,74.5,93.9,70.4,85.9,84.9,79.2,84.6,45.1,3.3,62.2,61.7,85.1,68.4,18,15,75,79,10,16.86
4774,Oceania,196,Australia,2011,72.2,99.7,59.9,94.1,74.0,74.6,93.9,70.7,85.8,88.5,79.2,82.5,44.5,3.0,62.9,62.0,84.8,67.9,15,40,70,70,8,16.96
4775,Oceania,197,Australia,2012,72.5,99.6,60.6,94.0,74.2,74.7,93.9,70.6,85.8,90.8,79.2,84.4,44.5,3.3,63.1,62.2,84.9,67.4,12,30,65,77,5,17.05
4776,Oceania,198,Australia,2013,73.7,99.6,58.4,94.4,89.7,77.5,93.9,71.1,85.6,91.7,79.2,85.0,44.9,4.4,63.0,62.7,83.9,67.6,15,33,65,75,2,17.14
4777,Oceania,199,Australia,2014,73.9,99.5,58.4,94.6,91.0,77.4,93.9,71.7,85.4,91.8,76.5,84.5,45.4,6.5,63.3,63.0,83.6,69.1,10,45,60,70,5,17.23
4778,Oceania,200,Australia,2015,74.5,99.6,57.8,95.2,92.9,78.1,93.9,71.3,84.8,90.9,76.5,86.7,46.4,11.1,64.2,62.9,85.1,69.9,33,30,65,75,5,17.32
4779,Oceania,201,Australia,2016,75.0,99.6,57.3,95.3,94.7,79.5,93.9,71.7,85.0,91.2,80.0,85.6,46.3,11.7,64.5,63.5,84.9,69.8,15,30,65,79,7,17.35
4780,Oceania,202,Australia,2017,75.3,99.5,60.4,95.6,92.8,79.7,93.9,72.0,86.6,91.0,80.0,87.7,46.1,10.5,65.3,63.6,84.9,70.1,15,20,60,55,7,17.37
4781,Oceania,203,Australia,2018,75.1,99.3,57.5,95.5,92.6,79.9,93.9,72.1,86.1,91.5,77.9,85.3,46.8,14.1,65.2,64.0,84.8,69.9,25,35,70,79,7,17.4
4782,Oceania,204,Australia,2019,75.2,99.3,57.0,95.6,91.0,81.0,93.9,72.2,85.9,91.8,77.9,87.0,46.7,14.6,65.8,64.2,84.4,70.4,20,33,75,65,7,17.42
4783,Oceania,205,Australia,2020,75.4,99.3,56.7,95.4,89.6,81.1,93.9,72.2,84.1,92.2,79.2,89.0,46.7,16.0,65.9,64.1,83.7,71.9,20,45,75,75,7,17.44
4784,Oceania,206,Australia,2021,76.0,99.3,58.4,95.4,89.6,81.7,93.9,72.2,85.7,92.2,79.2,89.4,52.3,16.9,65.9,62.9,82.9,73.2,15,45,72,75,8,
4785,Oceania,207,Australia,2022,75.9,99.3,58.4,95.2,89.6,82.0,93.9,72.2,86.7,92.2,79.2,88.2,52.3,16.9,65.9,62.6,83.1,72.6,15,40,63,75,7,
4786,Europe,208,Austria,2000,78.6,99.7,71.6,83.9,98.2,69.9,92.2,81.8,82.9,67.3,95.0,86.2,47.1,55.5,0.0,70.3,90.6,64.9,15,8,78,45,7,46.51
4787,Europe,209,Austria,2001,78.8,99.7,72.9,84.7,97.5,70.2,92.2,81.2,83.3,69.3,95.0,86.2,47.8,54.7,0.0,70.6,90.6,64.9,15,10,75,70,8,46.54
4788,Europe,210,Austria,2002,78.5,99.7,72.6,84.9,96.0,70.5,92.2,80.7,82.8,69.3,95.0,86.2,45.3,54.4,0.0,70.7,90.7,64.9,10,20,35,70,5,46.57
4789,Europe,211,Austria,2003,78.7,99.7,71.9,85.3,95.7,74.4,92.2,79.1,82.8,70.7,94.1,86.2,48.4,53.3,0.0,70.7,90.7,64.8,10,10,75,60,7,46.6
4790,Europe,212,Austria,2004,79.1,99.7,76.2,85.0,95.9,74.7,92.2,79.7,82.2,72.3,93.6,86.2,47.8,53.4,0.0,71.6,90.7,64.7,18,20,70,75,10,46.63
4791,Europe,213,Austria,2005,79.3,99.7,74.4,86.5,96.4,75.0,92.2,80.3,82.4,73.7,95.2,86.1,47.2,53.2,0.0,71.6,90.7,64.6,10,10,75,73,7,46.66
4792,Europe,214,Austria,2006,79.4,99.7,73.3,87.4,96.5,74.0,92.2,81.4,82.6,74.4,93.9,86.1,47.5,53.8,0.0,71.9,90.6,64.5,10,20,68,70,7,46.69
4793,Europe,215,Austria,2007,79.6,99.7,73.6,87.6,96.6,74.2,92.2,82.8,82.6,75.5,92.5,86.1,48.1,54.4,0.0,72.0,90.9,64.4,15,12,50,80,8,46.72
4794,Europe,216,Austria,2008,79.7,99.7,76.6,88.4,96.4,71.0,92.2,83.3,83.0,77.2,93.1,82.8,48.8,54.5,0.0,72.2,91.4,65.0,15,20,70,79,5,46.75
4795,Europe,217,Austria,2009,79.8,99.7,74.3,87.8,96.6,72.4,92.2,84.5,82.7,80.0,90.3,81.7,49.5,55.8,0.0,72.2,90.7,66.2,15,20,75,68,8,46.78
4796,Europe,218,Austria,2010,80.4,99.7,73.0,89.7,96.8,72.7,92.2,84.2,82.9,81.3,93.6,86.2,49.2,54.9,0.0,72.5,91.4,66.1,8,15,55,70,5,46.82
4797,Europe,219,Austria,2011,80.6,99.5,76.4,90.8,96.9,72.8,92.2,84.2,82.9,83.4,92.5,85.0,49.0,53.8,0.0,72.8,92.1,65.7,10,15,75,78,10,46.86
4798,Europe,220,Austria,2012,80.8,99.4,72.5,91.3,97.3,72.9,92.2,86.2,82.8,87.1,93.9,83.9,49.0,54.6,0.0,72.8,92.1,65.7,10,15,60,75,10,46.9
4799,Europe,221,Austria,2013,81.5,99.6,71.9,92.3,96.1,79.3,92.2,86.0,82.6,89.1,92.5,87.7,49.1,55.9,0.0,73.0,91.0,65.8,22,15,70,60,10,46.95
4800,Europe,222,Austria,2014,81.6,99.6,74.7,92.0,96.9,79.0,92.2,86.5,82.2,87.9,93.6,88.0,48.8,54.5,0.0,73.0,90.6,65.8,10,25,70,60,5,46.99
4801,Europe,223,Austria,2015,81.5,99.3,72.0,92.4,96.6,78.3,92.2,86.0,82.7,88.8,93.9,89.6,49.1,54.8,0.0,73.0,89.4,65.8,20,15,45,60,8,47.03
4802,Europe,224,Austria,2016,81.6,99.2,73.9,91.7,98.2,78.6,92.2,86.1,82.5,84.4,92.2,92.2,49.6,57.7,0.0,73.0,89.0,65.8,20,25,75,75,10,47.08
4803,Europe,225,Austria,2017,82.6,99.5,71.8,93.1,99.0,80.8,92.2,85.8,82.7,94.5,95.0,91.1,49.8,58.6,0.0,73.0,89.3,65.9,22,18,55,60,10,47.12
4804,Europe,226,Austria,2018,82.6,99.4,71.5,92.7,98.8,81.0,92.2,85.8,83.0,95.6,92.9,90.7,49.5,56.8,0.0,73.6,91.5,66.3,15,18,75,65,5,47.16
4805,Europe,227,Austria,2019,83.1,99.5,73.0,92.9,98.2,83.8,92.2,86.0,83.4,96.0,94.6,92.5,49.6,56.6,0.0,73.6,91.7,66.4,15,30,72,78,7,47.21
4806,Europe,228,Austria,2020,83.1,99.4,73.1,92.8,97.9,84.0,92.2,86.0,82.6,96.3,94.6,90.9,49.6,57.8,0.0,73.6,90.5,68.4,18,30,70,71,7,47.25
4807,Europe,229,Austria,2021,83.1,99.4,73.1,92.6,97.9,84.5,92.2,86.0,82.5,97.0,94.6,93.0,49.6,57.3,0.0,73.6,88.0,68.9,18,20,78,75,10,
4808,Europe,230,Austria,2022,82.3,99.5,73.1,92.5,97.9,84.6,92.2,86.0,83.3,97.0,94.6,92.5,49.6,57.3,0.0,73.6,87.9,71.1,28,25,72,72,10,
4809,Asia,231,Azerbaijan,2000,62.3,100.0,49.1,54.8,51.6,47.3,52.9,60.0,67.1,14.7,66.7,63.1,88.2,82.2,0.0,60.7,71.5,67.5,28,20,14,25,10,11.94
4810,Asia,232,Azerbaijan,2001,63.7,100.0,56.2,55.8,61.0,47.5,54.8,61.2,67.7,14.7,66.7,63.4,88.2,82.4,0.0,60.7,71.6,66.8,40,33,15,30,5,12.0
4811,Asia,233,Azerbaijan,2002,66.4,100.0,58.2,56.6,65.2,47.7,55.6,62.6,68.3,15.1,99.3,65.4,88.0,82.3,0.0,60.6,71.6,66.1,30,20,14,30,5,12.05
4812,Asia,234,Azerbaijan,2003,66.5,100.0,58.9,56.6,63.3,47.8,55.8,63.4,68.8,15.3,97.5,65.7,87.3,82.2,0.0,63.2,71.6,66.4,30,20,12,25,5,12.11
4813,Asia,235,Azerbaijan,2004,66.9,100.0,60.9,57.7,63.2,48.0,56.0,63.9,69.6,15.3,97.3,67.7,87.2,81.9,0.0,63.7,71.6,66.8,10,15,15,30,5,12.16
4814,Asia,236,Azerbaijan,2005,67.0,100.0,61.2,56.4,62.7,49.4,56.3,64.1,70.1,15.4,97.5,68.3,87.3,81.6,0.0,63.8,71.4,66.1,40,35,18,33,10,12.22
4815,Asia,237,Azerbaijan,2006,67.2,100.0,59.3,56.8,64.7,49.8,56.9,65.2,70.5,15.7,97.5,70.3,87.1,80.7,0.0,64.6,71.5,65.3,20,30,15,20,5,12.27
4816,Asia,238,Azerbaijan,2007,67.6,100.0,59.2,57.6,64.7,50.0,58.0,66.5,70.6,16.3,97.5,70.6,87.4,82.5,0.0,64.6,70.3,65.4,35,30,15,30,10,12.33
4817,Asia,239,Azerbaijan,2008,67.9,100.0,59.8,58.9,64.1,50.1,59.5,65.9,70.9,16.7,97.5,75.0,87.2,81.6,0.0,64.9,69.7,65.1,20,40,14,18,7,12.38
4818,Asia,240,Azerbaijan,2009,68.3,100.0,58.0,59.6,65.7,49.8,60.9,66.3,71.0,18.8,97.5,73.3,87.6,82.4,0.0,65.2,70.0,66.9,30,10,19,28,7,12.44
4819,Asia,241,Azerbaijan,2010,68.6,100.0,56.3,61.8,65.4,52.3,62.0,67.4,71.1,21.9,97.5,70.6,87.4,82.7,0.0,65.2,70.8,65.9,12,20,15,25,15,12.49
4820,Asia,242,Azerbaijan,2011,69.0,100.0,58.0,63.4,66.4,52.4,62.7,67.1,71.2,22.9,97.5,72.4,87.3,81.5,0.0,65.2,70.4,65.2,35,40,15,20,10,12.6
4821,Asia,243,Azerbaijan,2012,69.7,100.0,58.9,65.0,69.0,52.3,63.0,67.3,71.4,27.9,97.5,74.9,87.4,81.7,0.0,65.2,69.2,64.9,15,30,12,30,10,12.71
4822,Asia,244,Azerbaijan,2013,70.7,100.0,61.5,67.5,70.0,53.3,64.0,67.4,71.5,32.5,97.5,77.9,87.1,81.8,0.0,65.2,68.5,65.4,35,36,19,40,5,12.82
4823,Asia,245,Azerbaijan,2014,71.3,100.0,60.4,67.7,70.5,53.4,65.3,67.7,74.1,37.0,97.5,77.7,87.2,81.9,0.0,65.2,68.7,65.8,35,32,12,30,5,12.93
4824,Asia,246,Azerbaijan,2015,71.4,100.0,61.4,70.0,70.1,54.2,66.0,67.7,74.1,37.4,97.5,79.5,87.1,82.3,0.0,65.2,67.6,61.8,40,40,14,30,15,13.04
4825,Asia,247,Azerbaijan,2016,71.6,100.0,61.3,71.2,71.2,54.1,66.0,67.8,74.1,37.1,97.5,80.4,87.0,82.9,0.0,65.2,67.9,62.1,42,37,14,42,15,13.17
4826,Asia,248,Azerbaijan,2017,72.5,100.0,62.1,71.8,80.4,53.9,66.0,68.0,74.0,37.4,97.5,81.4,86.7,82.9,0.0,65.2,68.9,63.5,40,42,15,38,10,13.3
4827,Asia,249,Azerbaijan,2018,72.9,100.0,61.8,72.4,81.3,53.9,66.2,68.0,74.0,38.2,97.5,79.0,86.5,83.2,0.0,65.7,68.6,69.5,55,41,15,42,5,13.43
4828,Asia,250,Azerbaijan,2019,73.2,100.0,62.4,73.1,80.8,53.8,66.1,67.8,74.1,38.9,97.5,82.2,86.3,82.7,0.0,65.7,69.5,71.0,33,42,18,30,10,13.56
4829,Asia,251,Azerbaijan,2020,73.9,100.0,62.4,71.7,87.9,54.1,66.3,67.8,72.6,41.0,97.5,82.2,86.3,82.8,0.0,65.7,68.8,75.2,50,37,19,33,10,13.69
4830,Asia,252,Azerbaijan,2021,74.1,100.0,62.7,72.9,87.7,54.7,66.3,67.8,73.4,41.2,97.5,82.2,86.3,82.7,0.0,65.7,68.8,76.0,45,42,16,25,15,
4831,Asia,253,Azerbaijan,2022,73.5,100.0,62.7,72.9,87.7,54.7,66.3,67.8,73.8,41.2,97.5,82.2,86.3,82.7,0.0,65.7,67.1,76.0,35,41,23,25,0,
4832,North America,254,"Bahamas, The",2000,56.5,0.0,55.6,72.7,57.8,69.2,46.5,69.7,66.7,22.7,0.0,90.7,56.4,58.0,60.2,43.6,61.8,15.1,10,20,35,30,5,50.94
4833,North America,255,"Bahamas, The",2001,56.9,0.0,56.0,73.9,57.8,69.3,46.7,70.1,67.1,23.6,0.0,90.7,56.4,58.6,59.3,43.6,65.5,15.3,0,10,10,55,5,50.94
4834,North America,256,"Bahamas, The",2002,57.0,0.0,55.2,75.5,57.8,69.4,46.9,70.2,65.5,24.6,0.0,90.7,56.4,58.3,59.9,44.3,64.6,15.1,10,6,40,55,5,50.94
4835,North America,257,"Bahamas, The",2003,57.2,0.0,56.0,76.2,57.8,72.0,47.0,70.4,64.1,25.0,0.0,90.7,55.3,58.2,60.0,44.3,64.9,15.4,15,40,40,55,5,50.94
4836,North America,258,"Bahamas, The",2004,57.3,0.0,57.5,74.5,57.8,72.1,47.2,70.3,64.6,25.2,0.0,90.7,55.1,58.5,60.9,44.2,65.6,15.4,20,30,45,55,5,50.94
4837,North America,259,"Bahamas, The",2005,57.5,0.0,57.5,75.2,58.8,72.2,47.4,70.9,64.5,26.1,0.0,90.9,54.9,59.3,60.8,44.1,64.8,15.5,5,20,18,45,5,50.94
4838,North America,260,"Bahamas, The",2006,57.4,0.0,56.5,77.4,55.4,72.3,47.5,71.1,66.4,26.0,0.0,90.9,55.2,59.7,58.8,44.1,63.9,15.6,7,10,45,50,10,50.94
4839,North America,261,"Bahamas, The",2007,57.4,0.0,56.2,78.1,58.7,68.4,47.7,71.5,66.2,26.8,0.0,90.9,55.5,59.7,57.5,44.0,62.2,16.9,12,30,60,25,8,50.94
4840,North America,262,"Bahamas, The",2008,57.5,0.0,57.8,77.8,59.2,68.4,47.8,70.1,66.2,27.1,0.0,90.9,57.4,59.6,56.0,44.0,62.8,17.9,10,30,45,50,5,50.94
4841,North America,263,"Bahamas, The",2009,57.5,0.0,59.4,78.6,59.2,68.5,48.0,71.5,61.4,28.0,0.0,90.9,56.6,59.6,57.4,43.9,61.5,18.5,10,40,48,55,10,50.94
4842,North America,264,"Bahamas, The",2010,57.4,0.0,62.7,79.8,56.1,68.5,48.2,69.6,61.4,29.3,0.0,90.8,57.4,60.0,57.5,43.9,57.4,18.3,10,10,48,60,5,50.94
4843,North America,265,"Bahamas, The",2011,57.6,0.0,62.8,79.2,56.1,68.6,48.3,71.1,61.2,33.4,0.0,90.4,56.3,63.0,57.6,43.8,54.2,18.0,10,25,45,50,7,50.94
4844,North America,266,"Bahamas, The",2012,57.8,0.0,62.5,79.9,56.6,69.2,48.5,70.5,61.7,37.5,0.0,91.3,53.3,63.7,57.6,44.1,52.2,17.8,30,28,40,48,8,50.94
4845,North America,267,"Bahamas, The",2013,57.5,0.0,62.9,80.4,53.8,68.5,48.6,68.1,60.0,39.2,0.0,91.6,52.8,64.6,57.4,44.0,51.4,18.6,10,30,53,50,8,50.94
4846,North America,268,"Bahamas, The",2014,58.3,0.0,63.5,81.9,56.1,68.6,48.7,69.4,61.7,44.9,0.0,92.4,52.3,60.9,57.4,44.0,54.2,17.9,20,18,55,60,8,50.94
4847,North America,269,"Bahamas, The",2015,58.8,0.0,63.5,82.2,53.8,68.6,48.8,70.4,63.2,46.3,0.0,92.2,53.4,63.9,59.5,47.3,52.0,16.9,10,30,55,50,7,50.94
4848,North America,270,"Bahamas, The",2016,59.1,0.0,63.4,81.7,54.7,68.6,48.8,70.9,62.6,47.0,0.0,93.0,52.8,64.1,59.5,47.2,54.5,18.1,10,30,50,25,8,50.94
4849,North America,271,"Bahamas, The",2017,59.5,0.0,63.5,82.3,58.0,68.6,48.8,70.5,64.5,50.6,0.0,93.1,52.9,63.2,59.2,47.0,49.1,21.3,20,25,58,60,8,50.94
4850,North America,272,"Bahamas, The",2018,59.9,0.0,63.4,82.1,55.1,68.8,48.8,71.0,64.6,50.9,0.0,93.5,53.1,67.3,60.0,42.2,53.7,23.9,10,40,45,50,8,50.94
4851,North America,273,"Bahamas, The",2019,60.3,0.0,63.4,80.9,58.0,68.9,48.8,70.8,66.1,54.7,0.0,93.8,52.9,68.1,59.1,42.1,53.1,23.1,12,20,50,50,7,50.94
4852,North America,274,"Bahamas, The",2020,60.6,0.0,63.4,81.7,58.0,68.8,48.8,70.8,64.0,56.3,0.0,93.8,52.9,69.7,59.0,41.9,54.0,25.8,18,25,40,40,8,50.94
4853,North America,275,"Bahamas, The",2021,61.1,0.0,63.4,80.7,58.0,71.7,48.8,70.8,64.8,57.0,0.0,93.8,52.9,68.8,59.5,44.8,52.4,29.1,10,30,70,60,10,
4854,North America,276,"Bahamas, The",2022,60.9,0.0,63.4,80.7,58.0,72.0,48.8,70.8,66.4,57.0,0.0,93.8,52.9,68.8,60.1,44.5,52.4,29.4,10,20,48,55,7,
4855,Asia,277,Bahrain,2000,57.5,0.0,68.0,76.2,87.0,32.4,67.8,68.9,78.4,30.1,0.0,68.2,58.7,21.5,51.7,50.7,71.4,31.8,10,20,12,30,5,0.48
4856,Asia,278,Bahrain,2001,57.7,0.0,68.0,75.4,84.9,32.3,67.8,70.6,78.4,31.5,0.0,68.2,59.9,22.7,52.6,50.4,71.4,31.8,10,20,15,25,15,0.5
4857,Asia,279,Bahrain,2002,57.6,0.0,68.0,75.5,85.4,33.3,67.8,70.3,78.4,31.6,0.0,68.2,58.0,21.5,52.2,50.2,71.5,31.8,40,20,17,25,5,0.52
4858,Asia,280,Bahrain,2003,57.9,0.0,67.9,76.3,84.7,34.3,67.8,70.1,78.4,33.2,0.0,68.2,58.7,21.5,53.8,49.9,71.5,31.8,40,30,15,20,10,0.54
4859,Asia,281,Bahrain,2004,58.0,0.0,67.8,77.2,85.0,35.3,67.8,69.9,78.3,33.3,0.0,68.2,59.1,21.5,53.8,49.7,71.5,31.8,40,20,15,35,10,0.56
4860,Asia,282,Bahrain,2005,57.8,0.0,67.7,77.7,82.9,36.3,67.9,70.3,78.3,33.6,0.0,69.6,57.2,21.5,51.2,49.4,71.5,31.8,40,15,20,40,10,0.58
4861,Asia,283,Bahrain,2006,57.9,0.0,67.7,77.2,84.1,38.0,67.9,70.8,78.3,34.8,0.0,69.6,58.4,21.5,49.6,49.2,71.5,29.9,45,20,18,20,7,0.6
4862,Asia,284,Bahrain,2007,58.2,0.0,67.6,79.0,84.1,39.1,67.9,69.4,78.3,35.3,0.0,69.6,60.8,21.5,50.2,48.9,71.8,28.8,40,20,14,20,10,0.62
4863,Asia,285,Bahrain,2008,58.2,0.0,67.5,80.1,84.4,40.1,67.9,69.1,78.1,37.9,0.0,69.6,62.6,21.5,44.8,48.7,71.7,28.4,43,20,18,25,10,0.64
4864,Asia,286,Bahrain,2009,59.0,0.0,67.4,80.7,84.2,41.2,67.9,69.3,78.3,38.2,0.0,69.6,64.8,21.5,48.6,48.5,71.5,33.8,40,20,17,20,8,0.66
4865,Asia,287,Bahrain,2010,59.3,0.0,67.3,83.5,82.7,42.3,67.9,69.5,78.3,39.0,0.0,70.8,65.6,21.5,45.3,48.4,74.5,32.7,37,30,13,20,10,0.68
4866,Asia,288,Bahrain,2011,58.3,0.0,67.2,82.2,84.9,45.9,67.9,69.7,78.1,43.1,0.0,61.3,64.2,19.5,45.0,48.1,66.0,31.7,70,40,15,20,10,0.7
4867,Asia,289,Bahrain,2012,58.9,0.0,67.0,82.8,82.3,45.7,67.9,70.0,77.8,54.0,0.0,66.2,62.4,9.0,52.8,47.9,66.1,30.9,37,30,15,19,10,0.72
4868,Asia,290,Bahrain,2013,58.2,0.0,66.8,85.6,85.6,48.1,67.9,69.6,77.9,56.9,0.0,56.4,61.0,7.4,46.5,47.6,65.4,30.7,40,25,18,18,5,0.74
4869,Asia,291,Bahrain,2014,59.4,0.0,66.5,85.4,89.8,46.7,67.9,69.8,81.8,56.4,0.0,62.3,62.4,9.8,48.2,47.4,66.3,30.9,44,30,15,18,5,0.76
4870,Asia,292,Bahrain,2015,60.8,0.0,66.3,85.6,92.3,46.5,67.9,69.8,82.0,58.8,0.0,69.1,65.4,13.6,48.2,47.1,66.7,32.8,45,30,15,30,5,0.78
4871,Asia,293,Bahrain,2016,60.9,0.0,66.1,86.6,92.1,46.4,67.9,70.0,81.9,60.9,0.0,68.0,64.8,11.6,50.7,46.9,66.3,32.6,60,30,18,22,10,0.81
4872,Asia,294,Bahrain,2017,60.4,0.0,66.2,86.6,89.3,46.3,67.9,69.9,81.7,60.4,0.0,68.2,65.3,15.1,48.3,46.6,63.3,30.7,50,18,16,30,20,0.83
4873,Asia,295,Bahrain,2018,60.9,0.0,66.2,87.1,86.4,52.5,67.9,71.1,82.1,59.5,0.0,67.8,66.5,14.6,48.2,46.4,62.9,34.3,55,10,15,40,10,0.86
4874,Asia,296,Bahrain,2019,60.7,0.0,66.3,88.4,85.2,52.3,67.9,71.4,82.1,58.8,0.0,64.1,66.3,14.6,47.9,46.2,64.3,34.0,42,25,17,33,35,0.88
4875,Asia,297,Bahrain,2020,61.0,0.0,66.3,86.8,85.2,51.9,67.9,71.4,81.7,59.2,0.0,65.7,67.4,14.6,47.9,46.0,64.3,38.5,60,30,15,31,15,0.91
4876,Asia,298,Bahrain,2021,61.3,0.0,66.4,86.8,85.2,52.1,67.9,71.4,81.8,63.7,0.0,65.7,67.4,14.6,47.9,45.8,64.3,38.3,60,33,20,40,5,
4877,Asia,299,Bahrain,2022,63.7,0.0,66.4,86.8,85.2,52.6,67.9,71.4,81.9,63.7,0.0,65.7,67.4,14.6,48.0,45.3,64.7,38.1,40,20,15,25,10,
4878,Asia,300,Bangladesh,2000,55.6,52.5,57.3,38.0,60.5,36.1,59.6,25.6,73.0,17.7,77.7,40.6,96.7,98.9,59.8,57.2,53.5,40.1,20,15,15,20,8,14.75
4879,Asia,301,Bangladesh,2001,54.8,52.5,56.6,38.5,45.3,36.3,60.0,26.0,72.8,17.7,77.7,40.6,96.5,98.9,61.1,57.0,53.4,40.0,5,40,12,20,10,14.73
4880,Asia,302,Bangladesh,2002,54.7,52.5,57.1,38.5,45.7,32.6,60.4,27.1,72.6,17.7,77.7,40.8,96.5,98.9,61.9,56.8,53.5,39.9,37,20,20,15,10,14.7
4881,Asia,303,Bangladesh,2003,54.9,52.5,57.7,38.8,45.7,32.4,60.8,27.9,72.4,17.7,77.7,40.9,96.6,98.8,62.7,56.6,53.5,40.0,40,5,23,18,10,14.68
4882,Asia,304,Bangladesh,2004,54.8,52.5,55.8,39.9,44.3,32.3,61.1,29.0,72.4,17.7,77.7,41.1,96.6,98.8,63.3,56.4,53.4,39.8,40,35,15,25,15,14.65
4883,Asia,305,Bangladesh,2005,55.4,52.5,57.4,41.3,43.7,38.8,61.5,30.3,72.5,17.7,78.4,39.8,96.6,98.8,63.9,56.2,53.5,39.7,20,10,15,20,10,14.63
4884,Asia,306,Bangladesh,2006,55.8,52.5,59.6,41.4,43.4,38.8,61.9,32.4,72.8,17.7,78.4,40.0,96.5,98.7,63.6,56.0,53.7,40.1,40,35,17,24,14,14.61
4885,Asia,307,Bangladesh,2007,55.6,52.5,57.5,42.2,42.8,38.9,62.3,31.3,72.5,17.7,78.4,40.5,96.5,98.7,63.9,55.8,53.9,40.3,33,30,25,18,10,14.58
4886,Asia,308,Bangladesh,2008,55.9,52.5,58.0,45.4,42.3,34.4,62.7,34.0,72.3,17.8,78.4,44.0,96.6,98.7,64.2,55.6,54.0,39.9,38,5,18,30,10,14.56
4887,Asia,309,Bangladesh,2009,56.3,52.5,58.0,45.8,43.0,40.5,63.1,35.0,72.0,17.9,78.4,40.8,95.9,98.6,65.4,56.3,53.9,39.7,35,30,15,15,10,14.53
4888,Asia,310,Bangladesh,2010,56.9,52.5,58.7,47.6,43.5,40.4,63.5,34.5,72.9,18.1,82.4,42.2,95.8,98.6,67.0,57.1,52.1,39.8,45,28,20,30,15,14.51
4889,Asia,311,Bangladesh,2011,57.8,54.9,59.2,49.6,53.1,42.3,63.9,36.2,72.7,18.2,82.4,41.1,95.6,98.4,65.6,56.9,52.5,40.5,35,38,24,28,15,14.5
4890,Asia,312,Bangladesh,2012,58.3,55.8,61.9,49.6,53.0,45.4,64.3,38.4,72.5,18.4,82.4,40.3,95.9,98.4,63.7,56.7,53.2,40.9,35,15,20,24,5,14.49
4891,Asia,313,Bangladesh,2013,59.3,57.3,65.6,51.6,59.5,48.2,64.7,37.8,72.3,18.7,82.4,42.5,95.7,98.3,64.4,56.5,52.5,40.7,35,50,18,21,12,14.48
4892,Asia,314,Bangladesh,2014,59.5,58.0,63.3,53.3,59.5,48.2,65.1,38.2,72.2,18.9,82.4,43.0,95.4,98.1,66.2,56.3,52.3,40.7,35,35,20,28,10,14.48
4893,Asia,315,Bangladesh,2015,60.0,59.7,62.4,55.3,60.6,49.1,65.5,41.8,72.0,19.4,82.4,44.1,95.3,97.8,66.5,56.0,51.9,39.5,40,15,25,32,10,14.47
4894,Asia,316,Bangladesh,2016,61.2,59.8,63.2,56.8,65.5,49.3,65.9,42.9,72.0,25.1,81.3,50.2,96.0,97.7,66.1,55.8,51.9,40.3,50,30,20,36,20,14.47
4895,Asia,317,Bangladesh,2017,61.8,62.5,64.1,60.0,64.9,51.1,66.2,46.6,73.2,26.0,81.3,46.8,95.9,97.5,66.6,55.6,50.6,41.1,42,35,22,40,50,14.47
4896,Asia,318,Bangladesh,2018,63.0,67.0,70.3,59.9,68.5,51.7,66.6,48.0,72.9,31.7,81.3,48.7,95.7,96.4,66.6,54.8,50.3,40.5,50,40,20,34,30,14.47
4897,Asia,319,Bangladesh,2019,63.6,69.0,69.8,62.5,69.2,53.8,67.0,48.2,73.5,34.6,81.3,51.5,95.6,96.3,65.2,54.6,48.6,40.2,55,30,25,33,15,14.47
4898,Asia,320,Bangladesh,2020,63.9,69.8,70.1,63.4,69.0,54.1,67.3,49.7,73.6,37.9,81.3,50.1,95.6,96.3,65.2,54.4,47.6,41.5,24,20,20,25,7,14.47
4899,Asia,321,Bangladesh,2021,65.5,73.4,70.5,61.7,89.7,54.3,67.3,49.7,74.3,39.0,81.3,47.7,95.6,96.3,65.2,53.9,49.1,43.9,35,35,17,25,15,
4900,Asia,322,Bangladesh,2022,65.9,79.1,70.8,60.5,89.7,54.5,67.3,49.7,74.6,41.0,81.3,49.3,95.6,96.3,65.2,53.6,47.6,44.2,55,30,22,28,8,
4901,North America,323,Barbados,2000,67.6,0.0,58.0,76.2,95.1,65.4,46.2,74.7,69.1,22.7,0.0,86.3,56.4,88.8,60.6,68.5,78.1,67.6,7,10,40,60,5,14.65
4902,North America,324,Barbados,2001,67.8,0.0,57.4,76.7,94.6,65.4,46.4,73.9,68.6,25.5,0.0,86.3,56.4,88.4,60.5,68.4,77.5,70.9,9,18,60,65,5,14.65
4903,North America,325,Barbados,2002,67.8,0.0,58.4,76.9,91.4,65.4,46.5,73.6,68.2,28.7,0.0,86.3,56.4,88.4,60.3,68.3,77.5,71.0,18,5,50,60,8,14.65
4904,North America,326,Barbados,2003,68.2,0.0,57.7,77.4,93.0,66.8,46.6,73.0,67.5,31.9,0.0,86.3,56.4,88.0,60.5,68.2,76.7,73.2,10,20,65,60,8,14.65
4905,North America,327,Barbados,2004,68.4,0.0,55.9,76.5,92.5,66.8,46.8,73.0,68.9,35.0,0.0,86.3,56.4,87.8,60.6,68.2,77.9,74.0,10,20,60,65,8,14.65
4906,North America,328,Barbados,2005,68.9,0.0,57.4,82.1,92.1,66.8,50.5,73.1,69.4,34.2,0.0,86.3,56.4,87.4,60.4,68.1,77.1,72.1,10,30,65,60,10,14.65
4907,North America,329,Barbados,2006,69.0,0.0,57.0,81.3,93.8,66.8,50.6,73.1,69.7,35.7,0.0,86.3,56.4,87.2,60.9,68.1,76.5,71.8,15,25,55,70,8,14.65
4908,North America,330,Barbados,2007,68.9,0.0,56.5,79.4,95.0,66.8,50.8,73.0,71.0,35.8,0.0,86.3,56.4,87.1,60.6,68.0,77.7,69.9,15,20,60,60,10,14.65
4909,North America,331,Barbados,2008,68.8,0.0,56.2,81.7,95.4,65.0,50.9,71.5,70.3,36.8,0.0,86.3,56.4,84.8,60.6,67.9,78.4,69.8,15,15,55,60,10,14.65
4910,North America,332,Barbados,2009,68.6,0.0,57.5,82.2,94.9,65.0,51.1,71.6,68.4,37.4,0.0,86.3,56.4,85.0,60.5,67.9,74.4,71.0,8,20,55,60,8,14.65
4911,North America,333,Barbados,2010,68.9,0.0,56.6,81.9,95.2,65.0,51.2,71.9,67.8,37.0,0.0,86.4,56.4,86.3,60.8,67.8,76.8,72.4,10,15,20,60,5,14.65
4912,North America,334,Barbados,2011,68.5,0.0,56.8,82.4,91.7,65.0,51.4,69.7,67.3,38.4,0.0,85.7,56.4,85.9,60.1,67.7,77.0,71.8,8,35,8,65,8,14.65
4913,North America,335,Barbados,2012,69.1,0.0,56.3,81.0,91.7,65.0,51.5,70.0,66.9,47.4,0.0,87.2,56.4,86.4,60.1,67.7,77.2,72.2,10,18,60,80,10,14.65
4914,North America,336,Barbados,2013,69.4,0.0,54.6,81.3,91.7,69.4,51.6,69.1,66.9,48.7,0.0,87.7,56.4,86.7,61.3,67.6,77.2,70.9,10,15,50,60,10,14.65
4915,North America,337,Barbados,2014,70.2,0.0,55.5,83.7,95.6,70.4,51.8,70.0,66.3,49.9,0.0,88.3,56.4,87.9,61.2,67.6,77.1,71.9,10,30,65,60,7,14.65
4916,North America,338,Barbados,2015,70.2,0.0,55.0,83.2,97.7,70.7,51.9,69.9,68.7,52.1,0.0,88.6,56.4,87.9,59.5,67.5,73.9,70.0,10,25,55,60,8,14.65
4917,North America,339,Barbados,2016,70.1,0.0,55.0,84.7,95.4,70.4,52.1,70.1,70.2,51.5,0.0,89.4,56.0,87.8,60.1,67.4,72.9,68.4,15,25,50,75,10,14.65
4918,North America,340,Barbados,2017,70.4,0.0,55.8,83.9,97.0,70.1,52.2,71.3,71.4,51.7,0.0,89.6,55.7,88.8,61.5,67.4,72.4,67.3,10,30,40,60,5,14.65
4919,North America,341,Barbados,2018,70.4,0.0,56.4,83.4,97.1,71.5,52.2,71.5,68.2,54.6,0.0,90.1,55.3,88.1,62.5,65.3,70.2,69.5,10,15,65,60,10,14.65
4920,North America,342,Barbados,2019,69.6,0.0,56.5,83.9,96.2,72.2,52.4,70.7,67.1,51.9,0.0,90.5,55.0,89.1,63.4,65.3,65.9,64.2,10,20,55,65,8,14.65
4921,North America,343,Barbados,2020,69.8,0.0,56.7,83.4,90.4,72.1,52.4,70.7,66.9,53.1,0.0,90.5,55.0,90.5,63.9,65.2,70.0,66.1,10,15,50,60,8,14.65
4922,North America,344,Barbados,2021,70.8,0.0,56.7,82.5,92.1,72.3,52.4,70.7,67.5,60.0,0.0,90.5,55.8,89.6,63.9,63.2,70.4,73.6,10,25,70,60,15,
4923,North America,345,Barbados,2022,69.4,0.0,56.7,82.5,92.1,72.5,52.4,70.7,69.4,60.0,0.0,90.5,55.8,89.6,63.9,63.0,70.4,73.6,15,30,50,60,5,
4924,Europe,346,Belarus,2000,72.3,98.5,61.2,71.5,96.1,63.7,82.8,65.6,62.2,27.8,86.9,80.8,75.4,68.5,0.0,86.1,58.7,71.4,20,15,6,15,8,40.76
4925,Europe,347,Belarus,2001,72.7,98.5,60.6,72.1,96.9,63.9,82.8,65.8,62.6,28.3,88.4,80.8,74.6,68.6,0.0,88.4,58.8,71.4,5,15,5,23,7,40.93
4926,Europe,348,Belarus,2002,72.7,98.5,62.1,70.4,96.6,64.0,82.8,66.6,63.0,28.7,89.2,81.2,74.6,68.6,0.0,88.5,58.7,69.5,20,20,5,25,0,41.11
4927,Europe,349,Belarus,2003,72.7,98.5,61.5,64.3,97.0,64.1,82.8,66.5,63.2,28.7,94.3,81.2,73.1,68.3,0.0,88.5,58.7,72.3,40,15,10,20,8,41.29
4928,Europe,350,Belarus,2004,74.4,98.5,64.0,71.3,96.3,74.0,82.9,67.5,63.4,28.8,99.5,81.7,73.1,67.7,0.0,88.6,59.1,73.3,35,30,7,19,7,41.46
4929,Europe,351,Belarus,2005,74.8,98.5,62.9,72.3,96.3,74.0,82.9,67.6,64.0,29.2,98.0,81.7,77.1,67.5,0.0,89.5,59.3,75.7,30,18,7,25,7,41.64
4930,Europe,352,Belarus,2006,74.7,98.5,62.3,72.1,96.6,74.1,82.9,67.8,64.3,30.0,95.6,82.2,75.7,67.0,0.0,89.6,59.3,78.0,45,15,10,18,15,41.81
4931,Europe,353,Belarus,2007,74.5,98.5,63.5,71.5,96.7,74.2,83.0,68.2,64.4,31.8,91.3,81.1,73.3,67.2,0.0,89.6,60.9,77.4,35,20,10,28,8,41.99
4932,Europe,354,Belarus,2008,75.1,98.5,65.5,71.6,96.9,75.7,83.0,68.6,64.6,31.1,96.9,82.4,71.7,66.7,0.0,89.7,61.2,77.0,35,18,9,35,7,42.17
4933,Europe,355,Belarus,2009,75.0,98.5,64.4,72.7,96.9,75.8,83.1,68.0,65.5,31.5,97.0,82.1,73.6,67.1,0.0,89.7,61.6,71.7,25,18,10,20,8,42.34
4934,Europe,356,Belarus,2010,74.7,98.5,62.4,73.9,96.2,76.0,83.1,68.9,65.0,32.2,94.3,85.0,69.9,66.7,0.0,89.8,63.4,70.6,60,15,6,22,5,42.52
4935,Europe,357,Belarus,2011,74.9,98.6,63.0,74.3,96.1,76.1,83.1,68.3,65.0,34.5,98.5,81.5,69.5,69.0,0.0,89.9,64.2,66.6,44,15,7,35,8,42.52
4936,Europe,358,Belarus,2012,75.5,98.8,64.0,76.8,97.6,73.5,83.2,67.9,65.1,37.4,99.1,81.6,71.2,69.3,0.0,90.2,64.3,68.4,35,28,5,20,7,42.52
4937,Europe,359,Belarus,2013,75.1,98.9,63.0,78.1,98.7,74.1,83.2,68.0,64.9,40.3,98.8,82.8,70.9,60.2,0.0,90.3,61.6,68.5,40,20,5,33,10,42.53
4938,Europe,360,Belarus,2014,75.9,99.0,65.7,78.7,98.4,74.2,83.3,68.8,67.1,40.2,97.8,83.6,71.3,64.1,0.0,93.0,62.4,67.2,55,17,10,35,7,42.53
4939,Europe,361,Belarus,2015,76.9,98.9,64.9,80.9,98.5,74.7,83.3,69.2,66.9,41.5,100.0,86.0,71.9,68.2,0.0,93.9,62.4,69.1,45,16,7,40,10,42.53
4940,Europe,362,Belarus,2016,77.6,98.9,64.5,80.5,99.1,78.6,83.3,69.1,67.0,41.1,100.0,86.1,73.0,74.5,0.0,94.0,62.4,69.6,58,25,9,35,10,42.67
4941,Europe,363,Belarus,2017,77.9,98.9,64.8,81.6,98.1,78.5,83.3,69.4,66.5,47.1,100.0,85.3,72.3,73.7,0.0,94.0,63.2,69.3,40,30,10,32,8,42.8
4942,Europe,364,Belarus,2018,78.1,99.0,62.8,81.4,97.9,78.3,83.3,69.7,66.4,53.3,100.0,85.1,71.9,68.3,0.0,94.0,63.1,74.7,55,20,7,45,8,42.93
4943,Europe,365,Belarus,2019,78.3,99.0,63.5,83.5,96.4,78.9,83.3,70.3,67.2,53.3,100.0,84.5,71.7,68.3,0.0,94.1,64.6,73.9,50,25,5,20,10,43.06
4944,Europe,366,Belarus,2020,78.4,99.1,64.3,83.4,95.2,78.8,83.3,70.3,67.2,54.5,100.0,85.0,71.7,68.8,0.0,94.1,64.6,74.7,69,38,9,12,6,43.19
4945,Europe,367,Belarus,2021,78.4,99.1,63.6,83.6,94.9,79.0,83.3,70.3,66.9,55.8,100.0,85.0,71.1,68.6,0.0,94.2,63.2,75.9,73,26,6,11,7,
4946,Europe,368,Belarus,2022,77.5,99.1,63.6,83.6,94.9,79.0,83.3,70.3,66.6,55.5,100.0,85.0,71.1,68.6,0.0,94.3,61.2,76.0,78,18,9,14,7,
4947,Europe,369,Belgium,2000,73.1,98.9,72.1,84.3,99.1,70.7,61.8,69.0,84.7,68.9,92.1,89.5,43.9,46.0,54.7,74.2,81.6,51.5,20,10,70,40,7,22.04
4948,Europe,370,Belgium,2001,73.2,98.9,71.2,84.7,99.1,70.9,62.9,68.7,85.0,69.5,92.1,89.5,44.2,46.2,54.1,74.2,81.4,51.8,10,20,55,70,5,22.11
4949,Europe,371,Belgium,2002,73.5,98.9,71.6,85.3,98.9,71.0,64.0,69.2,84.5,71.2,92.1,89.5,44.1,46.2,54.7,74.7,81.4,51.8,10,45,75,30,8,22.19
4950,Europe,372,Belgium,2003,74.4,98.9,71.9,86.1,98.2,77.2,64.4,69.1,84.1,71.5,99.2,89.5,44.2,46.1,52.8,78.0,81.4,52.9,15,20,85,50,5,22.26
4951,Europe,373,Belgium,2004,74.3,98.9,72.1,86.6,97.1,77.0,64.7,69.2,84.2,72.0,95.8,89.5,44.0,46.1,53.7,78.0,81.4,53.2,10,45,80,60,7,22.34
4952,Europe,374,Belgium,2005,75.1,98.9,71.8,88.0,96.8,77.2,65.0,69.5,83.5,72.2,97.5,89.6,43.9,46.7,57.8,78.8,81.4,57.6,20,35,75,70,5,22.41
4953,Europe,375,Belgium,2006,75.1,98.9,71.8,88.9,93.7,77.2,65.3,69.5,83.5,72.9,99.2,89.6,44.8,47.1,56.6,78.8,81.4,57.5,20,45,80,70,7,22.48
4954,Europe,376,Belgium,2007,74.9,98.9,71.5,88.7,93.0,77.6,65.5,70.0,83.9,73.7,97.6,87.6,44.2,47.8,56.5,78.8,80.9,57.4,10,40,75,62,7,22.56
4955,Europe,377,Belgium,2008,75.1,98.9,71.6,89.0,92.4,77.6,65.7,70.0,84.1,74.2,98.7,89.6,43.8,47.9,55.0,78.8,80.4,59.2,5,45,75,65,7,22.63
4956,Europe,378,Belgium,2009,75.6,98.9,71.9,89.5,92.5,79.2,66.1,70.9,83.8,75.4,98.5,89.6,45.4,50.0,54.2,78.9,80.4,60.4,20,45,75,55,10,22.71
4957,Europe,379,Belgium,2010,75.8,98.9,71.3,90.5,94.4,80.3,66.2,71.5,83.6,76.9,98.7,88.2,46.0,49.0,53.3,78.9,81.2,60.2,10,20,60,35,8,22.78
4958,Europe,380,Belgium,2011,76.4,99.1,71.4,91.1,95.8,79.8,68.7,72.0,84.1,79.7,99.2,86.6,45.5,50.6,55.6,78.9,80.8,60.4,25,45,80,48,5,22.78
4959,Europe,381,Belgium,2012,76.7,99.3,71.1,91.3,96.0,79.9,68.1,72.3,84.1,82.0,100.0,87.8,46.1,51.1,54.8,78.9,81.5,60.3,15,25,80,60,7,22.78
4960,Europe,382,Belgium,2013,77.5,99.2,71.2,92.0,96.5,83.1,69.4,72.4,83.5,85.1,99.7,91.6,46.4,51.2,55.1,78.9,80.7,60.9,10,43,75,30,7,22.77
4961,Europe,383,Belgium,2014,77.5,99.4,71.2,91.8,96.4,84.1,70.2,72.4,83.7,86.5,99.2,91.5,46.6,52.2,47.6,79.4,84.0,60.9,10,45,75,50,8,22.77
4962,Europe,384,Belgium,2015,78.0,99.5,72.2,92.4,96.9,84.5,71.7,72.1,82.2,87.4,99.7,90.2,47.2,53.5,48.0,79.6,87.6,61.0,20,48,82,65,10,22.76
4963,Europe,385,Belgium,2016,77.9,99.4,71.2,92.8,97.1,84.5,71.2,73.2,82.5,88.6,99.9,88.8,46.6,51.9,47.4,81.8,87.2,61.1,30,32,80,65,7,22.76
4964,Europe,386,Belgium,2017,77.9,99.4,71.5,93.0,96.3,84.4,70.6,73.4,82.8,90.7,100.0,89.2,45.8,52.3,46.9,81.8,85.5,61.2,20,40,85,60,6,22.76
4965,Europe,387,Belgium,2018,78.2,99.5,71.2,93.2,95.6,85.1,70.6,72.9,83.7,91.6,100.0,86.8,44.9,52.1,49.7,81.9,87.0,63.4,25,45,75,60,10,22.76
4966,Europe,388,Belgium,2019,79.0,99.5,71.2,93.2,94.4,87.5,70.6,74.0,84.4,94.6,100.0,88.1,44.9,52.2,56.7,82.0,86.1,63.2,30,35,75,70,8,22.76
4967,Europe,389,Belgium,2020,79.4,99.4,71.2,93.2,95.3,87.2,70.6,74.0,84.5,96.4,100.0,90.2,44.9,53.6,56.7,82.0,85.4,65.7,25,35,75,65,10,22.76
4968,Europe,390,Belgium,2021,79.5,99.4,71.2,93.4,95.3,87.7,70.6,74.0,84.1,97.1,100.0,88.6,44.9,52.9,56.7,81.8,88.1,66.4,25,40,78,68,8,
4969,Europe,391,Belgium,2022,79.5,99.5,71.2,93.4,95.3,87.8,70.6,74.0,84.3,97.1,100.0,88.1,44.9,52.9,56.7,81.8,85.8,67.4,25,45,85,60,8,
4970,North America,392,Belize,2000,61.4,57.9,65.9,64.6,67.5,52.6,63.4,69.9,71.4,15.3,0.0,65.7,70.1,93.2,59.3,50.6,66.5,48.4,20,45,22,20,10,63.98
4971,North America,393,Belize,2001,61.2,57.9,66.3,64.8,67.9,52.6,63.6,64.7,72.6,15.2,0.0,66.0,69.6,92.9,59.3,50.6,64.2,50.8,15,40,30,20,8,63.68
4972,North America,394,Belize,2002,61.0,57.9,61.8,65.1,67.9,52.7,63.9,66.4,72.0,15.6,0.0,66.3,68.0,93.1,60.3,50.6,62.0,51.4,30,50,35,30,7,63.38
4973,North America,395,Belize,2003,61.3,57.9,62.3,67.0,70.3,50.8,64.2,67.9,71.8,15.9,0.0,66.5,68.0,93.2,60.3,50.6,64.3,50.5,15,35,35,35,7,63.08
4974,North America,396,Belize,2004,62.0,57.9,63.2,67.8,71.4,52.6,64.5,69.6,71.6,16.7,0.0,66.8,72.0,93.5,60.4,50.6,63.3,50.6,20,35,40,30,5,62.79
4975,North America,397,Belize,2005,62.6,57.9,67.4,67.5,71.1,52.6,64.8,68.9,71.4,18.5,0.0,66.7,73.0,93.4,61.7,50.5,63.4,52.0,20,40,35,35,5,62.49
4976,North America,398,Belize,2006,63.5,57.9,63.6,71.0,71.9,52.8,65.1,76.1,72.4,20.0,0.0,67.0,74.9,93.4,63.4,50.5,62.6,52.8,10,40,30,40,10,62.19
4977,North America,399,Belize,2007,63.1,57.9,63.0,70.4,70.3,51.2,65.4,72.0,73.0,19.4,0.0,67.3,75.6,93.3,63.3,50.4,62.4,54.8,10,45,35,25,5,61.89
4978,North America,400,Belize,2008,63.3,57.9,60.1,70.9,69.8,50.3,65.7,73.7,73.2,19.8,0.0,67.5,77.5,93.6,63.4,50.4,62.1,56.6,10,40,30,35,5,61.59
4979,North America,401,Belize,2009,63.6,57.9,67.6,75.1,71.5,50.4,65.9,70.9,73.2,20.8,0.0,67.8,76.9,93.2,63.4,50.3,55.1,57.4,30,40,40,40,8,61.3
4980,North America,402,Belize,2010,64.2,57.9,64.6,77.5,72.2,50.5,66.2,77.7,73.2,21.0,0.0,68.0,78.4,93.2,64.0,50.2,53.2,60.0,25,35,25,55,7,61.0
4981,North America,403,Belize,2011,65.0,58.0,66.6,77.1,73.8,50.5,66.5,82.6,73.2,21.1,0.0,67.9,78.0,92.8,67.8,50.3,53.9,59.6,10,40,20,20,5,60.49
4982,North America,404,Belize,2012,65.6,59.1,65.6,76.3,76.1,51.5,66.8,86.7,73.2,21.4,0.0,69.2,76.9,93.2,70.4,50.6,53.5,58.6,10,40,15,18,5,59.97
4983,North America,405,Belize,2013,64.9,60.8,63.6,75.0,78.5,54.7,67.1,82.0,73.1,22.3,0.0,69.0,75.9,93.2,57.2,50.5,56.4,59.1,20,30,30,30,7,59.46
4984,North America,406,Belize,2014,65.8,61.4,65.4,74.1,80.1,54.9,67.4,77.8,73.2,24.6,0.0,74.3,75.0,92.5,65.1,50.5,56.2,60.3,20,35,40,40,8,58.95
4985,North America,407,Belize,2015,65.5,62.1,62.8,74.4,78.1,52.8,67.7,73.9,73.6,25.9,0.0,74.5,75.1,90.2,69.4,50.4,55.9,60.7,25,30,15,60,5,58.43
4986,North America,408,Belize,2016,66.2,61.8,64.0,74.0,79.3,53.3,67.9,75.9,74.0,34.2,0.0,75.5,74.7,90.8,68.6,50.3,53.8,61.9,25,40,33,45,8,57.94
4987,North America,409,Belize,2017,66.9,60.9,68.2,75.4,78.1,56.2,68.1,78.9,74.2,32.7,0.0,75.7,75.8,91.9,69.2,50.3,50.6,64.2,15,38,30,40,7,57.45
4988,North America,410,Belize,2018,67.1,61.2,68.0,75.8,78.2,56.3,68.3,77.4,68.5,33.9,0.0,76.1,77.5,93.0,69.7,50.2,52.6,66.6,20,15,40,40,8,56.96
4989,North America,411,Belize,2019,67.0,62.6,66.1,76.4,78.0,56.3,68.3,75.1,66.6,35.9,0.0,76.4,77.5,92.6,70.3,50.1,54.2,66.3,25,40,45,40,8,56.48
4990,North America,412,Belize,2020,66.8,55.8,67.1,74.2,78.8,56.4,68.3,76.3,64.6,36.9,0.0,76.4,77.5,93.0,70.7,50.0,55.1,68.5,15,30,35,35,10,55.99
4991,North America,413,Belize,2021,66.5,61.0,68.6,74.3,60.7,58.0,68.3,76.3,65.9,38.4,0.0,76.4,79.6,92.7,70.4,48.1,53.8,71.3,5,55,40,40,7,
4992,North America,414,Belize,2022,64.6,62.1,68.7,74.3,60.7,58.2,68.3,76.3,66.0,38.4,0.0,76.4,79.6,92.7,70.1,48.0,53.4,71.4,25,40,43,50,8,
4993,Africa,415,Benin,2000,47.7,20.6,58.3,32.9,30.7,20.6,46.7,7.7,70.1,14.2,58.2,41.1,97.5,98.7,59.9,66.8,45.9,40.7,38,45,18,20,15,36.67
4994,Africa,416,Benin,2001,47.7,20.6,58.3,32.7,30.7,20.7,46.8,7.5,70.2,14.2,58.2,40.9,97.4,98.7,59.9,66.8,45.9,41.4,15,40,18,15,5,36.23
4995,Africa,417,Benin,2002,47.6,20.6,58.3,32.5,29.5,20.9,46.9,7.6,70.2,14.2,58.2,40.7,97.3,98.6,60.0,66.8,45.9,41.3,20,35,18,18,10,35.79
4996,Africa,418,Benin,2003,47.7,20.6,58.7,32.9,29.5,21.1,47.0,7.7,70.2,14.2,58.2,40.5,97.3,98.5,59.9,66.8,45.9,41.3,30,40,18,15,15,35.34
4997,Africa,419,Benin,2004,47.8,20.6,58.8,31.6,31.2,21.8,47.2,7.9,70.2,14.3,58.2,40.3,97.4,98.5,59.9,66.8,45.9,42.1,5,20,25,30,8,34.9
4998,Africa,420,Benin,2005,47.7,20.6,58.7,31.9,29.0,22.0,47.3,8.0,70.2,14.3,58.2,41.6,97.3,98.5,59.8,66.8,45.9,41.5,15,30,9,15,10,34.46
4999,Africa,421,Benin,2006,48.1,20.6,58.8,33.2,32.9,22.3,47.5,8.5,70.1,14.3,58.2,41.4,97.2,98.4,59.7,66.8,45.9,42.0,20,30,15,35,10,34.01
5000,Africa,422,Benin,2007,48.5,20.6,59.5,34.9,32.9,24.4,47.6,8.4,70.1,14.4,58.2,41.2,97.1,98.3,59.6,66.8,45.9,44.5,15,40,35,15,15,33.57
5001,Africa,423,Benin,2008,48.8,20.6,61.7,35.3,34.7,24.6,47.7,8.9,70.1,14.4,58.2,41.0,97.2,98.3,59.8,66.8,46.9,43.7,20,40,35,25,10,33.12
5002,Africa,424,Benin,2009,49.0,20.6,62.2,35.7,36.9,24.9,47.9,9.0,70.1,14.4,58.2,40.8,97.1,98.3,59.9,66.9,46.9,43.8,33,50,50,20,8,32.68
5003,Africa,425,Benin,2010,49.3,20.6,62.0,36.7,37.3,25.1,48.0,9.8,70.0,14.6,58.2,40.6,97.1,98.2,60.0,66.9,47.0,45.4,20,35,20,20,15,32.24
5004,Africa,426,Benin,2011,48.2,20.6,63.2,37.2,40.9,26.1,48.2,10.6,69.1,14.8,37.1,36.6,97.3,98.3,60.0,66.9,46.1,45.9,25,40,35,35,10,31.79
5005,Africa,427,Benin,2012,48.5,20.4,62.9,37.8,42.1,26.9,48.3,11.2,69.2,15.6,37.1,38.2,97.3,98.3,59.3,66.9,48.4,44.0,30,46,20,35,15,31.35
5006,Africa,428,Benin,2013,48.7,20.7,63.3,37.4,45.1,31.3,48.4,10.5,69.3,15.7,37.1,37.2,97.0,98.0,59.2,66.9,45.5,44.5,25,30,12,40,10,30.91
5007,Africa,429,Benin,2014,48.8,20.9,63.8,36.9,44.3,32.5,48.6,10.2,70.4,14.5,37.1,38.8,96.9,97.9,59.9,66.9,45.7,43.9,10,35,25,35,15,30.46
5008,Africa,430,Benin,2015,47.8,21.4,63.4,37.8,44.8,31.9,48.7,9.0,70.4,15.6,21.4,37.5,97.1,98.1,60.0,66.9,44.3,43.9,30,65,20,40,15,30.02
5009,Africa,431,Benin,2016,49.2,26.6,64.1,38.9,55.5,32.0,48.9,10.6,70.5,17.0,21.4,40.1,97.1,98.1,60.0,66.9,44.6,43.5,10,60,35,35,10,29.58
5010,Africa,432,Benin,2017,50.3,34.3,63.5,41.0,55.6,32.8,49.0,9.9,74.0,18.5,21.4,41.2,97.1,98.0,60.0,66.9,47.0,45.7,25,35,25,40,10,29.13
5011,Africa,433,Benin,2018,53.9,46.0,64.7,43.2,58.3,32.8,49.1,11.1,74.1,20.6,62.0,43.3,96.9,97.8,60.0,65.4,46.7,44.7,30,55,18,35,12,28.69
5012,Africa,434,Benin,2019,54.0,46.7,64.6,42.8,56.3,33.6,49.3,11.5,73.7,21.5,62.0,42.9,96.9,97.8,60.0,65.4,48.3,44.1,5,35,18,25,10,28.25
5013,Africa,435,Benin,2020,54.4,47.1,65.1,41.7,52.3,33.6,49.4,11.8,74.6,23.5,62.0,47.2,96.9,97.9,60.0,65.4,48.6,47.5,30,40,20,30,10,27.8
5014,Africa,436,Benin,2021,55.1,52.4,65.2,42.5,57.3,34.1,49.4,11.8,76.0,25.9,62.0,41.6,96.9,97.8,60.0,66.4,47.6,49.6,35,42,18,35,5,
5015,Africa,437,Benin,2022,55.1,57.2,65.4,42.0,57.3,34.2,49.4,11.8,76.0,25.9,62.0,39.1,96.9,97.8,60.0,66.4,46.0,49.6,20,45,20,35,20,
5016,Asia,438,Bhutan,2000,57.8,78.7,43.3,48.1,17.1,44.9,58.4,37.2,73.7,9.0,48.3,85.5,88.9,92.1,0.0,62.8,78.3,59.3,25,10,30,72,15,68.36
5017,Asia,439,Bhutan,2001,58.4,78.7,44.0,49.3,21.0,44.9,58.8,40.8,73.5,9.0,48.3,85.5,88.8,92.2,0.0,62.7,78.3,58.6,40,30,35,30,20,68.62
5018,Asia,440,Bhutan,2002,58.4,78.7,43.7,49.4,21.0,44.9,59.6,43.1,73.5,9.2,48.3,85.5,88.7,92.1,0.0,62.7,78.3,56.1,30,35,15,65,10,68.88
5019,Asia,441,Bhutan,2003,58.7,78.7,45.4,53.7,21.0,44.9,60.3,43.6,73.6,9.1,48.3,85.6,88.9,92.3,0.0,62.7,79.1,52.7,30,30,15,60,10,69.14
5020,Asia,442,Bhutan,2004,59.5,78.7,49.6,54.3,23.5,44.8,61.0,47.8,73.0,9.5,48.3,85.6,88.7,92.6,0.0,62.7,78.6,53.6,5,30,25,48,20,69.4
5021,Asia,443,Bhutan,2005,60.1,78.7,49.7,55.1,28.8,44.9,61.7,51.0,72.5,9.6,48.3,84.6,88.7,92.3,0.0,62.7,78.8,55.0,35,30,20,35,20,69.67
5022,Asia,444,Bhutan,2006,60.4,78.7,50.4,55.9,32.1,41.5,62.4,52.6,72.5,10.1,48.3,84.6,89.4,92.3,0.0,62.7,78.9,54.8,10,20,15,70,10,69.93
5023,Asia,445,Bhutan,2007,62.0,78.7,50.7,58.4,33.5,41.5,63.0,57.6,72.1,10.0,60.7,84.6,89.0,92.4,0.0,62.7,78.7,58.0,15,30,35,75,18,70.19
5024,Asia,446,Bhutan,2008,62.6,78.7,53.8,58.3,37.3,44.5,63.6,57.9,72.0,10.0,60.7,84.6,89.2,92.3,0.0,64.7,78.5,55.4,38,38,35,65,40,70.45
5025,Asia,447,Bhutan,2009,62.9,78.7,50.6,58.5,41.5,44.5,64.3,60.7,71.8,10.3,60.7,84.7,88.9,92.4,0.0,64.7,78.6,55.9,25,35,35,60,25,70.71
5026,Asia,448,Bhutan,2010,63.5,78.7,51.2,60.9,45.8,44.5,64.9,62.8,72.3,11.9,60.7,84.6,88.4,92.1,0.0,64.7,78.6,53.5,30,35,38,65,10,70.97
5027,Asia,449,Bhutan,2011,64.1,82.4,54.6,61.9,46.9,44.8,65.5,64.9,72.4,12.0,60.7,85.1,88.0,90.8,0.0,64.7,77.9,53.6,30,40,30,66,40,71.02
5028,Asia,450,Bhutan,2012,65.3,81.9,54.2,63.2,53.6,45.2,66.0,68.2,73.3,15.8,57.4,85.0,87.8,91.3,0.0,64.7,77.8,59.0,20,40,35,70,5,71.07
5029,Asia,451,Bhutan,2013,66.6,94.8,54.7,65.7,54.6,47.8,66.6,67.8,72.7,19.7,57.4,85.5,88.0,91.9,0.0,64.7,78.3,54.9,32,38,30,70,10,71.12
5030,Asia,452,Bhutan,2014,66.8,92.2,55.4,65.3,56.5,49.3,67.2,69.5,72.9,22.6,57.4,81.8,88.0,91.4,0.0,65.9,79.5,54.8,33,35,40,65,10,71.18
5031,Asia,453,Bhutan,2015,67.6,93.0,56.3,66.6,55.2,51.2,67.8,71.4,73.0,27.6,57.4,83.1,88.0,90.4,0.0,65.9,79.6,55.5,15,35,35,70,5,71.23
5032,Asia,454,Bhutan,2016,68.1,91.1,57.5,65.8,57.0,52.5,68.3,72.4,72.7,31.3,57.4,84.1,87.8,90.2,0.0,65.9,80.2,55.8,10,40,35,55,15,71.28
5033,Asia,455,Bhutan,2017,69.5,90.9,58.3,68.3,60.9,53.5,68.7,72.4,72.5,36.2,64.4,83.9,87.6,90.0,0.0,65.9,80.4,57.8,25,35,30,70,20,71.33
5034,Asia,456,Bhutan,2018,70.6,93.5,57.3,68.5,62.2,58.5,69.0,73.1,72.2,38.6,64.4,84.2,88.2,90.4,0.0,65.7,82.8,60.5,15,30,35,60,5,71.38
5035,Asia,457,Bhutan,2019,71.0,94.5,56.5,73.2,62.9,60.5,69.3,73.7,72.7,40.8,64.4,84.5,88.1,90.1,0.0,65.7,83.3,56.5,20,37,22,60,20,71.43
5036,Asia,458,Bhutan,2020,71.4,93.1,57.8,72.9,68.7,60.4,69.6,73.9,70.9,41.2,64.4,84.6,88.1,90.0,0.0,65.7,83.1,58.5,18,35,40,60,10,71.49
5037,Asia,459,Bhutan,2021,73.1,93.8,57.7,73.5,87.2,61.5,69.6,73.9,71.8,42.5,64.4,84.6,88.1,89.9,0.0,65.8,83.1,63.0,30,35,25,60,20,
5038,Asia,460,Bhutan,2022,72.3,94.8,57.9,73.5,87.2,61.6,69.6,73.9,72.1,42.5,64.4,84.6,88.1,89.9,0.0,65.7,80.0,63.2,35,35,45,65,35,
5039,South America,461,Bolivia,2000,59.2,79.4,56.0,52.9,82.6,44.2,57.8,50.4,71.0,12.7,2.0,69.7,92.7,95.4,0.0,69.3,49.9,60.4,35,50,18,20,5,50.86
5040,South America,462,Bolivia,2001,59.9,79.4,56.7,53.2,84.0,44.4,58.3,53.5,71.0,12.8,7.9,69.6,93.1,95.5,0.0,69.2,49.9,59.7,10,60,17,30,10,50.68
5041,South America,463,Bolivia,2002,60.2,79.4,56.3,54.3,85.5,48.4,58.8,51.0,71.0,12.9,5.2,70.2,92.8,95.5,0.0,70.5,49.9,60.9,38,60,20,30,10,50.49
5042,South America,464,Bolivia,2003,60.5,79.4,56.6,55.2,86.3,48.9,59.3,52.8,71.0,12.9,5.2,70.1,92.9,95.2,0.0,70.5,49.9,61.3,40,40,24,17,5,50.31
5043,South America,465,Bolivia,2004,61.2,79.4,55.5,55.4,87.5,49.8,59.8,54.7,71.0,13.1,11.3,70.7,92.8,95.2,0.0,70.5,49.9,62.5,30,60,20,22,15,50.12
5044,South America,466,Bolivia,2005,61.0,79.4,56.1,57.0,87.7,49.2,60.3,52.4,71.0,13.2,6.3,69.8,92.5,95.1,0.0,70.7,49.9,64.7,35,56,20,25,5,49.93
5045,South America,467,Bolivia,2006,61.2,79.4,57.0,56.1,87.0,49.7,60.8,53.5,70.9,13.4,8.9,70.4,92.4,95.0,0.0,70.7,49.1,64.9,40,60,22,20,5,49.75
5046,South America,468,Bolivia,2007,61.8,79.4,56.0,58.3,86.3,49.5,61.3,57.9,70.9,14.1,12.0,70.7,92.3,94.9,0.0,70.9,49.7,65.0,30,58,22,20,5,49.56
5047,South America,469,Bolivia,2008,62.5,79.4,56.0,59.2,87.3,49.4,61.9,58.5,70.9,14.4,17.2,71.7,92.3,94.8,0.0,70.9,50.3,65.0,38,62,24,25,5,49.38
5048,South America,470,Bolivia,2009,62.8,79.4,58.8,62.0,84.9,52.3,62.5,59.4,70.7,14.5,19.4,70.0,92.3,94.7,0.0,70.9,48.6,65.0,35,55,18,23,15,49.19
5049,South America,471,Bolivia,2010,63.1,79.4,58.9,63.1,83.0,54.4,63.1,59.9,70.9,15.3,19.4,70.0,92.0,94.5,0.0,70.9,49.7,65.0,35,55,22,25,8,49.0
5050,South America,472,Bolivia,2011,63.7,81.7,59.5,65.5,81.7,54.9,63.7,59.9,71.1,16.7,23.8,69.9,92.0,94.0,0.0,70.8,49.5,63.7,35,52,25,30,5,48.81
5051,South America,473,Bolivia,2012,63.7,80.8,61.0,64.9,80.3,55.4,64.3,60.2,71.2,18.9,23.1,67.8,92.0,94.0,0.0,70.8,49.1,65.0,35,66,25,27,7,48.61
5052,South America,474,Bolivia,2013,63.9,82.7,60.7,64.4,82.4,56.6,64.9,60.5,71.0,20.2,21.7,68.2,91.8,93.7,0.0,70.8,47.8,64.9,40,58,24,40,15,48.42
5053,South America,475,Bolivia,2014,65.5,85.3,62.2,65.6,84.7,70.5,65.5,60.5,73.4,18.2,21.4,67.3,91.7,93.1,0.0,70.8,50.9,66.8,35,56,20,20,5,48.22
5054,South America,476,Bolivia,2015,66.2,86.2,63.5,68.5,84.8,69.2,66.1,61.0,71.9,21.8,23.0,66.8,91.7,93.1,0.0,70.8,52.1,69.0,30,58,18,25,5,48.03
5055,South America,477,Bolivia,2016,67.0,83.9,63.4,69.4,86.6,72.4,66.7,60.9,71.6,24.8,25.2,70.7,91.7,93.1,0.0,70.8,51.2,69.0,35,63,5,35,10,47.81
5056,South America,478,Bolivia,2017,67.7,86.0,62.5,68.8,86.3,72.9,67.3,60.9,73.4,28.1,28.9,73.1,91.8,92.9,0.0,70.8,50.5,69.8,35,45,22,25,5,47.59
5057,South America,479,Bolivia,2018,68.8,89.0,64.5,66.6,87.1,73.7,67.9,61.9,73.9,29.2,40.9,73.3,91.7,93.0,0.0,66.2,51.2,71.2,30,62,25,23,5,47.37
5058,South America,480,Bolivia,2019,69.8,93.0,64.2,66.7,89.1,72.1,68.5,63.8,73.9,30.1,45.8,75.9,91.7,93.1,0.0,66.2,52.7,69.6,35,55,18,16,15,47.15
5059,South America,481,Bolivia,2020,68.7,90.0,63.7,66.0,91.2,69.5,69.1,64.6,71.3,32.1,35.2,69.0,91.7,93.5,0.0,66.2,52.4,74.3,30,43,35,25,5,46.92
5060,South America,482,Bolivia,2021,69.2,90.9,64.7,66.3,90.6,69.2,69.1,64.6,75.1,33.7,35.2,73.0,91.9,93.2,0.0,61.6,51.3,76.3,38,46,20,27,15,
5061,South America,483,Bolivia,2022,68.9,91.7,64.9,66.8,90.6,69.5,69.1,64.6,75.4,33.7,35.2,71.8,91.9,93.2,0.0,61.6,48.9,76.5,38,55,22,30,10,
5062,Europe,484,Bosnia and Herzegovina,2000,67.4,99.6,55.0,68.8,37.5,26.7,73.6,65.0,68.0,20.1,89.5,79.2,81.1,90.1,83.4,62.7,69.9,74.9,44,82,28,25,20,41.24
5063,Europe,485,Bosnia and Herzegovina,2001,67.7,99.6,57.6,70.5,37.5,26.8,73.5,65.4,68.0,20.1,89.5,79.3,81.4,90.3,83.4,62.7,70.1,74.9,42,75,45,20,5,41.23
5064,Europe,486,Bosnia and Herzegovina,2002,67.7,99.6,59.6,69.5,37.5,26.8,73.5,65.2,68.0,20.3,89.5,79.3,80.7,89.9,83.6,62.7,70.0,74.9,45,85,40,25,20,41.21
5065,Europe,487,Bosnia and Herzegovina,2003,67.8,99.6,55.7,70.4,37.5,31.8,73.5,65.1,67.9,20.7,89.5,79.3,80.4,89.9,83.5,62.7,70.0,74.9,42,85,45,28,10,41.19
5066,Europe,488,Bosnia and Herzegovina,2004,67.5,99.6,61.6,70.4,37.5,31.9,73.5,65.0,67.9,22.5,76.7,79.3,80.6,89.4,83.5,62.7,70.1,74.9,35,72,35,28,5,41.17
5067,Europe,489,Bosnia and Herzegovina,2005,67.5,99.6,60.4,73.2,37.5,32.0,73.5,64.4,67.9,23.7,76.7,79.1,80.2,89.1,83.5,62.7,70.1,74.9,45,75,33,35,5,41.16
5068,Europe,490,Bosnia and Herzegovina,2006,67.8,99.6,63.6,73.0,37.5,30.9,73.5,63.1,67.9,24.3,76.7,79.2,80.3,88.5,83.4,62.7,70.1,77.7,42,75,45,35,5,41.14
5069,Europe,491,Bosnia and Herzegovina,2007,68.2,99.6,59.7,73.9,37.5,30.0,73.5,60.6,67.9,25.0,80.4,79.2,80.3,88.4,83.4,71.1,70.1,78.3,38,70,38,33,10,41.12
5070,Europe,492,Bosnia and Herzegovina,2008,68.9,99.6,63.9,73.3,37.5,30.4,73.4,60.9,69.3,26.2,80.4,78.5,80.2,87.2,83.4,79.6,70.1,77.5,43,70,50,35,10,41.1
5071,Europe,493,Bosnia and Herzegovina,2009,69.2,99.6,62.2,74.4,37.5,34.4,73.4,62.3,69.0,27.0,80.4,78.5,80.1,86.8,83.4,79.6,70.1,76.9,38,85,35,30,30,41.09
5072,Europe,494,Bosnia and Herzegovina,2010,69.1,99.6,60.0,74.5,37.5,33.5,73.4,63.5,68.0,28.6,80.4,78.6,80.2,86.4,83.4,79.6,70.2,78.1,42,70,25,40,10,41.07
5073,Europe,495,Bosnia and Herzegovina,2011,69.0,99.5,59.6,75.6,37.3,36.3,73.4,59.2,68.0,29.6,80.8,76.8,79.5,84.8,83.4,79.6,70.3,78.6,40,60,35,35,10,41.29
5074,Europe,496,Bosnia and Herzegovina,2012,69.1,99.5,58.8,75.8,36.6,36.4,73.3,59.6,68.0,35.4,80.8,72.4,79.6,86.0,83.3,79.6,70.3,79.3,38,75,45,35,10,41.52
5075,Europe,497,Bosnia and Herzegovina,2013,70.3,99.6,62.3,76.2,45.6,38.8,73.3,63.0,68.0,37.8,80.8,72.9,79.5,85.9,83.3,79.7,70.1,78.1,38,75,42,33,20,41.75
5076,Europe,498,Bosnia and Herzegovina,2014,70.5,99.6,60.8,76.0,51.9,39.6,73.2,65.3,67.4,36.7,80.8,77.4,78.9,86.6,73.8,79.7,71.6,79.2,38,72,45,33,10,41.97
5077,Europe,499,Bosnia and Herzegovina,2015,70.7,99.7,60.5,75.6,54.9,40.0,73.2,66.1,67.1,38.4,80.8,75.6,78.8,87.3,73.8,79.7,71.4,78.3,40,75,40,33,10,42.2
5078,Europe,500,Bosnia and Herzegovina,2016,71.0,99.7,64.8,74.1,56.1,40.1,73.2,65.2,67.4,40.7,80.8,78.7,78.7,85.3,73.5,79.7,71.2,77.8,40,65,22,35,15,42.3
5079,Europe,501,Bosnia and Herzegovina,2017,70.9,99.7,60.6,74.8,58.8,41.1,73.2,62.0,69.8,42.8,80.8,76.2,78.3,84.4,73.7,79.7,70.9,78.7,10,85,45,35,5,42.41
5080,Europe,502,Bosnia and Herzegovina,2018,72.4,99.8,65.9,76.5,64.1,41.2,73.3,71.4,70.4,44.0,80.8,78.1,77.9,84.3,74.1,79.7,67.9,81.5,38,72,40,35,5,42.52
5081,Europe,503,Bosnia and Herzegovina,2019,73.0,99.8,65.7,77.0,64.1,43.4,73.2,71.3,73.4,43.2,80.8,75.4,77.8,84.8,83.6,79.7,66.8,80.6,40,70,40,25,30,42.63
5082,Europe,504,Bosnia and Herzegovina,2020,73.4,99.8,67.2,76.1,64.1,46.1,73.2,71.3,73.3,44.8,80.8,74.2,77.8,84.6,83.8,81.3,67.8,82.2,40,75,35,35,5,42.73
5083,Europe,505,Bosnia and Herzegovina,2021,74.1,99.8,63.8,76.5,64.1,47.2,73.2,71.3,76.7,47.3,80.8,74.6,78.3,88.2,83.8,81.3,68.5,84.8,40,78,42,35,10,
5084,Europe,506,Bosnia and Herzegovina,2022,74.0,99.9,63.8,76.9,64.1,47.1,73.2,71.3,76.9,47.3,80.8,74.6,78.3,88.2,83.7,81.3,66.2,84.7,43,63,40,38,20,
5085,Africa,507,Botswana,2000,54.7,55.3,43.7,38.5,62.4,68.2,56.2,22.5,65.2,21.4,0.0,66.7,82.4,85.2,0.0,74.1,65.5,67.5,12,30,35,80,5,31.09
5086,Africa,508,Botswana,2001,54.8,55.3,43.8,37.9,62.9,68.1,56.7,23.4,63.7,21.4,0.0,66.7,84.0,85.2,0.0,74.1,65.5,68.0,15,30,24,60,6,30.88
5087,Africa,509,Botswana,2002,54.7,55.3,44.4,38.4,62.3,67.9,57.0,21.5,62.3,21.5,0.0,67.3,84.5,85.1,0.0,74.1,64.9,68.4,15,35,15,65,10,30.67
5088,Africa,510,Botswana,2003,54.5,55.3,46.9,37.4,62.3,67.8,57.4,19.8,60.8,21.6,0.0,67.3,84.2,85.3,0.0,74.1,64.2,68.1,15,35,20,60,8,30.47
5089,Africa,511,Botswana,2004,54.5,55.3,44.5,37.4,63.2,64.7,57.7,22.3,61.8,21.6,0.0,67.8,83.6,85.3,0.0,74.1,65.0,67.8,20,40,25,70,8,30.26
5090,Africa,512,Botswana,2005,55.1,55.3,45.0,38.6,63.2,64.5,58.1,24.4,63.0,21.8,0.0,67.5,84.2,85.2,0.0,74.1,63.3,73.3,20,30,30,65,7,30.05
5091,Africa,513,Botswana,2006,55.4,55.3,45.3,39.8,64.5,64.4,58.7,23.0,64.2,22.3,0.0,68.0,84.7,85.2,0.0,74.1,63.8,73.2,20,10,35,60,8,29.84
5092,Africa,514,Botswana,2007,55.0,55.3,45.2,38.8,62.8,64.3,59.6,22.6,64.5,22.2,0.0,68.0,84.6,85.2,0.0,74.1,62.9,70.7,10,37,30,65,7,29.63
5093,Africa,515,Botswana,2008,55.1,55.3,44.8,40.7,62.5,64.1,60.5,23.6,64.8,22.6,0.0,64.1,84.4,85.1,0.0,74.1,63.9,71.6,18,30,35,60,15,29.42
5094,Africa,516,Botswana,2009,55.2,55.3,43.9,41.4,62.2,62.4,61.3,23.6,65.1,22.5,3.5,64.0,84.2,85.7,0.0,74.1,61.8,72.5,10,38,22,75,7,29.21
5095,Africa,517,Botswana,2010,55.7,55.3,44.9,40.6,62.2,62.2,62.2,26.2,64.1,22.4,3.5,70.2,84.3,85.2,0.0,74.1,63.7,70.0,20,20,30,65,10,29.0
5096,Africa,518,Botswana,2011,56.2,55.9,44.7,41.2,62.2,62.5,63.0,26.8,63.9,23.2,3.5,68.2,84.2,86.9,0.0,74.1,68.5,70.0,20,40,30,65,5,28.8
5097,Africa,519,Botswana,2012,57.1,58.1,44.5,44.6,64.9,62.7,63.7,27.8,63.8,27.7,3.5,68.3,84.3,87.0,0.0,74.1,66.9,72.5,15,25,25,75,5,28.59
5098,Africa,520,Botswana,2013,58.2,60.0,44.5,45.3,66.0,65.9,64.4,28.4,63.7,36.6,3.5,68.4,84.4,87.7,0.0,74.1,65.2,73.7,20,45,45,60,7,28.38
5099,Africa,521,Botswana,2014,59.1,59.2,41.8,45.1,67.3,67.1,65.1,40.8,66.9,34.8,3.5,68.9,84.5,87.2,0.0,74.1,65.8,73.4,10,35,35,75,5,28.17
5100,Africa,522,Botswana,2015,60.0,59.1,43.3,46.4,67.3,67.5,65.7,46.6,62.7,36.8,13.7,72.0,84.6,88.7,0.0,74.1,64.8,66.7,20,40,35,60,10,27.96
5101,Africa,523,Botswana,2016,60.3,59.5,42.6,46.6,67.3,67.7,66.3,44.9,62.7,42.7,13.7,74.3,84.5,88.2,0.0,74.1,64.3,66.1,20,37,37,70,10,27.75
5102,Africa,524,Botswana,2017,60.9,59.3,43.7,48.3,66.8,67.9,66.9,46.0,65.3,43.5,13.7,74.4,85.1,89.1,0.0,74.1,61.4,69.6,18,42,22,60,15,27.54
5103,Africa,525,Botswana,2018,61.0,61.0,44.0,48.6,65.8,68.1,67.5,46.6,64.8,47.6,13.7,74.6,84.8,88.4,0.0,74.3,61.8,64.6,15,25,20,72,10,27.33
5104,Africa,526,Botswana,2019,61.7,61.6,44.1,50.6,65.8,69.0,68.0,48.0,65.2,50.1,13.7,74.6,84.7,89.0,0.0,74.3,63.2,65.2,10,38,32,65,15,27.13
5105,Africa,527,Botswana,2020,62.2,62.0,44.9,49.9,65.8,69.0,68.1,48.8,63.3,52.6,13.7,74.6,84.7,89.4,0.0,74.3,65.1,68.5,20,35,20,66,5,26.92
5106,Africa,528,Botswana,2021,62.4,62.7,45.0,51.4,65.8,69.2,68.1,48.8,63.8,53.8,13.7,74.6,84.6,89.3,0.0,74.4,64.3,68.8,15,40,45,60,10,
5107,Africa,529,Botswana,2022,62.7,64.8,45.1,51.3,65.8,69.4,68.1,48.8,64.0,53.5,13.7,76.2,84.6,89.3,0.0,74.4,62.4,68.8,17,40,30,55,15,
5108,South America,530,Brazil,2000,67.9,82.5,66.8,72.4,81.2,62.8,80.4,83.5,75.2,40.5,6.5,75.2,85.4,93.2,58.3,62.3,58.7,69.2,30,52,30,48,7,65.93
5109,South America,531,Brazil,2001,68.1,82.5,68.3,72.8,81.2,63.4,80.7,83.0,75.2,40.9,6.5,75.3,85.5,93.1,59.4,62.4,58.5,69.1,40,40,35,34,10,65.46
5110,South America,532,Brazil,2002,68.3,82.5,68.1,72.8,81.2,63.1,81.0,84.1,75.2,41.5,6.9,76.3,85.5,93.2,59.1,62.7,58.3,69.2,40,40,50,40,7,64.99
5111,South America,533,Brazil,2003,68.6,82.5,70.2,73.5,81.2,64.2,81.3,85.6,74.9,42.2,7.6,76.3,85.2,93.2,59.1,62.8,58.2,68.9,20,40,55,35,5,64.52
5112,South America,534,Brazil,2004,69.0,82.5,69.8,73.6,82.0,64.2,81.6,85.9,75.5,43.0,9.2,77.3,85.1,93.1,59.8,62.8,58.6,69.2,35,40,35,50,5,64.04
5113,South America,535,Brazil,2005,69.3,82.5,69.5,74.7,82.8,64.2,81.9,86.6,75.2,43.6,9.4,77.5,85.1,93.1,60.2,63.0,58.8,69.9,40,55,50,50,5,63.57
5114,South America,536,Brazil,2006,69.6,82.5,70.0,75.3,83.2,64.3,82.2,87.4,75.7,45.0,10.4,78.5,85.0,93.1,60.0,63.3,56.6,70.8,40,55,55,55,5,63.1
5115,South America,537,Brazil,2007,69.9,82.5,70.6,75.2,83.2,64.4,82.5,88.2,75.9,45.9,11.4,80.2,84.6,93.0,59.5,63.4,56.2,70.9,40,42,40,38,7,62.63
5116,South America,538,Brazil,2008,70.3,82.5,71.4,76.2,83.2,64.4,82.8,88.4,76.5,46.8,12.7,78.3,84.4,92.8,61.0,63.7,59.1,71.4,40,45,35,60,10,62.15
5117,South America,539,Brazil,2009,70.3,82.5,70.7,77.2,81.1,64.3,83.0,89.8,75.8,48.2,13.1,77.2,84.6,93.0,61.2,63.7,56.7,72.1,30,45,48,60,8,61.68
5118,South America,540,Brazil,2010,70.6,82.5,71.5,77.7,80.9,64.2,83.3,89.0,76.6,49.6,13.1,80.5,84.1,92.6,61.8,63.9,56.7,72.2,40,55,50,55,5,61.21
5119,South America,541,Brazil,2011,70.7,83.7,71.1,78.1,79.9,64.2,83.6,88.7,76.8,52.0,14.2,76.9,83.9,92.1,61.6,63.9,58.2,72.2,30,44,38,55,5,61.02
5120,South America,542,Brazil,2012,70.9,85.6,71.6,77.7,78.5,64.2,83.9,88.0,77.0,54.2,13.5,78.5,83.9,92.0,62.3,63.8,57.5,72.7,35,45,52,55,10,60.84
5121,South America,543,Brazil,2013,71.3,87.4,71.5,78.8,82.3,65.7,84.1,87.6,77.1,59.3,14.5,76.8,83.8,91.6,63.3,63.9,52.9,72.2,35,63,45,28,15,60.66
5122,South America,544,Brazil,2014,71.7,88.6,71.3,78.3,83.5,66.5,84.4,87.2,79.2,63.2,15.5,75.4,83.8,91.8,62.3,63.9,53.3,71.5,35,58,60,35,7,60.47
5123,South America,545,Brazil,2015,72.6,87.3,72.2,79.0,83.0,66.8,84.7,88.2,78.9,65.7,15.6,79.6,84.1,93.0,62.1,63.9,55.6,73.8,40,58,55,34,7,60.29
5124,South America,546,Brazil,2016,71.5,85.3,69.7,78.2,85.1,66.9,84.9,89.3,77.1,53.0,13.7,79.2,84.0,93.7,62.2,63.9,55.1,74.5,35,55,45,33,7,60.11
5125,South America,547,Brazil,2017,72.0,84.6,71.7,79.0,85.2,67.8,85.2,89.2,74.1,63.6,13.7,80.1,83.8,93.6,62.7,63.9,52.8,72.7,30,55,33,37,5,59.94
5126,South America,548,Brazil,2018,72.0,84.3,70.9,79.1,85.5,70.2,85.5,90.0,73.1,64.1,12.8,79.9,83.7,93.9,63.2,59.2,55.3,73.9,35,59,45,45,15,59.77
5127,South America,549,Brazil,2019,72.4,84.7,70.8,78.2,86.1,70.5,85.8,90.5,72.1,64.8,13.4,80.9,83.5,93.9,63.7,59.2,58.1,74.7,38,55,55,40,15,59.59
5128,South America,550,Brazil,2020,72.9,92.6,70.1,78.4,85.8,69.2,86.1,90.6,70.7,66.7,19.9,76.4,83.5,94.2,63.8,59.2,58.4,73.9,42,58,44,40,10,59.42
5129,South America,551,Brazil,2021,73.4,93.0,68.7,77.2,85.9,70.0,86.1,90.6,73.6,68.8,19.9,78.4,83.5,93.9,63.8,61.7,57.9,74.6,35,59,45,34,5,
5130,South America,552,Brazil,2022,73.7,93.3,68.7,77.7,85.9,70.4,86.1,90.6,76.0,69.0,19.9,80.9,83.5,93.9,63.8,61.7,56.9,74.6,40,65,44,35,5,
5131,Asia,553,Brunei Darussalam,2000,61.1,0.0,50.1,76.1,98.7,53.7,59.2,67.5,70.3,36.3,0.0,99.8,48.2,19.2,39.0,68.0,67.4,62.3,15,10,13,60,10,75.33
5132,Asia,554,Brunei Darussalam,2001,61.2,0.0,49.7,75.6,98.7,53.6,59.2,67.6,70.3,36.6,0.0,99.8,48.2,20.6,40.9,67.9,67.4,62.2,10,18,10,75,10,75.01
5133,Asia,555,Brunei Darussalam,2002,62.1,0.0,50.3,76.7,98.7,53.4,59.2,68.6,69.8,36.6,0.0,99.8,48.2,21.7,51.2,67.9,67.4,62.2,15,10,10,70,5,74.69
5134,Asia,556,Brunei Darussalam,2003,62.4,0.0,50.9,78.5,98.7,53.3,59.2,69.3,70.1,37.9,0.0,99.8,48.2,21.1,51.4,67.8,67.5,62.3,20,17,15,60,5,74.36
5135,Asia,557,Brunei Darussalam,2004,62.3,0.0,50.0,78.0,98.7,53.2,59.2,68.8,70.0,39.7,0.0,99.8,48.2,19.6,52.4,67.8,67.5,62.2,35,18,14,70,5,74.04
5136,Asia,558,Brunei Darussalam,2005,62.5,0.0,51.1,79.5,98.7,53.0,59.2,68.7,70.1,40.5,0.0,99.7,48.2,20.0,51.6,67.8,67.3,61.7,18,15,15,65,5,73.72
5137,Asia,559,Brunei Darussalam,2006,62.6,0.0,50.7,80.7,98.4,53.3,59.2,68.8,69.8,41.9,0.0,99.7,48.2,21.0,52.0,67.8,67.2,61.2,35,20,15,60,10,73.4
5138,Asia,560,Brunei Darussalam,2007,61.2,0.0,50.6,79.3,98.6,53.5,59.0,64.2,69.6,42.1,0.0,99.7,48.2,9.0,47.5,67.7,67.2,61.3,10,20,15,80,0,73.07
5139,Asia,561,Brunei Darussalam,2008,61.3,0.0,50.7,81.5,98.6,53.7,59.0,62.8,69.7,42.7,0.0,99.7,48.2,9.0,47.6,67.7,67.4,61.3,18,18,10,65,10,72.75
5140,Asia,562,Brunei Darussalam,2009,62.0,0.0,51.4,81.9,99.1,53.9,59.0,65.3,69.5,43.3,0.0,99.7,48.2,9.0,52.2,67.7,67.2,62.3,18,18,10,60,10,72.43
5141,Asia,563,Brunei Darussalam,2010,61.7,0.0,51.9,83.8,99.0,54.2,59.0,65.4,69.4,44.4,0.0,99.6,48.2,9.0,47.0,67.7,67.8,58.5,18,15,18,80,15,72.11
5142,Asia,564,Brunei Darussalam,2011,61.4,0.0,52.6,82.5,98.6,54.7,59.0,63.4,69.0,45.9,0.0,99.6,48.2,0.0,50.8,67.7,67.8,60.5,20,12,12,60,7,72.11
5143,Asia,565,Brunei Darussalam,2012,62.5,0.0,52.2,84.0,99.5,55.2,59.0,64.0,68.9,61.3,0.0,99.6,48.2,0.0,50.7,67.7,67.5,59.4,60,20,14,65,7,72.11
5144,Asia,566,Brunei Darussalam,2013,63.3,0.0,52.5,84.3,98.7,58.8,59.0,67.2,68.7,62.8,0.0,99.9,48.2,2.3,50.8,67.6,68.8,59.5,15,13,15,65,10,72.11
5145,Asia,567,Brunei Darussalam,2014,63.6,0.0,53.5,84.9,99.6,59.8,59.0,66.1,68.9,66.7,0.0,99.9,48.2,0.0,49.6,67.6,68.8,60.7,20,18,20,70,10,72.11
5146,Asia,568,Brunei Darussalam,2015,64.7,0.0,55.0,84.6,98.4,60.9,59.0,67.5,68.4,69.0,0.0,99.9,48.2,6.7,54.8,67.6,68.3,61.8,30,15,17,65,25,72.11
5147,Asia,569,Brunei Darussalam,2016,64.3,0.0,54.0,84.7,95.5,61.6,59.2,66.9,67.9,73.9,0.0,99.9,48.1,9.4,49.5,67.6,61.9,64.5,30,15,18,62,20,72.11
5148,Asia,570,Brunei Darussalam,2017,64.7,0.0,54.6,85.4,96.6,64.1,59.2,64.9,67.3,74.5,0.0,99.9,48.3,6.3,54.6,67.6,62.9,63.9,20,18,17,80,18,72.11
5149,Asia,571,Brunei Darussalam,2018,64.1,0.0,55.5,85.7,97.2,62.8,59.2,65.1,67.5,74.7,0.0,99.9,48.3,1.3,48.6,67.6,63.9,64.2,23,13,18,75,20,72.11
5150,Asia,572,Brunei Darussalam,2019,63.6,0.0,55.6,85.3,92.4,61.5,59.2,62.9,68.9,74.7,0.0,99.9,48.4,1.3,49.7,67.6,63.2,63.7,20,18,16,82,20,72.11
5151,Asia,573,Brunei Darussalam,2020,64.1,0.0,57.5,85.3,96.9,61.5,59.2,62.9,68.5,74.8,0.0,99.9,48.4,1.3,49.7,67.6,63.8,64.1,35,19,15,75,40,72.11
5152,Asia,574,Brunei Darussalam,2021,64.4,0.0,57.5,85.6,97.0,61.7,59.2,62.9,68.5,76.3,0.0,99.9,48.5,1.3,49.7,68.2,63.7,65.5,40,18,20,85,10,
5153,Asia,575,Brunei Darussalam,2022,65.7,0.0,57.6,85.6,97.0,62.0,59.2,62.9,68.8,76.4,0.0,99.9,48.5,1.3,49.7,68.2,61.7,65.7,18,19,18,65,5,
5154,Europe,576,Bulgaria,2000,68.8,100.0,61.8,70.9,93.7,56.1,65.3,63.5,72.6,28.2,72.2,75.9,79.3,86.3,51.9,59.8,65.7,65.5,10,30,30,45,5,31.09
5155,Europe,577,Bulgaria,2001,69.3,100.0,64.5,71.0,93.7,64.3,65.8,63.0,70.5,28.5,72.2,76.0,78.7,85.5,50.7,61.1,65.8,67.2,15,33,32,35,8,31.42
5156,Europe,578,Bulgaria,2002,70.5,100.0,64.0,71.8,92.9,64.6,64.5,64.2,71.6,28.9,72.2,76.0,78.6,86.0,63.1,66.5,65.9,67.8,0,45,18,40,10,31.76
5157,Europe,579,Bulgaria,2003,70.5,100.0,60.1,72.4,93.0,65.0,64.6,63.9,74.0,29.7,72.2,76.0,78.1,85.0,62.1,66.5,65.9,69.1,20,35,33,50,7,32.09
5158,Europe,580,Bulgaria,2004,70.7,100.0,66.0,72.6,93.4,65.4,64.8,64.2,74.9,30.9,72.2,76.1,78.0,85.2,59.9,66.5,66.0,65.8,15,30,30,56,8,32.42
5159,Europe,581,Bulgaria,2005,70.7,100.0,63.1,72.4,92.5,63.9,64.9,64.7,76.1,31.6,72.2,76.4,78.0,84.9,60.4,66.6,66.1,68.8,10,40,30,55,10,32.76
5160,Europe,582,Bulgaria,2006,70.8,100.0,64.6,72.0,93.3,64.5,65.0,64.9,76.6,32.4,72.2,76.4,78.1,84.5,59.2,66.7,67.1,66.8,15,35,20,35,6,33.09
5161,Europe,583,Bulgaria,2007,72.4,100.0,59.2,72.4,95.2,64.7,65.1,63.3,77.8,34.5,68.5,76.5,77.3,83.6,65.0,93.1,67.5,67.3,10,45,35,60,5,33.42
5162,Europe,584,Bulgaria,2008,74.0,100.0,66.1,72.6,95.4,65.2,64.7,64.5,78.4,35.3,79.8,76.5,77.3,83.9,67.7,93.3,67.7,68.8,40,30,20,30,7,33.76
5163,Europe,585,Bulgaria,2009,73.9,100.0,63.3,72.5,95.1,65.4,65.2,66.3,77.8,37.1,79.6,73.3,77.7,85.7,69.3,93.3,69.1,65.6,40,35,23,35,10,34.09
5164,Europe,586,Bulgaria,2010,74.1,100.0,65.2,74.8,95.3,65.9,65.5,68.2,75.9,42.0,76.9,73.1,78.8,85.2,68.2,93.3,68.5,63.7,30,30,45,60,7,34.42
5165,Europe,587,Bulgaria,2011,73.9,100.0,64.4,75.1,95.1,66.3,64.8,67.3,75.3,42.6,76.4,75.0,75.9,83.1,71.1,93.3,68.3,62.5,35,42,45,35,10,34.6
5166,Europe,588,Bulgaria,2012,74.6,100.0,64.0,75.9,92.3,67.7,65.9,69.0,74.8,51.1,70.2,80.9,77.0,83.3,69.1,93.3,69.7,63.5,35,50,40,35,5,34.78
5167,Europe,589,Bulgaria,2013,74.8,100.0,67.4,76.0,90.1,69.5,66.3,71.0,74.4,52.8,70.0,78.1,76.6,85.5,67.7,93.3,66.2,66.5,30,40,45,29,10,34.95
5168,Europe,590,Bulgaria,2014,74.2,100.0,66.2,75.5,89.0,67.4,66.4,70.4,76.8,53.3,65.1,78.4,76.0,84.0,64.7,93.3,66.3,67.9,5,35,40,49,8,35.13
5169,Europe,591,Bulgaria,2015,74.4,100.0,64.7,77.4,87.1,67.9,66.0,70.6,77.7,56.1,61.2,82.7,76.8,84.8,61.9,93.3,69.0,67.3,30,23,45,50,8,35.31
5170,Europe,592,Bulgaria,2016,73.3,100.0,65.2,77.4,86.5,68.0,65.9,70.3,78.5,53.5,50.6,79.5,76.4,85.3,61.9,93.3,68.7,65.2,38,45,35,48,7,35.42
5171,Europe,593,Bulgaria,2017,73.9,100.0,67.3,78.2,82.1,70.1,65.9,69.6,80.9,55.6,52.8,81.1,76.0,84.5,61.6,93.3,70.5,67.6,30,38,35,54,6,35.53
5172,Europe,594,Bulgaria,2018,73.8,100.0,67.4,78.5,79.1,70.1,66.3,71.8,81.6,60.8,47.8,74.8,75.9,84.2,61.9,94.2,69.6,71.2,43,35,35,55,7,35.64
5173,Europe,595,Bulgaria,2019,74.6,100.0,67.7,79.2,79.5,71.4,66.3,71.4,81.0,63.5,51.0,77.2,75.7,84.5,65.3,94.2,68.9,72.1,35,40,40,48,10,35.75
5174,Europe,596,Bulgaria,2020,74.7,100.0,65.2,79.4,79.4,72.0,66.3,71.3,80.2,64.6,51.0,79.3,75.7,85.6,65.5,94.2,69.2,71.6,32,38,33,53,5,35.86
5175,Europe,597,Bulgaria,2021,74.9,100.0,68.2,79.3,79.5,70.8,66.3,71.3,81.7,66.5,51.0,80.4,75.1,84.2,65.6,94.2,68.0,71.9,44,35,40,49,7,
5176,Europe,598,Bulgaria,2022,74.6,100.0,68.2,79.3,79.5,71.6,66.3,71.3,82.3,66.2,51.0,73.4,75.1,84.2,65.7,94.1,68.5,71.9,37,35,32,30,10,
5177,Africa,599,Burkina Faso,2000,43.7,19.0,52.8,25.1,0.0,24.4,46.0,12.0,70.0,6.3,37.7,36.2,96.0,99.2,0.0,82.1,54.3,37.4,25,55,10,25,10,26.38
5178,Africa,600,Burkina Faso,2001,44.0,19.0,54.1,27.3,0.0,24.4,46.1,12.8,70.0,6.3,37.7,36.2,95.9,99.2,0.0,83.6,54.3,37.4,5,45,18,30,5,26.19
5179,Africa,601,Burkina Faso,2002,44.4,19.0,54.6,27.8,0.0,26.3,46.1,14.0,70.0,6.8,37.7,37.7,95.8,99.2,0.0,83.6,54.3,37.5,35,55,15,20,10,26.01
5180,Africa,602,Burkina Faso,2003,44.6,19.0,54.6,29.8,0.0,26.3,46.1,15.9,69.9,6.7,37.7,37.5,95.4,99.2,0.0,83.6,54.3,37.9,40,60,15,20,7,25.83
5181,Africa,603,Burkina Faso,2004,44.9,19.0,54.7,30.4,0.0,26.3,46.1,16.1,69.6,6.5,37.7,39.0,95.4,99.2,0.0,83.6,54.3,40.1,40,40,18,18,7,25.65
5182,Africa,604,Burkina Faso,2005,45.3,19.0,55.9,31.3,0.0,26.7,46.1,16.5,69.2,6.3,37.7,40.9,95.4,99.2,0.0,83.6,54.3,42.7,38,40,18,20,10,25.46
5183,Africa,605,Burkina Faso,2006,45.6,19.0,56.3,33.2,0.0,27.7,46.1,15.3,69.4,6.4,37.7,42.3,95.5,99.2,0.0,83.6,54.3,43.4,35,55,18,20,15,25.28
5184,Africa,606,Burkina Faso,2007,45.4,19.0,54.9,34.2,0.6,28.1,46.1,15.0,69.6,6.1,37.7,41.0,95.6,99.2,0.0,83.6,52.2,44.1,20,60,16,15,10,25.1
5185,Africa,607,Burkina Faso,2008,45.9,19.0,56.3,34.4,3.9,28.1,46.0,15.6,69.6,6.4,37.7,42.4,95.6,99.1,0.0,83.6,52.7,43.3,35,50,23,35,15,24.91
5186,Africa,608,Burkina Faso,2009,47.3,19.0,55.8,35.1,5.5,28.1,45.9,16.6,69.5,6.5,53.3,42.3,95.6,99.1,0.0,87.9,52.7,44.4,37,35,15,15,15,24.73
5187,Africa,609,Burkina Faso,2010,47.6,19.0,53.4,34.1,3.5,32.9,45.9,15.0,69.5,6.5,53.3,47.6,95.6,99.1,0.0,87.9,54.1,44.1,40,30,18,20,5,24.55
5188,Africa,610,Burkina Faso,2011,48.5,20.5,57.1,35.8,6.1,33.9,45.8,16.0,69.4,6.6,53.3,48.9,95.6,99.1,0.0,87.9,54.9,45.2,35,60,12,30,5,24.37
5189,Africa,611,Burkina Faso,2012,49.1,24.0,58.4,34.9,7.3,34.9,45.7,16.3,69.3,10.1,53.3,48.4,95.5,98.8,0.0,87.9,55.8,45.5,35,63,18,18,15,24.18
5190,Africa,612,Burkina Faso,2013,49.7,26.1,60.9,33.3,8.3,34.8,45.6,16.6,69.2,11.3,53.3,53.3,95.4,98.9,0.0,87.9,52.5,48.2,40,40,18,23,18,24.0
5191,Africa,613,Burkina Faso,2014,51.5,26.3,61.6,34.9,12.2,33.7,45.5,18.7,69.3,11.3,70.9,59.1,95.5,99.0,0.0,87.9,51.3,47.1,35,63,20,20,15,23.82
5192,Africa,614,Burkina Faso,2015,51.0,25.9,59.6,42.5,13.8,33.7,45.4,19.1,67.1,12.2,70.9,50.7,95.5,99.1,0.0,87.9,47.2,45.7,30,63,30,35,10,23.63
5193,Africa,615,Burkina Faso,2016,52.0,25.8,61.4,42.8,17.9,36.3,45.3,19.9,67.1,15.0,70.9,52.6,95.5,99.0,0.0,87.9,47.1,48.3,42,63,22,25,15,23.45
5194,Africa,616,Burkina Faso,2017,53.1,25.4,60.7,44.1,20.6,40.4,45.2,19.2,71.1,18.0,70.9,52.2,95.5,98.9,0.0,87.9,46.7,53.2,44,63,25,18,20,23.27
5195,Africa,617,Burkina Faso,2018,51.1,24.6,61.1,45.3,27.7,41.5,45.1,19.3,70.9,16.7,22.1,58.8,95.7,98.8,0.0,87.9,49.2,52.9,35,63,20,18,15,23.09
5196,Africa,618,Burkina Faso,2019,51.5,24.6,61.1,46.1,26.5,43.6,45.0,20.8,71.0,15.4,22.1,60.7,95.7,98.8,0.0,87.9,49.4,54.8,35,58,18,25,15,22.9
5197,Africa,619,Burkina Faso,2020,51.4,24.3,60.3,46.4,25.1,40.4,44.8,21.1,71.5,19.3,22.1,61.3,95.7,98.8,0.0,87.9,50.3,53.3,55,63,18,15,18,22.72
5198,Africa,620,Burkina Faso,2021,51.6,25.8,58.5,46.6,26.7,40.6,44.8,21.1,70.2,21.9,22.1,60.5,95.6,98.8,0.0,87.9,47.4,57.4,70,63,18,18,15,
5199,Africa,621,Burkina Faso,2022,52.4,26.9,58.6,46.6,26.7,40.7,44.8,21.1,70.2,21.9,22.1,60.5,95.6,98.8,0.0,87.9,45.5,57.2,35,63,18,15,15,
5200,Africa,622,Burundi,2000,45.8,0.0,57.0,19.9,12.8,38.0,51.3,13.3,53.7,8.7,77.8,36.1,96.5,99.7,0.0,72.9,50.1,44.2,70,70,7,15,7,7.55
5201,Africa,623,Burundi,2001,46.2,0.0,57.4,20.7,12.8,38.6,51.5,17.4,53.7,8.7,77.8,36.3,96.4,99.8,0.0,72.9,50.1,45.0,70,65,14,15,15,7.55
5202,Africa,624,Burundi,2002,46.5,0.0,57.1,22.0,12.8,41.3,51.7,17.9,53.6,8.7,77.8,36.5,96.4,99.8,0.0,72.9,50.1,44.9,76,70,12,10,10,7.55
5203,Africa,625,Burundi,2003,46.6,0.0,57.1,22.6,12.8,42.0,52.0,18.3,53.6,8.7,77.8,36.7,96.4,99.8,0.0,72.9,50.1,44.6,78,40,10,14,10,7.55
5204,Africa,626,Burundi,2004,46.8,0.0,57.1,23.8,13.3,42.6,52.2,15.9,53.6,8.7,77.8,37.6,96.4,99.8,0.0,72.9,50.1,47.6,70,60,10,15,15,7.55
5205,Africa,627,Burundi,2005,47.7,0.0,56.5,27.5,15.0,49.3,52.4,18.3,53.5,8.7,77.8,38.2,96.5,99.8,0.0,72.9,50.1,46.8,60,50,15,15,10,7.55
5206,Africa,628,Burundi,2006,48.5,0.0,56.4,28.5,24.0,49.9,52.6,16.8,53.5,8.7,77.8,39.9,96.6,99.8,0.0,72.9,50.7,47.3,60,60,15,20,10,7.55
5207,Africa,629,Burundi,2007,48.8,0.0,56.3,29.3,28.0,50.5,52.8,17.6,54.0,8.7,77.8,40.1,96.6,99.8,0.0,72.9,49.6,47.5,62,55,12,15,7,7.55
5208,Africa,630,Burundi,2008,49.3,0.0,56.1,31.5,28.5,51.0,53.0,17.2,54.5,8.5,77.8,41.8,96.5,99.8,0.0,72.9,50.8,48.6,60,64,10,14,5,7.55
5209,Africa,631,Burundi,2009,50.1,0.0,56.1,33.7,27.5,51.1,53.2,19.1,54.6,8.5,77.8,47.6,96.6,99.8,0.0,72.9,51.8,51.1,75,63,12,18,5,7.55
5210,Africa,632,Burundi,2010,51.4,0.0,58.7,38.5,35.9,55.7,53.4,16.5,54.6,8.5,77.8,49.8,96.6,99.8,0.0,72.9,52.4,52.0,72,50,11,15,5,7.55
5211,Africa,633,Burundi,2011,51.4,0.0,58.2,37.7,36.1,54.5,53.6,15.2,54.6,8.5,77.8,47.0,96.5,99.7,0.0,72.9,54.4,55.3,63,63,15,15,5,8.22
5212,Africa,634,Burundi,2012,51.3,0.0,57.4,40.6,36.6,54.1,53.8,14.9,54.6,8.4,77.8,48.2,96.6,99.7,0.0,72.9,52.3,53.1,50,40,12,20,10,8.89
5213,Africa,635,Burundi,2013,50.3,0.0,58.1,41.7,37.7,53.7,54.0,16.3,54.6,8.4,58.4,48.9,96.5,99.7,0.0,72.9,54.6,49.7,40,60,18,25,10,9.55
5214,Africa,636,Burundi,2014,51.0,0.0,57.8,42.3,40.9,53.3,54.2,17.2,54.6,13.0,58.4,52.3,96.5,99.7,0.0,72.9,48.7,54.1,70,60,14,15,10,10.22
5215,Africa,637,Burundi,2015,51.3,0.0,57.7,44.2,43.1,56.7,54.4,16.6,54.6,13.9,58.4,52.6,96.5,99.7,0.0,72.9,48.3,51.3,75,63,11,8,5,10.89
5216,Africa,638,Burundi,2016,51.4,0.0,59.6,44.8,45.1,59.1,54.6,15.8,54.8,11.4,58.4,54.5,96.5,99.8,0.0,72.9,45.5,49.2,75,60,15,14,10,10.89
5217,Africa,639,Burundi,2017,52.1,0.0,58.3,45.8,51.6,59.4,54.8,17.3,54.8,12.0,58.4,54.8,96.5,99.7,0.0,72.9,44.4,52.6,75,63,15,18,5,10.89
5218,Africa,640,Burundi,2018,52.6,0.0,59.3,46.6,49.3,59.5,55.0,17.0,54.9,12.1,58.4,59.0,96.6,99.8,0.0,72.4,48.8,53.3,60,62,12,19,10,10.89
5219,Africa,641,Burundi,2019,52.9,0.0,59.5,48.4,49.6,59.5,55.2,19.2,55.0,12.0,58.4,59.3,96.6,99.8,0.0,72.4,49.7,52.0,72,40,15,25,6,10.89
5220,Africa,642,Burundi,2020,52.8,0.0,58.4,48.3,48.2,60.5,55.2,19.3,54.9,12.2,58.4,60.0,96.6,99.8,0.0,72.4,49.1,52.0,61,55,10,16,10,10.89
5221,Africa,643,Burundi,2021,53.0,0.0,58.8,48.5,50.2,60.5,55.2,19.3,54.9,12.1,58.4,60.0,96.6,99.8,0.0,72.2,51.1,51.2,60,55,15,20,15,
5222,Africa,644,Burundi,2022,53.9,0.0,59.5,48.5,50.2,60.5,55.2,19.3,55.0,12.1,58.4,60.0,96.6,99.8,0.0,72.2,50.7,52.2,50,59,15,20,5,
5223,Africa,645,Cabo Verde,2000,59.9,70.9,44.2,61.9,75.4,54.8,52.4,47.4,61.8,15.2,14.8,69.7,82.2,98.4,50.3,68.1,84.5,65.5,12,18,30,60,7,9.86
5224,Africa,646,Cabo Verde,2001,60.0,70.9,44.0,62.7,74.3,54.8,53.1,48.2,61.7,15.3,14.8,70.2,82.2,98.1,50.6,68.1,84.5,66.0,10,22,42,60,8,9.93
5225,Africa,647,Cabo Verde,2002,60.0,70.9,43.3,63.7,74.0,54.8,53.8,47.4,61.8,15.4,14.8,70.7,82.2,98.0,49.2,68.1,84.5,67.8,8,28,18,65,7,10.0
5226,Africa,648,Cabo Verde,2003,60.3,70.9,44.8,63.6,73.9,54.8,54.5,48.7,61.9,15.6,14.8,71.2,82.2,97.8,50.6,68.1,84.5,67.5,10,20,55,70,5,10.08
5227,Africa,649,Cabo Verde,2004,60.5,70.9,44.9,64.2,73.4,54.8,55.2,49.5,62.0,15.7,14.8,71.7,82.2,97.9,52.8,68.1,84.0,66.6,8,28,50,60,15,10.15
5228,Africa,650,Cabo Verde,2005,61.2,70.9,45.0,66.4,74.4,54.8,56.0,48.5,62.1,15.8,14.8,76.1,82.2,97.7,56.5,71.2,81.9,66.3,10,28,45,60,10,10.23
5229,Africa,651,Cabo Verde,2006,61.9,70.9,44.8,67.6,80.5,56.9,56.8,49.0,62.2,16.3,14.8,76.6,82.2,97.5,56.5,71.3,82.8,66.5,15,25,20,60,8,10.3
5230,Africa,652,Cabo Verde,2007,62.2,70.9,44.1,67.7,79.4,58.4,57.6,49.8,62.3,16.4,22.3,77.1,82.2,97.5,55.8,71.3,82.8,62.7,10,25,65,65,15,10.38
5231,Africa,653,Cabo Verde,2008,62.6,70.9,43.9,67.8,80.5,58.4,58.3,51.7,62.3,17.4,22.3,77.5,82.2,97.7,54.8,71.4,82.8,63.5,10,20,45,60,10,10.45
5232,Africa,654,Cabo Verde,2009,62.5,70.9,43.1,68.8,80.0,58.4,59.1,51.9,62.3,18.8,22.3,78.0,82.2,97.5,53.2,71.5,82.8,61.0,10,20,22,60,5,10.53
5233,Africa,655,Cabo Verde,2010,63.2,70.9,43.6,72.5,79.2,58.4,59.9,54.8,62.4,20.3,22.3,80.2,82.2,97.3,54.1,71.5,82.8,61.9,15,25,33,60,12,10.6
5234,Africa,656,Cabo Verde,2011,62.8,72.5,43.8,72.1,82.7,59.8,60.6,55.2,62.1,20.6,22.3,78.1,82.2,97.1,43.7,71.5,82.8,61.3,12,28,65,60,15,10.67
5235,Africa,657,Cabo Verde,2012,63.7,74.5,43.8,72.4,83.0,59.8,61.3,57.4,61.8,24.5,22.3,77.8,82.2,97.6,47.0,71.5,82.8,62.5,15,30,40,50,5,10.75
5236,Africa,658,Cabo Verde,2013,64.2,75.9,43.3,72.6,83.2,64.7,62.0,58.7,61.5,28.4,22.3,78.8,82.2,97.7,46.1,71.5,81.0,61.5,10,20,70,60,10,10.82
5237,Africa,659,Cabo Verde,2014,64.5,77.1,45.2,73.6,82.0,65.2,62.7,59.4,61.2,30.3,22.3,79.6,82.2,97.8,47.1,71.5,79.9,59.7,10,20,65,65,10,10.9
5238,Africa,660,Cabo Verde,2015,66.4,79.1,44.8,74.1,81.6,65.5,63.6,60.1,60.9,33.6,41.6,75.8,82.2,97.8,53.4,71.6,78.9,64.2,15,30,40,60,5,10.97
5239,Africa,661,Cabo Verde,2016,67.2,79.7,44.7,74.6,83.7,67.6,64.5,60.4,60.6,34.9,41.6,79.5,81.9,97.6,55.1,71.6,78.8,65.8,20,25,50,60,10,11.05
5240,Africa,662,Cabo Verde,2017,67.6,82.2,45.1,75.1,83.5,68.1,65.3,61.0,60.3,36.9,41.6,79.1,81.6,97.4,55.6,71.6,80.5,64.8,15,20,65,60,7,11.12
5241,Africa,663,Cabo Verde,2018,67.6,82.3,45.6,75.6,78.5,67.9,66.0,60.5,60.4,36.4,41.6,79.1,81.5,97.4,59.7,70.9,80.3,64.8,15,28,52,66,5,11.2
5242,Africa,664,Cabo Verde,2019,67.7,84.2,46.1,75.4,79.0,67.9,66.7,61.0,60.4,38.7,41.6,79.0,81.3,97.3,56.8,70.9,80.6,63.9,15,35,65,65,5,11.27
5243,Africa,665,Cabo Verde,2020,67.7,78.8,44.8,75.3,79.0,68.4,67.4,61.9,56.9,39.1,41.6,79.5,81.3,97.3,56.9,70.9,80.3,71.4,12,32,65,60,10,11.34
5244,Africa,666,Cabo Verde,2021,68.7,82.3,44.9,75.5,79.2,75.9,67.4,61.9,58.1,41.0,41.6,79.5,81.3,97.1,57.0,71.6,80.3,73.3,10,25,30,60,5,
5245,Africa,667,Cabo Verde,2022,68.8,84.9,45.0,75.5,79.2,76.2,67.4,61.9,58.7,41.0,41.6,79.5,81.3,97.1,57.0,71.6,79.3,73.0,15,25,65,60,10,
5246,Asia,668,Cambodia,2000,47.6,0.0,45.6,28.5,39.4,33.0,43.6,17.3,58.1,11.3,0.0,45.4,94.9,98.2,67.9,38.8,51.5,40.7,35,40,15,18,10,61.08
5247,Asia,669,Cambodia,2001,47.6,0.0,44.2,30.1,39.4,33.3,44.7,16.1,58.0,11.3,0.0,45.9,94.9,98.1,66.8,39.2,51.8,40.6,35,30,8,32,10,60.97
5248,Asia,670,Cambodia,2002,48.5,0.0,45.3,31.2,41.1,33.6,45.8,21.9,58.0,11.3,0.0,48.1,94.9,98.1,66.6,39.1,51.8,40.9,35,20,17,30,7,60.86
5249,Asia,671,Cambodia,2003,49.4,0.0,48.1,34.3,45.3,35.2,47.0,21.8,58.0,11.3,0.0,48.7,94.8,98.1,66.4,39.0,51.6,40.8,20,20,15,22,8,60.75
5250,Asia,672,Cambodia,2004,50.0,0.0,48.5,36.5,46.2,35.5,48.1,24.8,58.0,11.3,0.0,50.8,94.8,98.1,66.6,38.8,51.6,40.6,30,25,15,35,10,60.64
5251,Asia,673,Cambodia,2005,50.9,0.0,56.8,40.1,44.6,38.4,49.1,24.3,58.0,11.3,0.0,51.1,94.4,98.1,66.0,38.7,51.8,40.4,20,10,15,20,7,60.53
5252,Asia,674,Cambodia,2006,51.4,0.0,56.9,40.9,43.7,38.9,50.1,29.3,57.9,11.4,0.0,53.2,94.4,98.1,65.7,38.6,51.9,40.0,40,25,15,30,8,60.42
5253,Asia,675,Cambodia,2007,52.4,0.0,58.4,43.2,45.4,44.4,51.0,31.3,57.9,11.4,0.0,53.8,94.3,98.0,63.9,38.5,53.7,40.8,35,40,18,35,7,60.31
5254,Asia,676,Cambodia,2008,53.0,0.0,59.5,45.9,50.7,43.2,51.9,28.6,58.1,11.4,0.0,57.6,94.3,98.0,62.9,38.3,53.1,42.0,38,40,15,31,10,60.21
5255,Asia,677,Cambodia,2009,53.5,0.0,60.7,46.7,50.6,46.1,52.9,27.8,58.3,11.4,0.0,63.3,94.2,97.9,59.9,38.2,53.1,41.0,40,20,15,23,10,60.1
5256,Asia,678,Cambodia,2010,53.5,0.0,60.7,52.7,47.4,49.6,53.8,18.2,58.2,11.4,0.0,65.1,94.2,97.8,60.3,38.1,53.4,41.5,25,25,15,45,10,59.99
5257,Asia,679,Cambodia,2011,54.2,0.0,61.6,53.5,48.6,50.1,54.8,25.1,58.3,11.7,0.0,63.8,94.1,97.6,60.0,38.0,54.3,41.4,40,38,22,33,12,58.01
5258,Asia,680,Cambodia,2012,55.3,0.0,62.8,54.8,50.3,51.1,55.7,32.6,58.3,13.1,0.0,65.8,94.0,97.4,60.1,37.8,53.5,42.7,40,30,15,33,7,56.04
5259,Asia,681,Cambodia,2013,55.5,0.0,63.4,54.6,50.0,49.7,56.6,37.9,58.3,13.7,0.0,64.5,93.9,97.2,59.6,37.7,51.1,43.7,50,43,15,30,10,54.07
5260,Asia,682,Cambodia,2014,57.0,0.0,65.6,57.3,53.8,52.2,57.5,42.4,60.4,20.5,0.0,64.3,94.1,97.3,58.0,37.6,47.4,45.8,40,37,15,32,15,52.09
5261,Asia,683,Cambodia,2015,58.0,0.0,66.0,59.7,55.3,53.2,58.5,45.8,61.1,23.2,0.0,66.5,93.7,96.9,59.0,38.0,46.6,46.4,20,33,15,40,8,50.12
5262,Asia,684,Cambodia,2016,59.2,0.0,67.2,60.7,54.7,53.8,59.4,48.6,61.0,25.0,0.0,69.3,93.3,96.2,58.6,45.2,47.8,47.3,30,38,15,33,7,49.24
5263,Asia,685,Cambodia,2017,60.7,0.0,67.2,61.4,56.2,54.4,60.2,55.1,59.7,27.5,0.0,70.8,93.6,96.0,59.0,48.5,51.3,49.4,50,45,15,35,10,48.35
5264,Asia,686,Cambodia,2018,61.8,0.0,67.9,62.5,59.6,54.8,61.1,56.0,61.4,28.4,0.0,73.7,93.4,95.5,60.8,48.6,51.9,50.8,35,43,15,30,15,47.47
5265,Asia,687,Cambodia,2019,62.3,0.0,68.1,63.0,59.8,55.4,62.0,55.6,61.1,33.3,0.0,74.2,93.3,95.2,59.7,49.3,50.7,53.7,40,36,15,37,7,46.59
5266,Asia,688,Cambodia,2020,62.9,0.0,68.3,62.2,66.5,55.4,62.9,57.3,60.7,33.8,0.0,72.7,93.3,95.1,59.8,49.2,52.6,53.0,40,20,18,32,15,45.71
5267,Asia,689,Cambodia,2021,63.2,0.0,68.8,62.5,66.5,56.3,62.9,57.3,62.2,34.8,0.0,72.7,93.6,95.1,60.0,49.1,51.8,54.8,40,45,6,30,8,
5268,Asia,690,Cambodia,2022,64.8,0.0,69.0,62.0,66.5,56.3,62.9,57.3,62.2,34.8,0.0,76.8,93.6,95.1,60.0,48.8,49.2,55.1,30,45,17,36,10,
5269,Africa,691,Cameroon,2000,47.9,37.2,50.4,17.7,37.3,32.8,51.7,36.1,60.8,11.1,42.7,36.4,96.1,98.5,66.4,59.3,36.4,43.1,38,60,20,30,10,45.69
5270,Africa,692,Cameroon,2001,48.2,37.2,49.9,18.5,37.3,33.1,51.9,38.0,60.9,11.1,42.7,36.1,96.1,98.5,66.3,61.1,36.0,44.4,30,60,20,22,17,45.54
5271,Africa,693,Cameroon,2002,48.4,37.2,50.9,19.5,37.3,35.1,52.0,33.3,61.3,11.2,42.7,36.8,96.1,98.5,68.9,61.1,35.6,44.5,40,63,15,20,15,45.39
5272,Africa,694,Cameroon,2003,48.7,37.2,51.2,21.2,37.3,35.4,52.3,34.2,61.7,11.2,42.7,36.6,96.1,98.5,69.4,61.1,35.7,45.4,30,60,20,30,10,45.25
5273,Africa,695,Cameroon,2004,48.6,37.2,51.2,22.4,33.7,35.6,52.5,36.0,62.2,11.3,42.7,37.3,96.1,98.5,68.6,61.1,35.7,45.1,10,60,15,20,10,45.1
5274,Africa,696,Cameroon,2005,49.2,37.2,53.3,23.0,33.7,35.8,52.7,36.4,62.6,11.3,42.7,39.5,96.1,98.5,70.8,62.9,35.7,44.7,30,45,15,30,8,44.95
5275,Africa,697,Cameroon,2006,49.6,37.2,52.9,24.8,32.5,36.3,53.0,38.8,63.0,11.4,42.7,40.2,96.2,98.5,72.2,62.9,35.7,44.5,5,50,20,28,15,44.8
5276,Africa,698,Cameroon,2007,49.9,37.2,53.6,26.3,36.6,39.3,53.2,38.2,63.3,11.5,39.2,42.4,96.1,98.3,69.4,63.5,35.8,45.0,38,63,18,35,5,44.66
5277,Africa,699,Cameroon,2008,50.0,37.2,54.1,28.0,38.5,39.8,53.4,39.7,63.1,11.6,39.2,37.4,96.3,98.4,69.9,63.5,35.7,44.3,40,65,18,35,10,44.51
5278,Africa,700,Cameroon,2009,50.6,37.2,55.3,28.6,39.5,40.2,53.6,39.2,62.9,11.7,39.2,40.8,96.4,98.3,71.3,64.5,36.8,44.8,40,40,20,30,5,44.36
5279,Africa,701,Cameroon,2010,51.1,37.2,56.5,30.7,40.6,40.7,53.9,40.0,62.7,11.8,39.2,41.6,96.4,98.3,72.2,64.5,38.1,44.7,10,50,15,25,10,44.21
5280,Africa,702,Cameroon,2011,51.7,37.8,58.4,31.2,44.2,42.7,54.1,41.5,62.8,12.0,39.2,41.6,96.3,98.2,72.3,64.5,37.3,44.6,35,63,15,32,7,44.1
5281,Africa,703,Cameroon,2012,52.7,39.4,59.1,32.9,48.6,43.1,54.3,42.7,62.9,13.5,39.2,44.2,96.4,98.3,72.9,64.8,39.5,44.6,30,62,20,35,10,43.98
5282,Africa,704,Cameroon,2013,53.5,41.1,59.2,34.0,48.7,51.0,54.5,45.0,63.0,14.0,39.2,43.8,96.3,98.2,72.8,64.8,40.1,44.4,30,63,20,35,10,43.86
5283,Africa,705,Cameroon,2014,52.9,42.8,59.6,34.2,49.1,53.8,54.7,44.8,62.7,12.1,23.1,43.0,96.4,98.1,74.6,64.8,41.0,44.9,30,63,18,28,8,43.74
5284,Africa,706,Cameroon,2015,53.4,44.6,59.6,37.0,53.5,54.1,54.9,46.2,62.9,13.0,23.1,40.9,96.4,98.2,74.7,64.8,40.1,43.9,45,61,17,35,15,43.62
5285,Africa,707,Cameroon,2016,53.5,44.5,59.4,36.7,52.9,54.3,55.1,46.1,62.8,17.1,23.1,41.6,96.4,98.2,73.9,64.8,39.4,43.0,38,63,18,23,7,43.5
5286,Africa,708,Cameroon,2017,54.0,45.6,59.8,37.6,48.8,54.5,55.4,47.7,67.5,18.9,23.1,40.5,96.4,98.3,75.4,64.8,39.2,44.9,60,63,15,25,18,43.38
5287,Africa,709,Cameroon,2018,54.2,47.1,60.6,38.3,43.4,54.1,55.6,48.1,65.6,22.6,23.1,42.2,96.4,98.1,75.5,64.2,40.1,45.7,35,70,18,30,8,43.27
5288,Africa,710,Cameroon,2019,54.5,48.1,60.8,39.0,48.1,54.4,55.8,48.9,66.3,24.2,23.1,40.5,96.4,98.1,73.7,64.2,40.9,44.4,55,70,25,35,15,43.15
5289,Africa,711,Cameroon,2020,54.7,46.9,61.0,40.2,48.2,55.8,56.0,49.1,66.4,29.6,23.1,40.0,96.4,98.1,73.7,64.2,38.1,43.9,70,66,20,30,15,43.03
5290,Africa,712,Cameroon,2021,55.0,48.2,61.2,40.3,49.2,55.9,56.0,49.1,68.8,29.4,23.1,40.8,96.4,98.1,73.7,63.6,38.5,43.2,40,64,22,40,12,
5291,Africa,713,Cameroon,2022,55.1,50.6,61.3,39.8,49.2,56.0,56.0,49.1,68.8,29.4,23.1,42.4,96.4,98.1,73.7,63.5,36.2,43.7,60,61,18,30,5,
5292,North America,714,Canada,2000,74.5,99.5,65.2,88.8,96.0,76.0,86.3,80.3,83.3,75.5,81.8,89.3,49.2,23.4,57.0,57.7,87.6,69.3,15,40,50,70,5,38.25
5293,North America,715,Canada,2001,74.5,99.5,63.1,89.1,96.0,76.1,86.3,80.0,83.1,77.5,81.8,89.3,49.2,24.1,57.6,57.8,87.6,69.0,15,25,70,80,7,38.24
5294,North America,716,Canada,2002,74.6,99.5,62.1,89.0,96.0,76.1,86.3,80.3,82.9,77.5,81.8,89.3,49.9,24.2,58.0,58.0,87.6,69.3,10,18,70,75,5,38.24
5295,North America,717,Canada,2003,74.7,99.5,64.0,89.6,96.0,76.2,86.3,79.7,82.9,77.9,81.8,89.3,48.9,23.6,59.1,58.1,87.6,69.6,15,50,65,78,5,38.23
5296,North America,718,Canada,2004,74.9,99.5,65.1,89.8,96.0,76.6,86.3,79.9,83.1,78.2,81.3,89.3,49.5,23.9,59.8,58.1,87.5,69.6,10,25,75,75,5,38.23
5297,North America,719,Canada,2005,75.2,99.5,65.0,90.7,96.0,76.7,86.3,80.2,83.3,79.0,82.5,89.2,49.4,24.5,60.9,59.1,87.1,69.2,12,20,80,79,7,38.22
5298,North America,720,Canada,2006,75.1,99.5,64.6,91.0,96.0,76.6,86.3,80.0,83.5,79.0,82.5,89.2,49.1,25.1,60.6,59.1,86.5,69.0,20,44,75,75,5,38.22
5299,North America,721,Canada,2007,74.9,99.5,63.2,91.4,96.0,77.0,86.3,80.1,83.6,78.9,82.1,88.4,48.4,24.1,60.2,59.1,86.2,69.2,10,30,75,65,5,38.21
5300,North America,722,Canada,2008,75.2,99.5,64.9,91.4,96.0,77.4,86.3,80.3,83.5,79.3,82.4,87.9,49.4,25.2,59.9,59.3,85.9,69.2,15,40,80,79,8,38.21
5301,North America,723,Canada,2009,75.5,99.5,64.2,91.6,96.0,77.5,86.2,80.6,82.4,80.0,82.4,89.6,51.3,27.2,59.5,59.4,85.9,70.9,10,35,75,65,10,38.2
5302,North America,724,Canada,2010,75.7,99.5,63.9,92.6,96.0,77.6,86.2,80.3,82.4,79.7,82.7,88.8,50.4,26.9,61.0,59.9,87.1,71.7,10,40,82,80,5,38.19
5303,North America,725,Canada,2011,75.8,99.4,63.4,92.4,96.0,79.0,86.2,80.5,82.6,81.2,83.3,90.8,49.7,26.7,59.6,59.9,86.8,71.2,15,35,68,70,10,38.19
5304,North America,726,Canada,2012,75.9,99.5,63.5,92.6,98.2,79.0,86.2,80.7,82.8,81.5,82.5,89.7,49.6,26.9,59.9,59.9,87.6,70.5,10,45,78,76,10,38.19
5305,North America,727,Canada,2013,76.2,99.3,66.5,93.4,98.2,80.8,86.2,80.9,82.9,83.0,82.1,89.4,50.1,27.0,59.7,59.9,85.9,70.2,15,38,60,80,7,38.18
5306,North America,728,Canada,2014,76.5,99.5,64.1,93.1,98.2,80.9,86.2,80.8,83.5,83.8,83.8,90.3,50.4,28.1,60.0,59.9,86.7,70.4,20,23,75,70,7,38.18
5307,North America,729,Canada,2015,76.8,99.5,64.2,93.9,98.3,81.2,86.2,80.9,83.8,85.2,82.2,90.8,50.9,31.0,59.8,60.0,87.6,70.8,15,45,68,78,10,38.17
5308,North America,730,Canada,2016,77.2,99.6,66.0,93.6,98.6,81.3,86.2,80.6,83.8,86.6,85.5,88.5,51.2,33.0,60.7,60.1,86.6,71.1,20,44,75,75,7,38.17
5309,North America,731,Canada,2017,77.6,99.6,65.7,94.3,98.6,81.6,86.1,80.7,85.2,87.1,84.3,91.0,51.8,36.7,58.9,60.4,85.3,71.2,35,45,75,70,8,38.16
5310,North America,732,Canada,2018,77.7,99.6,65.1,94.2,98.5,82.1,86.1,80.3,84.8,87.7,85.3,90.2,51.7,37.1,61.4,60.5,84.8,71.2,10,50,85,72,10,38.16
5311,North America,733,Canada,2019,77.8,99.6,65.3,94.2,98.9,83.0,86.1,80.3,84.6,87.8,86.2,90.6,51.7,37.4,61.8,60.5,83.9,71.4,15,50,76,78,10,38.16
5312,North America,734,Canada,2020,78.4,99.6,65.4,94.0,99.4,82.7,86.1,80.3,82.8,86.7,89.3,92.7,51.7,39.9,62.2,60.8,83.0,76.5,18,40,75,65,8,38.15
5313,North America,735,Canada,2021,78.3,99.6,63.5,93.9,99.4,83.6,86.1,80.3,83.6,87.3,89.3,89.4,51.7,39.6,62.2,60.8,83.0,78.7,15,45,75,65,7,
5314,North America,736,Canada,2022,78.5,99.6,63.5,93.9,99.4,83.9,86.1,80.3,84.6,87.3,89.3,90.6,51.7,39.6,62.1,60.8,81.8,79.9,18,55,80,65,8,
5315,Africa,737,Central African Republic,2000,38.4,5.3,35.3,5.9,7.1,25.8,48.2,14.3,53.0,6.2,9.6,30.5,94.8,99.5,0.0,89.9,52.7,36.4,60,43,10,10,10,36.76
5316,Africa,738,Central African Republic,2001,38.4,5.3,35.1,6.7,7.1,25.8,47.8,15.2,53.0,6.2,9.6,30.1,94.8,99.5,0.0,89.9,52.7,36.1,70,63,13,8,15,36.72
5317,Africa,739,Central African Republic,2002,38.4,5.3,34.6,7.2,7.1,25.9,47.4,15.2,53.0,6.2,9.6,29.8,94.8,99.5,0.0,89.9,52.7,35.8,42,65,10,14,10,36.67
5318,Africa,740,Central African Republic,2003,38.4,5.3,34.0,7.8,7.1,26.2,47.0,15.7,53.0,6.2,9.6,29.5,94.9,99.6,0.0,89.9,52.7,36.0,78,75,10,9,10,36.62
5319,Africa,741,Central African Republic,2004,38.6,5.3,33.9,8.5,7.1,26.4,46.6,18.5,53.0,6.2,9.6,29.1,94.8,99.6,0.0,89.9,52.7,36.0,75,65,13,15,15,36.57
5320,Africa,742,Central African Republic,2005,38.8,5.3,34.1,9.0,7.1,28.3,46.1,18.9,53.0,6.2,9.6,30.1,94.8,99.6,0.0,89.9,52.7,35.4,75,60,12,15,15,36.52
5321,Africa,743,Central African Republic,2006,38.7,5.3,33.2,9.9,7.1,28.7,45.6,18.8,53.0,6.2,9.6,29.8,94.8,99.6,0.0,89.9,52.7,35.3,45,63,15,15,15,36.47
5322,Africa,744,Central African Republic,2007,38.7,5.3,33.6,10.0,8.1,29.1,45.2,18.3,53.0,6.2,9.6,29.5,94.7,99.6,0.0,89.9,52.7,35.2,50,50,12,15,10,36.43
5323,Africa,745,Central African Republic,2008,39.0,5.3,34.6,10.3,12.8,29.4,44.7,18.3,53.1,6.2,9.6,29.1,94.7,99.6,0.0,89.9,52.7,34.4,72,68,15,14,10,36.38
5324,Africa,746,Central African Republic,2009,39.0,5.3,35.0,10.5,12.8,29.3,44.2,18.3,53.0,6.2,9.6,28.8,94.6,99.6,0.0,89.9,52.7,34.2,65,65,15,15,15,36.33
5325,Africa,747,Central African Republic,2010,39.0,5.3,40.7,10.1,6.9,29.7,43.8,18.2,52.9,6.2,9.6,31.6,94.6,99.6,0.0,89.9,51.2,33.7,72,60,13,12,10,36.28
5326,Africa,748,Central African Republic,2011,38.8,5.2,41.2,11.0,5.6,31.6,43.3,18.4,52.9,6.2,9.6,27.2,94.4,99.6,0.0,89.9,50.6,33.4,75,70,12,6,5,36.23
5327,Africa,749,Central African Republic,2012,39.0,7.0,40.4,11.7,6.9,32.0,42.9,18.4,52.9,6.3,9.6,25.8,94.5,99.6,0.0,89.9,50.6,35.2,78,68,10,7,5,36.19
5328,Africa,750,Central African Republic,2013,38.2,0.0,36.9,10.4,6.9,31.8,42.5,16.9,52.9,6.3,9.6,26.1,94.5,99.7,0.0,89.9,50.4,36.9,83,79,10,5,10,36.14
5329,Africa,751,Central African Republic,2014,38.3,0.0,36.0,11.2,6.9,32.2,42.0,18.6,52.8,9.0,9.6,26.8,94.5,99.5,0.0,89.9,47.9,35.8,85,75,12,8,20,36.09
5330,Africa,752,Central African Republic,2015,38.0,0.0,35.8,11.5,6.9,32.5,41.6,18.7,52.7,9.2,9.6,22.9,94.5,99.5,0.0,89.9,47.7,34.8,75,63,12,7,10,36.04
5331,Africa,753,Central African Republic,2016,37.4,0.0,35.7,11.1,6.9,30.2,41.2,18.8,52.7,9.4,9.6,23.3,94.3,99.5,0.0,89.9,41.6,34.8,80,68,12,15,15,35.99
5332,Africa,754,Central African Republic,2017,38.6,0.0,35.6,11.5,19.3,31.3,40.7,18.7,53.8,9.6,9.6,24.2,94.3,99.4,0.0,89.9,44.3,35.0,70,76,10,15,10,35.94
5333,Africa,755,Central African Republic,2018,38.6,3.9,35.4,11.8,19.3,31.7,40.6,18.6,53.8,6.2,9.6,23.2,94.5,99.5,0.0,89.8,45.3,34.6,70,68,13,15,10,35.9
5334,Africa,756,Central African Republic,2019,38.5,4.7,36.4,12.3,19.3,31.8,40.5,19.1,53.8,6.5,9.6,22.2,94.5,99.5,0.0,89.8,40.9,35.2,75,75,20,15,7,35.85
5335,Africa,757,Central African Republic,2020,38.6,3.2,36.4,12.6,19.3,31.8,40.4,19.4,53.3,6.8,9.6,21.9,94.5,99.5,0.0,89.8,42.6,36.5,70,70,12,15,30,35.8
5336,Africa,758,Central African Republic,2021,38.8,2.9,36.4,13.0,19.3,34.1,40.4,19.4,53.3,7.1,9.6,21.9,94.5,99.5,0.0,89.7,42.5,36.5,75,80,12,12,20,
5337,Africa,759,Central African Republic,2022,40.4,3.2,36.5,13.0,19.3,34.2,40.4,19.4,53.4,7.1,9.6,21.9,94.5,99.5,0.0,89.7,42.3,36.5,63,75,13,12,10,
5338,Africa,760,Chad,2000,38.6,24.1,32.0,17.1,0.0,18.2,39.9,1.2,62.5,4.0,53.4,20.4,93.0,98.6,0.0,78.6,29.6,45.4,30,70,10,12,7,5.05
5339,Africa,761,Chad,2001,38.7,24.1,33.0,17.3,0.0,18.2,39.9,2.4,62.5,4.0,53.4,20.4,93.0,98.6,0.0,78.6,29.6,44.4,30,20,15,15,10,4.98
5340,Africa,762,Chad,2002,38.8,24.1,33.3,17.5,1.2,18.2,39.9,2.9,62.4,4.0,53.4,20.3,92.3,98.6,0.0,78.6,29.6,44.9,35,40,14,18,10,4.91
5341,Africa,763,Chad,2003,38.8,24.1,33.9,17.5,2.1,20.0,40.0,0.1,62.4,4.0,53.4,20.3,92.3,98.5,0.0,78.6,29.6,44.1,10,65,12,20,10,4.85
5342,Africa,764,Chad,2004,38.7,24.1,31.5,18.1,2.1,20.3,40.2,0.1,62.5,4.0,53.4,20.4,92.4,98.5,0.0,78.6,29.6,42.7,20,20,10,15,10,4.78
5343,Africa,765,Chad,2005,38.7,24.1,32.3,18.3,2.1,20.3,40.3,0.1,62.4,4.0,53.4,21.6,92.5,98.5,0.0,78.6,29.6,41.8,18,30,15,10,10,4.72
5344,Africa,766,Chad,2006,38.7,24.1,31.9,18.5,2.1,20.3,40.4,0.1,62.4,4.0,53.4,21.9,92.4,98.5,0.0,78.5,29.6,40.9,20,65,10,15,8,4.65
5345,Africa,767,Chad,2007,38.7,24.1,31.2,19.7,2.1,19.6,40.5,0.1,62.4,4.0,53.4,21.9,92.3,98.5,0.0,78.5,29.6,40.9,45,70,10,20,8,4.59
5346,Africa,768,Chad,2008,39.4,24.1,31.0,20.7,2.1,19.6,40.6,0.1,62.4,4.0,53.4,27.8,92.2,98.5,0.0,78.5,34.6,40.4,35,30,8,20,10,4.52
5347,Africa,769,Chad,2009,38.9,24.1,31.1,19.2,2.1,19.6,40.7,0.1,62.4,4.0,53.4,25.3,92.1,98.5,0.0,78.5,29.6,42.1,30,35,12,20,10,4.46
5348,Africa,770,Chad,2010,39.6,24.1,34.0,19.9,2.1,19.6,40.9,0.2,62.4,4.0,53.4,30.1,92.0,98.5,0.0,78.5,32.2,41.2,20,25,11,12,8,4.39
5349,Africa,771,Chad,2011,39.0,23.9,35.1,21.2,4.7,23.5,41.0,0.2,62.3,4.0,36.5,32.1,92.0,98.1,0.0,78.4,29.6,41.7,25,40,15,15,10,4.29
5350,Africa,772,Chad,2012,39.9,26.1,37.6,21.0,4.7,24.6,41.1,10.9,62.3,4.0,36.5,29.6,92.0,98.5,0.0,78.4,29.6,41.9,20,60,15,16,10,4.19
5351,Africa,773,Chad,2013,40.9,28.4,36.7,20.3,13.2,22.6,41.3,11.4,62.3,4.1,36.5,31.4,91.8,98.7,0.0,78.4,33.1,43.8,20,80,8,15,10,4.09
5352,Africa,774,Chad,2014,40.7,30.1,36.2,20.4,13.2,23.2,41.4,6.4,62.9,6.3,36.5,28.6,91.7,98.7,0.0,78.4,33.7,43.4,30,40,10,12,5,3.99
5353,Africa,775,Chad,2015,40.6,28.9,35.6,22.6,13.8,23.1,41.6,9.0,62.9,6.4,36.5,24.9,91.4,98.9,0.0,78.4,32.5,42.4,33,20,15,15,10,3.88
5354,Africa,776,Chad,2016,40.2,27.1,36.0,22.0,10.7,22.9,41.7,5.0,62.9,5.0,36.5,29.3,91.1,98.9,0.0,78.4,33.7,41.8,30,60,15,15,7,3.79
5355,Africa,777,Chad,2017,40.4,26.9,34.0,23.0,7.7,21.6,41.9,6.6,64.6,5.6,36.5,33.0,91.0,99.0,0.0,78.3,33.1,43.3,18,30,8,10,10,3.7
5356,Africa,778,Chad,2018,42.1,26.8,34.1,23.1,11.1,22.7,42.1,7.4,64.6,7.7,63.0,31.2,91.0,99.0,0.0,75.2,31.3,42.7,30,69,20,18,10,3.61
5357,Africa,779,Chad,2019,42.1,26.3,33.5,24.5,10.8,21.8,42.2,8.0,64.6,7.6,63.0,28.0,91.0,99.1,0.0,75.2,32.4,46.2,52,65,12,20,10,3.52
5358,Africa,780,Chad,2020,42.7,25.3,37.2,25.6,10.8,22.1,42.4,8.7,64.2,8.1,63.0,28.0,91.0,99.1,0.0,75.2,31.6,50.5,40,65,15,35,10,3.43
5359,Africa,781,Chad,2021,43.7,24.9,36.7,26.9,13.3,30.8,42.4,8.7,64.3,9.6,63.0,28.0,91.0,99.1,0.0,76.2,31.2,53.0,40,40,20,18,10,
5360,Africa,782,Chad,2022,45.3,25.4,38.5,27.1,13.3,30.8,42.4,8.7,64.4,9.6,63.0,32.8,91.0,99.1,0.0,76.2,29.4,52.6,60,60,15,20,8,
5361,South America,783,Chile,2000,71.1,94.5,67.9,80.1,92.1,54.2,88.3,81.9,74.3,26.9,14.4,85.2,80.1,82.9,78.0,61.0,75.0,71.6,25,18,55,40,10,21.27
5362,South America,784,Chile,2001,71.4,94.5,69.6,81.0,92.1,54.7,88.6,82.8,74.4,27.4,14.4,85.3,80.4,83.5,77.6,60.8,75.0,71.8,25,28,30,25,10,21.4
5363,South America,785,Chile,2002,71.7,94.5,70.6,81.5,92.1,56.1,88.8,83.3,74.5,28.2,14.4,85.3,80.2,83.4,77.9,60.6,75.0,72.8,10,18,35,60,8,21.52
5364,South America,786,Chile,2003,71.9,94.5,71.0,81.4,92.1,56.5,89.0,83.3,74.7,28.8,16.2,85.3,80.3,83.4,77.9,60.4,75.0,72.7,20,20,25,35,8,21.64
5365,South America,787,Chile,2004,71.9,94.5,71.2,81.3,92.1,56.9,89.2,83.0,74.5,29.5,16.2,85.3,79.8,83.1,78.4,60.3,75.7,71.5,30,18,55,44,10,21.76
5366,South America,788,Chile,2005,72.1,94.5,71.7,81.9,92.1,58.3,89.3,83.4,74.9,30.2,16.2,85.3,79.7,82.9,78.5,60.4,76.1,70.6,20,35,65,64,10,21.88
5367,South America,789,Chile,2006,72.5,94.5,71.4,81.8,92.1,58.5,89.5,84.2,75.1,31.3,22.1,85.3,79.4,82.7,78.5,60.3,76.8,69.9,10,10,20,35,8,22.01
5368,South America,790,Chile,2007,72.4,94.5,69.6,82.3,92.1,58.6,89.7,82.5,75.4,31.7,22.1,84.5,78.5,82.0,78.6,60.2,77.8,70.6,20,20,35,48,15,22.13
5369,South America,791,Chile,2008,72.5,94.5,69.3,82.8,92.4,58.4,89.9,82.8,74.8,32.6,22.1,81.7,78.1,82.1,78.9,60.0,78.9,72.6,30,25,65,50,8,22.25
5370,South America,792,Chile,2009,73.1,94.5,68.8,84.2,91.5,58.4,89.9,83.9,73.8,33.5,22.5,88.2,79.3,82.7,78.9,60.5,78.4,74.5,30,28,70,60,7,22.37
5371,South America,793,Chile,2010,73.2,94.5,71.8,85.0,92.7,58.7,89.8,81.3,75.4,34.8,22.5,84.2,79.3,82.2,79.2,60.5,79.3,74.0,10,30,55,60,10,22.49
5372,South America,794,Chile,2011,73.4,96.4,72.4,85.0,92.2,58.5,89.6,82.1,75.9,37.8,23.9,80.9,78.9,79.0,79.8,60.4,80.7,73.7,30,35,45,35,5,22.73
5373,South America,795,Chile,2012,74.4,100.0,70.1,85.2,93.3,58.8,89.5,83.1,76.3,42.5,23.9,84.1,79.3,82.8,79.6,60.2,81.2,75.2,20,20,65,60,8,22.96
5374,South America,796,Chile,2013,75.0,100.0,71.6,85.5,92.5,65.1,89.4,83.1,76.5,44.3,24.2,84.8,79.5,82.8,79.7,61.0,78.9,75.6,25,30,60,60,8,23.2
5375,South America,797,Chile,2014,75.4,100.0,70.7,86.6,94.8,65.7,89.2,81.8,79.6,47.7,24.2,81.6,79.4,84.4,79.7,60.9,79.9,76.4,30,30,40,40,8,23.43
5376,South America,798,Chile,2015,76.0,100.0,71.7,87.4,94.6,65.8,89.1,80.8,80.4,51.2,27.1,82.5,79.3,85.7,80.5,60.9,78.4,77.3,25,30,65,60,10,23.67
5377,South America,799,Chile,2016,76.4,100.0,71.9,87.7,95.0,66.0,89.2,80.8,80.3,52.6,27.1,83.8,79.3,85.7,81.2,60.7,77.9,78.9,10,25,40,45,10,23.83
5378,South America,800,Chile,2017,76.9,100.0,71.7,87.5,94.0,66.5,89.4,80.5,82.5,64.2,26.2,84.6,79.0,84.9,80.8,60.5,75.1,79.5,30,30,55,35,7,24.0
5379,South America,801,Chile,2018,77.4,100.0,72.4,88.0,93.7,70.5,89.4,81.4,82.0,68.9,26.2,85.7,78.0,82.0,81.0,60.5,76.0,80.4,40,30,45,35,10,24.16
5380,South America,802,Chile,2019,77.6,98.6,72.5,87.8,95.7,71.0,89.4,81.3,81.9,70.7,26.2,86.7,77.9,81.5,81.0,60.6,75.1,81.9,35,40,25,26,7,24.33
5381,South America,803,Chile,2020,77.4,94.1,71.1,87.9,97.7,70.0,89.4,81.3,80.1,73.7,25.5,86.3,77.9,82.3,80.1,61.4,73.1,83.7,30,35,35,36,8,24.49
5382,South America,804,Chile,2021,78.4,96.4,71.5,88.4,97.8,76.8,89.4,81.3,83.6,75.3,25.5,87.6,77.8,82.3,80.1,61.4,73.2,85.0,35,45,65,38,10,
5383,South America,805,Chile,2022,78.2,96.4,71.5,88.4,97.8,77.7,89.4,81.3,84.1,75.3,25.5,85.5,77.8,82.3,80.2,61.1,69.8,85.8,35,25,45,48,10,
5384,Asia,806,China,2000,62.2,61.2,75.0,63.4,98.0,71.2,57.2,48.9,75.1,41.9,29.6,64.2,89.3,91.5,57.9,50.0,53.4,29.8,68,10,10,70,7,18.78
5385,Asia,807,China,2001,62.4,61.2,75.5,64.1,98.0,71.5,57.5,50.0,74.8,42.3,29.6,64.2,89.3,91.4,57.8,49.9,53.4,29.7,58,10,5,60,8,19.03
5386,Asia,808,China,2002,62.5,61.2,75.5,64.5,98.0,71.8,58.3,50.4,74.5,43.0,29.6,64.3,89.1,90.6,57.9,50.1,53.4,30.0,50,20,10,60,10,19.28
5387,Asia,809,China,2003,62.5,61.2,75.6,65.3,98.0,71.3,59.1,50.1,74.3,43.6,29.6,64.4,88.9,89.3,58.1,50.4,53.4,30.2,60,40,5,40,7,19.53
5388,Asia,810,China,2004,62.7,61.2,76.9,66.1,98.0,71.6,59.8,50.7,74.4,44.4,29.6,64.4,88.6,88.6,57.9,50.4,53.4,30.3,68,20,7,72,10,19.78
5389,Asia,811,China,2005,63.0,61.2,77.4,67.9,98.0,71.9,60.6,51.2,74.4,45.5,31.1,62.2,88.5,87.4,57.9,50.3,53.5,31.2,65,30,5,72,8,20.03
5390,Asia,812,China,2006,63.2,61.2,78.0,69.7,98.0,72.2,61.1,52.0,74.4,46.2,31.1,62.3,88.2,86.3,57.6,50.9,53.6,31.4,70,25,12,75,10,20.28
5391,Asia,813,China,2007,63.8,61.2,78.3,71.1,98.0,72.7,61.8,53.3,74.5,47.2,31.1,62.3,88.2,85.4,57.4,50.8,53.6,37.5,75,25,7,75,7,20.53
5392,Asia,814,China,2008,63.8,61.2,79.6,72.1,99.0,73.3,62.3,54.0,74.3,48.8,28.2,62.4,88.2,84.6,57.4,50.6,53.7,34.8,73,15,12,80,7,20.78
5393,Asia,815,China,2009,63.9,61.2,79.6,72.1,99.0,73.6,62.9,55.0,74.3,50.9,28.2,60.9,88.1,83.9,57.1,50.4,53.7,36.2,70,40,6,70,8,21.04
5394,Asia,816,China,2010,64.4,61.2,80.2,75.0,99.1,73.8,63.5,56.0,74.4,52.5,27.2,63.3,88.0,82.7,57.6,50.3,54.6,35.9,75,35,8,82,7,21.29
5395,Asia,817,China,2011,65.3,69.7,80.8,75.8,99.4,74.3,64.0,56.8,74.3,54.6,29.0,62.9,87.8,80.8,58.1,50.4,55.1,35.7,63,40,11,78,8,21.49
5396,Asia,818,China,2012,66.2,73.8,81.0,76.5,99.4,74.7,64.5,58.2,74.3,57.5,29.3,65.9,87.7,80.5,59.2,50.2,55.5,36.9,55,35,7,60,8,21.7
5397,Asia,819,China,2013,67.1,84.0,81.5,77.2,99.4,75.3,65.1,59.7,74.3,59.3,32.8,65.2,87.6,80.1,59.5,50.3,53.7,36.7,73,20,10,40,7,21.9
5398,Asia,820,China,2014,68.0,87.1,81.8,77.8,99.4,75.8,65.8,61.1,76.6,63.2,33.5,67.6,87.7,80.0,54.5,50.1,53.4,40.7,75,20,11,82,10,22.11
5399,Asia,821,China,2015,68.9,90.3,82.2,79.9,99.4,76.4,66.4,62.2,76.6,65.5,34.4,68.0,87.7,80.4,56.1,50.0,54.9,41.3,80,25,11,75,8,22.31
5400,Asia,822,China,2016,69.4,92.4,82.1,80.3,99.4,76.6,67.0,63.6,76.6,68.1,34.5,70.9,87.5,80.7,54.3,49.9,55.4,40.8,80,18,7,75,10,22.52
5401,Asia,823,China,2017,69.9,93.5,82.6,80.6,99.4,77.2,67.5,65.0,76.7,71.4,33.7,71.8,87.3,80.2,53.7,49.7,57.0,41.3,78,40,10,60,10,22.72
5402,Asia,824,China,2018,70.8,95.2,82.8,80.9,99.5,77.8,68.0,66.2,77.2,74.3,34.5,76.5,87.2,79.5,53.7,49.8,59.6,41.8,80,15,6,82,10,22.93
5403,Asia,825,China,2019,71.5,96.8,83.1,81.6,99.5,78.1,68.5,67.3,77.0,76.6,34.9,79.1,87.0,78.8,55.2,49.6,59.9,42.5,80,25,11,83,8,23.14
5404,Asia,826,China,2020,71.6,96.5,83.3,83.1,99.5,78.0,69.0,67.7,76.6,78.4,34.9,79.5,87.0,78.5,55.5,49.4,59.8,40.8,80,20,7,79,7,23.34
5405,Asia,827,China,2021,72.0,97.6,83.3,83.4,99.5,78.2,69.0,67.7,79.0,80.3,34.9,79.5,87.0,77.6,55.7,49.2,60.6,41.3,80,40,8,75,8,
5406,Asia,828,China,2022,72.0,98.1,83.4,83.4,99.5,78.2,69.0,67.7,78.9,80.3,34.9,79.5,87.0,77.6,55.7,48.9,60.6,41.4,83,20,5,82,7,
5407,South America,829,Colombia,2000,62.2,74.0,63.8,70.0,80.0,60.6,73.2,70.1,60.3,15.0,6.1,86.9,87.8,90.8,52.6,54.4,54.1,58.0,30,40,15,25,10,56.54
5408,South America,830,Colombia,2001,62.7,74.0,64.0,70.9,78.9,60.6,73.5,71.4,63.4,15.1,7.7,86.9,87.9,90.9,53.1,54.3,54.1,58.7,5,40,20,20,8,56.37
5409,South America,831,Colombia,2002,64.0,74.0,64.1,71.2,81.1,60.6,73.9,71.5,63.0,15.5,9.9,87.2,87.9,90.9,68.7,54.2,54.1,59.5,30,42,15,14,5,56.2
5410,South America,832,Colombia,2003,63.8,74.0,64.8,73.3,81.1,60.6,74.2,72.2,63.8,16.0,13.2,87.2,87.8,90.9,51.0,54.2,54.1,65.9,35,40,24,25,8,56.02
5411,South America,833,Colombia,2004,63.9,74.0,65.0,73.6,82.0,62.0,74.5,73.6,64.1,16.3,11.3,87.6,88.0,91.0,50.1,54.1,54.1,65.1,35,35,32,22,10,55.85
5412,South America,834,Colombia,2005,65.4,74.0,63.7,74.9,85.1,62.4,74.8,73.8,65.1,16.6,12.8,87.3,87.8,90.8,68.9,54.5,54.6,65.2,35,30,25,30,8,55.68
5413,South America,835,Colombia,2006,65.6,74.0,62.9,75.4,85.8,60.7,75.2,73.8,65.6,17.4,12.8,87.6,87.6,90.8,68.9,55.2,55.4,65.4,10,33,25,35,6,55.5
5414,South America,836,Colombia,2007,65.8,74.0,64.0,76.5,86.4,60.8,75.5,74.5,66.0,18.5,12.8,85.2,87.6,90.9,69.7,55.6,54.4,65.7,35,33,25,30,5,55.33
5415,South America,837,Colombia,2008,65.5,74.0,63.8,76.9,87.2,60.8,75.8,74.5,65.8,19.4,10.8,86.0,87.7,90.7,64.4,56.6,54.3,64.9,5,40,30,22,5,55.15
5416,South America,838,Colombia,2009,65.7,74.0,63.5,77.5,89.0,62.5,76.1,74.4,65.4,20.2,12.3,86.0,87.5,90.5,59.5,57.8,54.3,66.4,35,35,24,35,7,54.98
5417,South America,839,Colombia,2010,66.2,74.0,62.9,78.8,89.2,64.7,76.4,74.1,65.6,21.4,11.8,84.7,87.4,90.4,64.2,57.8,54.5,66.7,30,35,35,38,5,54.81
5418,South America,840,Colombia,2011,66.6,77.5,62.7,79.9,89.0,64.4,76.7,74.7,66.1,22.8,13.4,82.3,87.4,89.7,62.7,59.8,55.1,67.5,40,30,30,35,10,54.69
5419,South America,841,Colombia,2012,67.0,78.3,63.9,80.2,87.9,64.4,77.1,74.6,66.3,26.5,14.6,83.1,87.5,89.1,61.8,59.9,54.4,69.3,40,45,35,45,10,54.56
5420,South America,842,Colombia,2013,66.9,80.2,64.3,80.9,84.3,66.4,77.4,75.1,66.7,28.7,14.6,82.0,87.7,88.9,55.5,60.4,55.1,68.9,38,38,28,42,8,54.44
5421,South America,843,Colombia,2014,68.0,81.8,66.0,80.4,85.0,70.4,77.7,75.4,68.2,30.4,14.6,82.1,87.6,88.4,63.1,60.7,56.3,67.9,35,40,35,38,8,54.32
5422,South America,844,Colombia,2015,68.8,84.1,67.0,81.6,85.5,71.4,78.0,76.2,68.6,30.7,16.9,80.8,87.7,89.3,63.1,63.2,56.6,68.6,44,45,33,33,8,54.2
5423,South America,845,Colombia,2016,69.0,84.0,67.0,81.4,84.9,71.4,78.3,75.5,68.4,31.6,17.5,81.5,87.8,89.6,66.6,63.5,56.1,68.7,40,35,25,25,5,54.02
5424,South America,846,Colombia,2017,69.5,85.3,64.8,82.4,85.9,70.8,78.6,77.5,71.9,40.6,18.7,83.1,87.7,90.3,56.9,64.5,54.9,67.7,35,44,35,40,7,53.84
5425,South America,847,Colombia,2018,70.1,84.9,64.8,82.5,90.5,70.3,78.9,76.9,71.2,42.8,17.7,83.5,87.7,90.3,63.6,63.3,55.3,68.1,5,58,40,33,10,53.66
5426,South America,848,Colombia,2019,70.3,83.3,64.9,84.2,92.1,70.4,79.1,77.3,70.7,45.1,16.5,85.7,87.7,89.8,57.0,64.5,56.1,71.4,38,35,40,45,15,53.48
5427,South America,849,Colombia,2020,69.4,72.5,65.0,82.6,92.4,69.0,79.4,77.6,66.9,46.6,12.4,85.7,87.7,90.3,57.2,64.5,57.9,72.2,40,50,38,40,10,53.31
5428,South America,850,Colombia,2021,69.9,75.9,65.2,81.7,92.3,69.3,79.4,77.6,69.3,48.4,12.4,83.7,87.7,90.1,57.4,65.1,56.3,76.3,40,55,32,35,7,
5429,South America,851,Colombia,2022,70.1,77.7,65.2,82.7,92.3,69.4,79.4,77.6,71.2,49.0,12.4,83.3,87.7,90.1,57.3,65.0,54.3,76.1,35,55,42,28,5,
5430,Africa,852,Comoros,2000,45.3,42.1,37.0,38.0,30.8,27.4,51.6,11.3,49.0,6.5,10.0,55.1,95.9,99.5,58.6,32.1,64.3,60.3,10,22,15,8,7,22.41
5431,Africa,853,Comoros,2001,45.7,42.1,37.4,38.7,30.8,27.4,51.9,19.3,48.9,6.5,10.0,55.1,95.9,99.5,58.8,31.9,64.3,59.1,18,30,10,14,8,22.17
5432,Africa,854,Comoros,2002,46.0,42.1,36.7,39.7,30.8,27.4,51.7,21.6,49.0,6.5,10.0,54.9,95.9,99.5,58.8,31.5,64.3,60.7,20,35,8,20,7,21.94
5433,Africa,855,Comoros,2003,45.8,42.1,36.3,39.7,31.9,27.4,51.6,19.0,49.1,6.5,10.0,54.9,95.9,99.4,58.8,31.3,64.3,60.4,25,30,12,16,8,21.7
5434,Africa,856,Comoros,2004,46.1,42.1,36.0,41.3,32.8,27.4,51.4,22.1,49.1,6.5,10.0,54.8,95.9,99.4,58.8,31.0,64.3,60.2,10,28,15,16,10,21.47
5435,Africa,857,Comoros,2005,46.1,42.1,36.6,40.8,32.8,27.4,51.1,24.2,48.7,6.6,10.0,54.9,95.9,99.4,58.8,30.8,64.3,59.8,20,40,15,15,8,21.23
5436,Africa,858,Comoros,2006,46.1,42.1,36.9,41.1,32.8,27.4,50.9,23.6,48.2,6.5,10.0,54.8,95.9,99.3,58.8,30.6,64.3,59.7,20,33,20,15,12,21.0
5437,Africa,859,Comoros,2007,46.7,42.1,37.1,41.4,39.1,27.4,50.7,28.9,47.7,6.7,10.0,54.8,95.9,99.6,58.8,30.4,64.3,59.4,18,30,20,15,8,20.76
5438,Africa,860,Comoros,2008,47.2,42.1,37.3,43.6,39.1,27.4,50.4,29.1,47.3,6.7,10.0,54.6,95.9,99.6,58.8,30.0,64.3,66.2,20,20,10,15,10,20.52
5439,Africa,861,Comoros,2009,47.0,42.1,37.8,44.8,39.1,26.4,50.2,26.4,46.8,6.8,10.0,54.7,95.9,99.5,58.8,29.7,64.3,66.0,25,33,12,20,8,20.29
5440,Africa,862,Comoros,2010,49.6,42.1,38.3,45.8,39.1,27.4,49.9,27.7,46.3,7.1,10.0,53.9,95.9,99.4,61.4,68.8,64.6,66.0,25,32,25,15,8,20.05
5441,Africa,863,Comoros,2011,48.9,44.3,38.8,47.1,39.1,27.4,49.6,33.2,45.9,7.3,10.0,48.1,95.9,99.5,50.1,68.6,64.3,62.6,25,25,30,15,10,19.82
5442,Africa,864,Comoros,2012,49.0,46.3,41.3,50.4,35.2,27.4,49.3,32.5,45.4,8.6,10.0,54.4,95.9,99.4,44.6,68.3,62.6,61.8,30,40,35,18,7,19.58
5443,Africa,865,Comoros,2013,49.3,47.8,41.9,50.9,43.3,26.3,49.0,29.5,45.0,8.9,10.0,54.5,95.9,99.3,44.1,68.1,62.6,60.1,30,43,20,15,5,19.35
5444,Africa,866,Comoros,2014,50.5,48.0,42.2,51.1,43.4,26.2,48.7,31.2,44.4,11.5,25.6,54.2,95.9,99.4,45.8,67.8,62.1,61.0,33,45,12,35,10,19.11
5445,Africa,867,Comoros,2015,50.5,46.9,42.5,52.8,43.4,26.3,49.0,30.8,44.4,11.6,25.6,54.4,95.9,99.4,46.0,67.5,62.1,60.1,15,32,22,18,10,18.88
5446,Africa,868,Comoros,2016,50.4,47.6,43.0,53.1,38.9,26.4,49.0,30.3,44.5,12.3,25.6,54.5,95.9,99.3,46.3,67.2,61.8,60.4,10,38,22,14,8,18.64
5447,Africa,869,Comoros,2017,51.5,48.8,43.4,55.4,39.1,28.0,49.0,34.3,44.6,22.5,25.6,54.5,95.8,99.1,46.1,66.9,62.4,60.8,25,40,30,15,20,18.41
5448,Africa,870,Comoros,2018,52.2,48.9,43.8,55.7,38.1,28.2,49.0,35.3,44.6,22.2,25.6,60.2,95.8,99.0,45.3,72.8,61.8,61.1,25,33,30,30,5,18.17
5449,Africa,871,Comoros,2019,52.4,49.9,44.3,57.4,38.1,28.3,49.0,38.4,44.5,24.9,25.6,58.6,95.8,99.0,43.2,72.5,59.3,61.3,25,32,14,15,18,17.93
5450,Africa,872,Comoros,2020,52.6,51.0,44.7,57.5,38.1,33.8,49.0,39.2,43.3,24.7,25.6,58.6,95.8,99.1,43.1,72.2,57.7,61.1,25,44,12,32,10,17.7
5451,Africa,873,Comoros,2021,52.4,50.2,45.0,57.1,39.4,33.8,49.0,39.2,43.3,21.7,25.6,58.6,95.8,99.1,43.1,71.9,57.2,61.1,33,40,18,35,15,
5452,Africa,874,Comoros,2022,51.7,51.8,45.2,55.3,39.4,33.9,49.0,39.2,43.5,21.7,25.6,52.1,95.8,99.1,43.1,71.2,52.5,61.1,20,33,10,22,15,
5453,Africa,875,"Congo, Rep.",2000,45.1,26.7,52.1,19.2,18.0,45.9,44.6,8.1,51.3,0.4,22.1,43.2,95.9,92.0,63.6,76.1,52.4,55.7,43,55,14,13,13,64.99
5454,Africa,876,"Congo, Rep.",2001,45.3,26.7,51.9,19.6,19.9,45.9,44.7,8.3,51.3,0.3,22.1,43.2,95.9,92.0,63.4,76.1,52.4,56.4,40,55,15,22,8,64.96
5455,Africa,877,"Congo, Rep.",2002,45.2,26.7,52.4,20.0,17.1,45.9,44.9,9.0,51.3,0.4,22.1,43.0,96.0,92.0,65.8,76.0,52.4,53.9,43,50,12,22,15,64.92
5456,Africa,878,"Congo, Rep.",2003,45.1,26.7,52.3,20.7,18.0,44.2,45.1,8.7,51.3,0.5,22.1,42.7,95.9,91.9,65.4,76.0,52.4,52.9,40,43,20,22,15,64.89
5457,Africa,879,"Congo, Rep.",2004,45.7,26.7,50.6,23.7,22.0,44.2,45.6,9.1,51.3,0.5,22.1,43.4,95.8,91.9,68.8,76.0,52.4,53.1,50,38,15,25,5,64.85
5458,Africa,880,"Congo, Rep.",2005,46.1,26.7,51.2,23.7,22.0,44.2,46.1,9.4,51.4,0.6,22.1,43.7,95.8,91.8,71.3,76.0,52.4,55.9,35,70,15,28,15,64.82
5459,Africa,881,"Congo, Rep.",2006,46.5,26.7,49.6,25.4,22.8,44.1,46.5,9.8,51.4,0.7,22.1,45.2,95.7,91.8,71.1,76.0,52.4,59.6,60,55,20,35,12,64.78
5460,Africa,882,"Congo, Rep.",2007,46.6,26.7,50.7,25.7,22.8,43.3,47.0,10.4,51.2,0.8,22.1,45.0,95.7,91.7,71.9,77.5,52.4,57.1,44,58,17,32,10,64.75
5461,Africa,883,"Congo, Rep.",2008,47.1,26.7,51.0,27.9,23.7,43.2,47.5,10.8,51.3,1.0,22.1,46.5,95.6,91.7,70.8,77.5,52.4,60.5,44,63,15,35,15,64.71
5462,Africa,884,"Congo, Rep.",2009,46.5,26.7,50.6,27.5,24.0,43.1,47.9,11.2,51.3,1.1,22.1,46.3,95.5,91.6,70.2,78.4,52.4,50.5,43,42,15,35,15,64.68
5463,Africa,885,"Congo, Rep.",2010,48.7,26.7,50.8,31.2,40.5,42.9,48.4,12.3,51.2,1.3,22.1,48.2,95.5,91.5,72.0,78.4,52.4,62.3,45,55,15,29,15,64.64
5464,Africa,886,"Congo, Rep.",2011,50.3,27.6,51.7,33.9,42.2,48.1,48.9,21.2,51.1,1.5,19.9,50.8,95.5,91.9,71.9,78.4,55.0,65.4,40,43,15,20,7,64.61
5465,Africa,887,"Congo, Rep.",2012,50.7,27.2,53.7,38.7,45.3,48.7,49.3,25.4,51.2,1.6,19.9,52.8,95.5,91.5,71.7,79.0,54.4,55.8,40,60,18,30,15,64.57
5466,Africa,888,"Congo, Rep.",2013,50.5,26.4,54.9,39.7,45.3,49.3,49.8,24.0,51.1,3.1,19.9,49.6,95.3,91.1,65.0,79.0,53.0,61.6,35,43,15,30,7,64.54
5467,Africa,889,"Congo, Rep.",2014,50.4,27.3,54.9,40.1,45.3,51.4,50.3,26.2,52.2,5.3,19.9,46.1,95.3,90.6,63.5,79.0,53.1,55.8,50,63,16,30,8,64.5
5468,Africa,890,"Congo, Rep.",2015,51.8,27.8,54.6,43.3,58.8,52.0,50.8,36.8,52.1,5.3,19.9,52.3,95.4,90.0,62.8,79.0,53.0,47.3,40,60,17,30,15,64.47
5469,Africa,891,"Congo, Rep.",2016,52.4,26.7,54.0,40.8,58.8,52.1,51.3,38.4,52.0,11.1,19.9,48.9,95.3,90.5,70.9,79.0,51.0,50.5,55,63,20,20,10,64.43
5470,Africa,892,"Congo, Rep.",2017,53.1,23.5,53.3,42.2,58.8,54.2,51.7,40.3,53.4,10.5,19.9,54.8,95.3,92.5,74.0,82.2,50.9,44.4,40,58,18,22,20,64.38
5471,Africa,893,"Congo, Rep.",2018,52.4,24.0,53.2,44.1,47.2,54.4,51.8,40.3,53.4,6.6,19.9,52.9,95.3,92.3,73.9,83.0,50.1,47.9,45,55,18,30,15,64.34
5472,Africa,894,"Congo, Rep.",2019,52.7,23.8,53.2,44.2,47.2,54.7,51.9,43.2,53.4,6.5,19.9,54.9,95.3,92.1,71.9,83.0,50.4,50.3,55,60,18,32,20,64.3
5473,Africa,895,"Congo, Rep.",2020,52.1,21.2,52.8,43.9,47.2,54.6,52.0,44.1,52.3,6.3,19.9,49.2,95.3,92.1,71.9,83.0,50.6,49.7,55,58,30,30,15,64.26
5474,Africa,896,"Congo, Rep.",2021,52.4,22.8,53.0,44.1,47.3,54.8,52.0,44.1,53.8,8.1,19.9,51.2,95.3,92.2,72.0,83.5,47.8,49.1,40,58,18,32,20,
5475,Africa,897,"Congo, Rep.",2022,52.6,24.0,53.2,45.6,47.3,54.8,52.0,44.1,54.2,8.1,19.9,51.2,95.3,92.2,72.0,83.5,48.2,49.1,50,63,18,25,7,
5476,North America,898,Costa Rica,2000,68.5,94.2,58.9,80.1,79.5,62.3,71.8,81.5,75.7,26.2,22.0,87.7,79.8,92.1,55.6,66.2,76.6,54.0,30,30,75,60,5,55.96
5477,North America,899,Costa Rica,2001,68.3,94.2,59.0,80.4,79.2,62.0,72.0,80.9,75.2,26.8,16.2,87.7,79.7,92.1,57.9,66.2,76.6,54.9,20,25,70,60,10,55.99
5478,North America,900,Costa Rica,2002,69.0,94.2,58.1,82.7,79.5,70.5,72.2,80.8,75.0,28.4,15.8,88.0,79.4,91.9,57.5,66.1,76.6,56.0,10,10,80,60,5,56.01
5479,North America,901,Costa Rica,2003,68.9,94.2,55.9,82.3,79.5,70.4,72.4,80.8,74.8,28.2,19.3,88.0,79.4,91.8,55.8,66.1,76.4,56.0,15,25,70,60,6,56.04
5480,North America,902,Costa Rica,2004,69.1,94.2,55.7,82.4,82.0,70.6,72.6,82.2,74.9,28.6,20.6,88.3,79.3,91.7,53.6,66.0,76.6,54.7,20,25,75,55,7,56.07
5481,North America,903,Costa Rica,2005,69.3,94.2,56.7,83.8,83.3,70.8,72.8,83.3,74.9,28.9,21.8,88.3,77.5,91.8,52.8,66.0,76.8,54.9,10,30,70,66,10,56.09
5482,North America,904,Costa Rica,2006,69.4,94.2,58.1,83.3,83.2,73.2,72.9,83.1,75.3,29.6,19.3,88.6,76.5,91.7,52.4,65.9,76.3,55.6,25,35,75,60,5,56.12
5483,North America,905,Costa Rica,2007,69.4,94.2,56.2,84.2,83.4,72.0,73.1,83.7,76.0,29.9,19.3,90.3,76.3,91.4,53.1,65.8,75.5,56.2,15,25,75,60,8,56.15
5484,North America,906,Costa Rica,2008,69.6,94.2,56.0,83.2,83.8,72.2,73.2,84.1,75.8,30.5,20.3,88.1,76.4,91.4,56.3,65.8,74.0,57.6,12,28,70,55,5,56.18
5485,North America,907,Costa Rica,2009,69.6,94.2,56.6,83.8,82.9,72.0,73.4,84.8,74.2,31.4,17.5,87.8,76.5,91.6,57.9,65.7,73.4,59.5,18,28,75,78,10,56.2
5486,North America,908,Costa Rica,2010,70.1,94.2,55.2,84.4,82.7,73.2,73.5,84.5,74.5,32.5,21.1,89.4,77.2,91.7,57.5,66.4,73.4,60.4,15,35,65,65,10,56.23
5487,North America,909,Costa Rica,2011,70.1,93.4,54.8,84.8,83.2,74.4,73.7,84.2,73.2,36.8,20.0,89.7,75.9,90.6,57.5,66.3,73.8,60.2,10,29,70,60,8,56.55
5488,North America,910,Costa Rica,2012,71.0,94.0,55.1,85.5,84.3,74.4,73.8,84.8,73.4,41.9,20.6,90.9,76.6,91.0,58.1,66.2,76.1,60.3,10,5,50,55,10,56.87
5489,North America,911,Costa Rica,2013,71.3,94.0,53.8,86.1,83.7,80.3,74.0,84.8,73.9,44.4,19.4,90.0,76.9,90.8,57.8,66.1,75.4,60.6,10,29,60,60,8,57.19
5490,North America,912,Costa Rica,2014,71.6,94.5,56.2,86.2,84.0,77.3,74.1,85.1,75.9,46.7,20.3,91.4,77.2,90.4,56.8,66.1,74.4,60.1,15,35,65,60,5,57.51
5491,North America,913,Costa Rica,2015,71.8,94.5,55.0,85.2,84.1,77.3,74.2,86.0,76.2,48.8,20.6,92.5,77.7,90.2,57.2,66.0,75.2,60.9,18,25,75,66,15,57.83
5492,North America,914,Costa Rica,2016,71.5,94.8,55.2,86.5,81.7,75.7,74.3,85.6,76.4,47.5,20.1,90.7,77.0,89.7,57.1,66.0,75.3,61.1,25,40,75,60,20,58.16
5493,North America,915,Costa Rica,2017,71.9,95.8,53.4,87.8,81.1,76.9,74.4,85.5,78.1,49.7,20.7,92.4,77.3,89.5,55.7,65.9,75.4,62.5,20,30,78,60,15,58.48
5494,North America,916,Costa Rica,2018,72.5,94.7,54.1,87.8,89.4,80.4,74.5,85.7,75.7,53.2,21.1,91.6,77.1,89.6,54.7,64.2,75.5,62.6,15,30,75,65,5,58.8
5495,North America,917,Costa Rica,2019,73.1,95.7,53.7,88.4,90.1,82.1,74.5,85.4,75.1,56.6,20.8,93.4,77.0,89.7,56.1,64.1,75.8,63.5,18,30,70,60,15,59.12
5496,North America,918,Costa Rica,2020,72.3,92.8,53.5,87.6,89.7,81.3,74.5,85.5,71.0,57.3,19.3,88.8,77.0,90.0,56.3,64.1,76.2,64.8,15,28,85,60,7,59.44
5497,North America,919,Costa Rica,2021,73.5,93.3,54.0,87.1,99.2,81.8,74.5,85.5,72.2,59.2,19.3,90.9,77.0,89.8,56.3,65.3,77.0,67.0,25,35,78,50,8,
5498,North America,920,Costa Rica,2022,73.6,93.8,53.9,88.3,99.2,82.0,74.5,85.5,74.4,59.6,19.3,90.9,77.0,89.8,56.3,65.1,73.8,67.0,30,30,72,60,10,
5499,Europe,921,Croatia,2000,72.6,100.0,70.4,79.8,89.5,50.9,86.3,79.0,78.9,34.0,82.2,83.8,75.5,83.6,65.1,59.8,68.5,47.1,15,20,28,35,10,33.68
5500,Europe,922,Croatia,2001,73.0,100.0,72.9,80.3,91.4,51.6,86.3,79.7,79.0,34.5,82.2,83.8,75.3,83.1,65.2,60.0,68.6,47.1,15,30,40,45,8,33.75
5501,Europe,923,Croatia,2002,73.3,100.0,73.9,80.7,93.2,52.3,86.3,78.2,79.4,36.4,82.2,83.8,73.9,82.6,68.5,60.0,68.6,47.1,15,30,35,62,7,33.81
5502,Europe,924,Croatia,2003,73.0,100.0,68.6,80.3,92.7,53.0,86.3,78.0,80.1,38.4,82.2,83.8,73.7,82.1,65.8,60.0,68.7,47.6,15,35,35,45,5,33.87
5503,Europe,925,Croatia,2004,73.5,100.0,72.2,81.7,92.7,54.2,86.3,79.5,80.2,40.3,82.2,83.8,73.5,82.1,64.5,60.0,69.0,47.6,15,20,35,58,5,33.93
5504,Europe,926,Croatia,2005,73.7,100.0,71.8,82.0,93.8,54.9,86.3,79.0,80.8,41.7,82.2,83.7,72.9,81.9,63.7,60.0,68.8,48.7,20,32,45,55,7,34.0
5505,Europe,927,Croatia,2006,73.8,100.0,70.6,82.2,94.8,55.5,86.3,78.4,81.6,41.8,82.2,83.7,72.0,81.8,64.8,60.5,69.0,48.7,15,30,65,65,7,34.06
5506,Europe,928,Croatia,2007,73.7,100.0,67.9,82.3,94.5,55.7,86.3,76.4,82.2,44.3,82.2,83.7,71.7,81.3,65.1,60.5,69.0,49.9,10,38,43,65,8,34.12
5507,Europe,929,Croatia,2008,74.3,100.0,72.2,82.0,94.1,56.3,86.3,77.6,82.9,45.9,82.2,83.7,71.7,81.8,66.5,60.5,69.2,50.5,10,38,60,55,10,34.19
5508,Europe,930,Croatia,2009,74.9,100.0,73.7,82.2,91.4,58.2,86.3,79.8,82.7,48.2,82.2,83.3,73.8,82.4,68.0,60.5,69.9,51.1,10,40,40,60,10,34.25
5509,Europe,931,Croatia,2010,75.2,100.0,70.4,84.3,93.1,58.8,86.3,82.3,81.3,49.0,83.5,84.0,74.4,82.7,67.3,60.5,70.1,50.8,25,35,38,60,5,34.31
5510,Europe,932,Croatia,2011,75.6,100.0,69.2,84.1,96.0,59.6,86.3,79.3,80.2,54.9,83.6,80.0,73.8,82.9,70.0,66.2,69.4,50.0,10,38,38,40,8,34.32
5511,Europe,933,Croatia,2012,76.6,100.0,67.2,85.6,97.9,60.2,86.3,80.6,78.9,62.8,83.0,80.6,75.5,86.6,69.6,66.2,69.9,51.2,20,40,55,48,10,34.32
5512,Europe,934,Croatia,2013,78.7,100.0,71.0,85.7,96.8,62.2,86.3,84.2,78.2,65.5,84.6,78.2,75.8,86.9,78.3,86.7,69.0,49.3,25,44,50,60,7,34.33
5513,Europe,935,Croatia,2014,79.0,100.0,70.7,85.2,96.9,63.3,86.3,84.6,77.8,63.4,84.0,83.1,75.8,87.0,78.1,88.2,67.8,50.2,10,38,47,60,12,34.34
5514,Europe,936,Croatia,2015,79.2,100.0,69.5,84.6,97.4,59.6,86.3,83.1,77.0,64.5,87.5,84.4,75.9,87.5,81.9,88.2,69.4,50.2,10,25,37,56,10,34.35
5515,Europe,937,Croatia,2016,79.8,100.0,75.4,85.1,95.9,58.7,86.3,83.1,78.8,66.0,88.0,88.5,75.5,87.0,82.0,88.2,69.2,49.8,10,32,35,58,10,34.41
5516,Europe,938,Croatia,2017,79.5,100.0,71.1,84.9,97.5,62.1,86.4,81.6,79.4,65.5,89.5,85.7,74.7,86.1,83.0,88.2,69.2,46.5,10,38,60,60,10,34.47
5517,Europe,939,Croatia,2018,80.2,100.0,74.3,86.0,96.7,63.0,86.4,84.2,80.5,70.7,91.7,81.4,72.8,83.7,83.3,88.2,72.5,48.5,25,38,55,62,18,34.53
5518,Europe,940,Croatia,2019,80.6,100.0,74.3,86.8,97.1,64.3,86.4,83.2,81.4,72.3,94.2,79.9,72.6,83.6,84.9,88.2,71.3,49.1,25,38,50,64,5,34.59
5519,Europe,941,Croatia,2020,81.6,100.0,74.2,88.1,95.6,69.5,86.4,83.2,81.2,74.8,94.2,82.0,72.6,83.9,84.8,88.2,73.4,55.3,20,40,55,65,8,34.65
5520,Europe,942,Croatia,2021,81.6,100.0,74.3,87.5,95.7,70.3,86.4,83.2,82.1,74.9,94.2,81.5,68.3,83.5,84.7,88.2,73.3,58.4,30,35,55,62,7,
5521,Europe,943,Croatia,2022,81.5,100.0,74.3,86.4,95.7,71.1,86.4,83.2,82.7,74.7,94.2,80.7,68.3,83.5,84.6,88.2,72.1,59.4,30,35,48,60,7,
5522,North America,944,Cuba,2000,71.8,0.0,63.6,78.4,97.2,68.2,72.3,74.1,89.5,23.7,0.0,64.2,86.7,90.6,70.4,43.6,60.7,94.1,30,18,7,30,5,23.41
5523,North America,945,Cuba,2001,73.5,0.0,64.2,78.9,93.6,68.4,72.4,74.8,90.8,24.2,0.0,64.3,86.7,90.8,75.7,60.1,60.7,96.8,35,30,7,60,10,23.89
5524,North America,946,Cuba,2002,74.2,0.0,65.7,79.8,94.7,68.6,72.4,75.6,91.6,24.4,0.0,64.3,87.6,90.7,76.3,61.1,60.5,100.0,42,10,10,35,12,24.36
5525,North America,947,Cuba,2003,74.5,0.0,66.9,77.1,95.0,73.0,72.5,76.4,92.5,24.4,0.0,64.4,88.1,90.7,74.5,61.1,60.5,100.0,70,35,7,40,8,24.84
5526,North America,948,Cuba,2004,74.6,0.0,65.7,79.4,95.6,73.1,72.5,77.1,93.0,25.0,0.0,64.4,88.0,90.8,73.7,61.0,60.5,100.0,35,20,12,40,7,25.32
5527,North America,949,Cuba,2005,74.3,0.0,63.1,81.3,97.4,73.2,72.6,73.6,92.9,25.3,0.0,64.5,87.9,91.0,71.1,60.9,60.4,100.0,35,35,6,75,7,25.8
5528,North America,950,Cuba,2006,74.1,0.0,62.5,81.9,96.3,73.3,72.7,72.3,92.9,25.5,0.0,64.3,88.0,91.0,69.2,60.9,60.8,100.0,35,25,10,35,5,26.28
5529,North America,951,Cuba,2007,74.2,0.0,62.4,82.5,96.1,73.4,73.1,71.7,93.0,25.5,0.0,64.3,87.8,91.1,70.5,60.8,60.8,100.0,20,25,10,50,8,26.75
5530,North America,952,Cuba,2008,74.4,0.0,60.3,82.4,96.3,77.2,72.6,71.7,93.1,25.9,0.0,64.1,87.3,90.2,71.5,62.1,61.1,100.0,35,20,11,72,10,27.23
5531,North America,953,Cuba,2009,74.5,0.0,60.0,82.5,96.3,77.3,72.5,72.1,93.1,26.9,0.0,64.2,87.7,90.2,72.5,62.0,60.9,100.0,40,30,6,55,10,27.71
5532,North America,954,Cuba,2010,74.8,0.0,59.2,83.4,96.3,77.5,72.7,69.2,92.3,26.9,0.0,63.9,88.2,88.9,72.9,70.0,61.1,100.0,30,18,6,78,10,28.19
5533,North America,955,Cuba,2011,74.9,0.0,60.2,83.8,92.7,78.6,72.5,72.5,91.6,25.9,0.0,63.7,88.2,89.5,73.1,70.0,61.0,100.0,35,25,7,80,10,28.67
5534,North America,956,Cuba,2012,74.0,0.0,61.7,84.2,94.2,78.7,72.4,73.1,91.4,28.4,0.0,64.0,88.3,89.5,74.0,73.0,60.6,76.9,35,20,6,65,7,29.16
5535,North America,957,Cuba,2013,74.6,0.0,61.5,84.3,94.0,83.0,72.3,73.3,91.5,29.7,0.0,64.1,88.1,89.6,74.2,72.9,60.0,80.5,40,25,9,65,10,29.64
5536,North America,958,Cuba,2014,75.3,0.0,60.4,84.3,94.6,83.3,72.4,76.0,92.1,27.9,0.0,64.4,88.0,90.4,75.3,72.8,60.3,86.5,35,25,13,65,8,30.12
5537,North America,959,Cuba,2015,75.4,0.0,61.4,84.5,93.6,83.5,72.6,75.1,92.4,29.1,0.0,64.6,88.2,89.6,75.3,72.8,60.4,88.6,40,35,12,70,10,30.61
5538,North America,960,Cuba,2016,75.6,0.0,61.7,84.8,93.6,83.3,72.7,74.7,92.8,32.4,0.0,64.7,88.3,90.2,75.3,72.7,60.6,86.5,50,25,15,45,10,30.72
5539,North America,961,Cuba,2017,76.0,0.0,61.2,84.6,95.4,83.3,72.8,76.8,93.1,34.8,0.0,64.7,88.4,91.1,75.5,72.7,60.8,84.1,38,25,8,60,10,30.83
5540,North America,962,Cuba,2018,75.7,0.0,61.5,84.6,96.6,83.9,72.9,77.8,93.1,36.2,0.0,64.7,88.4,91.5,75.7,64.5,60.9,82.6,40,25,14,70,7,30.94
5541,North America,963,Cuba,2019,75.6,0.0,61.7,84.5,93.9,83.2,73.0,76.5,93.6,38.7,0.0,64.9,88.4,91.4,75.3,64.5,61.1,82.9,35,25,10,55,10,31.06
5542,North America,964,Cuba,2020,75.9,0.0,61.2,84.4,92.3,83.1,73.2,76.6,93.4,39.9,0.0,64.7,88.4,92.1,75.3,64.4,60.9,87.9,38,25,9,30,7,31.17
5543,North America,965,Cuba,2021,76.3,0.0,60.9,84.6,92.4,83.2,73.2,76.6,93.3,40.7,0.0,64.7,88.4,91.6,75.2,71.8,60.7,87.9,55,20,12,20,8,
5544,North America,966,Cuba,2022,74.1,0.0,60.9,84.6,92.4,83.4,73.2,76.6,93.4,40.4,0.0,64.7,88.4,91.6,75.2,71.7,60.5,87.9,50,30,8,25,8,
5545,Europe,967,Cyprus,2000,66.2,100.0,53.1,84.4,95.4,51.1,69.3,66.6,74.7,34.4,89.6,76.8,44.5,63.8,48.1,57.9,81.9,33.6,20,20,30,45,8,18.57
5546,Europe,968,Cyprus,2001,66.6,100.0,57.2,84.4,95.4,53.9,69.6,67.1,75.2,34.5,89.6,76.8,44.4,64.2,46.4,58.2,82.0,33.9,10,35,20,55,5,18.59
5547,Europe,969,Cyprus,2002,67.1,100.0,57.6,84.4,98.5,54.2,69.0,67.6,75.6,37.2,89.6,76.8,44.2,64.0,46.6,58.3,82.1,35.2,20,30,30,50,8,18.6
5548,Europe,970,Cyprus,2003,67.0,100.0,56.8,84.7,97.4,54.5,69.0,67.4,75.2,37.6,89.6,76.7,43.9,63.3,45.5,58.4,82.1,36.9,15,40,45,50,10,18.61
5549,Europe,971,Cyprus,2004,67.2,100.0,54.2,83.7,98.3,58.5,69.0,68.2,75.0,39.8,89.6,76.7,44.4,63.0,46.8,58.7,81.3,35.6,25,40,45,40,10,18.63
5550,Europe,972,Cyprus,2005,67.7,100.0,52.2,86.7,99.0,59.2,69.1,68.3,74.4,41.0,88.5,76.9,45.1,62.9,50.0,60.8,81.5,35.9,15,30,35,50,8,18.64
5551,Europe,973,Cyprus,2006,67.8,100.0,52.3,87.6,99.0,58.4,69.1,68.6,74.7,42.2,85.4,76.9,45.4,62.6,51.6,60.8,81.6,36.1,10,30,40,55,10,18.65
5552,Europe,974,Cyprus,2007,68.1,100.0,53.0,87.4,94.9,58.5,69.1,68.9,75.1,44.4,85.6,76.9,45.6,62.2,53.0,65.2,82.3,36.0,15,20,35,50,8,18.67
5553,Europe,975,Cyprus,2008,68.6,100.0,48.8,87.8,98.8,58.6,69.2,69.4,75.0,46.0,83.4,76.9,46.0,62.2,55.6,69.7,81.6,37.1,15,40,30,50,5,18.68
5554,Europe,976,Cyprus,2009,69.6,100.0,53.4,89.2,98.9,57.3,68.5,70.2,74.3,50.2,82.6,79.7,46.5,63.2,55.4,76.0,80.1,38.3,18,35,35,35,10,18.69
5555,Europe,977,Cyprus,2010,69.8,100.0,54.3,89.9,97.4,57.5,68.0,70.7,73.9,51.8,85.0,78.4,46.8,64.5,55.2,76.0,80.0,37.6,15,25,40,55,7,18.71
5556,Europe,978,Cyprus,2011,70.2,99.9,54.7,90.7,96.6,56.9,67.3,71.0,73.0,52.5,81.0,84.5,47.3,65.6,58.1,76.2,80.7,37.7,20,40,40,55,5,18.7
5557,Europe,979,Cyprus,2012,69.7,100.0,55.2,90.1,96.0,57.3,66.3,71.6,70.9,55.1,75.0,88.0,47.9,68.7,49.8,76.2,79.9,36.6,15,10,45,45,10,18.7
5558,Europe,980,Cyprus,2013,69.6,99.9,53.4,89.3,96.8,63.0,67.8,72.5,68.6,55.8,64.2,86.1,48.7,71.8,50.9,76.8,79.6,37.8,5,40,30,50,15,18.7
5559,Europe,981,Cyprus,2014,69.7,99.9,50.8,89.3,95.7,66.4,67.4,72.3,69.3,56.7,70.3,82.2,48.5,70.8,50.1,78.1,80.0,37.4,10,20,55,40,7,18.69
5560,Europe,982,Cyprus,2015,70.6,99.9,57.1,90.0,96.4,66.9,67.0,73.0,70.0,59.5,75.8,83.1,48.3,70.3,48.4,78.1,79.6,37.0,25,20,45,60,7,18.69
5561,Europe,983,Cyprus,2016,71.1,99.9,50.6,91.1,96.0,70.6,67.4,73.0,71.1,64.2,79.9,82.2,48.2,68.3,51.1,78.8,79.1,36.6,30,20,35,60,8,18.69
5562,Europe,984,Cyprus,2017,72.4,100.0,53.3,91.6,97.2,71.0,67.4,73.4,71.8,76.1,85.2,82.9,48.2,68.4,50.7,78.8,79.0,35.9,20,30,40,60,10,18.68
5563,Europe,985,Cyprus,2018,71.9,99.9,51.7,92.2,97.7,71.1,67.7,74.0,73.3,71.8,80.1,83.4,48.2,68.1,49.3,78.2,77.8,38.2,15,40,55,60,8,18.68
5564,Europe,986,Cyprus,2019,72.5,99.9,55.1,91.4,98.4,70.6,67.9,74.1,74.0,73.9,85.5,79.0,48.2,68.3,50.1,78.6,76.7,40.0,20,37,55,55,5,18.68
5565,Europe,987,Cyprus,2020,72.7,99.9,54.5,91.8,93.9,71.2,67.9,74.1,73.7,75.1,85.5,81.1,48.2,68.6,50.1,78.6,76.7,45.9,10,30,35,55,5,18.67
5566,Europe,988,Cyprus,2021,73.0,99.9,53.7,91.7,93.9,67.8,67.9,74.1,74.4,75.4,85.5,82.7,50.8,68.1,50.2,79.0,78.1,47.1,15,30,30,55,8,
5567,Europe,989,Cyprus,2022,72.5,99.9,53.7,91.1,93.9,68.1,67.9,74.1,74.8,75.8,85.5,77.8,50.8,68.1,50.2,79.0,74.7,46.9,10,30,30,60,10,
5568,Europe,990,Czechia,2000,73.7,99.5,59.1,82.3,92.8,63.0,82.2,68.7,80.8,40.7,98.8,84.3,59.8,64.8,0.0,75.1,76.5,50.5,18,23,35,62,10,34.16
5569,Europe,991,Czechia,2001,74.0,99.5,60.6,83.0,92.8,63.4,82.6,69.1,81.3,42.1,98.8,84.3,59.5,64.8,0.0,75.1,76.6,50.8,10,18,60,60,7,34.18
5570,Europe,992,Czechia,2002,74.5,99.5,60.6,83.0,92.8,64.9,83.0,70.0,81.9,44.0,98.8,84.4,60.1,65.3,0.0,75.1,76.6,51.7,20,23,35,60,7,34.21
5571,Europe,993,Czechia,2003,74.5,99.5,58.9,83.0,92.6,65.3,83.0,70.2,81.5,46.6,98.8,84.4,59.8,64.8,0.0,75.1,76.6,52.4,15,25,60,65,5,34.24
5572,Europe,994,Czechia,2004,75.6,99.5,64.6,83.5,92.7,65.7,82.9,70.7,81.1,47.7,98.8,84.5,59.1,64.7,0.0,85.0,76.9,51.9,18,23,65,70,8,34.26
5573,Europe,995,Czechia,2005,75.7,99.5,61.5,83.9,92.8,66.1,82.9,70.6,81.2,49.0,99.7,84.5,58.5,65.1,0.0,87.4,77.3,51.5,18,25,45,65,5,34.29
5574,Europe,996,Czechia,2006,76.1,99.5,59.3,84.7,95.7,65.7,82.8,70.8,81.6,52.6,99.7,84.6,58.5,65.0,0.0,87.4,77.5,51.8,25,23,78,60,7,34.31
5575,Europe,997,Czechia,2007,76.4,99.5,59.8,84.9,93.6,65.8,82.8,71.2,82.5,54.2,100.0,87.0,58.6,64.8,0.0,87.4,78.6,50.8,18,20,60,78,5,34.34
5576,Europe,998,Czechia,2008,76.9,99.5,63.0,85.2,93.6,67.4,82.7,71.6,83.0,55.5,99.7,87.1,58.9,65.7,0.0,88.4,78.7,50.8,20,20,65,60,7,34.37
5577,Europe,999,Czechia,2009,77.6,99.5,62.0,85.6,93.9,67.6,82.9,72.6,81.9,56.0,100.0,87.9,59.4,67.1,0.0,92.1,79.5,53.0,25,20,40,10,5,34.39
5578,Europe,1000,Czechia,2010,77.6,99.5,59.9,86.8,90.6,70.9,82.9,72.7,81.4,58.9,99.7,88.7,58.8,66.8,0.0,92.1,78.8,52.3,20,20,10,63,5,34.42
5579,Europe,1001,Czechia,2011,78.1,99.5,63.2,87.2,90.9,71.1,83.1,73.6,81.7,61.3,100.0,88.5,58.4,66.5,0.0,92.1,79.3,52.8,25,18,62,55,10,34.45
5580,Europe,1002,Czechia,2012,78.1,99.6,58.5,87.5,92.1,71.3,83.3,74.2,81.7,60.8,100.0,87.8,59.0,69.8,0.0,92.1,79.5,52.8,35,25,60,68,10,34.47
5581,Europe,1003,Czechia,2013,78.7,99.5,61.6,88.5,95.2,70.3,83.9,74.8,81.7,62.7,99.7,87.2,59.0,71.1,0.0,92.1,78.6,53.5,30,25,76,72,7,34.5
5582,Europe,1004,Czechia,2014,79.5,99.6,64.1,88.3,96.4,70.3,83.9,75.4,82.4,67.3,100.0,89.1,58.9,71.9,0.0,92.1,79.6,53.1,32,20,65,55,10,34.53
5583,Europe,1005,Czechia,2015,80.3,99.5,62.2,89.0,96.2,71.0,84.1,75.1,84.2,68.1,100.0,91.8,58.8,72.8,0.0,92.1,84.1,55.5,25,23,65,63,10,34.56
5584,Europe,1006,Czechia,2016,80.2,99.7,63.1,89.5,94.3,71.2,84.0,74.9,84.8,68.8,100.0,91.8,58.4,72.2,0.0,92.1,83.9,55.0,18,35,65,63,8,34.58
5585,Europe,1007,Czechia,2017,80.5,99.8,61.3,90.1,92.5,72.5,84.0,75.1,85.9,77.5,100.0,91.8,58.2,71.7,0.0,92.1,83.4,52.9,15,30,75,65,15,34.61
5586,Europe,1008,Czechia,2018,80.9,99.8,60.4,90.4,92.1,72.7,84.1,75.3,85.6,81.4,100.0,92.3,58.3,70.8,0.0,92.7,82.6,56.1,30,25,70,55,5,34.63
5587,Europe,1009,Czechia,2019,81.1,99.9,61.2,90.4,92.3,73.1,82.9,76.0,85.9,82.4,100.0,92.5,58.2,71.6,0.0,92.7,81.7,56.7,15,23,65,60,10,34.65
5588,Europe,1010,Czechia,2020,81.8,99.9,61.9,90.5,93.9,72.9,82.9,76.0,86.0,83.5,100.0,95.3,58.2,73.1,0.0,92.7,81.9,61.0,20,23,60,45,10,34.67
5589,Europe,1011,Czechia,2021,82.5,99.9,62.1,90.5,93.9,74.2,82.9,76.0,87.8,84.7,100.0,94.9,62.8,72.2,0.0,92.5,83.0,62.5,17,20,60,66,8,
5590,Europe,1012,Czechia,2022,81.9,99.9,62.1,90.2,93.9,74.3,82.9,76.0,88.0,83.8,100.0,94.5,62.8,72.2,0.0,92.5,84.2,68.6,22,35,72,45,7,
5591,Africa,1013,"Congo, Dem. Rep.",2000,44.4,0.0,46.7,20.1,24.9,33.6,43.1,33.5,58.4,8.5,42.5,32.5,97.8,99.6,77.9,66.0,38.3,30.8,68,70,10,6,10,63.47
5592,Africa,1014,"Congo, Dem. Rep.",2001,44.4,0.0,46.6,20.4,24.9,33.8,43.0,33.6,58.4,8.5,42.5,32.6,97.8,99.6,77.9,66.0,38.3,30.8,70,78,15,13,10,63.18
5593,Africa,1015,"Congo, Dem. Rep.",2002,44.4,0.0,46.1,20.1,24.9,34.0,42.9,33.5,58.4,8.5,42.5,32.7,97.9,99.6,77.9,66.0,38.3,30.8,75,80,12,15,7,62.88
5594,Africa,1016,"Congo, Dem. Rep.",2003,44.3,0.0,45.7,20.2,24.9,34.2,42.9,33.2,58.5,8.5,42.5,32.9,97.8,99.6,77.9,66.0,38.3,30.8,55,75,12,15,10,62.58
5595,Africa,1017,"Congo, Dem. Rep.",2004,44.5,0.0,45.6,22.1,24.9,34.4,42.8,33.4,58.5,8.5,42.5,33.0,97.8,99.6,77.9,66.0,38.3,30.8,65,78,15,14,6,62.29
5596,Africa,1018,"Congo, Dem. Rep.",2005,44.5,0.0,45.7,23.3,24.9,34.6,42.7,33.5,58.5,7.7,42.5,33.1,97.8,99.6,77.9,66.0,38.3,30.8,70,70,18,25,10,61.99
5597,Africa,1019,"Congo, Dem. Rep.",2006,44.6,0.0,45.6,24.0,24.9,32.9,42.6,34.0,58.3,7.7,42.5,33.1,97.8,99.6,77.9,67.3,38.3,30.8,60,72,20,18,15,61.69
5598,Africa,1020,"Congo, Dem. Rep.",2007,44.9,0.0,49.9,26.5,22.1,33.1,42.5,35.3,58.2,8.0,42.5,33.2,97.8,99.6,77.9,67.3,38.3,30.8,60,72,18,20,7,61.4
5599,Africa,1021,"Congo, Dem. Rep.",2008,44.9,0.0,49.9,26.0,22.1,33.3,42.3,34.2,58.1,7.7,42.5,33.1,97.8,99.6,77.9,69.2,38.3,32.0,72,78,15,15,7,61.1
5600,Africa,1022,"Congo, Dem. Rep.",2009,45.1,0.0,49.9,26.9,22.1,33.4,42.2,34.7,57.9,7.7,42.5,33.2,97.8,99.6,77.9,69.2,38.3,34.1,45,75,10,20,8,60.8
5601,Africa,1023,"Congo, Dem. Rep.",2010,45.4,0.0,51.7,28.3,22.1,33.9,42.1,34.7,57.8,7.7,42.5,33.6,97.8,99.6,77.9,69.2,38.3,34.4,75,80,15,18,8,60.51
5602,Africa,1024,"Congo, Dem. Rep.",2011,45.4,0.0,51.7,29.5,22.1,34.5,42.1,34.7,57.7,7.7,42.5,34.7,97.8,99.5,77.9,69.2,36.5,34.3,72,85,15,18,8,60.02
5603,Africa,1025,"Congo, Dem. Rep.",2012,46.4,0.0,51.2,30.3,32.9,35.3,42.2,34.5,57.5,5.7,43.0,39.8,97.6,99.6,77.9,69.2,38.5,33.1,68,70,15,15,8,59.53
5604,Africa,1026,"Congo, Dem. Rep.",2013,45.9,1.7,51.5,31.6,34.7,33.1,42.3,32.9,57.5,6.0,43.0,33.2,97.5,99.5,77.9,69.2,35.7,32.9,65,85,15,18,15,59.05
5605,Africa,1027,"Congo, Dem. Rep.",2014,46.3,4.1,51.6,32.8,38.0,34.7,42.4,31.3,59.0,5.9,43.0,34.6,97.5,99.4,76.7,69.2,35.0,32.6,67,70,15,15,5,58.56
5606,Africa,1028,"Congo, Dem. Rep.",2015,47.0,5.9,51.4,33.2,38.0,34.5,42.6,33.1,59.0,7.3,43.0,38.7,97.6,99.5,76.7,69.1,37.0,32.9,70,75,15,18,15,58.08
5607,Africa,1029,"Congo, Dem. Rep.",2016,47.1,5.5,51.0,34.5,37.4,35.2,42.7,33.8,59.0,9.6,43.0,39.6,97.7,99.6,76.7,69.1,34.6,32.0,70,60,16,15,15,57.59
5608,Africa,1030,"Congo, Dem. Rep.",2017,47.4,5.1,52.3,34.9,37.4,40.0,42.8,27.8,60.3,10.3,43.0,41.3,97.7,99.6,76.7,70.6,35.4,30.7,65,70,10,15,7,57.1
5609,Africa,1031,"Congo, Dem. Rep.",2018,47.7,4.6,52.3,35.7,37.4,40.9,42.9,28.4,60.3,11.4,43.0,41.2,97.7,99.6,76.7,69.4,35.5,33.4,63,85,15,17,10,56.62
5610,Africa,1032,"Congo, Dem. Rep.",2019,47.8,5.9,52.0,36.6,37.4,41.5,43.1,28.9,60.5,12.7,43.0,41.4,97.7,99.6,77.9,69.4,34.3,31.3,65,72,15,20,10,56.13
5611,Africa,1033,"Congo, Dem. Rep.",2020,48.4,3.7,51.5,36.4,40.9,43.0,43.2,28.9,60.1,14.1,43.0,41.4,97.7,99.6,77.9,69.4,34.9,37.2,68,85,18,20,10,55.65
5612,Africa,1034,"Congo, Dem. Rep.",2021,48.8,4.5,51.6,35.9,42.7,43.1,43.2,28.9,60.4,14.4,43.0,41.4,97.7,99.6,77.9,69.8,35.7,39.7,58,78,20,18,10,
5613,Africa,1035,"Congo, Dem. Rep.",2022,48.6,8.2,51.7,34.2,42.7,43.2,43.2,28.9,60.5,14.4,43.0,35.7,97.7,99.6,77.9,69.8,36.2,39.3,70,75,15,15,20,
5614,Europe,1036,Denmark,2000,81.6,99.3,75.6,89.5,99.2,84.3,91.7,72.3,87.6,71.7,100.0,90.6,34.7,56.0,71.4,92.5,92.7,77.7,7,15,85,79,10,13.61
5615,Europe,1037,Denmark,2001,81.6,99.3,75.1,89.6,99.1,84.4,92.1,72.6,87.6,72.8,100.0,90.6,34.1,55.5,71.7,92.4,92.8,78.0,8,10,85,85,8,13.65
5616,Europe,1038,Denmark,2002,82.0,99.3,75.7,89.9,99.1,84.7,92.4,73.4,87.7,76.3,100.0,90.6,34.1,55.7,71.2,92.4,92.8,78.0,7,15,80,81,7,13.68
5617,Europe,1039,Denmark,2003,82.2,99.3,76.2,90.5,99.1,84.8,92.4,74.2,87.1,78.3,100.0,90.6,33.9,54.2,74.0,92.5,92.8,78.0,10,20,85,82,7,13.72
5618,Europe,1040,Denmark,2004,82.3,99.3,75.7,91.0,98.0,84.9,92.5,74.9,87.1,78.7,100.0,90.6,33.5,55.9,74.3,92.5,92.8,78.0,10,15,80,85,8,13.75
5619,Europe,1041,Denmark,2005,82.5,99.3,74.2,91.2,98.2,84.3,92.5,75.5,87.3,78.8,100.0,90.7,33.4,57.1,75.6,92.5,93.2,78.0,10,15,80,83,7,13.79
5620,Europe,1042,Denmark,2006,82.2,99.3,73.5,91.1,98.4,84.3,92.8,75.6,87.9,79.4,100.0,90.7,33.5,54.7,73.2,92.5,93.0,78.0,10,15,85,79,8,13.83
5621,Europe,1043,Denmark,2007,82.4,99.3,72.8,90.4,98.9,84.9,93.0,76.4,87.8,79.6,100.0,89.5,33.5,56.3,74.2,92.6,94.2,78.0,7,15,80,82,7,13.86
5622,Europe,1044,Denmark,2008,82.1,99.3,73.4,90.6,98.8,85.0,92.1,76.7,87.7,82.5,100.0,86.2,32.9,57.4,70.3,92.6,92.3,78.0,10,15,80,82,10,13.9
5623,Europe,1045,Denmark,2009,82.5,99.3,76.0,90.9,97.7,85.0,92.4,77.4,86.5,85.4,100.0,86.6,35.6,58.2,68.2,92.8,92.0,78.0,10,15,85,78,10,13.93
5624,Europe,1046,Denmark,2010,82.8,99.3,73.2,92.1,97.8,85.0,91.4,78.6,85.7,90.1,100.0,89.5,35.6,58.1,68.0,92.8,91.8,78.0,10,15,85,79,7,13.97
5625,Europe,1047,Denmark,2011,83.3,99.1,72.7,92.7,98.9,85.6,91.1,80.0,85.7,93.2,100.0,89.3,35.9,58.7,70.9,93.0,91.9,78.0,10,15,80,78,10,14.15
5626,Europe,1048,Denmark,2012,84.0,99.2,74.6,93.2,98.0,85.6,91.9,81.3,85.7,95.0,99.6,89.4,36.2,61.4,72.6,92.9,92.9,78.0,10,13,85,83,10,14.33
5627,Europe,1049,Denmark,2013,83.9,98.8,73.5,93.1,98.4,86.7,90.2,81.9,85.9,96.4,98.6,89.9,36.7,60.4,73.4,92.9,92.2,78.0,10,15,85,79,8,14.51
5628,Europe,1050,Denmark,2014,83.9,99.0,74.1,93.1,96.7,85.1,90.3,83.6,86.1,96.4,98.7,89.4,36.4,61.4,73.0,92.9,91.4,78.0,18,15,80,75,8,14.69
5629,Europe,1051,Denmark,2015,84.6,99.1,74.0,94.0,97.0,85.2,91.4,84.8,86.5,97.0,98.1,91.1,37.5,62.6,76.3,92.9,93.2,78.0,10,20,82,82,8,14.88
5630,Europe,1052,Denmark,2016,84.7,99.1,72.1,94.4,98.6,85.7,90.9,84.5,86.7,96.9,98.7,92.1,37.6,61.7,76.8,92.9,93.2,78.0,12,18,85,80,8,14.89
5631,Europe,1053,Denmark,2017,84.5,99.4,74.0,95.3,96.4,85.7,90.9,86.4,86.8,96.3,97.4,91.7,37.5,62.7,71.7,92.9,92.7,78.5,10,20,85,82,7,14.91
5632,Europe,1054,Denmark,2018,84.3,99.3,68.3,95.1,98.3,85.7,89.6,86.0,87.0,96.8,98.4,92.6,37.2,59.2,72.3,92.8,93.9,81.1,15,12,85,75,7,14.93
5633,Europe,1055,Denmark,2019,85.0,99.2,72.1,95.6,97.7,86.4,90.7,87.7,87.1,96.6,98.2,92.2,37.3,60.3,75.9,92.8,94.5,81.0,8,17,85,80,8,14.95
5634,Europe,1056,Denmark,2020,85.1,99.2,72.1,95.3,99.3,86.8,90.7,87.7,86.7,96.6,98.2,91.8,37.3,61.1,76.1,92.8,93.2,81.3,10,18,85,80,10,14.97
5635,Europe,1057,Denmark,2021,85.8,99.2,71.0,95.6,99.3,86.7,90.7,87.7,87.1,97.0,98.2,95.1,44.6,60.8,76.3,92.8,93.8,82.5,15,18,85,86,10,
5636,Europe,1058,Denmark,2022,85.7,99.2,71.0,95.4,99.3,87.0,90.7,87.7,87.6,97.0,98.2,93.0,44.6,60.8,76.3,92.8,93.8,82.1,15,25,82,82,7,
5637,Africa,1059,Djibouti,2000,46.0,38.8,34.6,29.2,0.0,3.5,53.1,29.9,53.7,15.0,52.6,78.1,86.4,93.6,57.2,41.2,56.5,58.2,30,35,10,18,10,0.24
5638,Africa,1060,Djibouti,2001,45.9,38.8,34.4,31.1,0.0,4.0,53.1,29.8,53.7,15.0,52.6,78.3,86.9,93.6,57.2,41.0,56.5,53.7,35,40,6,18,10,0.24
5639,Africa,1061,Djibouti,2002,46.1,38.8,34.7,33.9,0.0,4.5,53.2,27.7,53.7,15.0,52.6,78.5,87.3,93.5,57.2,40.8,56.5,55.3,35,65,10,20,7,0.24
5640,Africa,1062,Djibouti,2003,46.8,38.8,35.2,35.5,0.0,11.7,53.2,29.1,53.7,15.0,52.6,78.7,87.8,93.5,57.2,40.7,56.5,56.7,30,32,10,20,8,0.24
5641,Africa,1063,Djibouti,2004,47.1,38.8,36.4,36.4,0.0,12.6,53.2,30.1,53.7,15.1,52.6,78.8,87.9,93.6,57.2,40.5,56.5,57.4,36,20,10,15,7,0.24
5642,Africa,1064,Djibouti,2005,47.4,38.8,38.8,37.5,0.4,13.4,53.5,31.4,53.7,15.1,52.6,79.6,88.5,93.6,57.2,40.3,56.5,55.3,30,25,10,24,8,0.24
5643,Africa,1065,Djibouti,2006,47.6,38.8,38.7,40.4,1.1,14.3,53.8,31.9,53.7,15.1,52.6,79.8,86.4,93.6,57.2,40.2,56.5,55.9,35,35,15,20,8,0.24
5644,Africa,1066,Djibouti,2007,48.0,38.8,39.8,41.4,1.5,17.0,54.1,32.4,53.7,15.2,52.6,79.9,87.0,93.5,57.2,40.0,56.5,56.2,20,20,10,20,10,0.24
5645,Africa,1067,Djibouti,2008,48.3,38.8,42.0,41.3,1.9,17.6,54.4,32.3,53.7,15.1,52.6,80.1,87.6,93.5,57.2,39.9,56.5,56.4,35,35,12,18,7,0.24
5646,Africa,1068,Djibouti,2009,48.0,38.8,43.6,42.8,5.7,18.2,54.6,33.1,53.7,15.5,52.6,72.7,82.3,93.5,57.2,39.8,55.6,56.5,35,43,10,18,5,0.24
5647,Africa,1069,Djibouti,2010,47.6,38.8,44.6,44.2,5.7,18.7,54.9,32.9,53.6,15.9,52.6,72.7,81.7,93.5,57.2,39.6,55.3,47.7,15,30,15,20,5,0.24
5648,Africa,1070,Djibouti,2011,48.6,42.1,45.5,44.4,16.6,19.3,55.2,33.7,53.6,16.0,52.6,72.5,85.3,92.8,57.2,39.5,52.1,48.3,30,35,15,25,10,0.24
5649,Africa,1071,Djibouti,2012,46.9,43.5,46.8,46.1,15.7,19.8,55.5,33.3,53.5,11.0,27.1,72.7,82.2,90.5,57.2,39.2,52.1,51.9,40,50,18,35,10,0.24
5650,Africa,1072,Djibouti,2013,46.6,42.3,44.0,47.1,13.9,23.6,55.8,34.3,53.4,11.5,31.7,72.6,77.2,87.3,57.3,39.3,52.1,48.0,25,45,18,28,5,0.24
5651,Africa,1073,Djibouti,2014,47.4,45.1,47.1,47.8,19.8,24.2,56.1,25.8,53.6,15.6,31.7,72.9,76.9,91.9,58.6,39.1,51.7,47.3,40,60,10,45,10,0.24
5652,Africa,1074,Djibouti,2015,47.5,48.7,46.9,49.2,15.8,25.0,56.4,30.4,53.6,16.8,31.7,70.5,77.8,90.5,58.6,38.9,51.7,45.3,35,55,15,42,15,0.24
5653,Africa,1075,Djibouti,2016,48.3,52.4,47.6,49.0,12.9,25.6,56.7,23.5,53.6,21.4,31.7,71.4,88.5,92.7,58.6,38.8,50.8,45.3,38,55,13,30,15,0.24
5654,Africa,1076,Djibouti,2017,49.8,55.6,48.7,51.7,16.3,25.0,57.0,16.9,53.6,26.9,44.4,71.5,88.1,91.6,58.7,38.6,55.7,46.2,25,43,7,30,10,0.25
5655,Africa,1077,Djibouti,2018,51.0,54.7,48.9,53.1,18.7,36.3,57.3,16.0,53.6,31.2,44.4,71.2,87.8,90.6,58.7,38.4,56.8,49.3,40,40,18,35,15,0.25
5656,Africa,1078,Djibouti,2019,51.6,57.2,52.4,53.9,22.5,37.1,57.7,16.5,53.6,31.9,44.4,71.0,87.8,90.6,57.5,38.3,56.5,48.7,40,50,12,42,18,0.25
5657,Africa,1079,Djibouti,2020,51.9,61.2,52.5,51.9,22.5,37.5,57.7,16.7,53.6,32.5,44.4,71.0,87.8,90.6,57.6,38.1,55.9,50.7,35,32,14,25,5,0.25
5658,Africa,1080,Djibouti,2021,52.5,62.6,52.8,50.9,24.2,38.2,57.7,16.7,53.6,36.5,44.4,71.0,87.8,90.6,57.6,37.9,56.5,53.3,35,45,15,25,7,
5659,Africa,1081,Djibouti,2022,52.7,64.7,53.0,50.9,24.3,39.3,57.7,16.7,53.6,36.5,44.4,71.0,87.8,90.6,57.6,37.6,56.5,53.2,35,55,13,35,15,
5660,North America,1082,Dominica,2000,57.0,57.0,59.6,51.0,73.2,50.3,52.4,43.3,69.8,30.7,35.8,53.9,91.9,94.7,56.8,50.2,53.0,44.5,12,18,30,30,8,63.83
5661,North America,1083,Dominica,2001,57.0,56.9,59.8,51.7,72.5,50.2,52.7,44.0,69.6,30.7,35.8,53.9,91.9,94.7,56.9,50.1,53.0,44.5,12,6,30,30,10,63.83
5662,North America,1084,Dominica,2002,57.1,56.9,59.3,52.2,72.3,49.9,53.2,45.1,69.5,31.0,35.5,54.2,91.9,94.5,56.8,50.2,53.0,44.7,10,20,22,35,7,63.83
5663,North America,1085,Dominica,2003,57.3,56.9,59.6,53.1,74.3,49.5,53.8,45.5,69.3,31.2,35.6,54.1,91.8,94.1,57.5,50.2,53.0,44.6,10,20,15,40,10,63.83
5664,North America,1086,Dominica,2004,57.4,56.9,59.5,53.9,74.3,49.2,54.6,46.0,69.3,31.6,35.4,54.4,91.6,93.9,57.2,50.4,53.0,44.5,10,30,18,15,10,63.83
5665,North America,1087,Dominica,2005,57.6,56.8,60.0,55.4,74.1,50.1,55.3,46.8,69.2,32.2,36.0,53.0,91.6,93.6,57.7,50.3,52.9,45.0,10,30,20,20,8,63.83
5666,North America,1088,Dominica,2006,58.0,56.8,60.6,56.5,75.5,50.5,55.8,47.8,69.2,32.5,35.9,53.3,91.5,93.3,57.8,50.4,53.1,45.5,10,30,20,40,8,63.83
5667,North America,1089,Dominica,2007,58.4,56.8,61.1,57.1,78.3,50.4,56.4,48.6,69.2,33.0,36.0,53.1,91.4,93.0,57.9,50.3,52.4,48.2,10,20,35,45,10,63.83
5668,North America,1090,Dominica,2008,58.6,56.8,61.8,58.1,79.7,50.7,57.0,49.3,69.2,33.7,34.9,54.0,91.4,92.7,57.7,50.1,52.5,46.8,15,18,20,20,7,63.83
5669,North America,1091,Dominica,2009,58.7,56.8,61.8,58.5,79.6,51.9,57.5,50.1,69.2,34.5,34.5,53.5,91.3,92.5,57.1,50.2,52.5,46.9,10,20,20,45,10,63.83
5670,North America,1092,Dominica,2010,59.1,56.8,62.6,61.9,79.8,52.2,58.1,51.2,69.3,35.4,34.2,53.6,91.2,92.2,57.2,50.1,51.9,47.1,10,18,30,50,8,63.83
5671,North America,1093,Dominica,2011,60.0,64.6,63.3,62.6,81.9,53.1,58.7,51.2,69.3,36.5,34.4,53.5,91.1,91.6,57.6,50.0,53.0,47.1,10,33,18,48,10,63.83
5672,North America,1094,Dominica,2012,60.6,67.5,63.8,63.2,82.7,54.1,59.3,53.5,69.3,36.8,34.6,54.3,91.1,91.4,57.7,50.6,52.8,48.1,10,15,15,55,10,63.83
5673,North America,1095,Dominica,2013,61.5,73.3,64.4,63.9,83.7,54.5,59.9,55.2,69.3,39.3,36.0,55.3,91.1,91.3,57.9,50.5,51.8,48.0,15,20,18,60,7,63.83
5674,North America,1096,Dominica,2014,62.4,75.8,66.0,65.9,84.7,55.0,60.5,56.4,71.5,41.2,36.4,55.7,91.1,91.3,56.6,50.4,52.9,49.1,15,20,40,45,10,63.83
5675,North America,1097,Dominica,2015,63.0,78.5,64.3,67.5,85.0,56.7,61.1,57.8,70.7,42.1,37.1,56.8,91.0,91.3,56.9,50.3,54.4,49.8,13,25,30,60,7,63.83
5676,North America,1098,Dominica,2016,63.4,81.0,64.6,68.4,83.2,57.2,61.7,59.1,70.7,44.0,37.2,58.9,91.0,91.4,55.8,50.2,53.7,49.7,15,25,20,40,8,63.83
5677,North America,1099,Dominica,2017,64.5,82.8,66.0,69.0,83.1,58.1,62.3,60.7,73.0,53.7,36.5,59.0,90.8,91.2,55.7,50.1,54.9,49.7,10,25,35,60,5,63.83
5678,North America,1100,Dominica,2018,65.4,85.0,66.8,69.3,84.2,58.9,63.0,62.3,73.8,55.5,37.7,60.7,90.7,90.9,56.1,49.7,55.9,50.8,15,30,15,50,10,63.83
5679,North America,1101,Dominica,2019,66.2,86.8,66.9,70.0,84.2,60.8,63.7,63.4,74.0,58.3,37.5,61.8,90.6,90.7,60.2,49.5,55.8,51.2,18,30,12,55,5,63.83
5680,North America,1102,Dominica,2020,66.4,85.0,66.5,70.9,85.5,60.8,64.3,64.2,73.0,61.0,37.5,62.6,90.6,90.8,60.5,49.3,55.3,51.3,15,20,30,5,10,63.83
5681,North America,1103,Dominica,2021,66.8,86.8,66.7,70.6,88.1,61.0,64.3,64.2,74.5,62.6,37.4,61.0,90.8,90.5,60.6,49.9,54.6,52.7,20,30,10,60,10,
5682,North America,1104,Dominica,2022,67.2,89.7,66.7,70.8,89.9,61.0,64.2,64.2,74.6,62.4,37.5,62.4,90.8,90.5,60.7,49.6,54.5,52.7,18,30,30,60,15,
5683,North America,1105,Dominican Republic,2000,62.0,84.2,66.0,60.5,69.6,61.0,66.3,60.4,75.5,21.2,16.2,76.5,83.3,92.6,72.0,48.7,53.5,46.1,35,15,20,35,5,40.83
5684,North America,1106,Dominican Republic,2001,62.4,84.2,69.4,59.7,69.6,61.0,66.4,62.5,75.1,21.4,18.3,76.5,83.3,92.6,72.0,48.6,53.9,47.0,40,32,35,22,10,41.04
5685,North America,1107,Dominican Republic,2002,62.7,84.2,67.5,61.1,74.2,61.7,66.4,63.5,75.3,21.8,18.7,77.1,82.0,92.3,71.8,48.5,53.4,46.8,35,23,25,33,10,41.25
5686,North America,1108,Dominican Republic,2003,62.3,84.2,68.5,60.4,72.4,61.7,66.6,64.2,75.3,21.9,15.4,77.1,83.2,92.3,71.5,48.5,51.8,44.7,40,30,20,30,10,41.45
5687,North America,1109,Dominican Republic,2004,64.5,84.2,65.8,61.2,72.0,61.7,66.7,65.8,75.6,22.1,15.4,77.7,83.2,93.1,79.2,76.4,51.0,45.1,38,25,20,20,20,41.66
5688,North America,1110,Dominican Republic,2005,65.0,84.2,67.9,62.7,73.6,61.7,66.8,65.9,75.5,22.6,18.3,77.5,82.6,93.0,79.1,76.3,50.6,46.4,40,25,33,30,5,41.87
5689,North America,1111,Dominican Republic,2006,65.1,84.2,70.3,62.8,72.9,62.9,66.6,65.7,76.0,23.2,15.5,78.1,82.3,92.9,79.3,76.2,51.0,46.8,38,23,35,15,5,42.08
5690,North America,1112,Dominican Republic,2007,65.9,84.2,70.0,63.7,78.5,63.7,66.4,67.5,76.3,23.6,19.9,76.1,82.3,92.8,79.5,76.2,51.6,48.6,35,30,18,30,15,42.29
5691,North America,1113,Dominican Republic,2008,65.6,84.2,65.8,62.8,78.2,63.7,66.3,66.5,76.5,24.2,21.0,76.3,82.5,92.7,79.7,76.1,49.9,48.5,10,28,33,20,20,42.5
5692,North America,1114,Dominican Republic,2009,66.3,84.2,69.3,64.4,81.3,63.7,66.1,66.7,76.1,25.3,19.9,79.1,82.7,92.9,81.6,76.6,49.5,47.6,40,24,25,35,15,42.7
5693,North America,1115,Dominican Republic,2010,66.7,84.2,70.9,64.1,81.9,64.3,65.9,67.7,76.2,26.2,22.1,78.6,82.8,92.8,81.6,76.6,50.2,47.5,45,33,40,35,45,42.91
5694,North America,1116,Dominican Republic,2011,67.0,85.5,73.0,65.7,79.3,64.3,66.1,67.8,75.7,28.2,21.5,79.2,83.0,92.7,81.5,76.5,50.4,47.8,50,33,25,35,15,43.04
5695,North America,1117,Dominican Republic,2012,67.3,85.3,73.4,63.6,77.3,64.3,66.3,68.3,75.4,32.3,23.8,80.2,82.9,92.6,81.5,76.4,51.2,49.5,40,33,50,40,10,43.17
5696,North America,1118,Dominican Republic,2013,68.1,86.3,73.8,62.4,80.2,67.4,66.5,68.9,75.0,34.7,21.5,83.2,83.0,92.7,81.5,76.4,52.3,51.6,40,30,33,35,10,43.29
5697,North America,1119,Dominican Republic,2014,69.5,89.3,75.7,63.8,80.4,67.1,66.7,68.8,77.8,36.1,32.0,80.8,83.0,92.6,83.0,76.9,55.6,51.9,35,40,20,35,15,43.42
5698,North America,1120,Dominican Republic,2015,69.5,90.6,75.6,62.4,84.5,67.8,66.9,67.9,76.4,38.6,26.9,82.8,82.8,92.0,83.1,76.8,52.4,53.6,45,32,30,37,10,43.54
5699,North America,1121,Dominican Republic,2016,69.8,91.3,75.2,62.3,86.5,71.1,67.1,68.8,76.6,39.5,24.4,85.8,82.6,91.7,83.4,76.7,51.6,51.9,50,30,35,42,15,43.71
5700,North America,1122,Dominican Republic,2017,71.5,94.3,74.8,65.3,87.3,71.3,67.3,70.1,77.2,41.1,42.4,84.1,82.5,92.0,83.4,76.7,52.7,53.1,45,32,30,45,18,43.88
5701,North America,1123,Dominican Republic,2018,71.0,94.9,75.1,65.7,88.4,71.4,67.4,69.5,76.0,44.0,34.8,82.2,82.5,92.2,83.7,74.2,52.8,52.1,35,35,40,30,15,44.05
5702,North America,1124,Dominican Republic,2019,72.1,95.9,75.1,67.9,89.8,70.8,67.5,68.7,76.1,45.6,43.6,86.4,82.3,91.8,83.8,74.2,53.4,53.7,45,25,32,35,25,44.21
5703,North America,1125,Dominican Republic,2020,72.8,94.6,75.3,65.8,92.2,70.5,67.6,69.1,75.4,46.7,54.7,84.3,82.3,92.2,83.8,74.1,54.2,55.1,40,28,28,40,5,44.38
5704,North America,1126,Dominican Republic,2021,72.1,95.2,75.6,67.5,74.2,71.5,67.6,69.1,74.4,46.8,54.7,84.3,83.1,91.8,83.9,75.3,53.4,56.9,44,30,40,35,30,
5705,North America,1127,Dominican Republic,2022,72.1,95.9,75.7,66.6,74.2,71.8,67.6,69.1,74.4,46.8,54.7,84.3,83.1,91.8,83.9,75.1,53.3,57.8,38,30,33,35,40,
5706,South America,1128,Ecuador,2000,62.6,82.0,53.6,68.9,82.1,57.1,66.0,66.9,70.5,23.7,9.3,69.5,86.0,93.6,75.4,57.9,46.5,54.5,5,28,20,15,10,55.28
5707,South America,1129,Ecuador,2001,62.5,82.0,52.2,69.2,82.8,57.2,66.5,65.6,70.8,23.8,9.3,69.7,85.2,93.4,75.4,57.7,46.9,55.0,20,38,22,20,15,55.0
5708,South America,1130,Ecuador,2002,62.8,82.0,53.7,69.3,83.3,57.4,67.0,66.2,70.4,24.1,9.3,69.8,85.1,93.2,77.0,57.9,46.5,55.2,40,25,15,18,10,54.72
5709,South America,1131,Ecuador,2003,63.1,82.0,53.7,70.9,83.3,58.2,67.4,65.3,70.0,24.1,13.4,70.0,85.4,93.0,75.8,57.6,46.5,55.7,35,37,18,22,10,54.44
5710,South America,1132,Ecuador,2004,63.3,82.0,54.1,71.7,83.7,58.4,67.9,66.5,70.3,24.2,12.8,70.2,84.9,92.8,76.1,57.6,47.3,55.8,30,43,20,23,7,54.15
5711,South America,1133,Ecuador,2005,63.4,82.0,53.8,72.7,83.7,58.5,68.4,65.7,71.0,24.4,13.9,70.2,85.3,92.7,75.9,57.4,46.6,55.7,30,42,20,18,15,53.87
5712,South America,1134,Ecuador,2006,63.9,82.0,51.7,72.8,84.5,63.3,68.9,66.5,71.2,24.9,15.1,70.4,85.2,92.9,77.5,57.1,46.6,55.9,30,40,20,18,12,53.59
5713,South America,1135,Ecuador,2007,64.3,82.0,53.3,72.4,86.3,63.4,69.4,68.1,71.4,25.5,13.5,71.8,85.4,92.4,78.6,56.9,46.6,56.3,35,55,18,25,10,53.31
5714,South America,1136,Ecuador,2008,64.6,82.0,52.2,72.9,83.9,63.7,69.9,69.9,70.9,27.0,18.6,70.8,85.2,93.0,78.9,56.6,46.4,56.4,35,40,28,20,10,53.02
5715,South America,1137,Ecuador,2009,65.7,82.0,55.1,73.9,91.1,67.4,70.4,67.9,70.6,28.6,20.4,71.1,85.1,92.7,77.4,56.4,45.2,62.2,30,38,18,32,15,52.74
5716,South America,1138,Ecuador,2010,66.1,82.0,56.8,74.9,92.8,67.3,70.9,67.6,70.8,29.2,20.0,70.9,84.6,92.5,75.5,58.6,46.0,63.2,25,40,25,35,15,52.46
5717,South America,1139,Ecuador,2011,66.8,85.2,56.0,74.9,93.1,67.4,71.4,68.3,71.2,29.5,24.1,74.4,84.7,92.2,73.1,58.4,47.8,64.0,25,38,18,33,10,52.29
5718,South America,1140,Ecuador,2012,67.7,86.1,57.8,76.0,93.3,69.4,71.9,69.6,71.3,33.3,23.8,73.3,84.7,92.2,75.4,58.4,49.5,64.4,35,38,20,30,5,52.12
5719,South America,1141,Ecuador,2013,68.2,87.9,55.3,77.0,95.6,75.0,72.4,69.0,71.4,35.0,22.7,69.2,84.6,91.8,75.6,58.2,53.0,65.7,35,37,18,25,8,51.95
5720,South America,1142,Ecuador,2014,69.8,89.1,60.2,76.4,98.0,76.1,72.9,69.1,72.6,36.1,27.2,72.7,84.4,91.5,79.0,58.0,56.2,66.6,37,46,20,35,10,51.78
5721,South America,1143,Ecuador,2015,69.9,88.2,62.9,76.9,98.4,77.6,73.4,70.5,72.4,37.7,23.9,69.9,84.9,92.2,79.3,57.8,56.3,66.5,35,43,20,37,10,51.62
5722,South America,1144,Ecuador,2016,70.8,87.6,59.7,78.5,98.2,79.1,73.9,71.9,71.8,40.5,27.4,74.9,85.0,92.8,82.2,57.7,57.0,65.6,40,38,20,22,15,51.36
5723,South America,1145,Ecuador,2017,71.4,88.4,59.2,78.2,97.5,77.5,74.3,73.5,73.7,42.3,29.0,76.3,84.9,92.7,82.6,59.4,57.9,66.4,33,43,18,35,20,51.1
5724,South America,1146,Ecuador,2018,71.4,88.3,59.6,79.3,95.9,78.2,74.6,72.9,73.7,45.2,25.0,77.6,84.7,92.8,80.2,58.7,59.4,67.7,35,45,40,35,5,50.84
5725,South America,1147,Ecuador,2019,71.1,87.5,58.0,80.0,93.6,78.5,75.0,74.5,73.6,45.5,24.4,77.1,84.7,92.7,80.0,58.4,57.7,66.7,35,55,23,35,10,50.58
5726,South America,1148,Ecuador,2020,70.2,81.1,56.8,78.1,92.4,78.6,75.3,74.4,72.8,47.9,22.1,74.5,84.7,93.3,80.1,58.3,57.9,65.1,20,43,35,20,15,50.32
5727,South America,1149,Ecuador,2021,70.5,83.3,57.8,77.5,90.5,79.2,75.3,74.4,75.5,48.9,22.1,76.1,86.3,92.7,80.2,58.5,54.5,65.5,38,45,22,25,15,
5728,South America,1150,Ecuador,2022,70.4,83.9,57.8,78.4,90.5,79.5,75.3,74.4,75.9,48.9,22.1,76.1,86.3,92.7,80.3,57.9,51.9,65.5,40,46,30,23,8,
5729,Africa,1151,"Egypt, Arab Rep.",2000,65.2,87.4,71.5,59.8,57.3,37.0,63.2,62.8,59.6,32.7,82.6,57.0,90.9,95.3,51.2,69.4,65.1,64.6,40,35,15,20,5,0.06
5730,Africa,1152,"Egypt, Arab Rep.",2001,65.2,87.4,71.3,59.7,57.8,36.4,63.3,64.9,59.5,32.7,82.6,57.0,91.0,95.8,49.4,69.2,65.1,64.8,40,35,15,18,15,0.06
5731,Africa,1153,"Egypt, Arab Rep.",2002,65.2,87.4,71.1,59.6,58.3,35.6,63.4,65.8,59.1,32.8,82.6,58.5,90.7,95.8,49.0,69.1,65.1,64.9,40,20,12,30,8,0.06
5732,Africa,1154,"Egypt, Arab Rep.",2003,65.2,87.4,70.2,60.5,57.5,35.2,63.5,66.1,58.6,33.1,82.6,58.5,91.0,95.4,47.2,70.1,65.1,65.9,40,25,15,25,15,0.06
5733,Africa,1155,"Egypt, Arab Rep.",2004,65.3,87.4,70.1,61.1,57.3,34.7,63.6,66.7,58.9,34.6,82.6,60.1,90.8,95.4,46.8,70.0,65.1,64.6,40,20,18,20,10,0.06
5734,Africa,1156,"Egypt, Arab Rep.",2005,65.3,87.4,70.0,62.5,57.4,33.5,63.7,67.4,58.5,34.6,82.6,59.8,90.8,95.1,47.6,69.9,65.1,64.5,45,20,15,30,15,0.06
5735,Africa,1157,"Egypt, Arab Rep.",2006,65.6,87.4,69.9,62.6,56.0,32.8,63.8,67.5,58.8,34.9,82.6,61.3,90.7,95.0,49.7,70.1,65.6,66.7,40,35,15,25,15,0.06
5736,Africa,1158,"Egypt, Arab Rep.",2007,66.3,87.4,69.7,62.9,58.4,34.0,63.9,67.8,59.8,35.3,82.6,62.1,90.8,94.8,56.3,70.0,66.3,65.0,42,35,15,35,20,0.06
5737,Africa,1159,"Egypt, Arab Rep.",2008,66.5,87.4,67.7,61.2,58.4,35.7,64.0,68.3,59.9,35.7,85.1,65.7,90.8,94.7,55.1,69.9,66.1,65.5,40,28,15,20,15,0.06
5738,Africa,1160,"Egypt, Arab Rep.",2009,66.9,87.4,67.6,62.1,57.2,37.0,64.1,68.4,59.6,36.9,85.1,71.4,91.0,94.7,55.2,69.8,64.2,64.9,40,30,15,35,15,0.07
5739,Africa,1161,"Egypt, Arab Rep.",2010,66.9,87.4,65.6,63.3,59.4,43.8,64.2,69.7,59.8,37.9,88.1,59.3,91.0,94.8,55.5,69.8,65.4,62.5,52,30,15,18,20,0.07
5740,Africa,1162,"Egypt, Arab Rep.",2011,66.2,88.8,66.9,63.0,58.6,39.5,64.2,69.4,58.0,40.1,88.1,61.0,91.0,94.8,52.3,69.6,61.0,59.9,71,40,10,6,10,0.06
5741,Africa,1163,"Egypt, Arab Rep.",2012,67.1,90.2,67.3,63.5,61.5,40.7,64.3,69.8,57.6,46.2,94.0,61.1,91.1,94.6,49.1,69.5,61.3,58.4,35,35,18,15,20,0.06
5742,Africa,1164,"Egypt, Arab Rep.",2013,67.1,89.8,67.2,63.4,64.6,42.7,64.4,70.0,57.3,48.2,94.0,57.8,91.2,94.8,48.8,69.3,57.2,60.8,70,30,15,9,60,0.06
5743,Africa,1165,"Egypt, Arab Rep.",2014,68.1,89.7,66.2,66.3,67.3,43.9,64.5,69.9,58.0,48.6,94.0,65.7,91.1,94.6,49.3,69.2,59.4,59.8,64,30,13,15,30,0.05
5744,Africa,1166,"Egypt, Arab Rep.",2015,66.4,89.4,65.7,66.3,45.0,45.1,64.6,70.1,58.1,50.5,82.4,66.5,91.1,94.5,49.0,69.1,60.6,60.5,54,40,14,32,5,0.05
5745,Africa,1167,"Egypt, Arab Rep.",2016,66.2,86.3,65.1,67.3,46.5,53.0,64.7,70.1,58.5,38.5,82.4,67.5,91.3,95.0,51.1,69.0,58.3,60.7,62,30,10,25,10,0.05
5746,Africa,1168,"Egypt, Arab Rep.",2017,67.7,82.0,65.0,66.6,65.1,54.0,64.8,69.9,62.1,45.7,83.9,66.6,91.5,95.1,51.0,68.8,58.3,60.3,65,35,13,35,35,0.05
5747,Africa,1169,"Egypt, Arab Rep.",2018,68.1,81.7,64.6,67.3,65.4,52.7,64.9,70.0,64.7,45.5,83.9,69.7,91.2,95.0,52.2,68.8,61.0,59.8,50,33,15,35,5,0.05
5748,Africa,1170,"Egypt, Arab Rep.",2019,68.3,81.4,63.3,69.5,66.4,51.5,65.0,69.9,66.7,50.3,83.9,68.5,91.1,94.9,51.4,68.7,61.8,57.1,63,35,15,40,60,0.05
5749,Africa,1171,"Egypt, Arab Rep.",2020,69.2,83.6,65.1,69.9,66.4,57.4,65.1,69.9,65.8,57.1,83.9,67.3,91.1,95.2,51.4,68.6,60.7,57.9,55,28,15,25,40,0.05
5750,Africa,1172,"Egypt, Arab Rep.",2021,69.5,85.6,65.2,69.4,67.9,57.6,65.1,69.9,64.7,57.9,83.9,66.9,91.2,95.1,51.4,68.6,61.7,58.9,63,30,15,28,35,
5751,Africa,1173,"Egypt, Arab Rep.",2022,69.6,88.0,65.3,69.4,67.9,57.7,65.1,69.9,64.9,57.9,83.9,68.5,91.2,95.1,51.5,68.3,60.1,58.8,67,40,15,30,45,
5752,North America,1174,El Salvador,2000,58.9,79.8,54.9,68.4,76.2,50.1,66.2,63.5,66.7,18.5,16.2,74.0,85.4,95.5,28.8,46.6,56.2,54.6,30,10,15,30,10,32.52
5753,North America,1175,El Salvador,2001,59.1,79.8,54.1,68.0,76.6,49.7,66.3,64.2,66.7,18.5,16.3,74.1,85.3,95.5,29.0,46.5,56.2,57.9,35,17,15,20,20,32.31
5754,North America,1176,El Salvador,2002,59.4,79.8,55.4,68.0,79.0,49.3,66.8,64.9,67.1,18.6,15.6,74.1,85.2,95.4,29.6,46.4,56.2,57.5,30,20,15,20,15,32.09
5755,North America,1177,El Salvador,2003,59.5,79.8,55.3,69.4,80.7,49.6,67.2,65.1,66.7,18.6,17.6,74.2,85.0,95.3,27.7,46.4,56.2,56.5,30,17,18,22,15,31.87
5756,North America,1178,El Salvador,2004,59.8,79.8,54.9,69.5,80.7,49.2,67.6,65.4,66.8,18.8,21.4,74.3,85.0,95.4,28.5,46.3,56.2,57.2,40,18,20,25,15,31.65
5757,North America,1179,El Salvador,2005,60.8,79.8,54.2,71.3,81.0,48.8,67.8,66.4,66.6,18.9,20.4,74.5,85.0,95.4,31.4,57.8,56.2,58.1,30,20,20,35,5,31.44
5758,North America,1180,El Salvador,2006,61.6,79.8,55.9,71.7,80.2,51.6,68.4,67.8,66.9,19.1,24.4,75.4,84.9,95.3,31.9,57.7,55.8,60.4,40,18,12,20,20,31.22
5759,North America,1181,El Salvador,2007,61.9,79.8,54.5,72.4,79.3,58.0,68.8,67.3,67.0,19.1,26.8,72.6,83.9,95.2,31.6,58.0,55.6,62.3,25,18,20,18,15,31.0
5760,North America,1182,El Salvador,2008,62.2,79.8,55.6,72.8,80.5,55.5,69.2,68.8,67.3,19.8,22.7,71.5,83.2,95.4,36.4,58.1,56.0,65.0,35,15,25,35,10,30.79
5761,North America,1183,El Salvador,2009,63.0,79.8,54.5,76.9,80.6,57.8,69.6,68.8,66.5,20.0,24.2,72.8,85.0,95.4,39.7,60.6,55.5,62.4,5,18,12,15,10,30.57
5762,North America,1184,El Salvador,2010,64.2,79.8,52.9,78.9,82.7,58.5,70.0,69.8,67.9,20.7,35.0,77.2,84.2,95.4,31.1,69.8,55.7,62.7,5,16,15,20,8,30.35
5763,North America,1185,El Salvador,2011,65.3,82.3,52.1,75.9,84.1,57.5,70.4,70.1,68.2,21.1,41.6,72.5,84.5,95.3,44.8,70.1,55.8,64.2,35,25,15,24,15,30.13
5764,North America,1186,El Salvador,2012,66.5,84.2,53.9,78.8,83.5,61.0,70.8,71.0,68.5,21.7,43.9,77.8,85.4,95.4,44.9,70.0,57.8,62.8,40,18,15,20,15,29.92
5765,North America,1187,El Salvador,2013,66.2,82.6,53.2,79.2,83.5,63.1,71.2,70.8,68.6,22.8,35.9,78.2,86.0,95.4,46.5,70.0,57.0,62.2,25,17,15,20,8,29.7
5766,North America,1188,El Salvador,2014,67.9,86.5,53.0,78.9,83.9,65.6,71.6,70.8,71.9,25.7,45.4,81.5,86.0,95.5,48.8,70.5,57.8,61.7,42,18,18,25,15,29.48
5767,North America,1189,El Salvador,2015,68.0,88.5,52.3,78.7,84.9,67.8,71.9,70.2,70.7,26.5,49.8,83.6,85.0,95.0,42.4,70.5,55.0,62.2,35,14,18,40,25,29.27
5768,North America,1190,El Salvador,2016,68.3,88.7,54.8,79.1,84.5,68.0,72.3,70.9,70.5,26.6,52.4,82.6,85.7,95.0,42.2,70.4,52.6,64.5,40,18,15,20,5,29.05
5769,North America,1191,El Salvador,2017,69.6,90.4,55.8,79.3,83.9,67.8,72.4,73.2,69.5,30.3,61.1,83.9,86.1,95.4,44.1,70.4,54.1,65.5,30,18,22,20,5,28.83
5770,North America,1192,El Salvador,2018,69.6,91.5,55.0,78.9,83.8,67.0,72.5,72.3,69.4,31.6,58.8,88.3,86.5,95.0,42.4,68.6,57.0,65.4,40,15,18,22,30,28.61
5771,North America,1193,El Salvador,2019,69.8,93.2,55.9,80.3,81.5,66.9,72.6,71.7,70.2,33.5,57.7,86.2,86.4,94.8,43.8,68.5,58.6,64.8,37,18,18,22,5,28.4
5772,North America,1194,El Salvador,2020,70.0,91.0,56.0,77.5,81.6,67.9,72.6,72.7,70.0,34.8,57.7,84.3,86.4,95.0,43.6,68.4,62.7,67.6,38,18,15,32,15,28.18
5773,North America,1195,El Salvador,2021,70.5,93.5,56.1,80.1,81.6,64.9,72.6,72.7,71.6,37.6,57.7,83.9,87.0,94.8,43.7,70.2,61.0,69.3,44,18,15,23,5,
5774,North America,1196,El Salvador,2022,70.7,94.0,56.2,80.3,81.6,65.2,72.6,72.7,71.7,37.6,57.7,86.3,87.0,94.8,43.6,70.1,60.4,69.3,30,18,15,20,20,
5775,Africa,1197,Equatorial Guinea,2000,71.2,100.0,62.4,73.0,93.0,67.9,83.5,74.5,78.3,36.7,69.2,86.7,57.7,63.4,74.0,63.4,78.4,48.1,45,43,9,15,5,93.25
5776,Africa,1198,Equatorial Guinea,2001,71.3,100.0,61.9,73.9,93.0,67.9,83.5,73.6,78.4,38.2,69.2,86.7,57.8,62.8,75.6,63.5,78.5,47.6,50,55,5,15,10,92.95
5777,Africa,1199,Equatorial Guinea,2002,71.5,100.0,60.4,74.3,94.1,67.9,83.5,74.4,80.1,39.9,69.2,86.7,56.8,63.3,75.5,63.5,78.4,47.7,60,38,10,18,15,92.65
5778,Africa,1200,Equatorial Guinea,2003,71.5,100.0,60.6,75.6,94.5,68.4,83.3,74.9,79.2,41.4,69.2,86.7,55.8,60.9,75.6,63.6,78.4,47.6,70,20,10,20,5,92.35
5779,Africa,1201,Equatorial Guinea,2004,75.0,100.0,62.5,75.9,95.9,68.4,83.0,75.0,79.9,43.9,74.2,86.7,56.6,60.7,90.5,96.2,79.1,47.1,50,37,8,15,5,92.06
5780,Africa,1202,Equatorial Guinea,2005,75.4,100.0,64.4,76.7,95.8,68.4,82.8,74.6,81.2,46.6,74.5,86.6,56.2,60.9,90.4,96.2,79.2,46.9,55,35,6,15,5,91.76
5781,Africa,1203,Equatorial Guinea,2006,75.3,100.0,62.6,75.4,95.8,68.4,82.6,73.6,82.2,49.5,74.1,86.6,55.8,61.6,90.3,96.2,79.1,46.6,50,43,8,18,5,91.46
5782,Africa,1204,Equatorial Guinea,2007,75.8,100.0,65.7,76.0,96.5,69.4,82.5,75.2,82.8,51.6,77.6,87.0,54.2,57.1,90.4,96.2,79.2,46.6,55,40,10,20,10,91.16
5783,Africa,1205,Equatorial Guinea,2008,76.2,100.0,63.7,78.2,96.4,69.4,83.1,75.4,82.3,54.1,76.6,85.8,54.3,59.6,90.6,96.2,80.1,49.0,55,35,10,24,5,90.86
5784,Africa,1206,Equatorial Guinea,2009,77.0,100.0,64.4,79.2,95.8,70.4,83.6,76.6,78.1,55.0,77.3,89.8,56.1,63.9,90.7,96.2,80.9,51.0,50,35,8,13,15,90.57
5785,Africa,1207,Equatorial Guinea,2010,76.7,100.0,63.0,82.8,95.6,71.0,82.5,78.3,76.3,55.9,76.5,89.8,55.7,58.1,90.8,96.2,81.1,49.7,60,55,10,20,5,90.27
5786,Africa,1208,Equatorial Guinea,2011,76.2,100.0,63.7,83.4,96.0,69.5,82.4,78.0,78.7,61.7,75.8,90.7,55.1,55.4,80.3,96.2,80.4,48.3,50,45,8,18,15,89.97
5787,Africa,1209,Equatorial Guinea,2012,76.8,100.0,65.8,83.9,96.9,70.0,83.0,77.5,79.9,66.1,75.2,90.0,54.2,54.7,82.9,96.2,81.2,47.9,50,33,12,19,10,89.67
5788,Africa,1210,Equatorial Guinea,2013,77.0,100.0,64.9,84.1,96.1,70.6,82.7,77.4,80.7,67.4,72.1,93.4,54.2,55.1,84.0,96.2,82.7,48.3,55,20,9,20,10,89.37
5789,Africa,1211,Equatorial Guinea,2014,77.5,100.0,65.2,84.7,96.6,71.5,82.7,77.5,81.4,71.6,75.3,93.3,53.0,51.8,84.2,96.2,85.0,47.9,60,35,12,20,5,89.08
5790,Africa,1212,Equatorial Guinea,2015,78.8,100.0,68.2,86.2,96.0,74.5,83.0,78.0,82.2,72.4,81.7,92.3,53.9,58.0,81.0,96.2,87.0,49.4,63,30,9,20,5,88.78
5791,Africa,1213,Equatorial Guinea,2016,78.3,100.0,62.1,86.4,95.2,74.3,82.6,78.3,81.9,70.3,87.0,94.0,52.6,54.8,78.7,96.2,87.3,49.6,65,45,9,24,10,88.48
5792,Africa,1214,Equatorial Guinea,2017,79.6,100.0,66.1,87.8,96.0,76.0,82.5,79.0,82.5,79.9,89.7,92.0,52.7,54.7,81.9,96.2,86.9,48.9,65,42,8,22,15,88.18
5793,Africa,1215,Equatorial Guinea,2018,79.7,100.0,61.5,87.2,96.0,76.0,82.9,78.8,82.1,80.8,90.1,92.5,52.4,51.9,85.9,96.1,89.7,51.7,50,37,9,20,5,87.88
5794,Africa,1216,Equatorial Guinea,2019,80.7,100.0,64.9,88.6,96.0,77.9,84.1,78.0,81.7,82.4,89.1,93.3,52.2,59.0,87.6,96.1,90.0,51.8,55,32,9,22,20,87.59
5795,Africa,1217,Equatorial Guinea,2020,81.1,100.0,64.8,89.9,96.0,77.3,84.1,78.0,80.5,81.3,89.1,92.5,52.2,62.8,87.6,96.1,90.5,55.1,55,43,9,25,15,87.29
5796,Africa,1218,Equatorial Guinea,2021,81.0,100.0,63.2,89.9,96.1,76.3,84.1,78.0,82.0,82.4,89.1,91.3,52.6,61.5,87.5,96.1,90.4,56.2,50,45,14,20,10,
5797,Africa,1219,Equatorial Guinea,2022,81.7,100.0,63.2,89.5,96.1,76.8,84.1,78.0,82.2,83.3,89.1,90.5,52.6,61.5,87.5,96.1,91.0,67.3,50,40,9,20,15,
5798,Africa,1220,Eritrea,2000,48.1,22.9,56.1,23.0,55.2,58.0,39.4,39.8,45.3,13.2,13.9,66.5,86.2,96.8,0.0,50.4,50.9,51.9,62,45,5,16,5,11.07
5799,Africa,1221,Eritrea,2001,48.2,22.9,57.4,22.7,55.6,58.0,39.8,43.4,44.5,13.1,13.9,66.6,86.2,97.1,0.0,50.4,49.2,50.5,68,25,5,12,5,11.04
5800,Africa,1222,Eritrea,2002,48.4,22.9,56.4,23.5,56.7,58.0,40.2,44.9,43.9,13.2,13.9,66.8,86.2,97.2,0.0,50.4,50.8,48.9,70,20,5,30,10,11.01
5801,Africa,1223,Eritrea,2003,49.0,22.9,57.5,23.1,55.8,62.0,40.7,46.3,43.1,13.2,13.9,66.9,86.2,97.4,0.0,50.4,50.8,53.0,80,40,5,15,7,10.98
5802,Africa,1224,Eritrea,2004,49.1,22.9,55.9,23.1,57.5,61.5,41.2,47.0,43.1,13.3,13.9,67.0,86.2,97.4,0.0,50.4,49.5,55.8,80,35,5,17,10,10.95
5803,Africa,1225,Eritrea,2005,49.8,22.9,55.2,24.1,58.4,60.9,41.6,49.6,43.1,13.6,13.9,67.3,86.2,97.4,0.0,50.4,53.0,58.5,75,30,5,20,8,10.92
5804,Africa,1226,Eritrea,2006,51.1,22.9,56.5,25.9,60.4,60.2,42.2,54.5,43.1,13.6,13.9,69.5,86.2,97.4,0.0,50.4,54.4,65.9,83,30,4,15,15,10.89
5805,Africa,1227,Eritrea,2007,51.1,22.9,56.6,26.2,61.3,59.1,42.8,56.3,43.1,13.6,13.9,69.6,86.2,97.4,0.0,50.4,54.6,63.9,85,25,5,20,12,10.85
5806,Africa,1228,Eritrea,2008,51.6,22.9,58.1,26.4,61.3,60.5,43.4,57.7,43.1,14.3,13.9,71.8,86.2,97.4,0.0,50.4,51.7,67.1,82,28,5,20,5,10.82
5807,Africa,1229,Eritrea,2009,51.4,22.9,56.9,26.0,61.2,60.2,44.1,56.0,43.1,14.9,16.2,71.9,86.2,97.3,0.0,50.4,52.6,62.6,78,28,5,10,10,10.79
5808,Africa,1230,Eritrea,2010,52.1,22.9,56.0,29.2,68.0,64.2,44.7,59.3,43.1,15.7,16.2,74.0,86.2,97.5,0.0,50.4,52.0,54.0,70,30,5,15,5,10.76
5809,Africa,1231,Eritrea,2011,52.9,25.3,56.0,29.7,71.5,65.1,45.3,62.3,43.3,16.7,16.2,74.3,86.2,97.5,0.0,50.3,53.1,54.2,70,30,5,15,10,10.73
5810,Africa,1232,Eritrea,2012,54.2,27.2,57.2,30.6,68.1,65.8,46.0,64.6,44.2,17.0,16.2,76.5,86.2,97.1,0.0,50.3,57.8,61.6,75,30,5,20,8,10.7
5811,Africa,1233,Eritrea,2013,54.4,29.5,57.6,32.2,66.8,65.0,46.6,64.9,45.0,18.0,16.2,76.5,86.2,96.6,0.0,50.4,58.2,60.6,80,33,5,15,8,10.67
5812,Africa,1234,Eritrea,2014,55.6,31.6,57.7,33.6,66.4,66.5,47.2,70.5,45.7,19.1,16.2,78.9,86.2,98.0,0.0,50.4,58.5,63.4,70,35,5,10,5,10.64
5813,Africa,1235,Eritrea,2015,55.4,32.3,57.3,33.8,65.7,67.1,47.8,67.6,46.5,20.2,16.2,79.0,86.2,97.8,0.0,50.4,58.5,59.3,78,30,5,18,8,10.6
5814,Africa,1236,Eritrea,2016,54.5,32.5,48.4,34.7,69.6,67.4,48.4,61.5,47.3,20.8,11.8,81.4,86.0,97.4,0.0,50.4,57.1,56.8,80,25,5,15,8,10.57
5815,Africa,1237,Eritrea,2017,55.9,34.2,48.8,35.8,70.3,67.6,49.1,65.8,47.3,29.4,11.8,81.5,85.8,97.6,0.0,50.4,56.3,62.8,75,40,5,12,12,10.54
5816,Africa,1238,Eritrea,2018,56.4,34.0,49.2,35.3,72.2,68.3,49.8,67.5,47.3,31.5,11.8,84.2,85.6,97.5,0.0,50.0,55.9,62.1,84,30,5,20,15,10.51
5817,Africa,1239,Eritrea,2019,56.9,32.5,49.6,37.2,74.0,68.5,50.5,69.3,47.2,35.0,11.8,84.4,85.4,97.4,0.0,50.0,56.7,61.3,80,33,5,15,10,10.48
5818,Africa,1240,Eritrea,2020,57.3,32.0,49.9,36.8,74.2,69.7,50.5,70.5,44.2,37.9,11.8,84.4,85.4,97.5,0.0,50.3,57.6,63.2,85,30,5,18,15,10.45
5819,Africa,1241,Eritrea,2021,57.5,32.9,50.3,37.2,74.2,70.0,50.5,70.5,44.9,40.9,11.8,84.4,85.3,97.5,0.0,50.6,56.7,61.8,80,38,5,20,5,
5820,Africa,1242,Eritrea,2022,57.9,33.7,50.4,35.7,74.2,70.0,50.5,70.5,44.8,40.9,11.8,86.8,85.3,97.5,0.0,50.6,53.7,60.8,83,35,5,15,10,
5821,Europe,1243,Estonia,2000,71.2,100.0,62.4,73.0,93.0,67.9,83.5,74.5,78.3,36.7,69.2,86.7,57.7,63.4,74.0,63.4,78.4,48.1,18,48,55,65,10,51.5
5822,Europe,1244,Estonia,2001,71.3,100.0,61.9,73.9,93.0,67.9,83.5,73.6,78.4,38.2,69.2,86.7,57.8,62.8,75.6,63.5,78.5,47.6,15,45,75,60,10,51.73
5823,Europe,1245,Estonia,2002,71.5,100.0,60.4,74.3,94.1,67.9,83.5,74.4,80.1,39.9,69.2,86.7,56.8,63.3,75.5,63.5,78.4,47.7,20,30,60,70,8,51.95
5824,Europe,1246,Estonia,2003,71.5,100.0,60.6,75.6,94.5,68.4,83.3,74.9,79.2,41.4,69.2,86.7,55.8,60.9,75.6,63.6,78.4,47.6,20,30,70,75,8,52.17
5825,Europe,1247,Estonia,2004,75.0,100.0,62.5,75.9,95.9,68.4,83.0,75.0,79.9,43.9,74.2,86.7,56.6,60.7,90.5,96.2,79.1,47.1,10,35,75,65,5,52.4
5826,Europe,1248,Estonia,2005,75.4,100.0,64.4,76.7,95.8,68.4,82.8,74.6,81.2,46.6,74.5,86.6,56.2,60.9,90.4,96.2,79.2,46.9,15,20,78,72,10,52.62
5827,Europe,1249,Estonia,2006,75.3,100.0,62.6,75.4,95.8,68.4,82.6,73.6,82.2,49.5,74.1,86.6,55.8,61.6,90.3,96.2,79.1,46.6,10,35,85,75,10,52.84
5828,Europe,1250,Estonia,2007,75.8,100.0,65.7,76.0,96.5,69.4,82.5,75.2,82.8,51.6,77.6,87.0,54.2,57.1,90.4,96.2,79.2,46.6,15,38,75,45,10,53.07
5829,Europe,1251,Estonia,2008,76.2,100.0,63.7,78.2,96.4,69.4,83.1,75.4,82.3,54.1,76.6,85.8,54.3,59.6,90.6,96.2,80.1,49.0,30,40,82,60,8,53.29
5830,Europe,1252,Estonia,2009,77.0,100.0,64.4,79.2,95.8,70.4,83.6,76.6,78.1,55.0,77.3,89.8,56.1,63.9,90.7,96.2,80.9,51.0,15,30,82,68,8,53.52
5831,Europe,1253,Estonia,2010,76.7,100.0,63.0,82.8,95.6,71.0,82.5,78.3,76.3,55.9,76.5,89.8,55.7,58.1,90.8,96.2,81.1,49.7,22,25,70,65,7,53.74
5832,Europe,1254,Estonia,2011,76.2,100.0,63.7,83.4,96.0,69.5,82.4,78.0,78.7,61.7,75.8,90.7,55.1,55.4,80.3,96.2,80.4,48.3,20,45,63,60,10,54.13
5833,Europe,1255,Estonia,2012,76.8,100.0,65.8,83.9,96.9,70.0,83.0,77.5,79.9,66.1,75.2,90.0,54.2,54.7,82.9,96.2,81.2,47.9,30,40,75,75,10,54.52
5834,Europe,1256,Estonia,2013,77.0,100.0,64.9,84.1,96.1,70.6,82.7,77.4,80.7,67.4,72.1,93.4,54.2,55.1,84.0,96.2,82.7,48.3,25,30,80,75,10,54.91
5835,Europe,1257,Estonia,2014,77.5,100.0,65.2,84.7,96.6,71.5,82.7,77.5,81.4,71.6,75.3,93.3,53.0,51.8,84.2,96.2,85.0,47.9,18,35,70,62,8,55.3
5836,Europe,1258,Estonia,2015,78.8,100.0,68.2,86.2,96.0,74.5,83.0,78.0,82.2,72.4,81.7,92.3,53.9,58.0,81.0,96.2,87.0,49.4,20,34,75,72,7,55.69
5837,Europe,1259,Estonia,2016,78.3,100.0,62.1,86.4,95.2,74.3,82.6,78.3,81.9,70.3,87.0,94.0,52.6,54.8,78.7,96.2,87.3,49.6,20,40,85,70,7,55.77
5838,Europe,1260,Estonia,2017,79.6,100.0,66.1,87.8,96.0,76.0,82.5,79.0,82.5,79.9,89.7,92.0,52.7,54.7,81.9,96.2,86.9,48.9,15,35,80,70,8,55.85
5839,Europe,1261,Estonia,2018,79.7,100.0,61.5,87.2,96.0,76.0,82.9,78.8,82.1,80.8,90.1,92.5,52.4,51.9,85.9,96.1,89.7,51.7,15,38,70,68,7,55.93
5840,Europe,1262,Estonia,2019,80.7,100.0,64.9,88.6,96.0,77.9,84.1,78.0,81.7,82.4,89.1,93.3,52.2,59.0,87.6,96.1,90.0,51.8,18,40,80,65,7,56.01
5841,Europe,1263,Estonia,2020,81.1,100.0,64.8,89.9,96.0,77.3,84.1,78.0,80.5,81.3,89.1,92.5,52.2,62.8,87.6,96.1,90.5,55.1,18,25,80,72,8,56.09
5842,Europe,1264,Estonia,2021,81.0,100.0,63.2,89.9,96.1,76.3,84.1,78.0,82.0,82.4,89.1,91.3,52.6,61.5,87.5,96.1,90.4,56.2,18,35,82,68,8,
5843,Europe,1265,Estonia,2022,81.7,100.0,63.2,89.5,96.1,76.8,84.1,78.0,82.2,83.3,89.1,90.5,52.6,61.5,87.5,96.1,91.0,67.3,18,30,70,65,10,
5844,Africa,1266,Eswatini,2000,48.1,22.9,56.1,23.0,55.2,58.0,39.4,39.8,45.3,13.2,13.9,66.5,86.2,96.8,0.0,50.4,50.9,51.9,20,20,15,25,5,27.52
5845,Africa,1267,Eswatini,2001,48.2,22.9,57.4,22.7,55.6,58.0,39.8,43.4,44.5,13.1,13.9,66.6,86.2,97.1,0.0,50.4,49.2,50.5,10,10,15,18,10,27.59
5846,Africa,1268,Eswatini,2002,48.4,22.9,56.4,23.5,56.7,58.0,40.2,44.9,43.9,13.2,13.9,66.8,86.2,97.2,0.0,50.4,50.8,48.9,30,30,12,45,12,27.66
5847,Africa,1269,Eswatini,2003,49.0,22.9,57.5,23.1,55.8,62.0,40.7,46.3,43.1,13.2,13.9,66.9,86.2,97.4,0.0,50.4,50.8,53.0,30,15,12,20,10,27.73
5848,Africa,1270,Eswatini,2004,49.1,22.9,55.9,23.1,57.5,61.5,41.2,47.0,43.1,13.3,13.9,67.0,86.2,97.4,0.0,50.4,49.5,55.8,5,20,13,20,12,27.8
5849,Africa,1271,Eswatini,2005,49.8,22.9,55.2,24.1,58.4,60.9,41.6,49.6,43.1,13.6,13.9,67.3,86.2,97.4,0.0,50.4,53.0,58.5,10,15,15,25,5,27.87
5850,Africa,1272,Eswatini,2006,51.1,22.9,56.5,25.9,60.4,60.2,42.2,54.5,43.1,13.6,13.9,69.5,86.2,97.4,0.0,50.4,54.4,65.9,40,20,18,25,15,27.94
5851,Africa,1273,Eswatini,2007,51.1,22.9,56.6,26.2,61.3,59.1,42.8,56.3,43.1,13.6,13.9,69.6,86.2,97.4,0.0,50.4,54.6,63.9,20,30,18,20,10,28.01
5852,Africa,1274,Eswatini,2008,51.6,22.9,58.1,26.4,61.3,60.5,43.4,57.7,43.1,14.3,13.9,71.8,86.2,97.4,0.0,50.4,51.7,67.1,30,20,18,20,10,28.08
5853,Africa,1275,Eswatini,2009,51.4,22.9,56.9,26.0,61.2,60.2,44.1,56.0,43.1,14.9,16.2,71.9,86.2,97.3,0.0,50.4,52.6,62.6,10,20,18,35,15,28.15
5854,Africa,1276,Eswatini,2010,52.1,22.9,56.0,29.2,68.0,64.2,44.7,59.3,43.1,15.7,16.2,74.0,86.2,97.5,0.0,50.4,52.0,54.0,40,30,10,28,5,28.22
5855,Africa,1277,Eswatini,2011,52.9,25.3,56.0,29.7,71.5,65.1,45.3,62.3,43.3,16.7,16.2,74.3,86.2,97.5,0.0,50.3,53.1,54.2,43,20,25,20,10,28.29
5856,Africa,1278,Eswatini,2012,54.2,27.2,57.2,30.6,68.1,65.8,46.0,64.6,44.2,17.0,16.2,76.5,86.2,97.1,0.0,50.3,57.8,61.6,15,15,15,25,10,28.36
5857,Africa,1279,Eswatini,2013,54.4,29.5,57.6,32.2,66.8,65.0,46.6,64.9,45.0,18.0,16.2,76.5,86.2,96.6,0.0,50.4,58.2,60.6,40,15,15,35,18,28.43
5858,Africa,1280,Eswatini,2014,55.6,31.6,57.7,33.6,66.4,66.5,47.2,70.5,45.7,19.1,16.2,78.9,86.2,98.0,0.0,50.4,58.5,63.4,15,5,15,20,5,28.51
5859,Africa,1281,Eswatini,2015,55.4,32.3,57.3,33.8,65.7,67.1,47.8,67.6,46.5,20.2,16.2,79.0,86.2,97.8,0.0,50.4,58.5,59.3,40,20,20,40,10,28.58
5860,Africa,1282,Eswatini,2016,54.5,32.5,48.4,34.7,69.6,67.4,48.4,61.5,47.3,20.8,11.8,81.4,86.0,97.4,0.0,50.4,57.1,56.8,20,15,15,22,15,28.65
5861,Africa,1283,Eswatini,2017,55.9,34.2,48.8,35.8,70.3,67.6,49.1,65.8,47.3,29.4,11.8,81.5,85.8,97.6,0.0,50.4,56.3,62.8,30,25,25,20,15,28.72
5862,Africa,1284,Eswatini,2018,56.4,34.0,49.2,35.3,72.2,68.3,49.8,67.5,47.3,31.5,11.8,84.2,85.6,97.5,0.0,50.0,55.9,62.1,30,28,17,18,5,28.79
5863,Africa,1285,Eswatini,2019,56.9,32.5,49.6,37.2,74.0,68.5,50.5,69.3,47.2,35.0,11.8,84.4,85.4,97.4,0.0,50.0,56.7,61.3,10,25,22,45,12,28.86
5864,Africa,1286,Eswatini,2020,57.3,32.0,49.9,36.8,74.2,69.7,50.5,70.5,44.2,37.9,11.8,84.4,85.4,97.5,0.0,50.3,57.6,63.2,35,18,20,20,5,28.93
5865,Africa,1287,Eswatini,2021,57.5,32.9,50.3,37.2,74.2,70.0,50.5,70.5,44.9,40.9,11.8,84.4,85.3,97.5,0.0,50.6,56.7,61.8,10,30,15,20,10,
5866,Africa,1288,Eswatini,2022,57.9,33.7,50.4,35.7,74.2,70.0,50.5,70.5,44.8,40.9,11.8,86.8,85.3,97.5,0.0,50.6,53.7,60.8,25,15,18,23,10,
5867,Africa,1289,Ethiopia,2000,44.2,20.9,34.6,19.1,0.4,21.7,39.0,18.2,64.4,17.8,89.2,43.7,99.0,99.0,0.0,56.8,38.0,44.7,50,72,15,20,10,16.55
5868,Africa,1290,Ethiopia,2001,44.2,20.9,35.6,19.9,0.4,21.7,39.0,17.2,64.6,17.8,89.2,43.8,99.0,99.0,0.0,56.8,38.0,44.6,5,70,15,18,15,16.48
5869,Africa,1291,Ethiopia,2002,44.2,20.9,32.8,20.6,0.4,21.7,39.0,17.4,64.7,17.8,89.2,44.1,99.0,99.0,0.0,56.8,38.0,45.4,10,65,15,20,15,16.42
5870,Africa,1292,Ethiopia,2003,44.3,20.9,33.2,21.5,0.4,21.7,38.4,18.1,64.8,17.8,89.2,44.1,99.0,99.0,0.0,56.8,38.0,46.0,55,60,10,24,15,16.35
5871,Africa,1293,Ethiopia,2004,44.5,20.9,34.0,22.5,2.5,22.1,37.9,19.0,64.9,17.8,89.2,45.1,99.0,99.0,0.0,56.8,38.0,43.5,45,60,15,20,15,16.29
5872,Africa,1294,Ethiopia,2005,45.6,20.9,36.7,23.4,4.4,32.9,37.4,19.9,65.0,17.8,89.2,45.5,99.0,99.0,0.0,56.8,38.0,43.3,43,65,15,18,20,16.22
5873,Africa,1295,Ethiopia,2006,46.1,20.9,37.4,25.5,6.8,33.2,37.2,21.6,65.0,17.8,89.2,46.4,99.0,99.0,0.0,56.8,38.0,44.6,15,60,15,18,5,16.16
5874,Africa,1296,Ethiopia,2007,46.7,20.9,36.9,27.3,14.2,33.3,37.0,21.9,65.0,17.8,89.2,46.4,99.0,99.0,0.0,56.9,38.0,44.9,38,75,15,20,7,16.09
5875,Africa,1297,Ethiopia,2008,47.2,20.9,37.0,29.4,20.3,32.7,36.8,22.1,65.1,17.8,89.2,47.4,99.0,99.0,0.0,56.9,38.0,43.6,42,60,15,20,15,16.03
5876,Africa,1298,Ethiopia,2009,47.5,20.9,40.9,31.5,19.6,32.3,36.7,22.8,65.1,17.8,89.2,47.4,99.0,99.0,0.0,56.9,38.0,42.5,40,66,15,18,10,15.96
5877,Africa,1299,Ethiopia,2010,47.9,20.9,41.7,35.5,18.8,42.1,36.5,24.7,65.1,18.1,78.5,48.0,99.0,99.0,0.0,56.9,38.0,43.3,58,72,15,17,15,15.9
5878,Africa,1300,Ethiopia,2011,48.7,24.3,47.1,36.7,20.9,42.1,36.3,24.5,65.1,18.1,78.5,47.9,99.0,98.9,0.0,57.1,38.0,44.1,20,65,7,25,5,15.83
5879,Africa,1301,Ethiopia,2012,49.3,24.1,47.8,38.4,20.8,42.1,36.2,26.9,65.1,21.5,78.5,48.8,99.0,98.7,0.0,57.2,38.0,45.6,40,58,15,35,15,15.77
5880,Africa,1302,Ethiopia,2013,49.6,26.6,49.7,38.1,20.8,44.2,36.0,27.3,65.1,23.3,78.5,49.1,99.0,98.8,0.0,57.3,36.6,43.3,40,68,13,33,20,15.7
5881,Africa,1303,Ethiopia,2014,50.5,27.8,52.8,38.9,25.3,46.6,36.0,26.0,65.0,23.9,78.5,50.9,99.0,98.6,0.0,57.3,38.8,42.5,45,65,15,25,30,15.63
5882,Africa,1304,Ethiopia,2015,50.8,30.1,54.0,41.5,25.9,54.2,36.3,27.1,63.8,24.2,71.7,49.0,99.0,98.3,0.0,57.3,36.8,43.1,68,63,15,33,25,15.57
5883,Africa,1305,Ethiopia,2016,51.4,30.5,52.9,42.4,28.9,55.4,36.7,31.2,63.7,24.4,71.7,49.9,99.0,98.2,0.0,57.3,36.4,43.5,40,65,15,22,20,15.5
5884,Africa,1306,Ethiopia,2017,52.3,32.5,53.0,43.3,34.1,55.7,37.2,31.5,66.1,24.4,71.7,50.9,98.9,98.4,0.0,57.7,35.2,46.0,63,72,15,30,20,15.44
5885,Africa,1307,Ethiopia,2018,52.5,32.6,52.3,43.9,34.1,57.3,37.7,31.9,65.5,24.5,71.7,52.9,98.9,98.2,0.0,57.6,36.3,44.3,60,71,18,22,20,15.37
5886,Africa,1308,Ethiopia,2019,53.2,35.2,54.3,46.7,34.1,57.8,38.2,33.0,67.1,25.1,71.7,51.2,98.8,98.2,0.0,57.6,38.9,43.2,38,70,14,25,20,15.31
5887,Africa,1309,Ethiopia,2020,53.7,38.6,53.5,48.3,34.1,57.5,38.7,34.1,65.7,25.7,71.7,55.7,98.8,98.2,0.0,57.6,38.1,42.6,55,70,15,23,20,15.24
5888,Africa,1310,Ethiopia,2021,54.3,44.9,53.5,48.0,31.7,59.6,38.7,34.1,66.1,26.3,71.7,55.7,98.8,98.2,0.0,57.8,38.0,45.4,70,72,22,18,30,
5889,Africa,1311,Ethiopia,2022,54.5,48.8,53.7,46.5,31.7,59.7,38.7,34.1,66.1,26.3,71.7,48.0,98.8,98.2,0.0,57.8,34.7,46.1,70,68,18,18,5,
5890,Oceania,1312,Fiji,2000,66.7,92.3,62.1,68.7,68.8,45.9,67.0,66.6,51.8,23.3,60.9,90.6,86.1,97.5,66.4,46.9,78.0,61.2,30,45,22,15,5,55.09
5891,Oceania,1313,Fiji,2001,66.3,92.3,60.0,69.4,71.0,46.3,67.0,61.3,52.0,23.3,60.9,90.6,86.1,97.0,64.7,46.8,78.0,59.9,15,45,10,15,8,55.45
5892,Oceania,1314,Fiji,2002,66.9,92.3,59.6,69.6,71.9,46.6,67.1,67.4,52.1,24.0,60.9,90.6,86.1,97.5,65.2,46.7,78.0,61.1,30,45,10,15,8,55.82
5893,Oceania,1315,Fiji,2003,66.7,92.3,60.5,67.5,72.0,47.0,67.3,62.9,52.0,24.5,60.9,90.6,86.1,97.1,66.7,46.6,78.0,61.1,35,35,15,20,10,56.19
5894,Oceania,1316,Fiji,2004,66.6,92.3,59.0,68.5,72.7,48.8,67.6,59.4,52.2,25.0,60.9,90.6,86.1,96.3,67.0,47.2,78.1,61.0,35,45,20,18,8,56.55
5895,Oceania,1317,Fiji,2005,67.0,92.3,59.0,69.5,72.7,49.1,67.9,63.4,53.8,25.2,60.9,90.7,86.1,97.1,66.9,47.0,78.1,59.2,35,65,18,20,5,56.92
5896,Oceania,1318,Fiji,2006,67.3,92.3,59.7,69.2,72.6,49.5,68.2,63.3,53.7,26.0,60.9,90.9,86.1,96.7,67.1,47.7,78.1,61.4,40,72,8,20,8,57.28
5897,Oceania,1319,Fiji,2007,67.7,92.3,60.4,70.6,72.6,49.8,68.6,63.9,53.4,26.6,60.9,90.9,86.1,96.9,69.7,47.6,78.2,61.8,35,50,15,10,8,57.65
5898,Oceania,1320,Fiji,2008,66.9,92.3,58.0,71.1,72.9,49.9,69.0,66.9,53.3,26.4,50.9,91.3,86.1,97.7,67.0,47.5,78.4,58.7,35,65,25,20,10,58.01
5899,Oceania,1321,Fiji,2009,67.0,92.3,59.2,72.6,71.3,50.1,69.3,67.3,53.0,27.1,50.9,91.3,86.1,98.0,65.6,47.4,77.9,59.0,25,65,13,20,8,58.38
5900,Oceania,1322,Fiji,2010,66.4,92.3,58.5,72.9,71.7,50.3,69.7,59.9,53.0,27.5,50.9,91.4,86.1,97.0,67.3,47.3,74.2,58.5,40,55,18,20,10,58.74
5901,Oceania,1323,Fiji,2011,66.8,93.1,57.4,72.9,74.9,50.3,70.1,63.3,52.8,29.6,50.9,91.3,86.1,97.2,65.8,47.3,74.2,57.7,35,61,20,25,5,59.11
5902,Oceania,1324,Fiji,2012,67.0,93.6,55.9,73.1,74.2,50.5,70.4,64.2,52.8,33.9,50.9,92.1,86.1,97.3,64.1,47.2,74.2,58.4,10,60,20,40,10,59.47
5903,Oceania,1325,Fiji,2013,68.8,94.6,57.2,73.6,75.7,53.1,70.8,64.4,53.0,41.7,65.8,92.4,86.1,97.2,65.4,47.0,74.2,57.2,20,55,20,35,7,59.84
5904,Oceania,1326,Fiji,2014,69.5,94.6,62.3,73.1,76.1,55.7,71.2,64.3,53.1,42.9,65.8,92.8,86.1,96.8,66.0,47.0,75.2,57.8,10,60,18,15,8,60.2
5905,Oceania,1327,Fiji,2015,69.4,94.4,57.8,72.7,76.3,56.1,71.5,63.1,53.0,44.5,65.8,93.0,86.1,96.6,68.1,46.9,74.7,59.4,20,55,15,45,8,60.57
5906,Oceania,1328,Fiji,2016,69.5,93.7,57.6,72.8,76.0,55.5,71.9,62.0,53.0,46.4,65.8,93.6,85.9,96.8,68.9,46.8,75.6,59.5,15,65,30,35,10,60.94
5907,Oceania,1329,Fiji,2017,71.2,93.5,57.5,72.4,89.3,55.6,72.2,64.0,53.1,56.9,65.8,93.7,85.7,96.4,69.2,46.7,75.8,62.0,25,45,36,45,8,61.3
5908,Oceania,1330,Fiji,2018,71.7,92.9,58.2,71.8,98.1,57.6,72.3,64.3,53.0,53.8,65.8,93.8,85.4,96.3,71.9,45.7,76.4,61.7,20,60,30,40,10,61.67
5909,Oceania,1331,Fiji,2019,73.0,91.3,59.1,71.4,98.7,57.7,72.4,62.8,52.7,56.0,88.1,94.0,85.2,96.3,72.5,45.6,76.2,60.9,20,52,25,45,5,62.03
5910,Oceania,1332,Fiji,2020,72.8,86.2,59.4,71.3,98.0,57.8,72.4,63.4,52.0,59.6,88.1,94.0,85.2,96.1,73.1,45.6,76.2,59.2,30,65,30,30,5,62.4
5911,Oceania,1333,Fiji,2021,72.7,84.2,61.2,71.2,93.6,58.9,72.4,63.4,51.8,60.4,88.1,94.0,84.6,96.0,73.1,46.0,76.0,61.4,15,55,24,45,10,
5912,Oceania,1334,Fiji,2022,72.9,89.7,61.2,71.2,93.6,59.0,72.4,63.4,53.3,60.4,88.1,94.0,84.6,96.0,73.1,45.8,71.8,61.4,15,63,30,30,7,
5913,Europe,1335,Finland,2000,82.8,99.5,66.3,90.6,99.7,84.0,94.3,85.5,84.9,75.9,98.8,91.4,54.3,60.1,86.4,80.0,90.8,64.8,10,15,85,81,8,73.86
5914,Europe,1336,Finland,2001,82.7,99.5,65.0,90.8,99.9,84.0,94.3,84.3,85.3,76.6,98.8,91.4,55.3,58.4,86.1,80.0,90.7,65.2,8,19,85,78,10,73.79
5915,Europe,1337,Finland,2002,82.8,99.5,65.3,90.9,99.6,84.1,94.3,84.1,85.2,79.6,98.8,91.4,55.0,57.6,84.8,80.1,90.9,66.1,7,10,82,80,0,73.72
5916,Europe,1338,Finland,2003,82.7,99.5,64.8,91.4,99.1,84.6,94.3,83.6,85.1,80.8,98.5,91.4,54.7,55.2,84.1,80.2,91.0,66.8,7,15,80,81,7,73.66
5917,Europe,1339,Finland,2004,83.0,99.5,64.3,91.5,98.5,84.6,94.3,85.1,85.0,81.3,98.2,91.4,55.1,56.5,84.5,82.7,90.8,67.0,10,15,78,83,7,73.59
5918,Europe,1340,Finland,2005,83.7,99.5,65.0,92.3,98.2,84.6,94.0,85.3,86.2,81.6,98.6,91.4,56.0,60.3,86.9,84.4,90.9,67.1,10,15,88,70,10,73.52
5919,Europe,1341,Finland,2006,83.5,99.5,64.6,92.8,97.8,84.8,93.6,85.1,86.6,82.4,97.7,91.4,55.9,56.8,87.5,84.4,91.2,67.0,10,25,75,80,8,73.45
5920,Europe,1342,Finland,2007,83.7,99.5,65.3,92.7,98.2,86.6,93.9,85.4,87.0,82.6,97.3,91.4,55.6,57.4,87.7,84.4,90.8,66.3,10,15,82,82,10,73.39
5921,Europe,1343,Finland,2008,84.0,99.5,64.6,92.9,98.5,86.8,94.1,87.0,87.1,83.8,98.6,89.8,55.8,60.1,87.7,84.4,89.8,67.0,8,15,85,79,8,73.32
5922,Europe,1344,Finland,2009,84.8,99.5,65.6,93.3,97.2,86.1,94.3,85.9,86.3,93.3,100.0,89.8,57.5,61.0,87.7,84.4,89.9,69.1,7,12,85,75,7,73.25
5923,Europe,1345,Finland,2010,84.6,99.5,62.1,94.1,98.0,86.3,94.3,86.2,86.2,95.8,99.1,89.7,57.0,58.5,87.3,84.4,90.3,69.1,10,12,85,85,7,73.19
5924,Europe,1346,Finland,2011,85.2,99.5,64.5,94.0,98.3,87.7,94.3,87.1,86.4,96.2,99.2,90.1,57.6,61.6,87.1,84.5,90.2,69.2,10,15,83,82,7,73.3
5925,Europe,1347,Finland,2012,85.5,99.5,64.2,94.4,98.4,87.9,94.3,89.1,86.5,97.4,100.0,89.5,57.6,61.5,86.9,84.5,90.0,71.0,10,15,85,82,8,73.41
5926,Europe,1348,Finland,2013,85.5,99.5,65.1,94.5,98.8,89.2,94.3,89.1,86.2,97.1,99.7,89.6,57.7,62.1,87.4,84.5,88.4,71.1,10,20,85,81,10,73.52
5927,Europe,1349,Finland,2014,85.5,99.5,64.9,94.7,97.9,89.4,94.3,90.3,86.0,94.1,100.0,90.7,57.9,64.8,84.9,84.5,89.1,71.1,15,15,88,78,7,73.63
5928,Europe,1350,Finland,2015,85.9,99.5,64.0,95.0,98.3,89.1,94.3,91.6,85.7,93.0,99.7,90.8,58.7,69.1,85.0,85.0,91.1,70.6,10,20,82,75,10,73.74
5929,Europe,1351,Finland,2016,85.4,99.5,63.7,95.2,98.7,88.9,94.3,91.1,86.0,86.0,99.7,92.0,58.2,67.5,85.1,85.1,90.4,69.9,10,20,85,79,8,73.74
5930,Europe,1352,Finland,2017,86.0,99.5,64.2,94.8,98.5,89.1,94.3,92.2,86.1,94.4,98.8,93.7,58.1,68.5,85.1,85.1,89.8,69.1,10,25,85,78,7,73.74
5931,Europe,1353,Finland,2018,85.6,99.5,61.4,95.2,97.5,89.3,94.3,92.1,86.8,94.7,98.4,91.2,57.8,66.3,85.3,85.1,90.6,69.0,12,20,88,78,8,73.74
5932,Europe,1354,Finland,2019,86.1,99.6,63.6,95.6,98.1,91.8,94.3,93.0,87.1,95.0,97.2,89.2,57.7,67.3,88.0,85.1,91.7,69.6,12,18,83,86,10,73.74
5933,Europe,1355,Finland,2020,86.4,99.5,62.4,95.5,97.2,91.2,94.3,93.0,86.5,95.9,98.5,91.2,57.7,68.8,88.1,85.1,92.5,71.4,15,25,85,80,8,73.74
5934,Europe,1356,Finland,2021,86.6,99.6,60.9,95.4,97.2,91.3,94.3,93.0,86.5,96.0,98.5,92.0,60.1,68.8,88.0,85.1,92.2,72.7,12,22,83,79,8,
5935,Europe,1357,Finland,2022,86.8,99.6,60.9,95.4,97.2,92.1,94.3,93.0,86.8,96.0,98.5,91.2,60.1,68.8,87.9,85.1,92.5,75.6,15,20,82,72,7,
5936,Europe,1358,France,2000,75.1,99.8,74.6,88.7,93.2,68.8,88.1,75.0,83.3,66.4,86.8,87.8,56.4,68.5,47.1,54.0,74.5,64.3,18,10,65,70,7,27.92
5937,Europe,1359,France,2001,75.3,99.8,73.2,88.9,93.2,68.9,88.1,75.0,84.1,68.4,86.8,87.8,56.2,68.4,48.4,54.5,74.5,64.4,20,18,55,62,7,28.13
5938,Europe,1360,France,2002,75.6,99.8,74.7,89.4,93.1,69.6,88.1,74.7,84.1,69.4,86.8,87.8,56.6,68.6,47.9,54.3,74.4,64.9,20,15,65,60,8,28.33
5939,Europe,1361,France,2003,75.5,99.8,71.6,90.2,93.0,69.7,88.1,74.8,84.3,70.9,86.4,87.8,56.7,68.5,48.0,54.7,74.5,64.9,20,20,40,72,7,28.54
5940,Europe,1362,France,2004,75.8,99.8,74.4,90.7,93.0,69.8,88.0,74.9,83.9,71.8,87.5,87.8,56.7,68.6,47.8,54.8,74.5,65.0,10,15,60,60,8,28.75
5941,Europe,1363,France,2005,76.2,99.8,73.8,90.7,95.7,69.8,87.9,74.7,84.1,72.2,88.6,87.9,57.3,68.6,48.7,55.4,74.5,65.0,30,18,45,58,7,28.95
5942,Europe,1364,France,2006,76.6,99.8,73.2,91.3,99.2,70.0,88.2,74.7,84.1,72.8,88.8,87.9,57.5,68.9,49.2,56.6,74.8,65.0,20,10,65,75,7,29.16
5943,Europe,1365,France,2007,76.4,99.8,71.9,90.7,98.7,73.2,88.4,75.2,84.5,75.5,85.0,83.4,57.1,69.3,49.4,57.3,74.5,64.9,20,15,75,65,5,29.37
5944,Europe,1366,France,2008,77.1,99.8,74.0,91.5,99.3,73.3,88.9,75.8,84.8,77.6,84.1,86.6,57.8,69.5,50.6,58.1,74.8,65.0,14,20,80,70,7,29.57
5945,Europe,1367,France,2009,77.6,99.8,74.2,90.4,98.3,74.6,88.9,76.0,84.0,79.7,84.6,88.7,58.6,70.1,52.4,59.0,73.6,66.0,18,20,42,70,8,29.78
5946,Europe,1368,France,2010,77.8,99.8,73.5,92.0,97.6,73.6,88.9,76.5,83.9,81.6,83.1,89.8,58.3,70.0,53.7,59.1,74.5,65.8,25,30,85,65,10,29.99
5947,Europe,1369,France,2011,77.7,99.8,73.1,92.4,98.6,73.7,88.6,76.0,83.9,82.9,83.7,89.0,58.6,69.9,52.3,59.2,74.2,65.4,30,35,62,55,10,30.14
5948,Europe,1370,France,2012,78.7,99.8,73.4,92.1,99.1,77.9,89.0,76.8,83.6,84.6,84.0,88.5,59.0,71.7,58.3,59.9,75.0,65.5,20,15,55,60,10,30.29
5949,Europe,1371,France,2013,79.1,99.8,73.0,92.6,98.3,79.8,89.2,77.4,83.3,85.6,87.6,89.0,58.9,70.9,59.5,59.9,74.5,65.7,30,40,72,70,10,30.44
5950,Europe,1372,France,2014,79.6,99.8,73.4,92.4,97.7,79.6,89.2,77.5,83.0,87.4,87.6,93.4,59.0,71.2,57.7,62.9,74.8,65.9,35,35,65,72,8,30.6
5951,Europe,1373,France,2015,79.8,99.6,73.2,92.4,97.9,79.9,89.0,77.5,82.7,87.6,86.4,94.5,59.3,72.7,59.4,63.5,75.5,66.1,35,38,70,55,8,30.75
5952,Europe,1374,France,2016,80.0,98.3,69.1,92.5,99.2,80.0,89.4,77.8,82.9,88.7,88.5,93.1,59.1,72.8,63.3,63.8,74.3,66.6,38,25,60,65,7,30.9
5953,Europe,1375,France,2017,81.0,99.4,72.9,92.8,99.7,86.6,89.3,77.7,83.0,89.6,88.6,92.3,59.0,74.3,62.9,64.4,77.2,67.2,20,18,70,45,8,31.05
5954,Europe,1376,France,2018,80.9,99.7,72.1,92.9,99.6,87.2,89.3,78.5,84.1,90.5,85.6,90.4,58.9,73.4,61.5,66.9,77.0,67.0,30,35,70,66,10,31.2
5955,Europe,1377,France,2019,81.5,99.7,72.4,93.4,99.7,87.5,89.3,78.6,84.5,91.5,87.5,92.6,58.8,73.5,65.6,68.8,76.3,66.6,30,40,65,35,8,31.36
5956,Europe,1378,France,2020,81.6,99.7,71.3,93.4,99.6,87.5,89.3,78.6,84.5,92.6,87.5,89.3,58.8,74.5,65.6,69.5,75.2,71.2,38,40,60,60,10,31.51
5957,Europe,1379,France,2021,82.0,99.7,72.4,93.4,99.6,87.9,89.3,78.6,85.2,92.8,87.5,90.5,60.5,73.8,65.7,69.3,75.9,71.6,35,40,64,80,10,
5958,Europe,1380,France,2022,82.0,99.7,72.4,93.2,99.6,87.8,89.3,78.6,85.3,92.8,87.5,90.5,60.5,73.8,65.7,68.8,76.1,73.1,35,45,70,50,8,
5959,Africa,1381,Gabon,2000,53.3,86.1,52.4,31.1,59.6,32.5,56.4,44.7,61.5,10.6,42.4,46.2,84.1,81.7,69.4,54.1,44.3,49.6,30,25,15,25,5,91.98
5960,Africa,1382,Gabon,2001,53.6,86.1,52.2,31.2,59.6,32.9,56.7,46.2,61.7,10.7,42.4,46.2,84.8,81.7,71.0,54.1,44.3,50.0,25,35,12,25,7,91.96
5961,Africa,1383,Gabon,2002,56.3,86.1,52.1,32.1,59.6,33.3,57.0,56.6,61.7,10.7,42.4,46.7,83.6,82.4,76.4,82.7,44.3,49.9,15,55,15,20,5,91.94
5962,Africa,1384,Gabon,2003,56.7,86.1,51.8,33.0,59.6,33.7,57.3,60.2,61.7,10.8,42.4,46.6,83.1,82.5,77.5,82.7,44.3,50.3,30,43,15,20,8,91.92
5963,Africa,1385,Gabon,2004,57.0,86.1,50.5,33.4,59.6,34.1,57.6,66.4,61.8,11.0,42.4,47.0,83.1,82.6,76.4,82.7,44.3,50.1,30,30,15,20,8,91.9
5964,Africa,1386,Gabon,2005,57.3,86.1,50.4,34.4,59.6,34.4,57.9,70.6,61.8,11.4,42.4,48.2,82.4,82.5,75.9,82.7,44.3,49.6,30,45,20,30,8,91.88
5965,Africa,1387,Gabon,2006,57.6,86.1,50.1,34.1,59.6,36.4,58.1,73.6,61.4,11.6,42.4,48.6,82.0,84.0,73.8,82.7,44.3,49.9,28,50,15,30,10,91.86
5966,Africa,1388,Gabon,2007,58.0,86.1,50.3,36.7,59.6,38.9,58.4,76.1,61.0,11.4,42.4,48.5,81.5,84.3,73.7,82.7,44.3,49.9,30,30,24,20,10,91.84
5967,Africa,1389,Gabon,2008,58.1,86.1,50.8,37.7,59.6,39.2,58.7,76.6,60.5,12.1,42.4,49.0,81.4,84.4,71.7,82.7,44.3,49.6,35,40,18,20,10,91.82
5968,Africa,1390,Gabon,2009,58.3,86.1,51.0,38.0,59.6,38.5,59.0,77.5,60.2,12.7,42.4,48.9,81.2,84.5,73.6,82.7,44.3,50.4,30,40,18,15,8,91.8
5969,Africa,1391,Gabon,2010,58.4,86.1,52.0,40.7,59.6,38.8,59.3,78.9,59.8,13.1,42.4,48.5,80.8,83.9,72.5,82.7,44.3,49.2,25,38,32,50,10,91.78
5970,Africa,1392,Gabon,2011,58.7,87.3,52.3,42.5,59.6,38.8,59.6,79.0,59.8,14.2,42.4,48.6,82.6,84.4,71.5,82.7,44.3,49.1,20,35,20,28,7,91.74
5971,Africa,1393,Gabon,2012,59.1,88.1,52.8,44.7,59.6,45.0,59.9,75.4,59.8,14.3,42.4,49.6,83.7,84.9,69.1,82.7,43.6,49.0,35,65,15,20,10,91.69
5972,Africa,1394,Gabon,2013,59.3,89.3,52.9,45.0,59.6,46.8,60.1,79.5,59.8,15.4,42.4,49.5,80.9,84.3,66.4,82.7,43.7,49.6,30,40,20,35,8,91.64
5973,Africa,1395,Gabon,2014,59.2,89.9,52.9,43.8,59.6,45.9,60.4,78.2,61.9,18.9,42.4,49.0,81.8,84.0,67.8,82.7,43.0,45.0,38,50,18,30,8,91.6
5974,Africa,1396,Gabon,2015,59.8,90.3,52.2,47.8,59.6,45.0,60.6,79.2,61.9,22.6,42.4,51.0,82.4,86.0,69.2,82.7,43.0,41.0,40,58,25,20,8,91.55
5975,Africa,1397,Gabon,2016,60.4,90.4,52.2,47.8,59.6,44.7,60.8,80.8,61.9,29.5,42.4,51.1,82.6,86.9,71.1,82.7,42.6,38.9,35,60,20,30,15,91.51
5976,Africa,1398,Gabon,2017,61.8,90.3,51.2,48.2,59.6,45.9,61.0,81.3,65.9,29.9,61.8,49.7,83.0,87.9,70.3,82.8,41.6,40.9,35,45,18,45,10,91.46
5977,Africa,1399,Gabon,2018,61.9,89.8,51.2,48.0,60.4,45.7,61.1,82.8,65.8,32.9,61.8,51.0,83.8,89.2,65.8,82.9,41.1,39.1,38,55,18,25,8,91.41
5978,Africa,1400,Gabon,2019,62.2,89.6,51.5,49.4,60.4,45.9,61.3,84.8,65.9,34.6,61.8,49.8,83.6,89.6,65.8,82.9,40.1,41.2,30,40,15,40,10,91.37
5979,Africa,1401,Gabon,2020,62.0,88.8,51.4,48.7,60.4,44.2,61.4,85.1,65.3,34.7,61.8,48.2,83.6,89.8,65.8,82.9,39.6,43.1,32,42,18,23,10,91.32
5980,Africa,1402,Gabon,2021,62.8,88.0,51.5,50.5,60.8,45.1,61.4,85.1,66.4,36.2,61.8,52.2,83.6,89.9,65.8,83.2,39.5,46.9,35,55,15,35,10,
5981,Africa,1403,Gabon,2022,63.1,88.7,51.6,50.5,60.8,45.2,61.4,85.1,66.6,36.2,61.8,54.7,83.6,89.9,65.8,83.2,40.3,47.3,40,40,20,25,5,
5982,Africa,1404,"Gambia, The",2000,46.4,31.5,48.1,29.5,21.1,17.1,58.4,21.8,65.1,14.3,22.1,55.8,94.5,99.0,45.7,82.8,46.7,35.9,30,38,8,18,10,35.31
5983,Africa,1405,"Gambia, The",2001,46.8,31.5,46.8,30.9,20.8,17.1,58.3,21.1,65.1,14.4,22.1,55.8,95.2,99.0,52.1,82.8,46.7,35.4,25,35,13,20,15,34.74
5984,Africa,1406,"Gambia, The",2002,47.0,31.5,45.6,31.7,19.3,19.0,58.1,22.6,65.0,14.3,22.1,56.3,95.7,99.0,53.4,82.8,46.7,35.7,30,50,15,12,10,34.18
5985,Africa,1407,"Gambia, The",2003,47.4,31.5,45.8,32.2,24.0,23.1,58.0,22.5,65.0,14.4,22.1,56.3,95.5,99.0,49.7,84.0,46.7,35.7,35,30,15,20,10,33.61
5986,Africa,1408,"Gambia, The",2004,47.8,31.5,45.9,32.8,26.1,23.6,57.9,24.6,65.0,14.6,22.1,56.8,95.6,99.0,51.2,84.0,46.7,34.8,20,35,15,35,8,33.04
5987,Africa,1409,"Gambia, The",2005,48.3,31.5,45.3,33.9,26.4,24.2,58.0,24.0,64.9,14.7,22.1,57.9,95.7,99.0,58.0,84.0,46.7,34.9,30,30,15,20,15,32.48
5988,Africa,1410,"Gambia, The",2006,49.0,31.5,46.6,34.3,28.7,24.7,58.1,26.0,64.8,15.0,22.1,58.4,95.7,99.0,62.7,84.0,46.7,35.1,35,35,15,18,10,31.91
5989,Africa,1411,"Gambia, The",2007,49.0,31.5,45.9,34.1,28.9,23.4,58.2,26.8,64.8,15.1,22.1,58.4,95.9,99.0,63.6,84.0,46.7,35.0,40,28,15,20,15,31.34
5990,Africa,1412,"Gambia, The",2008,49.3,31.5,48.3,36.5,25.1,24.0,58.3,27.3,64.8,15.2,22.1,58.8,95.9,99.0,63.7,84.0,46.7,37.3,38,40,15,18,15,30.78
5991,Africa,1413,"Gambia, The",2009,49.6,31.5,50.1,37.8,25.9,23.6,58.4,27.6,64.8,15.3,22.1,58.8,95.8,99.0,64.4,84.0,46.7,37.1,37,33,15,20,10,30.21
5992,Africa,1414,"Gambia, The",2010,50.6,31.5,48.5,39.5,26.6,24.2,58.5,27.7,64.7,15.5,35.1,59.4,95.9,98.9,64.3,84.0,46.7,38.2,35,35,15,20,8,29.64
5993,Africa,1415,"Gambia, The",2011,50.6,30.8,46.5,40.0,27.6,24.9,58.7,28.1,64.5,15.9,35.1,59.5,96.0,99.0,64.3,84.0,46.7,38.3,42,40,15,35,5,29.08
5994,Africa,1416,"Gambia, The",2012,51.0,31.7,48.8,41.2,29.7,25.6,58.8,28.8,64.6,14.6,35.1,59.8,96.2,99.0,63.8,84.0,46.7,38.8,30,55,15,40,12,28.51
5995,Africa,1417,"Gambia, The",2013,51.8,40.0,47.2,41.1,32.0,29.5,58.9,29.4,65.1,15.0,35.1,60.3,96.1,99.1,64.2,84.0,45.9,37.2,30,40,15,35,10,27.95
5996,Africa,1418,"Gambia, The",2014,52.4,42.8,46.0,41.7,35.2,31.9,59.0,29.0,65.5,16.6,35.1,60.1,96.0,99.0,65.9,84.0,45.8,37.9,40,40,15,35,10,27.38
5997,Africa,1419,"Gambia, The",2015,55.3,46.1,45.2,44.3,42.3,33.3,59.2,29.7,66.1,17.6,69.1,58.4,96.1,98.8,65.9,84.0,46.0,37.7,40,55,20,18,15,26.81
5998,Africa,1420,"Gambia, The",2016,55.5,43.7,46.0,45.0,42.2,34.7,59.3,30.5,66.6,19.0,69.1,59.9,96.1,98.9,65.8,84.0,45.4,37.9,35,55,18,18,10,26.25
5999,Africa,1421,"Gambia, The",2017,56.3,49.9,45.5,45.1,43.9,36.5,59.4,30.6,67.1,20.2,69.1,59.7,96.1,98.8,65.8,84.0,45.8,39.6,20,60,20,28,10,25.68
6000,Africa,1422,"Gambia, The",2018,57.8,55.8,48.8,49.1,45.8,41.1,59.6,30.3,67.6,20.7,69.1,60.8,96.2,99.0,65.9,85.5,47.3,40.2,40,40,20,32,5,25.11
6001,Africa,1423,"Gambia, The",2019,58.0,56.9,47.3,50.0,48.6,42.9,59.7,30.4,67.6,22.0,69.1,59.3,96.2,99.0,63.9,85.5,48.2,39.8,37,55,25,20,8,24.55
6002,Africa,1424,"Gambia, The",2020,58.1,53.6,47.3,50.2,49.8,42.6,59.9,30.4,66.5,24.4,69.1,59.8,96.2,99.0,63.8,85.5,48.7,40.9,35,55,15,25,15,23.98
6003,Africa,1425,"Gambia, The",2021,58.5,54.5,47.4,50.1,52.6,43.0,59.9,30.4,65.6,24.6,69.1,59.8,96.2,99.0,63.7,83.0,48.8,46.9,25,30,18,24,15,
6004,Africa,1426,"Gambia, The",2022,58.3,59.4,47.6,48.6,51.5,43.1,59.9,30.4,65.7,24.6,69.1,54.9,96.2,99.0,63.7,83.0,47.7,46.6,25,55,15,24,20,
6005,Asia,1427,Georgia,2000,67.1,65.9,51.5,58.3,94.8,50.8,80.2,80.5,71.0,21.6,50.6,81.0,89.5,95.4,70.1,62.4,68.2,49.8,15,20,8,30,5,39.73
6006,Asia,1428,Georgia,2001,67.8,65.9,54.0,59.2,94.8,50.9,80.1,83.8,70.8,21.7,55.0,81.1,89.6,95.6,69.1,62.4,68.0,51.0,35,40,20,22,5,39.82
6007,Asia,1429,Georgia,2002,68.4,65.9,53.6,59.4,95.2,50.9,80.1,85.2,70.0,21.4,64.4,81.2,89.4,95.7,68.6,62.3,67.8,50.8,40,18,10,15,10,39.9
6008,Asia,1430,Georgia,2003,68.7,65.9,55.9,60.1,94.3,51.0,80.1,85.4,70.6,21.6,67.3,81.3,89.4,95.6,68.6,63.7,67.8,50.1,25,35,10,20,10,39.99
6009,Asia,1431,Georgia,2004,69.2,65.9,56.1,60.8,95.3,52.1,80.0,85.1,69.9,22.2,68.7,81.5,89.0,95.3,67.7,63.7,66.0,57.4,35,30,10,18,10,40.08
6010,Asia,1432,Georgia,2005,68.8,65.9,55.7,64.3,97.9,52.2,80.0,78.4,69.3,22.6,64.4,81.5,88.8,95.0,67.3,63.6,65.7,57.7,25,35,15,25,10,40.17
6011,Asia,1433,Georgia,2006,69.0,65.9,52.1,65.1,97.5,52.2,80.0,76.8,69.4,22.8,66.3,81.8,88.8,94.5,67.1,63.8,69.0,60.3,25,25,15,20,10,40.26
6012,Asia,1434,Georgia,2007,69.0,65.9,54.3,66.5,99.4,52.3,80.0,77.1,69.5,22.7,61.0,79.9,88.2,94.4,66.5,64.7,68.6,61.9,35,32,12,15,10,40.35
6013,Asia,1435,Georgia,2008,69.2,65.9,55.0,65.5,97.8,50.6,80.0,78.4,66.9,23.2,59.1,84.3,88.6,94.8,66.2,64.5,73.7,62.1,10,10,15,18,10,40.44
6014,Asia,1436,Georgia,2009,69.1,65.9,55.4,63.4,94.9,50.2,80.0,78.8,65.4,25.0,60.2,84.8,88.7,94.5,66.2,64.5,73.8,63.0,30,25,30,18,5,40.53
6015,Asia,1437,Georgia,2010,69.6,65.9,51.6,68.4,97.5,54.3,80.0,81.1,65.6,25.8,55.0,87.4,89.0,94.4,66.3,64.5,75.8,60.0,35,30,15,15,10,40.62
6016,Asia,1438,Georgia,2011,69.9,66.3,53.6,70.2,98.0,54.4,80.0,77.6,65.9,27.2,54.3,87.3,88.3,92.9,67.1,68.5,76.7,59.9,32,25,25,18,8,40.62
6017,Asia,1439,Georgia,2012,70.8,71.8,53.1,70.7,99.0,57.2,80.0,76.7,65.9,32.8,57.1,86.1,87.9,92.6,68.0,68.6,76.7,59.7,15,10,20,38,8,40.62
6018,Asia,1440,Georgia,2013,71.7,76.5,53.3,71.6,99.6,56.5,80.0,79.7,66.0,36.9,58.7,88.9,87.3,92.6,66.5,68.6,74.0,62.4,10,30,10,20,5,40.62
6019,Asia,1441,Georgia,2014,72.1,80.0,52.2,71.4,98.5,57.1,80.0,79.3,68.2,35.7,63.1,86.7,87.1,91.5,66.8,68.9,76.6,63.2,35,30,10,35,8,40.62
6020,Asia,1442,Georgia,2015,73.0,82.4,52.3,71.2,99.6,57.4,80.0,78.2,69.5,39.8,67.2,85.7,87.2,92.3,66.7,68.9,76.0,65.6,25,35,20,43,8,40.62
6021,Asia,1443,Georgia,2016,73.5,82.6,53.8,71.8,98.3,59.3,80.2,78.7,69.5,41.8,67.1,85.8,87.1,92.1,66.9,68.9,78.5,67.4,35,25,40,35,8,40.62
6022,Asia,1444,Georgia,2017,73.4,81.3,51.9,73.3,99.2,59.8,80.3,79.4,72.2,42.5,61.6,87.4,86.9,92.0,66.8,68.9,76.5,68.0,20,40,42,54,8,40.62
6023,Asia,1445,Georgia,2018,73.8,82.1,54.7,74.7,99.2,60.0,80.3,80.6,73.2,46.1,67.8,86.2,85.9,91.4,60.6,68.9,76.8,65.6,40,38,50,20,10,40.62
6024,Asia,1446,Georgia,2019,74.2,82.9,54.8,75.3,99.4,59.3,80.3,79.4,72.9,49.4,69.7,85.7,85.7,91.0,61.1,68.9,77.1,67.9,30,20,25,35,10,40.62
6025,Asia,1447,Georgia,2020,74.5,80.3,55.2,75.1,99.4,62.3,80.3,79.8,72.8,50.5,75.2,83.9,85.7,91.1,61.1,68.9,76.4,68.9,20,30,20,30,10,40.62
6026,Asia,1448,Georgia,2021,75.1,84.6,55.5,74.5,96.9,61.8,80.3,79.8,73.9,53.5,75.2,87.2,85.6,91.0,61.2,69.3,75.9,69.8,38,20,18,30,10,
6027,Asia,1449,Georgia,2022,75.0,88.1,55.5,75.1,96.9,61.8,80.3,79.8,74.2,53.1,75.2,83.9,85.6,91.0,61.1,69.3,74.3,69.9,35,30,25,25,10,
6028,Europe,1450,Germany,2000,76.7,99.9,75.0,87.7,96.8,70.9,82.0,68.9,84.5,70.5,94.3,89.1,51.5,56.9,54.7,66.5,83.1,72.0,15,15,80,70,10,32.55
6029,Europe,1451,Germany,2001,77.2,99.9,75.8,88.5,96.4,71.8,82.3,68.9,84.7,70.9,92.6,89.1,51.8,56.6,57.7,70.7,83.2,72.1,18,20,60,78,10,32.56
6030,Europe,1452,Germany,2002,77.3,99.9,73.6,88.7,93.6,73.3,82.7,69.4,84.4,74.0,92.9,89.1,52.0,56.9,57.2,70.9,83.2,72.3,15,10,80,75,12,32.58
6031,Europe,1453,Germany,2003,77.5,99.9,71.6,89.1,94.2,74.2,83.0,70.2,83.5,76.0,92.6,89.1,51.6,56.9,58.4,71.2,83.2,72.5,10,10,75,70,8,32.59
6032,Europe,1454,Germany,2004,78.4,99.9,75.4,89.7,94.9,75.4,83.4,70.7,82.9,77.1,92.3,89.1,51.7,57.1,63.1,74.0,83.4,72.0,15,15,85,76,10,32.61
6033,Europe,1455,Germany,2005,78.4,99.9,74.0,90.5,95.4,74.9,84.3,71.3,82.7,77.7,90.2,89.3,52.0,57.5,62.6,74.4,83.5,72.1,15,20,80,60,8,32.62
6034,Europe,1456,Germany,2006,78.6,99.9,73.3,90.8,95.4,74.9,85.1,72.0,83.1,78.3,91.0,89.3,51.6,57.3,62.2,76.1,83.9,71.6,20,10,85,79,10,32.64
6035,Europe,1457,Germany,2007,78.5,99.9,71.9,90.5,95.7,75.2,86.0,73.2,84.0,78.7,90.8,88.5,51.5,57.8,58.6,76.9,84.5,71.6,10,10,78,79,10,32.66
6036,Europe,1458,Germany,2008,78.7,99.9,74.5,91.0,95.0,75.6,85.9,73.1,84.6,80.5,91.5,87.8,51.6,57.8,55.6,77.9,84.1,72.0,20,40,85,78,10,32.67
6037,Europe,1459,Germany,2009,79.2,99.9,74.3,91.5,94.7,76.3,85.8,73.3,84.6,82.1,92.0,88.2,52.6,59.1,55.4,78.1,84.1,74.0,10,15,75,78,8,32.69
6038,Europe,1460,Germany,2010,79.3,99.9,72.5,92.3,96.2,76.6,85.8,73.8,85.0,82.9,92.3,89.6,52.4,58.2,54.1,78.2,84.7,73.9,18,20,65,79,10,32.7
6039,Europe,1461,Germany,2011,79.6,99.8,72.3,92.0,95.6,77.0,86.6,74.3,85.5,84.4,90.4,91.0,52.3,57.6,58.6,78.3,85.0,73.3,17,35,75,80,7,32.71
6040,Europe,1462,Germany,2012,80.1,99.8,73.4,92.4,94.7,77.1,87.4,74.9,85.9,85.8,90.2,90.6,52.7,59.8,59.7,78.3,85.3,73.6,26,25,75,78,8,32.72
6041,Europe,1463,Germany,2013,80.6,99.7,73.4,92.7,96.4,81.8,88.2,74.8,86.0,86.4,89.4,91.9,52.7,59.4,61.3,78.4,83.5,73.9,15,10,80,80,10,32.72
6042,Europe,1464,Germany,2014,81.0,99.6,73.1,92.8,97.0,81.8,88.3,75.2,86.2,89.6,91.1,89.2,52.5,59.5,60.0,78.4,87.8,74.0,18,30,75,75,8,32.73
6043,Europe,1465,Germany,2015,81.9,99.6,72.8,93.1,97.3,81.9,88.4,75.6,86.5,91.1,89.2,95.7,52.9,62.2,64.2,78.4,89.7,74.1,25,45,85,79,8,32.73
6044,Europe,1466,Germany,2016,82.0,99.6,72.8,92.6,98.7,82.1,88.4,75.5,86.8,91.4,88.9,95.2,52.9,61.0,67.1,78.6,88.6,74.2,20,30,68,75,8,32.73
6045,Europe,1467,Germany,2017,82.1,99.4,73.2,93.3,98.5,79.4,88.4,76.0,87.0,92.2,90.1,93.9,53.0,62.2,68.4,78.7,88.0,74.7,30,45,70,77,7,32.73
6046,Europe,1468,Germany,2018,82.3,99.5,70.9,93.3,98.5,79.5,88.4,76.5,87.1,93.3,89.4,93.2,53.0,62.3,69.9,78.9,89.2,75.6,15,38,80,76,8,32.73
6047,Europe,1469,Germany,2019,82.6,99.5,72.3,93.7,97.3,79.7,88.4,77.2,87.2,94.3,88.1,92.1,53.1,63.3,73.9,79.3,88.9,76.1,20,25,80,75,8,32.73
6048,Europe,1470,Germany,2020,83.0,99.5,72.4,94.2,97.2,80.0,88.4,77.2,86.6,95.1,88.1,91.3,53.1,64.7,74.0,79.3,90.3,80.5,22,40,75,60,10,32.73
6049,Europe,1471,Germany,2021,83.3,99.5,72.4,93.4,97.2,81.9,88.4,77.2,86.8,95.8,88.1,90.9,55.4,64.0,74.0,79.2,89.2,82.5,15,35,70,79,8,
6050,Europe,1472,Germany,2022,83.4,99.5,72.4,93.0,97.2,81.9,88.4,77.2,87.0,95.8,88.1,90.1,55.4,64.0,74.0,79.2,89.5,84.4,20,30,75,82,7,
6051,Africa,1473,Ghana,2000,54.8,43.7,59.2,37.9,47.1,43.2,47.3,42.5,68.0,16.7,38.9,55.5,96.2,97.6,51.8,72.4,67.6,45.5,25,55,30,35,15,38.89
6052,Africa,1474,Ghana,2001,54.6,43.7,59.2,37.3,42.9,43.6,47.6,42.7,68.5,16.7,38.9,55.0,96.3,97.5,51.1,72.4,67.6,48.1,25,55,25,35,15,38.49
6053,Africa,1475,Ghana,2002,54.9,43.7,60.1,37.9,46.3,44.0,47.9,41.5,69.0,16.7,38.9,55.5,96.2,97.5,51.1,72.4,67.6,47.4,10,30,30,25,20,38.09
6054,Africa,1476,Ghana,2003,55.2,43.7,60.9,37.6,49.2,44.4,48.3,40.1,69.6,16.7,38.9,55.0,96.1,97.5,51.2,72.9,67.6,49.0,25,60,30,60,15,37.69
6055,Africa,1477,Ghana,2004,55.9,43.7,60.2,38.7,49.7,45.7,48.7,41.5,70.1,16.7,38.9,55.5,96.2,97.6,50.2,72.9,67.6,55.8,25,45,45,35,5,37.3
6056,Africa,1478,Ghana,2005,56.3,43.7,61.1,39.6,53.2,46.1,49.2,39.9,70.7,16.7,38.9,57.7,96.1,97.6,49.4,72.9,67.7,56.8,25,65,20,34,7,36.9
6057,Africa,1479,Ghana,2006,55.9,43.7,62.9,39.4,54.4,46.4,49.7,43.0,71.2,16.8,38.9,58.1,96.0,97.4,47.2,72.9,67.7,44.8,30,40,55,55,18,36.5
6058,Africa,1480,Ghana,2007,56.6,43.7,63.2,43.8,57.2,46.7,50.3,41.2,71.1,17.0,38.9,63.0,96.0,97.4,45.6,72.9,66.7,47.3,30,40,45,65,20,36.1
6059,Africa,1481,Ghana,2008,56.9,43.7,62.7,43.2,63.9,44.7,50.8,44.4,71.0,17.1,38.9,61.0,96.1,97.5,45.7,72.9,66.5,47.9,25,45,60,50,18,35.7
6060,Africa,1482,Ghana,2009,57.0,43.7,64.0,42.9,66.1,45.1,51.4,45.2,70.9,17.4,38.9,56.5,96.1,97.6,45.5,72.9,66.9,47.6,15,28,60,30,15,35.31
6061,Africa,1483,Ghana,2010,57.5,43.7,64.7,44.9,67.7,45.4,51.9,46.0,70.8,18.3,38.9,58.4,96.0,97.5,45.0,72.9,66.5,49.4,30,55,50,54,15,34.91
6062,Africa,1484,Ghana,2011,58.7,45.9,66.0,48.4,70.3,48.9,52.5,45.9,71.4,20.8,38.9,55.7,95.8,97.1,43.1,72.9,68.9,55.9,25,45,55,60,15,34.85
6063,Africa,1485,Ghana,2012,58.9,48.5,66.8,47.6,71.4,49.5,53.1,44.1,72.0,19.4,42.0,55.1,95.7,96.7,44.0,72.9,68.0,54.9,30,63,65,40,5,34.8
6064,Africa,1486,Ghana,2013,59.0,56.1,66.7,47.4,73.1,46.7,53.6,49.0,72.6,20.9,42.0,51.3,95.7,96.8,45.3,72.9,67.5,44.9,30,42,60,53,15,34.74
6065,Africa,1487,Ghana,2014,59.7,52.0,68.5,47.1,73.8,50.2,54.2,50.5,73.0,28.3,42.0,50.3,95.8,97.2,46.7,72.9,69.3,43.8,30,42,60,60,15,34.69
6066,Africa,1488,Ghana,2015,60.1,51.6,68.5,48.1,76.4,52.1,54.8,47.1,70.9,29.9,42.0,51.5,95.8,96.9,46.9,72.9,71.3,44.4,20,33,65,60,8,34.63
6067,Africa,1489,Ghana,2016,59.6,49.1,68.6,49.7,76.4,52.0,55.4,49.3,71.8,30.2,35.2,51.8,95.7,96.9,46.2,72.9,68.5,43.6,30,55,60,60,7,34.73
6068,Africa,1490,Ghana,2017,60.7,50.0,67.5,52.9,78.3,52.5,55.9,48.9,74.7,39.9,35.2,54.0,95.6,97.1,45.6,72.9,68.1,43.1,30,38,65,55,10,34.82
6069,Africa,1491,Ghana,2018,61.1,50.7,68.3,52.0,84.4,53.2,56.5,48.4,74.6,40.8,35.2,56.1,95.5,96.7,45.4,68.0,68.6,44.7,15,45,45,50,7,34.91
6070,Africa,1492,Ghana,2019,61.6,55.8,69.5,53.3,84.4,54.0,57.1,50.3,74.9,43.6,35.2,51.4,95.4,96.7,44.9,68.0,67.7,45.0,30,55,20,30,10,35.0
6071,Africa,1493,Ghana,2020,62.0,54.4,70.4,53.5,84.5,54.0,57.7,50.9,75.6,44.3,35.2,55.4,95.4,96.6,44.9,68.0,67.5,45.0,38,55,55,30,12,35.1
6072,Africa,1494,Ghana,2021,61.8,53.3,70.6,53.1,84.5,54.9,57.7,50.9,76.4,42.6,35.2,51.7,95.4,96.6,44.9,69.4,68.0,46.0,30,66,65,48,15,
6073,Africa,1495,Ghana,2022,61.8,54.4,70.8,52.8,84.5,54.9,57.7,50.9,76.4,46.8,35.2,48.9,95.4,96.6,44.9,69.4,65.0,46.0,30,60,55,48,8,
6074,Europe,1496,Greece,2000,70.2,99.0,71.0,83.4,93.9,50.5,87.7,70.2,69.4,35.0,78.4,85.4,64.3,68.8,51.0,57.5,72.1,56.6,15,8,25,60,8,27.93
6075,Europe,1497,Greece,2001,71.1,99.0,71.7,84.2,93.1,51.1,87.7,69.6,69.8,35.6,78.4,85.4,64.5,68.5,55.8,64.3,72.1,57.8,18,30,20,40,10,28.16
6076,Europe,1498,Greece,2002,71.5,99.0,70.9,85.0,93.1,50.6,87.7,69.8,70.1,37.0,78.4,85.4,64.7,68.6,56.0,69.7,72.1,57.8,15,8,55,60,7,28.4
6077,Europe,1499,Greece,2003,71.8,99.0,68.9,85.4,93.0,49.9,87.7,70.3,70.4,38.3,80.3,85.4,64.3,68.1,59.1,70.2,72.1,57.9,25,20,60,45,7,28.63
6078,Europe,1500,Greece,2004,72.1,99.0,71.6,85.2,92.7,52.0,87.6,70.4,69.8,40.2,79.2,85.4,64.4,68.0,58.8,70.3,72.2,57.8,18,12,30,55,8,28.87
6079,Europe,1501,Greece,2005,72.1,99.0,71.5,86.3,92.4,51.0,87.6,70.5,70.0,42.7,74.7,85.5,64.4,67.3,60.6,70.6,71.8,59.1,30,30,40,40,8,29.1
6080,Europe,1502,Greece,2006,72.4,99.0,69.7,86.7,91.2,52.2,87.6,70.9,70.5,45.4,76.2,85.6,64.6,67.6,61.6,70.7,72.1,58.9,20,20,35,45,10,29.33
6081,Europe,1503,Greece,2007,72.8,99.0,69.7,87.7,93.8,52.5,87.7,71.0,70.7,46.0,79.3,86.0,63.9,67.2,61.5,70.8,71.1,59.2,30,30,40,40,10,29.57
6082,Europe,1504,Greece,2008,73.1,99.0,70.6,87.9,93.8,52.9,87.7,71.1,71.0,46.7,80.2,86.0,63.8,67.7,61.3,71.7,70.9,60.0,25,30,40,35,10,29.8
6083,Europe,1505,Greece,2009,73.4,99.0,70.7,87.1,93.8,54.8,87.7,71.6,70.2,47.1,79.2,87.2,64.9,68.7,61.4,72.3,71.0,61.1,38,20,35,35,15,30.04
6084,Europe,1506,Greece,2010,73.9,99.0,67.9,87.9,95.6,55.4,87.6,72.8,68.5,49.2,77.9,87.4,66.0,69.7,61.1,78.4,69.3,61.6,25,30,32,23,8,30.27
6085,Europe,1507,Greece,2011,73.9,98.4,68.0,87.4,95.5,56.5,87.6,72.9,65.7,51.4,77.5,86.2,66.0,72.0,58.7,81.6,69.4,61.2,30,40,35,22,10,30.27
6086,Europe,1508,Greece,2012,73.9,98.1,69.2,87.1,96.2,58.0,87.7,74.3,62.1,52.2,74.2,87.1,67.5,72.2,59.4,81.6,68.4,60.8,40,40,30,25,15,30.27
6087,Europe,1509,Greece,2013,74.3,98.3,69.0,86.8,94.4,61.7,87.7,76.2,61.2,53.6,74.1,84.0,67.7,75.4,60.4,81.6,71.3,59.9,38,25,35,25,5,30.27
6088,Europe,1510,Greece,2014,74.9,98.5,68.6,87.1,93.9,62.6,87.7,75.6,62.7,56.8,75.2,85.8,67.9,75.3,61.7,81.5,74.3,58.4,25,25,40,38,5,30.27
6089,Europe,1511,Greece,2015,75.2,98.2,69.2,88.8,96.5,63.0,87.7,76.4,63.4,58.5,74.6,84.9,68.4,77.6,59.5,81.5,72.9,57.8,38,38,55,27,10,30.27
6090,Europe,1512,Greece,2016,75.7,98.6,67.8,88.4,94.4,63.0,87.6,76.5,64.2,61.2,77.2,86.9,68.1,78.7,63.4,81.4,72.1,57.6,38,22,37,40,8,30.27
6091,Europe,1513,Greece,2017,76.2,99.1,68.0,88.6,94.4,62.4,87.6,76.2,64.2,73.6,80.9,82.9,68.0,78.8,59.5,81.4,72.1,57.1,25,20,45,56,8,30.27
6092,Europe,1514,Greece,2018,77.0,100.0,65.8,89.2,95.1,62.6,87.6,77.0,66.8,75.3,85.5,86.7,66.9,77.9,59.9,81.4,73.5,57.5,35,30,40,60,10,30.27
6093,Europe,1515,Greece,2019,77.5,99.2,66.2,90.5,96.0,64.0,87.7,76.4,68.0,77.0,84.6,84.8,66.9,78.8,65.9,81.4,73.4,57.4,30,30,50,55,15,30.27
6094,Europe,1516,Greece,2020,77.8,99.0,66.5,90.2,97.1,64.6,87.7,76.4,69.0,78.8,84.6,78.3,66.9,80.4,65.9,81.3,75.3,60.6,35,20,55,50,8,30.27
6095,Europe,1517,Greece,2021,78.1,99.1,66.6,90.7,97.1,65.2,87.7,76.4,72.1,80.6,84.6,81.1,64.8,80.2,65.8,81.3,73.7,61.4,25,35,45,55,10,
6096,Europe,1518,Greece,2022,78.4,99.2,66.6,90.3,97.1,65.4,87.7,76.4,73.8,81.6,84.6,85.6,64.8,80.2,65.8,81.2,71.1,60.8,25,30,58,60,10,
6097,North America,1519,Grenada,2000,63.7,76.1,58.0,52.9,86.1,54.1,64.1,53.1,71.6,14.6,0.0,76.6,87.2,86.7,44.6,73.5,58.8,60.9,15,20,8,40,10,52.06
6098,North America,1520,Grenada,2001,63.2,76.1,58.3,54.4,81.7,54.1,64.4,54.5,71.7,14.6,0.0,76.7,87.2,86.7,38.6,73.5,58.6,60.3,15,18,15,15,10,52.06
6099,North America,1521,Grenada,2002,63.6,76.1,56.7,55.8,81.7,54.9,64.8,57.2,71.7,14.6,0.0,76.8,87.2,86.8,42.1,73.5,56.6,60.5,10,20,15,12,5,52.06
6100,North America,1522,Grenada,2003,63.3,76.1,56.8,54.3,81.7,54.9,65.1,56.3,71.9,14.6,0.0,76.9,87.2,86.3,45.8,73.5,54.6,57.3,15,15,18,30,5,52.06
6101,North America,1523,Grenada,2004,63.9,76.1,54.6,54.9,81.7,60.4,65.4,57.9,72.2,14.9,0.0,77.3,87.2,86.1,49.5,73.5,57.0,54.1,5,20,20,20,10,52.06
6102,North America,1524,Grenada,2005,64.5,76.1,56.2,57.3,81.7,60.4,65.7,57.0,72.4,15.4,0.0,77.0,87.2,87.1,48.4,73.5,57.0,60.1,15,9,30,45,10,52.06
6103,North America,1525,Grenada,2006,64.1,76.1,60.7,55.2,81.7,59.5,66.1,58.5,72.7,15.9,0.0,77.6,87.2,87.5,47.0,73.5,57.9,48.6,15,20,15,20,5,52.06
6104,North America,1526,Grenada,2007,63.5,76.1,59.5,54.4,81.7,59.5,66.4,58.1,72.5,16.8,0.0,77.7,87.2,86.6,42.2,73.5,56.9,47.1,18,20,15,35,10,52.06
6105,North America,1527,Grenada,2008,63.8,76.1,57.9,58.3,82.2,60.0,66.7,59.1,72.2,17.4,0.0,78.3,87.2,86.8,43.0,73.5,55.4,47.1,20,20,18,40,8,52.06
6106,North America,1528,Grenada,2009,64.1,76.1,62.1,60.5,80.7,60.0,67.0,58.1,71.9,18.6,0.0,78.5,87.2,86.1,42.9,73.5,56.2,47.0,12,35,20,55,5,52.06
6107,North America,1529,Grenada,2010,64.5,76.1,60.6,61.3,83.8,60.0,67.3,61.8,71.7,19.7,0.0,79.2,87.2,86.1,40.8,73.4,55.4,47.4,15,30,18,45,7,52.06
6108,North America,1530,Grenada,2011,64.8,77.5,61.9,59.4,86.3,60.7,67.6,64.3,71.4,19.4,0.0,79.1,87.2,85.9,38.4,73.4,56.4,48.1,18,35,20,40,5,52.06
6109,North America,1531,Grenada,2012,65.1,78.6,60.8,62.4,87.6,60.7,67.9,63.7,71.1,20.9,0.0,80.1,87.2,85.8,38.1,73.4,56.7,47.0,10,25,20,55,5,52.06
6110,North America,1532,Grenada,2013,65.5,79.3,62.9,63.4,87.6,64.4,68.3,64.2,70.8,20.8,0.0,80.4,87.2,86.0,36.9,73.4,55.9,47.2,10,20,5,50,7,52.06
6111,North America,1533,Grenada,2014,65.8,79.6,61.9,60.7,89.3,62.2,68.6,63.5,70.5,22.9,0.0,81.6,87.2,85.9,36.0,73.4,56.5,52.6,10,15,20,55,10,52.06
6112,North America,1534,Grenada,2015,65.9,79.7,63.9,62.4,89.3,62.2,68.9,65.2,70.2,23.3,0.0,81.7,87.2,85.8,32.8,73.4,56.1,51.9,10,20,27,60,5,52.06
6113,North America,1535,Grenada,2016,66.1,80.6,63.3,62.8,89.3,62.7,69.2,64.3,70.0,22.4,0.0,82.9,86.9,84.7,32.7,73.4,58.0,54.2,20,20,25,45,10,52.06
6114,North America,1536,Grenada,2017,66.7,81.5,64.6,64.7,89.3,64.0,69.2,65.8,70.1,27.0,0.0,82.8,86.6,84.8,32.5,73.3,57.8,53.3,15,20,60,55,10,52.06
6115,North America,1537,Grenada,2018,67.1,82.5,66.1,65.0,89.3,64.5,69.2,63.0,71.4,26.3,0.0,83.5,86.2,84.3,33.4,73.0,58.0,57.5,18,18,33,45,8,52.06
6116,North America,1538,Grenada,2019,67.7,83.7,66.5,65.9,89.9,62.9,69.2,61.5,72.5,33.8,0.0,83.7,85.8,84.0,37.3,73.0,57.2,57.1,25,20,35,55,10,52.06
6117,North America,1539,Grenada,2020,68.6,91.1,66.4,66.2,89.9,64.9,69.2,61.9,69.7,35.2,0.0,84.1,86.1,82.4,37.0,73.0,55.9,64.1,15,25,25,40,6,52.06
6118,North America,1540,Grenada,2021,69.0,93.1,66.6,65.5,89.8,65.2,69.2,61.9,71.2,35.7,0.0,84.1,86.1,82.8,36.8,73.1,57.2,66.1,15,20,20,20,15,
6119,North America,1541,Grenada,2022,67.4,99.1,66.7,65.5,89.8,65.2,69.2,61.9,74.3,35.7,0.0,84.1,86.1,82.8,36.6,73.1,56.0,66.1,18,30,45,30,8,
6120,North America,1542,Guatemala,2000,54.4,68.0,37.6,59.9,57.1,38.3,65.1,49.3,68.0,14.8,12.4,72.6,90.1,96.7,58.3,47.9,47.1,42.3,15,40,20,15,10,39.28
6121,North America,1543,Guatemala,2001,54.4,68.0,37.6,60.2,57.4,38.0,65.3,48.8,68.0,14.8,12.4,72.6,90.2,96.6,56.1,47.9,46.6,44.1,55,55,15,18,7,38.83
6122,North America,1544,Guatemala,2002,55.0,68.0,39.7,60.9,60.2,37.8,65.6,48.5,67.9,15.0,12.4,73.1,89.9,96.6,61.3,47.9,45.9,44.4,48,58,30,20,10,38.37
6123,North America,1545,Guatemala,2003,54.6,68.0,38.8,62.3,60.2,37.1,65.8,49.8,67.9,15.1,12.4,73.1,89.9,96.7,53.5,48.0,44.8,44.4,42,40,30,25,7,37.92
6124,North America,1546,Guatemala,2004,55.1,68.0,39.0,63.0,63.6,36.8,66.0,48.4,67.8,15.2,12.4,73.7,89.6,96.6,59.8,47.9,44.4,44.2,35,50,18,32,10,37.46
6125,North America,1547,Guatemala,2005,55.1,68.0,39.1,64.1,64.8,36.5,66.2,49.5,67.8,15.4,12.4,73.5,89.2,96.5,59.2,48.0,43.6,43.7,45,60,20,18,10,37.01
6126,North America,1548,Guatemala,2006,55.9,68.0,40.2,64.4,66.8,36.2,66.4,51.1,67.8,15.5,11.8,74.1,89.9,96.5,61.0,49.1,43.6,47.1,45,55,20,25,8,36.56
6127,North America,1549,Guatemala,2007,55.4,68.0,40.0,60.6,67.8,38.3,66.6,50.5,67.8,15.7,11.8,70.8,89.9,96.6,56.7,49.6,44.0,47.2,40,40,25,18,10,36.1
6128,North America,1550,Guatemala,2008,55.9,68.0,40.5,63.0,68.3,41.6,66.8,50.4,67.7,15.8,11.8,70.5,90.4,96.8,57.6,49.5,44.5,46.9,50,55,15,24,7,35.65
6129,North America,1551,Guatemala,2009,56.2,68.0,40.8,65.0,68.9,41.8,67.0,50.1,67.6,16.0,11.8,71.7,90.3,96.7,61.7,49.5,42.4,46.4,42,39,20,18,5,35.19
6130,North America,1552,Guatemala,2010,56.1,68.0,40.9,67.5,70.3,41.9,67.2,51.3,67.6,16.3,11.8,72.6,90.6,96.8,53.7,49.4,42.1,45.6,55,40,20,22,10,34.74
6131,North America,1553,Guatemala,2011,55.9,68.5,40.9,66.5,69.7,42.7,67.4,51.5,67.8,16.7,11.8,70.0,90.5,96.7,52.1,49.4,42.1,45.9,43,57,25,24,10,34.48
6132,North America,1554,Guatemala,2012,57.2,68.8,41.0,67.8,71.0,42.9,67.6,52.9,68.0,18.7,11.8,73.5,90.4,96.7,60.0,49.3,45.3,46.1,55,55,20,25,7,34.23
6133,North America,1555,Guatemala,2013,56.9,69.3,41.3,68.1,68.5,44.6,67.8,53.5,67.8,19.3,11.8,73.7,90.2,96.6,56.1,49.3,43.5,46.2,44,45,18,25,10,33.97
6134,North America,1556,Guatemala,2014,58.1,70.2,42.0,67.1,69.8,49.9,67.9,53.2,71.0,20.1,20.7,75.9,90.1,96.4,52.8,49.9,43.6,46.7,42,58,20,18,5,33.72
6135,North America,1557,Guatemala,2015,58.0,71.3,42.0,67.4,70.6,48.9,68.1,54.1,70.9,21.1,20.7,76.2,90.2,96.1,51.1,49.8,41.3,46.4,35,59,25,28,8,33.46
6136,North America,1558,Guatemala,2016,58.3,72.1,42.6,68.9,69.7,49.1,68.3,54.7,70.8,20.3,20.7,78.2,90.2,96.0,53.8,50.0,39.7,46.6,45,58,24,25,10,33.35
6137,North America,1559,Guatemala,2017,58.7,72.6,42.2,69.8,69.7,47.4,68.5,55.8,71.7,21.2,20.7,76.9,90.2,96.0,57.0,49.9,42.4,46.2,45,55,45,32,15,33.25
6138,North America,1560,Guatemala,2018,58.8,73.3,42.9,69.0,72.8,46.9,68.7,57.3,71.3,21.6,20.7,77.5,90.0,96.0,54.8,43.8,45.3,47.8,35,58,22,25,8,33.14
6139,North America,1561,Guatemala,2019,59.2,74.2,42.9,68.8,72.2,49.7,68.8,57.4,71.5,22.1,20.7,77.8,90.0,95.9,56.1,43.8,46.4,47.6,42,44,20,24,8,33.03
6140,North America,1562,Guatemala,2020,59.4,73.1,43.3,69.1,71.8,49.7,69.0,58.1,70.6,22.6,20.7,77.7,90.0,96.1,56.1,43.7,47.6,49.9,38,55,20,25,15,32.92
6141,North America,1563,Guatemala,2021,59.7,75.5,43.4,68.7,72.4,49.6,69.0,58.1,71.0,23.1,20.7,77.7,90.4,95.9,56.1,46.1,46.9,50.9,45,59,20,22,10,
6142,North America,1564,Guatemala,2022,59.4,76.5,43.5,68.5,72.4,49.9,69.0,58.1,71.0,23.1,20.7,74.1,90.4,95.9,55.9,46.0,43.7,50.8,60,55,22,20,10,
6143,Africa,1565,Guinea,2000,46.0,26.2,57.0,19.3,0.9,29.0,43.7,18.2,64.0,8.5,38.2,51.5,97.5,99.0,65.7,73.6,44.1,46.4,15,55,8,10,5,28.2
6144,Africa,1566,Guinea,2001,46.2,26.2,56.8,19.8,0.9,29.0,44.0,19.9,64.0,8.5,38.2,51.2,97.4,99.0,67.5,73.6,44.1,45.4,25,60,10,10,10,28.05
6145,Africa,1567,Guinea,2002,46.2,26.2,56.8,20.0,2.0,29.0,44.4,20.4,64.0,8.5,38.2,50.7,97.2,99.0,63.9,74.5,44.1,47.1,25,60,8,10,10,27.91
6146,Africa,1568,Guinea,2003,46.7,26.2,56.2,20.3,3.7,34.4,44.9,19.4,63.9,8.5,38.2,50.4,97.3,99.0,66.3,74.5,44.1,46.1,40,45,10,20,7,27.76
6147,Africa,1569,Guinea,2004,46.7,26.2,56.4,20.5,6.3,34.4,45.5,20.2,63.9,8.5,38.2,49.9,97.3,99.0,64.4,74.5,44.1,45.4,15,60,30,18,8,27.61
6148,Africa,1570,Guinea,2005,46.7,26.2,56.0,19.2,7.3,34.4,46.0,19.3,63.9,8.5,38.2,50.0,97.2,99.0,64.9,74.5,44.1,44.6,35,35,10,18,5,27.47
6149,Africa,1571,Guinea,2006,46.7,26.2,55.8,19.2,8.8,34.4,46.5,19.3,63.9,8.5,38.2,49.5,97.2,99.0,64.1,74.5,44.1,44.6,38,50,15,18,10,27.32
6150,Africa,1572,Guinea,2007,48.3,26.2,59.4,21.7,11.6,34.4,47.1,20.3,63.9,8.5,56.0,49.2,97.1,99.0,63.5,74.5,44.1,44.6,30,63,15,15,10,27.17
6151,Africa,1573,Guinea,2008,48.4,26.2,59.2,22.1,11.0,34.4,47.6,20.7,63.9,8.5,56.0,48.7,97.2,99.0,64.9,74.5,44.4,44.1,35,60,15,12,7,27.03
6152,Africa,1574,Guinea,2009,48.6,26.2,58.6,22.1,12.9,34.4,48.2,20.5,63.8,8.5,56.0,48.4,97.0,99.0,65.7,74.5,44.4,45.4,40,50,10,18,15,26.88
6153,Africa,1575,Guinea,2010,48.7,26.2,57.9,23.8,14.4,34.4,48.7,18.7,63.9,8.5,56.0,47.9,96.9,98.9,66.3,74.5,44.4,46.4,35,58,12,18,10,26.73
6154,Africa,1576,Guinea,2011,48.7,29.5,58.0,24.6,15.3,34.4,49.0,17.6,63.8,8.5,56.0,47.6,96.8,98.8,63.1,74.5,44.4,46.2,10,65,18,18,15,26.59
6155,Africa,1577,Guinea,2012,50.2,33.5,55.5,24.1,22.1,34.9,49.3,15.2,63.8,10.2,77.7,46.8,96.8,98.9,63.3,74.5,42.2,45.1,35,70,12,20,7,26.44
6156,Africa,1578,Guinea,2013,50.4,38.4,55.6,24.4,23.2,28.8,49.6,17.4,63.8,10.4,77.7,47.2,96.6,98.9,62.0,74.5,42.1,46.9,35,60,15,18,10,26.29
6157,Africa,1579,Guinea,2014,50.3,36.0,56.0,22.6,22.1,29.6,49.9,18.5,63.8,10.6,77.7,46.8,96.6,98.9,62.7,74.5,41.9,46.7,35,56,12,25,10,26.15
6158,Africa,1580,Guinea,2015,50.3,41.4,55.9,23.9,13.8,29.1,50.2,22.9,63.8,11.5,77.7,46.3,96.6,98.7,61.3,74.5,41.5,46.5,40,58,15,20,8,26.0
6159,Africa,1581,Guinea,2016,51.4,46.6,57.5,27.4,20.1,27.6,50.5,24.5,63.8,11.5,77.7,44.7,96.3,98.1,61.9,74.5,43.2,47.1,45,63,20,18,7,25.84
6160,Africa,1582,Guinea,2017,52.1,46.7,57.2,30.3,20.1,27.0,50.8,25.4,66.2,12.3,77.7,50.4,96.4,98.5,61.3,74.5,42.6,47.3,40,65,18,25,7,25.68
6161,Africa,1583,Guinea,2018,53.1,49.1,57.1,30.7,28.4,31.4,51.1,25.2,66.1,11.4,91.8,50.9,96.5,98.5,58.9,67.6,42.1,46.7,35,63,20,18,7,25.51
6162,Africa,1584,Guinea,2019,53.5,55.4,57.4,30.9,26.3,31.3,51.4,27.0,66.2,11.5,91.8,50.0,96.5,98.4,57.9,67.6,41.1,48.8,35,60,20,15,10,25.35
6163,Africa,1585,Guinea,2020,53.5,57.1,57.8,31.6,30.5,28.1,51.7,27.7,66.3,12.5,91.8,45.4,96.5,98.4,57.8,67.6,38.1,51.2,37,60,14,18,10,25.19
6164,Africa,1586,Guinea,2021,54.2,56.5,58.0,31.7,33.4,28.0,51.7,27.7,67.7,13.3,91.8,47.5,96.5,98.4,57.8,69.0,38.3,55.0,25,60,15,20,10,
6165,Africa,1587,Guinea,2022,54.9,60.5,58.2,32.3,33.4,28.0,51.7,27.7,67.8,13.3,91.8,52.7,96.5,98.4,57.8,69.0,39.0,55.0,35,60,12,15,10,
6166,Africa,1588,Guinea-Bissau,2000,56.5,60.5,46.4,60.5,57.4,54.1,64.3,48.4,65.8,13.7,10.7,70.1,88.8,96.7,49.8,74.5,45.3,53.8,5,60,15,15,7,76.42
6167,Africa,1589,Guinea-Bissau,2001,57.0,60.5,46.9,61.5,57.4,54.2,64.8,46.8,65.8,13.7,10.7,70.1,89.0,96.6,58.3,74.4,45.3,52.9,30,55,18,15,5,76.12
6168,Africa,1590,Guinea-Bissau,2002,57.2,60.5,49.2,61.6,57.4,52.3,65.2,46.9,65.7,13.8,10.3,70.2,89.5,96.5,60.3,74.4,45.3,53.0,45,63,18,15,5,75.82
6169,Africa,1591,Guinea-Bissau,2003,57.9,60.5,49.2,61.6,59.9,52.4,65.7,47.0,65.0,14.1,6.9,70.2,89.1,96.4,73.2,74.5,45.3,53.1,40,60,18,17,5,75.52
6170,Africa,1592,Guinea-Bissau,2004,57.2,60.5,48.6,62.3,60.2,52.5,66.1,46.7,64.6,14.2,6.9,70.6,88.6,96.3,60.6,74.5,45.3,53.5,40,64,18,18,10,75.22
6171,Africa,1593,Guinea-Bissau,2005,57.8,60.5,48.5,64.2,57.7,61.1,66.5,50.5,65.3,14.3,4.9,70.5,88.7,96.4,59.6,75.0,45.3,54.3,45,65,25,18,10,74.92
6172,Africa,1594,Guinea-Bissau,2006,58.9,60.5,48.3,65.0,59.6,61.4,66.9,52.8,66.0,14.5,7.7,71.2,89.0,96.3,66.4,74.9,45.3,55.1,35,60,25,22,8,74.62
6173,Africa,1595,Guinea-Bissau,2007,59.3,60.5,49.1,65.3,60.0,61.4,67.4,52.9,66.2,14.7,10.1,74.5,88.5,96.2,65.1,74.8,46.1,56.0,30,40,18,20,8,74.32
6174,Africa,1596,Guinea-Bissau,2008,59.6,60.5,50.3,65.8,61.7,61.4,67.8,52.9,66.2,14.8,10.6,74.0,89.4,96.2,64.9,74.8,46.1,56.6,30,38,18,15,6,74.02
6175,Africa,1597,Guinea-Bissau,2009,59.4,60.5,52.4,67.3,61.1,58.6,68.2,52.9,66.2,14.8,16.5,75.2,89.6,96.3,54.6,74.7,45.5,55.7,38,60,22,18,10,73.72
6176,Africa,1598,Guinea-Bissau,2010,60.7,60.5,53.2,68.1,62.2,58.6,68.6,54.1,65.7,15.0,13.9,74.2,89.7,96.4,65.8,75.3,47.3,62.4,45,55,15,20,6,73.42
6177,Africa,1599,Guinea-Bissau,2011,59.9,61.6,53.9,67.1,57.5,61.5,69.0,54.2,65.5,16.1,14.6,73.7,89.4,96.0,55.4,75.2,46.6,61.8,44,65,25,20,5,73.11
6178,Africa,1600,Guinea-Bissau,2012,59.8,57.3,54.3,66.0,53.9,61.5,69.4,55.9,65.9,17.2,13.5,74.5,89.8,96.0,57.7,75.1,47.5,61.5,30,40,20,18,5,72.81
6179,Africa,1601,Guinea-Bissau,2013,61.1,62.9,53.8,66.6,59.5,62.1,69.8,55.5,64.8,17.6,18.3,73.7,90.0,96.2,64.6,75.1,46.6,62.0,25,60,32,22,7,72.51
6180,Africa,1602,Guinea-Bissau,2014,62.4,63.3,53.4,68.2,65.6,66.3,70.2,58.6,65.7,18.3,18.5,77.6,89.7,96.3,62.5,75.0,46.8,64.1,45,65,30,20,10,72.21
6181,Africa,1603,Guinea-Bissau,2015,62.3,64.3,53.3,66.9,63.1,66.6,70.6,58.4,67.9,18.9,19.4,78.3,89.7,95.8,63.0,74.9,45.8,62.8,50,55,23,20,7,71.91
6182,Africa,1604,Guinea-Bissau,2016,62.9,63.4,53.8,69.2,64.6,66.6,70.9,60.1,67.6,18.6,18.6,84.2,89.6,96.0,62.7,74.8,46.7,61.0,30,72,22,20,5,71.61
6183,Africa,1605,Guinea-Bissau,2017,62.8,64.4,54.2,68.9,65.1,66.0,71.3,59.1,69.9,19.6,19.2,83.5,89.5,95.8,62.0,74.7,44.0,61.0,40,58,28,20,5,71.31
6184,Africa,1606,Guinea-Bissau,2018,62.5,65.4,54.4,68.8,65.3,65.4,71.7,60.5,70.0,24.2,19.9,77.3,89.4,95.8,61.3,65.1,44.7,63.0,43,35,24,20,15,71.01
6185,Africa,1607,Guinea-Bissau,2019,62.9,67.3,54.2,71.4,64.6,61.4,72.1,60.1,70.6,26.6,20.8,82.1,89.3,95.6,62.4,65.1,43.9,61.2,35,67,20,20,10,70.71
6186,Africa,1608,Guinea-Bissau,2020,62.7,64.3,53.7,70.5,64.2,63.8,72.4,60.7,66.7,27.1,20.8,82.2,89.3,95.9,62.5,65.0,43.5,63.1,42,66,20,20,10,70.41
6187,Africa,1609,Guinea-Bissau,2021,63.3,69.0,53.8,70.5,61.0,66.4,72.4,60.7,66.9,28.4,20.8,82.6,89.8,95.8,62.5,69.5,42.5,63.1,50,60,32,22,15,
6188,Africa,1610,Guinea-Bissau,2022,62.9,70.3,53.9,70.2,61.0,66.7,72.4,60.7,67.2,28.4,20.8,76.9,89.8,95.8,62.5,69.4,40.6,63.3,42,44,25,18,15,
6189,South America,1611,Guyana,2000,63.7,76.1,58.0,52.9,86.1,54.1,64.1,53.1,71.6,14.6,0.0,76.6,87.2,86.7,44.6,73.5,58.8,60.9,20,43,15,18,10,94.31
6190,South America,1612,Guyana,2001,63.2,76.1,58.3,54.4,81.7,54.1,64.4,54.5,71.7,14.6,0.0,76.7,87.2,86.7,38.6,73.5,58.6,60.3,25,50,20,20,8,94.28
6191,South America,1613,Guyana,2002,63.6,76.1,56.7,55.8,81.7,54.9,64.8,57.2,71.7,14.6,0.0,76.8,87.2,86.8,42.1,73.5,56.6,60.5,35,60,20,20,8,94.26
6192,South America,1614,Guyana,2003,63.3,76.1,56.8,54.3,81.7,54.9,65.1,56.3,71.9,14.6,0.0,76.9,87.2,86.3,45.8,73.5,54.6,57.3,30,65,20,20,10,94.24
6193,South America,1615,Guyana,2004,63.9,76.1,54.6,54.9,81.7,60.4,65.4,57.9,72.2,14.9,0.0,77.3,87.2,86.1,49.5,73.5,57.0,54.1,35,55,18,18,10,94.22
6194,South America,1616,Guyana,2005,64.5,76.1,56.2,57.3,81.7,60.4,65.7,57.0,72.4,15.4,0.0,77.0,87.2,87.1,48.4,73.5,57.0,60.1,20,60,20,15,5,94.19
6195,South America,1617,Guyana,2006,64.1,76.1,60.7,55.2,81.7,59.5,66.1,58.5,72.7,15.9,0.0,77.6,87.2,87.5,47.0,73.5,57.9,48.6,30,60,20,32,7,94.17
6196,South America,1618,Guyana,2007,63.5,76.1,59.5,54.4,81.7,59.5,66.4,58.1,72.5,16.8,0.0,77.7,87.2,86.6,42.2,73.5,56.9,47.1,30,60,20,45,5,94.15
6197,South America,1619,Guyana,2008,63.8,76.1,57.9,58.3,82.2,60.0,66.7,59.1,72.2,17.4,0.0,78.3,87.2,86.8,43.0,73.5,55.4,47.1,30,75,24,25,8,94.13
6198,South America,1620,Guyana,2009,64.1,76.1,62.1,60.5,80.7,60.0,67.0,58.1,71.9,18.6,0.0,78.5,87.2,86.1,42.9,73.5,56.2,47.0,20,65,20,20,10,94.1
6199,South America,1621,Guyana,2010,64.5,76.1,60.6,61.3,83.8,60.0,67.3,61.8,71.7,19.7,0.0,79.2,87.2,86.1,40.8,73.4,55.4,47.4,30,65,20,25,7,94.08
6200,South America,1622,Guyana,2011,64.8,77.5,61.9,59.4,86.3,60.7,67.6,64.3,71.4,19.4,0.0,79.1,87.2,85.9,38.4,73.4,56.4,48.1,5,65,20,30,10,94.02
6201,South America,1623,Guyana,2012,65.1,78.6,60.8,62.4,87.6,60.7,67.9,63.7,71.1,20.9,0.0,80.1,87.2,85.8,38.1,73.4,56.7,47.0,25,58,20,45,7,93.96
6202,South America,1624,Guyana,2013,65.5,79.3,62.9,63.4,87.6,64.4,68.3,64.2,70.8,20.8,0.0,80.4,87.2,86.0,36.9,73.4,55.9,47.2,40,58,20,30,10,93.9
6203,South America,1625,Guyana,2014,65.8,79.6,61.9,60.7,89.3,62.2,68.6,63.5,70.5,22.9,0.0,81.6,87.2,85.9,36.0,73.4,56.5,52.6,30,45,25,35,10,93.84
6204,South America,1626,Guyana,2015,65.9,79.7,63.9,62.4,89.3,62.2,68.9,65.2,70.2,23.3,0.0,81.7,87.2,85.8,32.8,73.4,56.1,51.9,30,58,20,20,8,93.78
6205,South America,1627,Guyana,2016,66.1,80.6,63.3,62.8,89.3,62.7,69.2,64.3,70.0,22.4,0.0,82.9,86.9,84.7,32.7,73.4,58.0,54.2,35,62,30,40,10,93.74
6206,South America,1628,Guyana,2017,66.7,81.5,64.6,64.7,89.3,64.0,69.2,65.8,70.1,27.0,0.0,82.8,86.6,84.8,32.5,73.3,57.8,53.3,35,65,30,35,15,93.69
6207,South America,1629,Guyana,2018,67.1,82.5,66.1,65.0,89.3,64.5,69.2,63.0,71.4,26.3,0.0,83.5,86.2,84.3,33.4,73.0,58.0,57.5,35,59,30,35,10,93.64
6208,South America,1630,Guyana,2019,67.7,83.7,66.5,65.9,89.9,62.9,69.2,61.5,72.5,33.8,0.0,83.7,85.8,84.0,37.3,73.0,57.2,57.1,30,63,25,28,10,93.6
6209,South America,1631,Guyana,2020,68.6,91.1,66.4,66.2,89.9,64.9,69.2,61.9,69.7,35.2,0.0,84.1,86.1,82.4,37.0,73.0,55.9,64.1,40,65,20,30,10,93.55
6210,South America,1632,Guyana,2021,69.0,93.1,66.6,65.5,89.8,65.2,69.2,61.9,71.2,35.7,0.0,84.1,86.1,82.8,36.8,73.1,57.2,66.1,25,60,20,25,10,
6211,South America,1633,Guyana,2022,67.4,99.1,66.7,65.5,89.8,65.2,69.2,61.9,74.3,35.7,0.0,84.1,86.1,82.8,36.6,73.1,56.0,66.1,25,63,10,33,10,
6212,North America,1634,Haiti,2000,49.5,37.8,49.5,28.4,66.5,29.7,46.5,23.4,60.5,14.3,47.3,50.8,94.3,99.1,60.9,47.4,41.9,42.6,40,30,15,15,10,13.81
6213,North America,1635,Haiti,2001,49.3,37.8,48.6,28.6,66.5,29.9,47.1,22.6,59.8,14.3,47.3,50.1,94.4,99.1,61.4,47.3,41.9,42.3,35,10,12,12,20,13.8
6214,North America,1636,Haiti,2002,49.2,37.8,48.6,29.5,66.5,30.1,47.5,20.1,59.2,14.3,47.3,49.7,94.2,99.1,61.4,47.2,41.9,41.8,45,15,18,10,10,13.8
6215,North America,1637,Haiti,2003,49.2,37.8,48.4,30.2,66.5,30.2,48.0,20.1,58.5,14.3,47.3,49.0,94.3,99.1,61.7,47.1,41.9,41.8,60,30,15,15,10,13.79
6216,North America,1638,Haiti,2004,49.2,37.8,48.3,30.6,66.5,30.4,48.4,19.3,57.8,14.8,47.3,48.6,94.3,99.1,61.7,47.0,41.9,42.0,40,30,18,7,20,13.78
6217,North America,1639,Haiti,2005,49.2,37.8,48.7,31.9,66.5,31.4,48.8,19.0,57.1,15.0,47.3,47.8,94.0,99.1,61.7,46.9,41.9,42.0,50,20,18,15,10,13.77
6218,North America,1640,Haiti,2006,47.8,37.8,44.5,32.0,49.5,30.3,49.1,18.9,56.4,15.1,47.3,47.5,94.0,99.1,61.7,46.8,41.9,41.3,38,15,20,16,10,13.76
6219,North America,1641,Haiti,2007,47.6,37.8,45.0,33.0,49.5,31.2,49.5,13.0,55.8,15.1,47.3,46.8,94.0,99.1,61.5,46.7,41.9,42.4,55,35,20,15,12,13.75
6220,North America,1642,Haiti,2008,47.5,37.8,44.3,33.4,49.5,30.9,49.9,13.3,56.1,15.2,47.3,45.2,94.1,99.1,61.2,46.6,41.6,42.5,55,20,18,17,10,13.75
6221,North America,1643,Haiti,2009,48.0,37.8,45.1,33.7,49.5,30.7,50.2,20.9,56.4,15.3,47.3,44.5,94.2,99.1,60.8,46.5,41.3,42.4,50,15,15,15,12,13.74
6222,North America,1644,Haiti,2010,47.7,37.8,45.2,30.6,49.5,34.1,50.6,18.7,56.6,15.3,47.3,40.0,94.1,99.1,61.5,46.4,41.5,42.5,40,25,18,10,15,13.73
6223,North America,1645,Haiti,2011,48.2,39.1,44.7,35.5,49.5,31.8,51.0,20.4,57.0,15.5,47.3,45.1,94.1,99.1,60.0,46.3,41.3,41.6,40,25,15,18,10,13.62
6224,North America,1646,Haiti,2012,50.4,38.9,48.4,36.8,73.4,35.4,51.4,25.4,57.3,12.6,47.3,47.6,94.0,99.1,59.7,46.2,40.7,41.7,50,15,20,15,10,13.5
6225,North America,1647,Haiti,2013,50.9,41.2,48.9,38.3,73.4,38.1,51.8,24.7,57.4,12.8,47.3,46.8,94.0,99.0,62.1,47.0,41.3,41.8,55,45,15,15,10,13.39
6226,North America,1648,Haiti,2014,51.1,40.5,49.6,37.6,73.4,39.5,52.2,22.7,56.9,14.6,47.3,44.2,93.9,99.0,65.1,47.9,40.8,43.2,49,15,15,15,8,13.28
6227,North America,1649,Haiti,2015,51.2,42.1,49.3,40.0,73.4,40.7,52.6,21.3,56.9,15.1,47.3,39.8,93.9,99.0,65.3,48.3,41.3,43.7,43,15,18,17,10,13.17
6228,North America,1650,Haiti,2016,50.8,44.4,49.3,40.0,69.0,39.6,53.0,21.6,57.0,15.0,47.3,37.8,94.0,99.0,65.3,48.2,40.8,42.6,35,40,15,20,10,13.05
6229,North America,1651,Haiti,2017,51.7,46.5,50.2,40.9,69.0,40.8,53.4,22.1,59.1,18.9,47.3,36.8,93.9,98.9,66.6,48.6,42.0,43.8,55,63,18,18,15,12.94
6230,North America,1652,Haiti,2018,52.2,48.1,50.3,40.8,69.0,41.3,53.8,22.0,59.1,22.7,47.3,40.2,94.0,98.7,66.6,43.5,42.7,47.0,50,30,20,15,15,12.83
6231,North America,1653,Haiti,2019,51.8,46.7,51.8,40.0,69.0,41.6,54.2,22.3,59.1,22.2,47.3,39.6,94.0,98.8,65.0,43.4,42.1,44.0,65,25,15,11,10,12.71
6232,North America,1654,Haiti,2020,51.6,43.7,51.3,40.3,69.0,41.5,54.3,22.6,58.4,23.1,47.3,39.7,94.0,98.9,65.0,43.3,40.7,43.9,59,12,15,15,8,12.6
6233,North America,1655,Haiti,2021,52.8,43.7,51.1,40.7,69.0,41.7,54.3,22.6,58.0,23.5,47.3,39.7,94.0,98.8,65.0,65.2,39.9,43.8,62,20,18,11,8,
6234,North America,1656,Haiti,2022,52.6,42.2,51.2,40.7,69.0,41.8,54.3,22.6,57.7,23.5,47.3,39.7,94.0,98.8,65.0,65.0,37.3,43.8,63,25,17,8,10,
6235,North America,1657,Honduras,2000,56.5,60.5,46.4,60.5,57.4,54.1,64.3,48.4,65.8,13.7,10.7,70.1,88.8,96.7,49.8,74.5,45.3,53.8,20,18,15,20,7,60.58
6236,North America,1658,Honduras,2001,57.0,60.5,46.9,61.5,57.4,54.2,64.8,46.8,65.8,13.7,10.7,70.1,89.0,96.6,58.3,74.4,45.3,52.9,40,28,22,33,10,60.4
6237,North America,1659,Honduras,2002,57.2,60.5,49.2,61.6,57.4,52.3,65.2,46.9,65.7,13.8,10.3,70.2,89.5,96.5,60.3,74.4,45.3,53.0,28,30,18,23,8,60.22
6238,North America,1660,Honduras,2003,57.9,60.5,49.2,61.6,59.9,52.4,65.7,47.0,65.0,14.1,6.9,70.2,89.1,96.4,73.2,74.5,45.3,53.1,25,30,15,20,10,60.04
6239,North America,1661,Honduras,2004,57.2,60.5,48.6,62.3,60.2,52.5,66.1,46.7,64.6,14.2,6.9,70.6,88.6,96.3,60.6,74.5,45.3,53.5,40,40,20,20,8,59.85
6240,North America,1662,Honduras,2005,57.8,60.5,48.5,64.2,57.7,61.1,66.5,50.5,65.3,14.3,4.9,70.5,88.7,96.4,59.6,75.0,45.3,54.3,35,25,18,22,10,59.67
6241,North America,1663,Honduras,2006,58.9,60.5,48.3,65.0,59.6,61.4,66.9,52.8,66.0,14.5,7.7,71.2,89.0,96.3,66.4,74.9,45.3,55.1,40,25,18,20,12,59.49
6242,North America,1664,Honduras,2007,59.3,60.5,49.1,65.3,60.0,61.4,67.4,52.9,66.2,14.7,10.1,74.5,88.5,96.2,65.1,74.8,46.1,56.0,25,35,15,30,10,59.31
6243,North America,1665,Honduras,2008,59.6,60.5,50.3,65.8,61.7,61.4,67.8,52.9,66.2,14.8,10.6,74.0,89.4,96.2,64.9,74.8,46.1,56.6,38,10,25,35,8,59.13
6244,North America,1666,Honduras,2009,59.4,60.5,52.4,67.3,61.1,58.6,68.2,52.9,66.2,14.8,16.5,75.2,89.6,96.3,54.6,74.7,45.5,55.7,35,30,18,15,8,58.95
6245,North America,1667,Honduras,2010,60.7,60.5,53.2,68.1,62.2,58.6,68.6,54.1,65.7,15.0,13.9,74.2,89.7,96.4,65.8,75.3,47.3,62.4,30,35,17,18,7,58.77
6246,North America,1668,Honduras,2011,59.9,61.6,53.9,67.1,57.5,61.5,69.0,54.2,65.5,16.1,14.6,73.7,89.4,96.0,55.4,75.2,46.6,61.8,40,28,20,18,10,58.57
6247,North America,1669,Honduras,2012,59.8,57.3,54.3,66.0,53.9,61.5,69.4,55.9,65.9,17.2,13.5,74.5,89.8,96.0,57.7,75.1,47.5,61.5,35,20,18,25,10,58.37
6248,North America,1670,Honduras,2013,61.1,62.9,53.8,66.6,59.5,62.1,69.8,55.5,64.8,17.6,18.3,73.7,90.0,96.2,64.6,75.1,46.6,62.0,38,20,20,22,7,58.17
6249,North America,1671,Honduras,2014,62.4,63.3,53.4,68.2,65.6,66.3,70.2,58.6,65.7,18.3,18.5,77.6,89.7,96.3,62.5,75.0,46.8,64.1,38,38,18,30,10,57.97
6250,North America,1672,Honduras,2015,62.3,64.3,53.3,66.9,63.1,66.6,70.6,58.4,67.9,18.9,19.4,78.3,89.7,95.8,63.0,74.9,45.8,62.8,42,38,18,28,7,57.77
6251,North America,1673,Honduras,2016,62.9,63.4,53.8,69.2,64.6,66.6,70.9,60.1,67.6,18.6,18.6,84.2,89.6,96.0,62.7,74.8,46.7,61.0,42,35,20,30,8,57.58
6252,North America,1674,Honduras,2017,62.8,64.4,54.2,68.9,65.1,66.0,71.3,59.1,69.9,19.6,19.2,83.5,89.5,95.8,62.0,74.7,44.0,61.0,43,20,18,35,10,57.4
6253,North America,1675,Honduras,2018,62.5,65.4,54.4,68.8,65.3,65.4,71.7,60.5,70.0,24.2,19.9,77.3,89.4,95.8,61.3,65.1,44.7,63.0,44,25,15,25,7,57.21
6254,North America,1676,Honduras,2019,62.9,67.3,54.2,71.4,64.6,61.4,72.1,60.1,70.6,26.6,20.8,82.1,89.3,95.6,62.4,65.1,43.9,61.2,40,38,18,20,7,57.02
6255,North America,1677,Honduras,2020,62.7,64.3,53.7,70.5,64.2,63.8,72.4,60.7,66.7,27.1,20.8,82.2,89.3,95.9,62.5,65.0,43.5,63.1,44,30,20,24,7,56.83
6256,North America,1678,Honduras,2021,63.3,69.0,53.8,70.5,61.0,66.4,72.4,60.7,66.9,28.4,20.8,82.6,89.8,95.8,62.5,69.5,42.5,63.1,42,20,22,25,10,
6257,North America,1679,Honduras,2022,62.9,70.3,53.9,70.2,61.0,66.7,72.4,60.7,67.2,28.4,20.8,76.9,89.8,95.8,62.5,69.4,40.6,63.3,43,35,18,22,7,
6258,Europe,1680,Hungary,2000,74.4,98.5,67.1,75.0,95.5,58.0,86.6,69.1,79.4,34.6,95.7,83.7,75.9,79.3,0.0,71.9,69.4,50.3,20,18,25,40,8,21.22
6259,Europe,1681,Hungary,2001,74.8,98.5,71.9,75.6,95.9,58.0,86.6,69.1,79.9,36.1,95.7,83.8,75.6,79.0,0.0,71.8,69.3,50.2,15,20,35,55,10,21.36
6260,Europe,1682,Hungary,2002,74.8,98.5,68.1,75.1,96.2,58.5,86.6,69.3,79.9,37.1,95.7,83.9,75.4,79.2,0.0,72.1,69.4,51.2,25,25,55,60,8,21.5
6261,Europe,1683,Hungary,2003,74.7,98.5,65.4,75.5,95.6,59.1,86.6,68.4,79.8,38.0,95.7,83.9,75.4,78.7,0.0,72.1,69.4,53.5,18,20,20,33,8,21.64
6262,Europe,1684,Hungary,2004,76.1,98.5,74.8,75.8,95.4,58.9,86.6,68.3,79.7,39.1,95.7,84.0,75.0,78.9,0.0,85.9,69.4,52.3,20,35,55,20,10,21.77
6263,Europe,1685,Hungary,2005,76.0,98.5,74.3,76.1,95.8,59.0,86.6,70.0,78.9,41.9,88.9,84.0,75.3,78.9,0.0,85.9,69.5,52.6,20,20,20,30,7,21.91
6264,Europe,1686,Hungary,2006,76.7,98.5,72.4,76.3,96.1,60.2,86.6,70.3,78.8,43.4,97.9,84.1,75.3,79.0,0.0,86.0,69.4,52.3,15,25,45,20,8,22.05
6265,Europe,1687,Hungary,2007,76.5,98.5,66.1,76.2,95.6,61.2,86.6,71.7,78.7,44.8,99.4,83.3,75.2,79.1,0.0,86.0,69.9,51.1,20,35,20,40,5,22.19
6266,Europe,1688,Hungary,2008,77.4,98.5,74.0,76.9,96.2,61.8,86.6,71.9,78.5,47.0,100.0,85.8,75.4,79.3,0.0,86.0,69.5,50.7,12,25,25,20,5,22.33
6267,Europe,1689,Hungary,2009,77.5,98.5,70.7,77.5,96.4,62.3,86.6,73.5,77.4,48.0,100.0,85.9,76.3,80.3,0.0,86.0,69.6,50.8,20,25,15,50,10,22.47
6268,Europe,1690,Hungary,2010,77.2,98.5,68.9,78.6,95.9,61.5,86.6,74.0,76.7,48.7,96.7,86.8,76.5,80.2,0.0,86.4,68.0,50.5,30,25,18,40,7,22.6
6269,Europe,1691,Hungary,2011,77.4,98.5,70.7,79.2,94.8,61.6,86.6,74.6,76.8,51.7,96.0,85.6,76.2,80.1,0.0,86.4,69.1,50.2,30,35,24,35,10,22.64
6270,Europe,1692,Hungary,2012,77.2,98.5,66.5,79.1,95.4,61.7,86.6,75.7,76.8,54.1,92.5,85.5,76.5,81.6,0.0,86.4,69.0,49.3,20,35,15,20,7,22.67
6271,Europe,1693,Hungary,2013,77.3,98.5,69.8,79.8,94.0,62.9,86.6,75.6,77.3,55.2,90.3,88.0,76.3,81.6,0.0,86.4,65.8,49.4,30,35,25,30,10,22.7
6272,Europe,1694,Hungary,2014,77.9,98.6,73.0,80.3,92.6,62.8,86.6,74.8,78.6,57.7,92.4,88.0,76.0,80.8,0.0,86.4,67.4,49.9,32,23,27,50,10,22.73
6273,Europe,1695,Hungary,2015,78.0,98.6,70.2,81.2,93.6,63.0,86.6,74.5,80.2,59.6,92.5,87.0,76.1,81.4,0.0,86.4,67.8,49.6,30,25,25,45,10,22.76
6274,Europe,1696,Hungary,2016,78.7,98.7,73.2,81.5,93.0,63.0,86.6,74.5,81.1,63.0,93.2,91.1,75.5,80.9,0.0,86.4,67.5,50.0,35,25,22,48,8,22.75
6275,Europe,1697,Hungary,2017,79.0,98.7,70.5,82.9,91.2,63.0,86.6,74.1,83.0,73.6,91.3,89.5,75.0,79.0,0.0,86.4,68.5,50.0,35,30,30,48,7,22.73
6276,Europe,1698,Hungary,2018,78.9,98.8,71.0,82.7,89.8,64.5,86.6,73.4,82.9,73.5,94.5,86.8,74.3,77.8,0.0,86.4,68.8,50.1,30,20,20,55,7,22.71
6277,Europe,1699,Hungary,2019,79.1,98.8,71.1,83.8,92.0,64.4,86.6,73.9,81.7,76.3,92.7,89.3,74.0,77.8,0.0,86.4,68.2,49.0,37,25,32,45,8,22.69
6278,Europe,1700,Hungary,2020,79.6,98.8,71.7,83.8,92.8,64.3,86.6,73.9,81.9,77.7,92.7,88.5,74.0,78.1,0.0,86.5,69.5,53.2,30,20,18,35,7,22.68
6279,Europe,1701,Hungary,2021,80.2,98.9,70.3,84.2,92.8,66.7,86.6,73.9,84.3,79.8,92.7,88.5,76.1,77.9,0.0,86.5,69.8,54.6,32,30,25,48,10,
6280,Europe,1702,Hungary,2022,79.4,98.9,70.3,83.6,92.8,66.8,86.6,73.9,84.6,80.3,92.7,89.3,76.1,77.9,0.0,86.5,69.1,54.1,40,30,32,37,8,
6281,Europe,1703,Iceland,2000,75.4,99.7,56.2,89.5,95.1,84.9,59.8,98.8,79.7,55.7,99.4,89.5,34.4,59.2,67.3,51.0,95.5,66.7,5,10,40,70,8,0.3
6282,Europe,1704,Iceland,2001,75.7,99.7,56.1,89.9,94.0,84.9,59.8,98.8,79.9,57.4,99.4,89.5,35.1,59.9,68.4,51.0,96.0,66.9,10,10,5,75,10,0.31
6283,Europe,1705,Iceland,2002,75.9,99.7,55.9,90.3,94.8,84.9,59.8,98.8,79.2,61.7,99.4,89.5,35.1,59.4,65.9,50.9,95.6,68.9,5,10,75,70,7,0.33
6284,Europe,1706,Iceland,2003,75.7,99.7,55.7,91.3,97.3,81.6,59.8,98.9,78.4,61.8,99.4,89.5,35.4,59.5,62.6,50.9,95.6,69.0,5,15,75,72,8,0.34
6285,Europe,1707,Iceland,2004,75.4,99.7,55.6,91.6,96.1,81.6,59.8,98.9,78.0,61.9,98.7,89.5,35.6,58.9,60.8,51.0,95.5,68.5,10,10,60,62,8,0.36
6286,Europe,1708,Iceland,2005,75.5,99.7,55.4,92.0,96.3,83.8,59.8,98.9,78.8,62.3,95.4,89.5,35.8,59.8,60.2,53.4,94.3,68.3,8,7,80,82,8,0.37
6287,Europe,1709,Iceland,2006,75.1,99.7,55.3,91.8,96.6,83.8,59.8,99.0,78.6,63.3,90.9,89.5,35.1,59.2,58.6,53.7,94.6,67.6,5,7,80,60,10,0.39
6288,Europe,1710,Iceland,2007,75.1,99.7,55.1,93.3,96.2,83.8,59.8,99.1,78.8,62.2,92.5,89.5,35.0,57.8,56.9,53.7,95.3,67.0,8,15,75,75,8,0.4
6289,Europe,1711,Iceland,2008,74.6,99.7,54.9,93.7,96.7,83.8,59.8,99.4,78.7,62.0,85.2,89.5,35.2,56.6,57.2,53.9,95.5,67.1,10,10,60,25,10,0.42
6290,Europe,1712,Iceland,2009,75.9,99.7,54.8,93.0,96.9,90.3,59.8,99.5,76.4,65.0,97.1,89.5,36.5,57.3,58.2,54.2,94.2,67.9,10,10,70,45,8,0.43
6291,Europe,1713,Iceland,2010,76.3,99.7,54.6,94.4,95.4,90.3,59.8,99.5,76.2,67.3,100.0,89.5,36.6,57.7,59.4,54.2,95.8,66.7,10,10,62,60,8,0.45
6292,Europe,1714,Iceland,2011,76.1,99.6,54.5,94.5,94.0,88.1,59.8,99.5,76.4,68.5,100.0,89.5,36.7,53.6,62.6,54.3,95.7,66.2,8,11,62,45,8,0.45
6293,Europe,1715,Iceland,2012,76.6,99.8,54.3,95.3,96.0,88.1,59.8,99.5,77.0,71.1,100.0,89.7,36.8,52.6,65.6,54.5,94.9,67.5,13,10,70,60,8,0.46
6294,Europe,1716,Iceland,2013,76.6,99.9,54.2,95.1,94.4,89.0,59.8,99.5,77.4,69.0,100.0,92.2,37.6,53.4,64.0,54.4,95.4,67.3,8,10,85,72,10,0.47
6295,Europe,1717,Iceland,2014,76.7,99.7,54.0,95.6,97.2,88.6,59.8,99.5,77.6,71.4,99.6,92.3,37.1,52.9,60.9,54.2,95.5,67.7,10,17,80,75,8,0.47
6296,Europe,1718,Iceland,2015,76.7,99.8,53.8,95.8,98.5,89.9,59.8,99.5,78.2,73.6,100.0,90.2,37.1,49.6,61.1,54.1,95.0,67.3,6,10,85,65,7,0.48
6297,Europe,1719,Iceland,2016,76.7,99.8,53.7,95.3,99.0,93.6,59.8,99.5,78.6,72.0,98.8,89.1,37.1,49.2,60.2,54.1,96.0,67.3,15,10,85,75,8,0.49
6298,Europe,1720,Iceland,2017,77.4,99.8,54.3,95.4,96.6,87.2,59.8,99.5,78.5,85.7,100.0,92.4,37.0,48.9,62.0,54.0,95.3,68.6,10,6,75,75,10,0.49
6299,Europe,1721,Iceland,2018,77.5,99.8,52.4,95.4,97.3,87.1,59.8,99.5,78.3,85.2,100.0,92.5,37.6,49.2,61.8,54.0,95.8,71.0,10,15,75,80,10,0.5
6300,Europe,1722,Iceland,2019,77.4,99.8,54.5,96.6,97.3,87.2,59.8,99.6,77.8,87.3,100.0,87.6,37.7,50.1,61.9,54.0,94.1,71.2,12,10,85,78,10,0.51
6301,Europe,1723,Iceland,2020,78.1,99.8,57.1,96.8,98.1,87.0,59.8,99.6,76.5,87.3,100.0,91.2,37.7,51.4,62.2,54.0,94.2,74.1,6,12,85,65,7,0.51
6302,Europe,1724,Iceland,2021,78.3,99.8,53.5,96.7,98.1,93.8,59.8,99.6,76.2,87.3,100.0,90.4,37.7,51.4,62.8,54.4,94.2,75.4,15,7,85,75,7,
6303,Europe,1725,Iceland,2022,78.3,99.9,53.5,96.4,98.1,94.0,59.8,99.6,77.7,87.4,100.0,86.8,37.7,51.4,62.8,54.4,93.8,77.3,13,18,85,75,8,
6304,Asia,1726,India,2000,51.7,45.9,47.3,39.5,60.6,30.6,43.2,40.3,66.4,22.6,40.3,47.5,95.8,96.8,53.5,47.8,51.1,49.1,40,75,17,25,8,22.73
6305,Asia,1727,India,2001,51.7,45.9,47.7,40.2,60.5,29.7,43.6,40.5,66.3,22.5,40.3,47.4,95.8,96.8,53.9,47.6,51.2,48.5,35,40,18,20,15,22.8
6306,Asia,1728,India,2002,51.7,45.9,46.1,40.9,60.5,28.8,44.0,42.6,66.2,22.5,40.3,47.5,95.9,96.7,53.4,47.4,51.2,48.9,40,20,30,20,7,22.86
6307,Asia,1729,India,2003,52.1,45.9,46.8,42.2,64.0,28.0,44.4,43.6,66.0,22.5,40.3,47.4,95.8,96.7,54.8,47.2,51.3,47.9,35,40,40,40,7,22.93
6308,Asia,1730,India,2004,52.1,45.9,46.2,43.3,64.0,26.9,45.9,44.0,65.9,22.7,40.3,47.5,95.8,96.6,54.0,47.0,51.3,47.6,40,30,48,15,10,22.99
6309,Asia,1731,India,2005,52.3,45.9,46.6,44.4,64.0,28.4,46.6,45.4,65.8,23.0,40.3,46.6,95.7,96.5,54.8,46.8,51.2,47.7,35,20,45,60,10,23.05
6310,Asia,1732,India,2006,52.9,45.9,47.6,45.3,68.1,29.1,47.3,45.9,65.9,23.0,40.3,46.7,95.6,96.4,55.2,46.6,51.3,48.4,35,50,20,55,8,23.12
6311,Asia,1733,India,2007,53.2,45.9,49.1,45.3,72.6,28.6,48.0,46.9,65.9,23.3,40.3,45.0,95.5,96.2,55.9,46.5,50.5,49.3,45,75,55,25,7,23.18
6312,Asia,1734,India,2008,53.5,45.9,49.4,47.3,74.3,29.2,48.7,47.2,66.0,23.6,40.3,46.7,95.4,96.0,55.4,46.3,50.1,48.0,60,65,45,35,10,23.25
6313,Asia,1735,India,2009,53.5,45.9,49.3,47.6,73.6,30.7,49.4,47.7,66.0,23.7,38.9,46.6,95.4,95.8,53.8,46.1,51.4,47.3,45,40,45,20,20,23.31
6314,Asia,1736,India,2010,53.8,45.9,50.5,52.1,73.9,31.3,50.1,48.8,66.0,23.9,38.9,45.9,95.3,95.7,53.5,45.9,48.8,48.8,46,60,35,55,7,23.37
6315,Asia,1737,India,2011,55.0,57.5,51.3,52.6,78.5,32.7,50.9,47.3,66.1,24.3,38.5,46.6,95.2,95.3,54.0,45.7,50.9,48.3,55,45,35,60,10,23.46
6316,Asia,1738,India,2012,55.5,60.3,52.2,53.2,79.1,34.0,51.7,51.1,66.2,24.3,38.5,43.0,95.2,95.1,53.6,47.5,49.5,49.3,50,30,18,30,15,23.55
6317,Asia,1739,India,2013,56.3,64.0,52.6,54.5,80.9,34.0,52.5,53.0,66.2,24.6,38.5,47.4,95.3,95.2,53.5,47.3,48.1,49.2,48,65,20,40,10,23.64
6318,Asia,1740,India,2014,57.1,66.5,53.6,58.2,82.4,35.1,53.3,54.3,69.0,25.3,38.5,45.4,95.2,95.0,54.2,47.2,49.6,48.3,44,58,32,42,10,23.73
6319,Asia,1741,India,2015,57.9,69.5,51.9,60.0,82.3,38.8,54.1,56.5,66.8,26.0,39.9,46.5,95.2,94.9,53.1,47.0,52.7,49.5,55,63,33,55,10,23.82
6320,Asia,1742,India,2016,58.6,73.0,52.9,61.4,79.3,39.9,54.9,58.1,66.8,30.3,39.7,49.1,95.2,94.7,51.6,46.9,52.2,50.2,52,60,45,52,5,23.91
6321,Asia,1743,India,2017,60.1,75.6,53.6,62.0,78.0,40.9,55.7,60.4,73.5,43.5,38.2,49.0,95.0,94.6,51.9,46.7,52.9,49.3,54,60,32,45,15,24.0
6322,Asia,1744,India,2018,60.9,78.9,54.0,62.3,80.6,42.0,56.5,62.9,74.1,42.6,40.0,48.2,94.9,94.3,52.6,46.4,54.3,51.3,63,70,32,45,12,24.09
6323,Asia,1745,India,2019,62.2,81.1,54.1,63.0,80.1,46.1,57.3,64.7,74.7,46.4,38.5,48.9,94.8,94.3,62.1,46.2,53.2,51.8,53,70,20,45,15,24.18
6324,Asia,1746,India,2020,62.6,76.9,53.8,64.3,82.9,45.8,58.1,66.2,72.5,49.7,38.5,52.1,94.8,94.7,62.2,46.0,52.7,52.8,55,66,32,45,10,24.27
6325,Asia,1747,India,2021,62.8,80.6,54.2,64.3,86.0,46.0,58.1,66.2,73.5,50.6,38.5,46.4,94.8,94.3,62.4,45.9,50.6,55.0,62,60,28,44,20,
6326,Asia,1748,India,2022,63.4,86.2,54.4,64.8,89.3,46.3,58.1,66.2,73.7,51.0,38.5,50.0,94.8,94.3,62.3,45.6,48.5,54.6,65,72,28,40,10,
6327,Asia,1749,Indonesia,2000,60.5,59.2,62.9,51.8,82.7,51.8,57.0,38.0,68.3,14.9,90.7,56.5,90.5,94.0,53.2,44.7,63.2,49.5,25,70,20,22,12,53.94
6328,Asia,1750,Indonesia,2001,60.7,59.2,63.0,52.2,82.7,52.4,57.6,37.7,68.3,14.8,88.9,56.7,90.5,93.9,53.5,44.5,63.2,52.2,30,40,35,25,8,53.86
6329,Asia,1751,Indonesia,2002,60.2,59.2,63.4,51.6,82.4,52.9,58.2,38.6,68.0,14.8,79.6,57.4,90.3,93.8,53.9,44.3,63.2,51.3,38,65,40,28,10,53.77
6330,Asia,1752,Indonesia,2003,60.4,59.2,63.6,51.8,83.1,53.4,58.8,38.8,68.0,14.9,79.5,57.6,90.3,93.6,54.6,44.1,63.3,52.4,38,40,35,48,10,53.68
6331,Asia,1753,Indonesia,2004,60.3,59.2,56.5,52.4,83.1,55.5,59.4,39.1,67.6,14.9,76.5,58.3,90.3,93.6,55.3,47.4,63.3,52.3,40,70,40,35,18,53.6
6332,Asia,1754,Indonesia,2005,60.3,59.2,56.9,52.9,81.3,55.9,60.0,39.2,67.3,15.1,75.5,58.2,90.2,93.6,56.9,47.2,63.3,52.5,30,60,45,18,10,53.51
6333,Asia,1755,Indonesia,2006,60.5,59.2,57.0,53.4,81.3,56.3,60.6,42.1,67.5,15.2,71.5,58.8,90.1,93.7,58.3,47.2,63.3,52.7,37,60,55,55,18,53.43
6334,Asia,1756,Indonesia,2007,60.7,59.2,56.6,54.4,85.0,53.9,61.2,43.1,67.2,15.4,66.2,64.7,89.9,93.4,58.7,47.0,63.2,53.3,38,65,40,60,15,53.34
6335,Asia,1757,Indonesia,2008,61.0,59.2,57.8,54.8,84.8,54.6,61.8,44.6,67.7,15.7,68.4,63.0,89.9,93.6,58.4,46.9,62.3,54.0,40,60,55,35,8,53.25
6336,Asia,1758,Indonesia,2009,61.6,59.2,58.6,56.0,87.5,58.0,62.5,46.1,68.3,15.7,68.6,64.4,89.8,93.4,58.9,47.7,62.1,51.2,40,55,40,24,10,53.17
6337,Asia,1759,Indonesia,2010,62.2,59.2,61.4,59.0,88.7,58.5,63.1,49.4,68.6,18.8,64.1,66.1,89.7,93.1,59.3,47.5,62.0,49.0,41,40,40,30,10,53.08
6338,Asia,1760,Indonesia,2011,61.7,61.6,62.1,58.8,89.3,58.9,63.7,49.7,68.8,19.5,50.3,64.4,89.5,92.5,59.4,47.3,63.4,50.5,46,63,40,55,7,52.59
6339,Asia,1761,Indonesia,2012,62.6,62.3,63.4,60.1,91.6,59.9,64.3,52.5,69.2,20.0,50.0,65.8,89.5,92.4,59.8,47.2,64.8,51.0,42,55,40,50,15,52.09
6340,Asia,1762,Indonesia,2013,63.1,66.5,62.9,61.5,90.2,60.0,64.9,57.5,69.3,20.3,49.3,66.4,89.6,92.7,60.3,47.7,63.9,50.7,37,58,35,55,7,51.6
6341,Asia,1763,Indonesia,2014,64.1,69.0,64.1,62.6,90.2,59.4,65.5,59.3,72.0,24.6,51.2,65.2,89.5,92.9,61.9,47.5,64.2,50.5,38,60,55,55,10,51.11
6342,Asia,1764,Indonesia,2015,64.7,70.6,64.5,62.7,93.3,59.5,66.1,58.8,73.6,26.5,50.3,68.6,89.6,92.9,62.4,47.6,63.0,49.9,42,61,55,55,10,50.61
6343,Asia,1765,Indonesia,2016,65.3,74.3,63.8,63.9,92.8,60.2,66.8,60.2,73.7,24.9,55.2,70.1,89.5,92.9,62.5,47.6,61.9,49.7,37,72,40,55,10,50.31
6344,Asia,1766,Indonesia,2017,67.1,77.3,63.5,64.6,92.5,61.9,67.6,62.0,75.9,39.0,57.6,71.5,89.4,92.7,62.9,47.5,65.3,48.7,37,60,40,50,10,50.0
6345,Asia,1767,Indonesia,2018,68.1,79.7,66.2,65.7,92.2,62.2,68.4,63.4,75.5,42.5,59.4,74.7,89.3,92.5,63.9,46.8,64.8,50.6,45,66,60,55,15,49.69
6346,Asia,1768,Indonesia,2019,69.0,81.5,66.1,66.9,92.2,61.5,69.2,64.3,76.1,44.6,62.7,74.5,89.2,92.2,69.4,46.7,66.1,49.8,44,66,50,55,15,49.38
6347,Asia,1769,Indonesia,2020,69.2,82.7,66.3,65.2,92.2,63.3,70.1,64.5,76.5,48.1,62.7,70.9,89.2,92.5,69.6,46.5,65.9,51.0,49,70,32,45,10,49.07
6348,Asia,1770,Indonesia,2021,70.0,83.2,66.5,64.5,92.2,63.7,70.1,64.5,77.1,49.1,60.9,74.9,89.7,92.5,69.8,51.8,67.4,52.3,41,68,35,62,15,
6349,Asia,1771,Indonesia,2022,70.2,86.1,66.6,64.8,92.2,63.8,70.1,64.5,77.4,50.7,60.9,75.3,89.7,92.5,69.8,51.4,64.7,52.4,45,66,50,65,20,
6350,Asia,1772,"Iran, Islamic Rep.",2000,61.2,94.3,63.0,67.1,60.0,36.3,57.3,59.4,59.7,15.0,35.6,68.0,86.5,83.6,77.4,69.2,57.3,51.3,45,35,10,30,20,5.73
6351,Asia,1773,"Iran, Islamic Rep.",2001,61.2,94.3,63.7,66.3,59.1,36.7,57.3,59.8,59.3,15.1,35.6,68.0,86.5,83.1,76.9,70.1,57.3,51.9,70,40,11,15,10,5.81
6352,Asia,1774,"Iran, Islamic Rep.",2002,61.8,94.3,65.4,66.4,64.8,37.5,57.3,60.8,59.0,15.6,35.6,68.0,86.1,83.2,74.7,70.0,57.3,54.1,75,45,10,30,15,5.89
6353,Asia,1775,"Iran, Islamic Rep.",2003,62.0,94.3,65.7,66.8,67.1,37.9,57.3,61.5,59.7,16.5,35.6,68.0,86.1,82.8,72.4,70.4,57.3,54.1,72,40,12,20,10,5.98
6354,Asia,1776,"Iran, Islamic Rep.",2004,62.1,94.3,65.7,67.0,68.0,38.2,57.4,61.8,60.4,16.5,35.6,68.1,85.8,82.3,73.1,70.2,57.3,54.4,70,45,10,35,8,6.06
6355,Asia,1777,"Iran, Islamic Rep.",2005,62.5,94.3,65.5,69.2,66.7,38.6,57.6,62.0,59.5,17.4,35.6,68.4,85.6,82.0,73.5,70.1,57.3,59.3,70,45,10,15,5,6.15
6356,Asia,1778,"Iran, Islamic Rep.",2006,62.2,94.3,64.9,70.2,67.4,39.9,57.8,62.2,59.7,17.8,28.4,68.4,85.0,81.2,74.1,69.9,57.3,59.3,73,38,15,30,20,6.23
6357,Asia,1779,"Iran, Islamic Rep.",2007,62.3,94.3,65.5,70.7,67.1,40.1,58.0,62.8,60.1,18.4,28.4,65.8,85.0,81.2,76.4,69.7,58.2,58.2,72,40,12,15,10,6.31
6358,Asia,1780,"Iran, Islamic Rep.",2008,62.7,94.3,62.0,70.7,68.3,39.7,58.2,63.0,60.2,19.9,28.4,75.0,85.2,80.8,76.6,69.6,59.2,55.2,73,55,13,23,15,6.4
6359,Asia,1781,"Iran, Islamic Rep.",2009,63.7,94.3,63.6,71.4,70.3,40.0,58.5,63.4,59.3,19.4,42.8,75.0,84.9,80.4,76.4,69.4,59.2,54.8,75,35,15,15,15,6.48
6360,Asia,1782,"Iran, Islamic Rep.",2010,63.8,94.3,64.8,73.5,68.5,40.3,58.7,63.7,58.4,20.5,42.8,74.6,85.3,80.4,76.7,69.3,59.2,54.3,78,45,15,18,18,6.56
6361,Asia,1783,"Iran, Islamic Rep.",2011,64.5,95.7,63.9,74.5,69.4,40.2,58.9,63.8,59.1,22.4,42.8,78.1,85.4,80.2,77.5,69.1,61.9,53.9,75,40,13,15,20,6.56
6362,Asia,1784,"Iran, Islamic Rep.",2012,64.6,96.3,63.7,74.6,71.2,40.2,59.1,64.1,59.2,23.7,42.8,78.5,84.8,79.5,78.2,69.0,60.3,53.5,75,42,15,15,15,6.56
6363,Asia,1785,"Iran, Islamic Rep.",2013,66.0,96.8,64.5,75.9,71.5,40.5,59.2,64.8,60.1,24.5,63.6,77.6,85.0,79.8,78.5,68.9,57.3,53.4,70,40,15,30,20,6.56
6364,Asia,1786,"Iran, Islamic Rep.",2014,66.0,95.0,63.8,76.0,73.0,40.7,59.4,64.7,63.0,27.6,58.1,75.5,85.3,80.3,77.1,68.7,59.6,54.7,70,43,11,18,85,6.56
6365,Asia,1787,"Iran, Islamic Rep.",2015,66.5,95.1,65.2,77.6,76.8,40.8,59.6,64.9,62.8,30.4,55.0,74.8,86.0,81.4,77.6,68.5,59.1,55.5,80,45,10,12,20,6.56
6366,Asia,1788,"Iran, Islamic Rep.",2016,67.0,95.1,66.3,78.4,76.8,43.0,59.8,65.0,61.9,36.0,52.4,76.2,85.8,81.5,78.2,68.4,58.7,56.3,70,41,12,18,20,6.57
6367,Asia,1789,"Iran, Islamic Rep.",2017,68.0,95.1,64.2,79.1,77.1,43.6,59.9,64.9,62.4,52.1,49.0,78.4,85.9,80.5,78.6,68.3,59.5,58.2,80,55,11,15,20,6.58
6368,Asia,1790,"Iran, Islamic Rep.",2018,68.1,94.6,64.4,78.5,77.1,43.7,60.1,64.4,62.5,55.2,43.4,77.8,85.9,80.9,78.8,68.1,61.4,60.8,76,37,15,30,30,6.59
6369,Asia,1791,"Iran, Islamic Rep.",2019,69.0,93.2,64.4,80.4,82.8,43.6,60.2,64.4,63.3,59.7,48.5,76.7,85.8,81.0,80.1,67.9,61.4,59.4,76,55,15,15,15,6.59
6370,Asia,1792,"Iran, Islamic Rep.",2020,68.9,93.1,64.1,80.4,82.7,42.6,60.2,64.3,63.9,63.6,48.5,75.6,85.8,80.6,79.8,67.8,61.0,57.7,76,55,15,18,15,6.6
6371,Asia,1793,"Iran, Islamic Rep.",2021,69.1,93.5,64.1,80.2,83.0,42.6,60.2,64.3,62.6,67.0,48.5,74.5,85.8,80.4,79.5,67.6,61.5,59.5,80,45,11,15,70,
6372,Asia,1794,"Iran, Islamic Rep.",2022,69.1,94.0,64.1,80.6,83.0,42.9,60.2,64.3,62.5,67.2,48.5,74.0,85.8,80.4,79.4,67.4,60.4,59.8,82,55,12,15,18,
6373,Asia,1795,Iraq,2000,56.3,0.0,39.1,52.8,53.7,26.7,47.1,56.0,61.6,15.2,94.1,54.4,85.9,87.0,66.5,40.8,58.0,62.5,65,65,12,10,10,1.88
6374,Asia,1796,Iraq,2001,56.3,0.0,40.4,52.9,53.7,27.2,48.2,55.1,61.5,15.2,94.1,54.4,84.8,85.9,66.3,40.6,58.0,62.5,75,61,10,12,8,1.89
6375,Asia,1797,Iraq,2002,56.6,0.0,42.2,53.2,53.7,27.6,49.2,56.4,61.5,15.2,94.1,53.9,85.7,86.0,66.6,40.2,58.0,62.5,70,55,12,10,10,1.89
6376,Asia,1798,Iraq,2003,57.1,0.0,48.2,52.4,57.7,28.1,50.3,53.7,61.5,15.2,94.1,53.8,86.4,85.9,65.5,40.4,58.0,62.5,68,68,12,5,8,1.89
6377,Asia,1799,Iraq,2004,57.3,0.0,45.2,51.2,64.8,28.5,51.3,54.7,61.7,15.2,94.1,53.4,85.7,84.0,66.2,40.2,58.0,62.5,70,63,10,5,15,1.89
6378,Asia,1800,Iraq,2005,57.4,0.0,44.4,51.8,64.8,28.9,52.6,54.3,61.6,15.2,94.1,53.6,85.6,84.4,66.4,40.0,58.0,62.5,70,75,15,8,8,1.89
6379,Asia,1801,Iraq,2006,58.6,0.0,46.0,52.7,64.8,38.6,53.9,58.6,61.7,15.3,94.1,53.1,86.6,86.0,65.6,39.9,58.0,62.5,75,70,14,8,18,1.89
6380,Asia,1802,Iraq,2007,59.3,0.0,46.8,51.6,64.6,39.1,55.2,64.1,61.7,15.3,94.1,53.0,87.2,89.0,66.0,40.5,58.0,62.5,75,65,15,7,10,1.9
6381,Asia,1803,Iraq,2008,58.9,0.0,43.6,53.1,64.6,39.7,56.5,61.3,61.8,15.3,94.1,52.6,86.7,86.4,66.5,40.4,58.0,62.5,70,70,15,15,15,1.9
6382,Asia,1804,Iraq,2009,59.6,0.0,45.1,55.0,64.6,40.2,57.8,62.8,61.8,15.4,94.1,59.4,85.1,85.7,66.4,40.3,58.0,62.5,60,75,15,15,15,1.9
6383,Asia,1805,Iraq,2010,59.7,0.0,49.4,55.9,64.6,40.5,59.1,63.0,62.0,15.5,94.1,51.9,86.0,85.4,66.2,40.1,59.4,62.5,68,70,15,15,15,1.9
6384,Asia,1806,Iraq,2011,59.7,0.0,47.7,58.1,64.6,41.2,60.4,62.4,62.0,15.9,94.1,50.2,85.8,84.0,66.8,40.0,59.9,62.5,62,63,30,17,15,1.9
6385,Asia,1807,Iraq,2012,59.4,0.0,48.9,55.3,63.8,41.9,61.7,59.2,62.1,17.5,91.5,53.5,85.4,81.9,65.6,39.8,59.9,62.5,65,72,15,15,12,1.9
6386,Asia,1808,Iraq,2013,60.0,0.0,50.3,55.6,62.1,42.5,63.0,61.6,61.1,17.9,91.5,56.3,85.4,81.2,66.4,40.4,62.3,62.5,70,63,18,15,10,1.9
6387,Asia,1809,Iraq,2014,60.6,0.0,50.5,54.7,67.0,42.6,64.3,63.2,60.1,20.6,91.5,58.9,85.5,81.4,61.8,41.6,63.5,62.5,83,75,14,8,20,1.9
6388,Asia,1810,Iraq,2015,60.2,0.0,49.8,55.7,67.0,43.3,66.7,63.4,60.1,20.9,91.5,54.5,86.2,82.4,62.2,41.4,63.1,55.4,70,70,18,11,18,1.9
6389,Asia,1811,Iraq,2016,60.4,0.0,49.9,56.7,68.3,43.4,66.2,63.7,60.0,21.6,91.5,57.1,86.4,83.5,62.0,41.4,62.1,53.2,68,75,30,12,30,1.9
6390,Asia,1812,Iraq,2017,61.0,0.0,47.3,59.0,69.9,42.8,65.5,64.0,60.9,25.2,91.5,56.5,86.3,82.7,62.0,41.3,61.4,59.9,72,70,22,15,10,1.9
6391,Asia,1813,Iraq,2018,62.2,0.0,51.3,61.8,69.9,42.2,69.2,63.8,60.0,29.7,91.5,56.4,86.3,83.0,62.3,41.1,62.4,63.8,70,63,35,22,5,1.9
6392,Asia,1814,Iraq,2019,62.4,0.0,51.7,61.6,69.9,42.3,62.3,63.8,59.2,32.9,91.5,55.2,86.2,84.9,68.1,40.9,63.9,63.5,60,63,18,15,7,1.9
6393,Asia,1815,Iraq,2020,63.0,0.0,52.4,60.9,69.9,42.9,62.6,63.9,58.3,34.6,91.5,57.2,86.2,86.0,69.5,40.9,64.0,67.0,64,60,15,10,10,1.9
6394,Asia,1816,Iraq,2021,63.2,0.0,53.0,61.7,69.9,44.2,62.6,63.9,57.5,33.8,91.5,54.7,86.2,85.5,69.5,40.6,63.8,72.4,60,65,28,35,10,
6395,Asia,1817,Iraq,2022,64.8,0.0,53.2,61.3,69.9,44.2,62.6,63.9,57.9,34.7,91.5,58.0,86.2,85.5,69.5,40.4,64.0,71.8,60,68,17,8,10,
6396,Europe,1818,Ireland,2000,74.4,99.6,69.2,85.2,98.7,65.4,84.2,67.4,86.8,67.5,81.3,86.0,50.9,49.2,59.8,76.7,87.4,49.7,10,5,30,30,5,9.15
6397,Europe,1819,Ireland,2001,74.5,99.6,68.6,84.9,98.6,65.4,84.2,67.2,86.9,68.3,81.3,86.0,50.7,48.4,61.5,76.6,87.3,50.4,12,7,75,15,8,9.28
6398,Europe,1820,Ireland,2002,74.7,99.6,68.1,85.6,98.9,66.1,84.2,67.4,86.9,69.9,82.3,86.0,50.1,49.5,60.9,76.6,87.3,50.9,15,10,80,15,5,9.41
6399,Europe,1821,Ireland,2003,75.1,99.6,68.5,86.7,99.2,66.2,84.2,67.5,86.7,72.4,81.5,86.0,50.5,50.0,61.8,77.2,87.4,51.4,10,10,75,20,7,9.54
6400,Europe,1822,Ireland,2004,75.5,99.6,68.6,87.3,99.0,66.2,84.3,67.6,86.7,73.6,80.5,86.0,51.3,50.1,64.6,77.7,87.8,52.2,20,10,80,75,10,9.67
6401,Europe,1823,Ireland,2005,75.7,99.6,67.7,88.2,99.5,66.3,84.3,67.8,86.7,74.3,80.2,86.0,51.7,49.6,66.5,78.9,87.5,52.8,18,15,60,50,8,9.8
6402,Europe,1824,Ireland,2006,76.2,99.6,68.6,88.9,99.2,66.4,84.3,68.3,86.5,76.3,83.3,86.0,50.9,50.3,67.2,80.5,87.2,52.6,18,20,75,55,10,9.93
6403,Europe,1825,Ireland,2007,76.7,99.6,69.8,89.4,99.2,66.5,84.3,68.4,86.1,77.4,86.6,86.0,49.3,50.9,66.3,83.9,87.0,53.4,18,20,85,60,8,10.06
6404,Europe,1826,Ireland,2008,77.2,99.6,69.7,90.9,99.0,66.6,84.4,69.4,85.1,78.6,90.2,84.4,50.3,51.5,65.1,84.1,86.7,56.4,15,10,70,55,8,10.2
6405,Europe,1827,Ireland,2009,77.2,99.6,69.3,90.3,99.4,67.1,84.4,69.8,82.0,79.7,84.6,85.2,50.7,53.7,65.2,85.4,86.2,59.0,18,20,75,45,8,10.33
6406,Europe,1828,Ireland,2010,77.6,99.6,69.4,92.7,99.7,67.2,84.4,70.0,81.0,79.8,87.9,85.6,52.2,53.9,62.9,86.8,87.5,58.7,15,10,75,55,10,10.46
6407,Europe,1829,Ireland,2011,78.4,99.5,69.1,92.5,99.8,67.7,84.5,71.2,80.4,81.9,85.5,88.4,52.5,60.7,66.1,87.1,87.6,57.7,15,10,78,45,10,10.56
6408,Europe,1830,Ireland,2012,78.9,99.7,68.8,92.8,98.8,67.7,84.5,71.1,80.5,79.9,84.2,89.0,54.4,69.6,68.0,87.1,88.5,57.5,12,10,80,65,8,10.66
6409,Europe,1831,Ireland,2013,79.2,99.6,68.9,92.7,99.1,72.4,84.5,71.3,81.4,81.0,83.1,88.2,53.6,68.2,70.4,87.1,88.1,56.3,15,20,70,55,10,10.76
6410,Europe,1832,Ireland,2014,79.7,99.8,67.8,93.2,98.7,72.3,84.5,72.1,82.5,86.1,87.9,89.6,53.5,65.9,70.1,87.0,89.3,54.7,20,20,70,50,10,10.86
6411,Europe,1833,Ireland,2015,79.3,99.8,66.8,93.7,97.7,72.5,84.6,72.6,83.5,87.3,87.7,88.9,53.8,62.9,69.5,87.0,89.3,50.3,20,20,50,75,10,10.95
6412,Europe,1834,Ireland,2016,78.5,99.9,67.6,93.9,98.7,75.9,84.6,72.4,84.1,83.7,84.7,88.2,52.2,54.6,67.7,87.0,88.5,50.5,15,15,75,58,10,11.03
6413,Europe,1835,Ireland,2017,79.1,99.9,68.0,94.3,99.9,76.1,84.6,73.5,85.1,88.1,88.9,87.4,50.8,53.0,70.1,87.1,88.2,50.3,15,18,72,70,10,11.11
6414,Europe,1836,Ireland,2018,78.8,99.9,67.4,94.4,99.1,76.3,82.9,73.9,85.5,85.0,90.3,87.9,46.4,53.1,71.2,87.8,88.1,50.2,18,30,50,55,8,11.19
6415,Europe,1837,Ireland,2019,79.3,99.9,67.7,95.2,99.8,76.4,82.9,74.8,86.0,85.3,90.3,90.0,46.4,53.9,72.6,88.7,87.9,50.1,20,18,80,55,10,11.27
6416,Europe,1838,Ireland,2020,79.3,99.9,67.7,94.8,99.0,76.5,82.9,74.8,85.6,86.0,90.3,88.8,46.4,54.8,72.5,88.7,88.1,51.0,18,15,75,62,10,11.35
6417,Europe,1839,Ireland,2021,79.4,99.9,67.7,94.3,99.0,77.2,82.9,74.8,86.0,86.5,90.3,90.0,45.9,54.1,72.6,88.6,87.8,52.0,20,20,70,50,8,
6418,Europe,1840,Ireland,2022,80.1,99.9,67.7,94.4,99.0,77.7,82.9,74.8,87.0,86.5,90.3,90.8,45.9,54.1,72.6,88.6,89.1,61.2,15,18,75,20,8,
6419,Asia,1841,Israel,2000,68.8,97.8,57.9,88.4,99.3,54.1,68.2,70.2,77.6,76.8,63.9,85.7,59.6,54.0,41.4,45.4,70.9,58.9,30,15,20,30,10,7.07
6420,Asia,1842,Israel,2001,68.7,97.8,58.1,88.2,99.6,54.7,68.2,70.2,77.7,76.3,63.9,85.7,60.9,53.4,37.9,45.4,70.7,59.7,20,10,35,20,10,7.07
6421,Asia,1843,Israel,2002,68.9,97.8,58.9,88.5,99.5,55.2,68.2,70.9,77.4,76.3,63.0,85.7,61.9,54.7,37.7,45.5,70.6,60.0,20,15,15,15,10,7.08
6422,Asia,1844,Israel,2003,69.1,97.8,59.6,89.5,99.8,55.7,68.2,70.8,77.1,76.6,61.4,85.7,62.4,54.2,37.4,48.0,70.9,59.5,10,40,35,10,7,7.08
6423,Asia,1845,Israel,2004,69.0,97.8,60.3,90.0,99.8,55.8,68.2,71.2,77.3,77.1,60.3,85.7,63.0,55.4,34.6,48.0,70.4,58.7,38,45,40,18,10,7.09
6424,Asia,1846,Israel,2005,69.7,97.8,59.9,90.4,99.9,59.8,68.2,71.6,78.8,77.4,59.2,86.0,64.8,56.2,37.0,48.0,71.4,58.3,37,15,15,15,10,7.09
6425,Asia,1847,Israel,2006,69.6,97.8,57.9,91.2,99.1,63.4,68.2,71.3,79.2,77.8,60.1,86.0,64.2,55.1,35.6,48.0,70.0,58.3,25,18,40,20,10,7.1
6426,Asia,1848,Israel,2007,69.7,97.8,57.2,90.6,99.8,63.5,68.2,71.5,80.0,80.8,60.8,86.8,64.4,55.2,35.4,48.4,66.1,57.7,18,25,15,25,8,7.1
6427,Asia,1849,Israel,2008,69.8,97.8,55.2,91.7,98.6,63.7,68.2,72.4,81.1,82.4,60.1,87.7,64.3,54.2,35.7,48.6,67.6,57.9,35,10,40,20,10,7.11
6428,Asia,1850,Israel,2009,70.0,97.8,58.5,92.8,98.0,65.9,68.2,72.7,80.0,83.0,58.7,84.4,66.3,55.5,34.9,49.1,67.1,57.9,33,45,60,12,5,7.11
6429,Asia,1851,Israel,2010,70.1,97.8,57.6,93.7,99.5,66.3,68.2,72.7,80.6,83.6,58.9,83.8,65.3,54.7,34.1,49.2,67.2,58.1,37,10,35,20,10,7.12
6430,Asia,1852,Israel,2011,70.2,97.8,58.5,93.8,98.7,66.7,68.2,73.0,81.4,85.0,60.4,82.6,64.7,51.2,36.9,49.2,67.4,58.1,30,45,65,60,12,7.22
6431,Asia,1853,Israel,2012,70.6,97.6,60.9,93.7,99.6,66.9,68.2,70.0,81.7,87.1,59.5,83.7,64.9,54.0,37.0,49.2,67.6,58.4,30,60,65,47,8,7.32
6432,Asia,1854,Israel,2013,71.1,98.0,59.9,94.4,99.9,70.6,68.2,70.6,82.0,87.5,63.7,82.6,64.6,54.8,35.9,49.2,68.7,58.8,35,45,45,35,5,7.42
6433,Asia,1855,Israel,2014,71.2,98.2,60.8,94.7,99.7,71.2,68.2,71.0,82.1,83.4,63.0,84.1,66.6,57.3,31.1,49.2,71.2,58.7,38,65,60,15,10,7.52
6434,Asia,1856,Israel,2015,72.1,98.2,61.0,94.2,99.7,73.4,68.5,71.0,82.7,88.9,64.4,87.2,67.7,61.0,31.2,49.2,68.7,58.8,40,45,55,15,8,7.62
6435,Asia,1857,Israel,2016,72.0,98.5,60.2,94.4,99.6,73.7,68.2,71.4,82.9,84.4,68.8,85.7,66.6,59.9,32.1,49.3,69.3,58.9,40,45,65,60,10,7.39
6436,Asia,1858,Israel,2017,73.2,98.4,55.1,95.3,99.4,74.2,68.2,71.3,83.7,94.6,71.2,87.2,67.5,63.8,33.5,49.3,71.2,60.2,35,45,45,20,15,7.16
6437,Asia,1859,Israel,2018,73.1,98.6,53.2,94.8,99.6,74.8,69.1,71.3,83.8,94.0,69.4,85.7,67.7,65.5,34.1,49.3,71.1,60.5,40,30,50,45,10,6.93
6438,Asia,1860,Israel,2019,73.7,98.6,55.6,95.7,99.5,72.9,68.2,71.7,84.0,94.8,71.6,86.7,67.5,66.0,37.5,49.4,71.6,61.0,30,45,45,38,8,6.7
6439,Asia,1861,Israel,2020,73.9,98.5,56.1,95.6,99.6,75.3,68.2,71.7,83.6,95.2,71.6,83.4,67.5,66.9,37.5,49.4,71.9,64.5,35,28,25,20,5,6.47
6440,Asia,1862,Israel,2021,74.2,98.6,55.4,96.3,99.6,75.9,68.2,71.7,83.6,95.4,71.6,87.9,66.6,67.2,37.5,49.4,70.8,65.3,55,58,46,60,10,
6441,Asia,1863,Israel,2022,74.0,98.6,55.4,96.3,99.6,76.1,68.2,71.7,84.3,94.7,71.6,84.6,66.6,67.2,37.5,49.4,69.6,66.1,40,20,55,30,8,
6442,Europe,1864,Italy,2000,71.9,98.0,71.4,86.0,99.2,50.1,78.5,68.7,74.4,60.1,76.8,75.2,66.3,71.2,53.4,66.7,66.7,58.9,15,10,40,15,10,28.45
6443,Europe,1865,Italy,2001,72.0,98.0,70.3,86.5,99.1,49.8,78.8,69.0,75.1,61.1,76.8,75.2,66.9,71.2,52.1,66.9,66.7,59.9,15,10,50,20,7,28.68
6444,Europe,1866,Italy,2002,72.2,98.0,70.3,87.3,99.6,50.1,79.2,69.2,75.3,61.9,76.8,75.2,67.1,71.0,51.7,67.4,66.7,59.8,18,12,45,55,8,28.9
6445,Europe,1867,Italy,2003,72.3,98.0,68.6,88.1,99.6,51.3,79.5,69.4,75.4,63.0,77.4,75.2,67.1,70.5,51.0,69.1,66.7,60.0,20,10,30,50,5,29.13
6446,Europe,1868,Italy,2004,73.1,98.0,72.5,88.8,99.6,51.6,79.8,69.5,75.9,64.1,78.2,75.2,66.9,70.5,52.4,72.0,66.9,60.3,20,10,40,30,5,29.35
6447,Europe,1869,Italy,2005,73.8,98.0,71.8,89.9,99.5,51.9,80.2,69.9,76.1,65.3,80.8,75.3,67.2,70.6,55.4,75.7,66.8,60.4,10,35,40,50,5,29.57
6448,Europe,1870,Italy,2006,74.2,98.0,70.9,90.2,99.4,55.3,80.5,70.6,76.5,66.6,80.6,75.3,67.1,70.8,56.7,77.9,64.4,61.0,15,12,54,50,8,29.8
6449,Europe,1871,Italy,2007,74.5,98.0,70.6,90.2,99.4,56.0,80.9,71.3,76.9,68.1,84.3,75.3,67.6,71.0,55.9,78.4,62.3,59.9,18,30,30,20,10,30.02
6450,Europe,1872,Italy,2008,74.5,98.0,71.0,90.8,99.2,58.5,76.8,72.6,76.5,69.1,82.1,74.8,68.3,71.5,54.6,78.3,63.6,60.9,15,10,20,30,10,30.25
6451,Europe,1873,Italy,2009,75.6,98.0,70.8,90.2,99.3,58.9,80.9,73.6,76.1,70.4,82.7,77.5,69.3,73.1,58.0,79.2,64.9,61.8,18,12,60,55,10,30.47
6452,Europe,1874,Italy,2010,75.7,98.0,70.6,91.8,99.5,59.3,80.8,74.0,75.7,74.2,78.6,76.6,69.2,72.8,58.1,79.2,67.8,61.4,25,25,30,48,7,30.69
6453,Europe,1875,Italy,2011,75.7,98.1,71.3,91.2,99.3,60.0,80.8,73.7,75.6,75.2,78.4,77.3,69.0,72.8,56.7,79.2,66.7,60.7,20,20,35,45,10,30.88
6454,Europe,1876,Italy,2012,76.5,97.7,69.5,91.0,99.3,60.5,80.8,75.2,74.4,76.6,77.6,80.2,70.3,76.2,62.0,79.2,69.1,60.4,35,10,50,38,10,31.06
6455,Europe,1877,Italy,2013,77.3,97.5,69.8,91.7,99.1,69.1,80.8,76.3,73.6,78.8,79.3,80.4,70.5,77.5,62.4,79.3,68.0,60.6,20,25,35,40,5,31.24
6456,Europe,1878,Italy,2014,77.1,97.7,70.6,91.4,98.8,69.6,80.8,76.9,75.8,80.1,79.2,69.6,70.5,78.3,61.6,79.3,69.7,60.5,18,20,35,20,10,31.42
6457,Europe,1879,Italy,2015,76.9,96.7,70.2,91.1,98.0,69.4,80.8,76.5,76.0,82.2,77.0,71.7,70.7,78.7,59.6,79.3,68.6,60.3,18,30,20,40,8,31.61
6458,Europe,1880,Italy,2016,77.0,97.1,70.6,92.0,97.0,69.9,80.8,76.5,76.1,83.0,78.2,71.7,70.6,78.5,58.4,79.5,68.5,59.7,40,18,60,46,5,31.79
6459,Europe,1881,Italy,2017,77.2,97.6,69.0,93.0,95.9,70.3,80.8,76.7,76.9,83.7,75.7,73.3,70.6,79.0,59.6,80.0,69.5,59.9,25,13,40,40,8,31.97
6460,Europe,1882,Italy,2018,77.9,97.5,69.4,93.8,95.4,73.1,80.8,77.0,77.7,86.2,77.9,74.0,70.7,79.4,59.4,79.9,72.1,60.3,37,20,48,50,8,32.16
6461,Europe,1883,Italy,2019,77.9,97.5,69.4,94.2,94.0,73.5,80.8,76.9,78.2,85.7,77.9,69.8,70.8,79.6,62.5,79.9,72.8,59.9,40,35,65,35,10,32.34
6462,Europe,1884,Italy,2020,78.6,97.3,69.9,94.2,94.2,73.5,80.8,76.9,78.6,86.6,77.9,77.3,70.8,80.7,62.6,79.9,73.6,61.8,35,35,60,42,10,32.52
6463,Europe,1885,Italy,2021,78.7,97.4,69.8,94.2,94.2,73.9,80.8,76.9,79.3,87.5,77.9,73.6,71.6,79.9,62.6,80.0,73.8,64.2,25,30,55,45,5,
6464,Europe,1886,Italy,2022,78.8,97.5,69.8,93.9,94.2,74.3,80.8,76.9,79.9,87.5,77.9,74.6,71.6,79.9,62.6,79.9,72.9,65.2,30,20,68,35,7,
6465,North America,1887,Jamaica,2000,66.6,91.1,60.0,71.1,91.6,68.4,69.9,59.1,74.9,27.3,20.7,87.0,81.1,88.9,60.8,57.0,62.1,60.6,20,15,20,15,10,48.11
6466,North America,1888,Jamaica,2001,66.2,91.1,60.3,70.9,90.6,68.4,70.0,59.7,74.9,27.6,20.7,86.9,81.4,88.7,58.4,56.9,61.1,58.4,15,20,15,10,10,48.45
6467,North America,1889,Jamaica,2002,66.2,91.1,60.6,70.7,88.9,68.4,70.1,60.4,74.9,28.0,20.7,86.9,80.8,89.0,57.6,56.9,61.1,59.5,15,30,20,15,10,48.8
6468,North America,1890,Jamaica,2003,66.0,91.1,60.6,71.0,88.2,67.6,70.2,60.7,74.9,28.2,20.7,86.8,80.8,88.7,56.1,56.8,61.4,58.7,25,40,10,20,10,49.14
6469,North America,1891,Jamaica,2004,66.6,91.1,58.0,72.8,92.6,67.6,70.1,60.8,74.9,28.7,25.6,86.7,81.4,88.8,56.5,56.7,61.1,58.8,18,32,30,20,10,49.49
6470,North America,1892,Jamaica,2005,66.6,91.1,57.8,75.5,91.2,67.6,70.1,61.4,74.9,29.0,25.6,86.6,81.1,89.0,55.9,56.7,60.5,58.9,10,30,20,20,5,49.84
6471,North America,1893,Jamaica,2006,66.7,91.1,59.9,75.6,91.2,67.6,70.0,61.1,75.0,29.5,25.6,86.5,81.6,88.3,56.1,56.6,60.5,58.7,30,10,20,45,8,50.18
6472,North America,1894,Jamaica,2007,66.8,91.1,59.6,73.6,89.1,68.4,69.9,60.4,75.0,30.3,25.6,86.4,81.5,88.8,56.7,56.4,60.7,62.5,12,30,25,25,8,50.53
6473,North America,1895,Jamaica,2008,67.0,91.1,59.1,75.8,89.1,68.7,69.8,58.0,74.9,30.9,25.6,86.4,82.2,88.8,58.4,56.4,60.7,63.5,20,30,50,40,8,50.87
6474,North America,1896,Jamaica,2009,67.5,91.1,59.7,75.4,89.1,68.7,69.7,61.3,74.6,31.1,25.6,86.3,83.3,90.6,59.1,56.3,61.2,64.0,35,18,20,40,6,51.22
6475,North America,1897,Jamaica,2010,67.4,91.1,56.9,76.9,89.1,68.7,69.6,62.0,74.5,31.2,25.6,86.2,84.0,90.8,60.2,56.2,59.5,63.8,25,15,22,35,10,51.57
6476,North America,1898,Jamaica,2011,67.8,91.7,58.1,75.2,89.1,68.4,69.4,62.3,74.2,32.9,25.6,90.8,83.6,90.1,60.3,56.1,61.9,62.5,25,38,30,30,10,51.92
6477,North America,1899,Jamaica,2012,68.1,91.5,58.3,78.4,89.1,68.4,69.3,64.1,73.9,33.8,25.6,91.1,83.5,90.4,60.6,56.0,61.6,61.9,12,15,20,40,8,52.27
6478,North America,1900,Jamaica,2013,67.8,91.2,58.4,78.8,84.0,68.4,69.2,64.0,73.3,38.6,25.6,85.3,83.6,90.2,59.9,55.9,61.9,63.7,15,35,30,40,7,52.62
6479,North America,1901,Jamaica,2014,68.1,91.0,58.8,77.7,82.2,68.4,69.2,65.1,74.8,44.0,25.6,86.1,83.7,91.0,59.2,55.9,63.2,62.6,30,30,35,55,10,52.97
6480,North America,1902,Jamaica,2015,68.5,90.9,59.0,77.1,83.9,69.5,69.7,65.2,74.6,46.2,25.6,86.0,83.9,90.6,59.3,55.8,64.0,63.1,33,40,25,30,10,53.32
6481,North America,1903,Jamaica,2016,68.6,90.8,58.5,77.7,84.5,71.7,69.8,65.4,74.8,43.0,25.6,86.3,84.0,90.9,60.2,55.8,63.4,63.8,30,40,60,55,12,53.68
6482,North America,1904,Jamaica,2017,68.9,91.0,58.2,78.7,82.0,71.9,69.9,65.7,75.6,43.7,25.6,88.3,83.9,90.9,60.5,55.7,63.7,65.1,35,30,25,35,5,54.04
6483,North America,1905,Jamaica,2018,69.1,91.1,58.7,78.2,81.3,71.8,70.0,64.8,76.7,46.8,25.6,88.4,84.0,90.7,60.7,55.9,61.9,68.1,35,30,35,35,10,54.4
6484,North America,1906,Jamaica,2019,69.3,91.3,58.9,79.5,81.8,72.0,70.1,64.2,78.1,47.9,25.6,85.8,84.0,90.9,61.8,55.8,62.4,67.4,40,35,20,60,10,54.76
6485,North America,1907,Jamaica,2020,69.7,87.9,59.1,77.9,81.8,77.4,70.1,64.2,76.9,50.6,25.6,87.9,84.0,91.4,61.9,55.7,64.1,68.4,30,35,30,10,8,55.11
6486,North America,1908,Jamaica,2021,69.3,88.7,59.1,78.0,81.8,77.9,70.1,64.2,76.8,51.5,25.6,79.8,81.3,91.0,62.2,56.4,62.8,71.3,35,25,45,50,10,
6487,North America,1909,Jamaica,2022,69.6,90.0,59.1,78.2,81.8,78.3,70.1,64.2,76.9,52.7,25.6,83.6,81.3,91.0,62.2,56.2,61.0,70.8,25,15,25,20,10,
6488,Asia,1910,Japan,2000,75.3,99.7,73.2,87.5,95.6,53.1,83.6,70.1,85.9,78.7,77.8,89.4,58.1,69.5,52.6,58.0,85.3,62.2,10,12,75,60,7,68.24
6489,Asia,1911,Japan,2001,75.6,99.7,72.7,89.1,95.6,53.2,83.9,70.0,85.8,80.0,77.8,89.4,58.6,69.8,53.0,58.0,85.3,62.5,10,9,45,55,5,68.26
6490,Asia,1912,Japan,2002,75.7,99.7,72.6,89.6,95.6,53.3,84.2,70.1,85.6,81.7,77.8,89.4,58.6,69.4,53.4,57.9,85.3,62.6,10,10,35,20,5,68.29
6491,Asia,1913,Japan,2003,75.8,99.7,70.9,90.0,95.6,53.3,84.2,70.2,85.7,82.5,77.8,89.4,58.6,69.3,55.2,57.7,85.3,62.8,10,10,15,55,8,68.31
6492,Asia,1914,Japan,2004,76.1,99.7,72.5,90.4,95.6,53.4,84.3,70.3,86.0,84.9,77.8,89.4,58.7,69.4,55.5,57.8,85.5,62.8,10,10,25,75,7,68.33
6493,Asia,1915,Japan,2005,76.5,99.7,73.2,91.6,95.6,54.6,84.3,70.3,86.1,87.0,77.8,89.4,58.9,69.3,55.4,58.6,85.7,62.9,10,10,10,55,7,68.36
6494,Asia,1916,Japan,2006,76.6,99.7,72.5,91.8,95.6,54.9,84.4,70.6,86.3,87.8,77.8,89.4,59.1,69.6,56.0,58.8,85.9,62.8,8,10,45,60,5,68.38
6495,Asia,1917,Japan,2007,76.7,99.7,73.3,91.9,95.6,54.9,84.4,70.7,86.4,88.3,77.8,88.3,59.6,69.2,55.7,58.7,86.9,63.0,15,10,10,75,5,68.41
6496,Asia,1918,Japan,2008,76.6,99.7,73.7,91.4,95.6,54.9,84.5,70.5,86.3,88.3,77.8,84.5,59.7,70.1,55.5,58.7,87.0,63.4,10,10,12,18,12,68.43
6497,Asia,1919,Japan,2009,76.9,99.7,72.8,91.2,95.6,55.9,84.6,70.9,85.8,88.8,77.8,85.6,60.6,71.0,54.9,58.7,88.2,64.6,18,10,40,40,5,68.46
6498,Asia,1920,Japan,2010,77.1,99.7,72.4,92.6,95.6,55.9,84.6,71.2,85.7,89.8,81.6,86.2,60.1,70.4,53.3,59.0,87.2,65.4,20,12,10,60,8,68.48
6499,Asia,1921,Japan,2011,77.4,99.6,73.3,93.1,95.6,56.2,84.7,71.0,86.0,92.4,81.6,86.7,59.5,68.1,53.9,59.1,87.5,67.7,25,11,15,55,3,68.47
6500,Asia,1922,Japan,2012,77.6,99.4,74.4,93.0,95.6,55.1,84.7,70.8,86.1,92.5,81.6,87.1,59.8,67.5,54.3,60.6,88.8,68.1,30,12,20,25,8,68.46
6501,Asia,1923,Japan,2013,77.7,99.3,74.4,92.9,95.6,57.2,84.7,70.9,86.3,94.3,80.5,83.8,60.2,67.3,56.9,63.0,84.8,68.1,30,10,30,20,7,68.45
6502,Asia,1924,Japan,2014,77.7,99.3,74.8,92.9,95.1,57.7,84.8,71.3,86.6,94.3,80.5,85.2,60.3,67.3,54.9,63.2,84.7,68.0,18,10,30,70,5,68.43
6503,Asia,1925,Japan,2015,78.1,99.3,74.9,93.5,94.9,58.4,84.8,71.6,88.0,93.8,80.5,82.5,60.9,70.5,54.0,63.3,88.8,67.6,18,11,5,79,7,68.42
6504,Asia,1926,Japan,2016,78.0,99.3,74.6,93.7,94.5,58.8,84.8,71.8,88.2,92.0,80.5,85.1,60.7,70.5,52.9,63.3,88.6,67.2,20,11,60,58,8,68.42
6505,Asia,1927,Japan,2017,78.1,99.3,74.5,93.9,94.1,59.7,84.9,72.1,88.2,93.9,80.5,83.4,60.8,71.3,53.1,63.3,87.3,67.7,18,12,65,70,7,68.41
6506,Asia,1928,Japan,2018,78.5,99.3,74.6,93.8,94.0,60.3,84.9,72.3,88.7,94.0,80.5,83.5,60.9,72.6,53.2,63.7,87.6,70.6,25,15,65,78,7,68.41
6507,Asia,1929,Japan,2019,78.8,99.3,74.8,94.0,94.2,60.9,84.9,72.6,88.3,94.5,80.5,84.8,60.9,73.1,55.6,63.5,86.9,70.9,30,15,30,60,7,68.4
6508,Asia,1930,Japan,2020,79.0,99.3,74.6,94.4,93.9,60.9,84.9,72.6,87.8,94.6,80.5,85.8,60.9,73.9,55.7,63.3,87.1,73.0,15,10,25,70,5,68.4
6509,Asia,1931,Japan,2021,79.5,99.3,75.2,94.4,93.9,61.2,84.9,72.6,88.1,94.4,80.5,86.9,66.1,73.5,55.8,63.5,87.4,74.3,23,11,20,64,7,
6510,Asia,1932,Japan,2022,79.4,99.3,75.2,94.6,93.9,61.7,84.9,72.6,88.2,94.4,80.5,84.2,66.1,73.5,55.8,63.1,86.3,75.6,25,10,60,60,5,
6511,Asia,1933,Jordan,2000,66.4,98.6,56.1,70.6,67.5,32.3,59.6,65.9,64.5,22.0,64.9,70.9,85.4,89.7,91.1,53.4,71.5,64.0,5,10,10,8,0,1.1
6512,Asia,1934,Jordan,2001,66.5,98.6,54.7,71.9,67.5,32.9,60.8,66.0,63.9,22.3,64.9,70.8,86.2,89.6,91.1,53.4,71.5,64.0,5,10,5,10,5,1.1
6513,Asia,1935,Jordan,2002,66.7,98.6,59.3,71.6,68.5,33.4,59.7,66.4,63.6,22.6,64.9,71.4,84.6,89.5,91.1,53.4,71.5,64.1,5,10,15,10,5,1.1
6514,Asia,1936,Jordan,2003,66.8,98.6,56.7,72.2,69.5,36.1,59.6,65.8,64.0,23.2,64.9,71.3,86.0,89.4,91.1,53.4,71.5,62.4,10,10,10,10,0,1.1
6515,Asia,1937,Jordan,2004,66.7,98.6,55.4,72.3,69.2,35.7,58.0,66.0,64.0,23.8,64.9,71.8,86.1,89.0,91.1,53.4,71.5,63.4,8,10,10,12,5,1.1
6516,Asia,1938,Jordan,2005,66.9,98.6,57.1,72.8,68.6,35.3,56.4,65.8,63.8,24.1,64.9,71.9,86.0,88.6,91.1,53.4,71.5,67.4,8,10,10,20,8,1.1
6517,Asia,1939,Jordan,2006,67.6,98.6,56.8,73.8,66.4,35.0,55.5,67.2,64.3,24.7,76.6,72.5,86.1,88.8,91.1,53.4,71.7,67.0,5,8,10,15,5,1.1
6518,Asia,1940,Jordan,2007,67.3,98.6,53.4,72.7,65.6,35.4,55.5,67.7,64.7,25.9,76.6,69.5,86.2,89.1,91.1,53.4,70.1,68.8,2,10,10,20,2,1.1
6519,Asia,1941,Jordan,2008,67.4,98.6,52.6,72.1,64.5,35.1,55.4,68.7,65.0,27.0,81.0,70.5,87.2,89.5,91.1,53.4,70.5,63.4,10,10,15,10,10,1.1
6520,Asia,1942,Jordan,2009,68.5,98.6,56.9,74.4,64.5,34.7,56.4,68.5,64.9,27.6,81.0,79.7,87.7,89.4,91.1,53.4,70.7,64.2,10,10,5,15,5,1.1
6521,Asia,1943,Jordan,2010,68.0,98.6,57.4,76.0,61.2,37.0,55.7,69.1,65.1,28.1,77.0,76.0,88.2,89.7,91.1,53.7,71.4,60.6,25,10,8,15,5,1.1
6522,Asia,1944,Jordan,2011,67.9,98.7,56.5,75.6,59.2,37.3,58.1,68.6,64.9,29.7,77.0,76.1,87.4,90.0,91.1,54.3,70.1,59.4,12,8,10,15,5,1.1
6523,Asia,1945,Jordan,2012,67.8,98.7,57.6,75.6,57.3,37.7,56.7,68.8,65.3,29.4,77.0,76.3,87.8,89.5,91.1,54.3,69.9,59.7,10,15,10,7,5,1.1
6524,Asia,1946,Jordan,2013,66.3,98.7,55.8,75.9,30.5,38.8,55.4,69.1,65.0,37.4,77.0,75.1,87.4,89.3,91.2,54.4,67.4,58.5,25,7,10,12,10,1.1
6525,Asia,1947,Jordan,2014,66.1,98.7,57.0,76.4,29.9,38.9,55.3,68.9,65.3,38.0,77.0,75.0,87.8,89.9,84.1,54.4,66.0,61.2,10,10,20,10,10,1.1
6526,Asia,1948,Jordan,2015,66.1,98.6,56.0,76.2,29.9,39.6,56.2,69.4,62.2,40.4,77.0,73.8,88.5,90.1,83.5,54.4,68.8,58.3,30,15,10,20,10,1.1
6527,Asia,1949,Jordan,2016,66.7,98.6,56.8,76.5,31.0,42.3,55.3,70.4,61.0,43.6,77.0,77.6,89.1,91.7,82.8,54.4,68.1,57.8,20,10,14,20,5,1.1
6528,Asia,1950,Jordan,2017,66.9,98.7,56.1,76.0,29.4,42.9,55.3,70.6,61.3,51.8,77.0,75.7,88.8,91.0,80.9,54.4,68.8,58.0,10,8,10,15,7,1.1
6529,Asia,1951,Jordan,2018,69.1,98.7,55.7,76.5,55.1,42.1,55.3,72.4,63.3,54.5,77.0,76.7,89.2,91.2,81.6,55.2,70.8,58.8,25,10,25,20,10,1.1
6530,Asia,1952,Jordan,2019,69.7,98.6,56.3,75.8,57.6,41.4,55.2,72.9,63.6,55.9,77.0,76.2,89.1,91.1,89.8,55.2,70.3,58.6,30,10,8,8,5,1.1
6531,Asia,1953,Jordan,2020,69.9,98.6,56.5,73.7,59.2,39.9,55.2,72.9,62.2,58.2,77.0,77.1,89.1,91.4,90.4,55.1,70.5,61.3,35,8,10,20,7,1.1
6532,Asia,1954,Jordan,2021,70.1,98.7,56.8,73.5,59.1,39.7,55.2,72.9,64.2,61.1,77.0,76.3,89.1,91.4,90.6,55.1,69.5,61.9,30,10,10,20,7,
6533,Asia,1955,Jordan,2022,69.9,98.7,56.9,74.4,59.1,39.8,55.2,72.9,64.6,61.0,77.0,74.3,89.1,91.4,90.4,55.1,65.4,62.5,15,10,20,20,3,
6534,Asia,1956,Kazakhstan,2000,65.2,97.3,46.9,62.2,95.2,67.5,71.2,59.5,65.2,23.4,69.4,81.6,81.9,62.9,0.0,56.7,52.3,50.4,20,20,10,35,8,1.17
6535,Asia,1957,Kazakhstan,2001,66.0,97.3,49.6,61.6,99.5,67.9,71.4,59.9,66.6,23.6,69.4,81.6,81.8,63.5,0.0,60.3,52.6,50.2,20,18,10,15,8,1.17
6536,Asia,1958,Kazakhstan,2002,66.4,97.3,49.8,61.9,99.0,68.3,71.0,60.1,67.2,23.7,73.7,82.5,81.3,61.7,0.0,60.2,52.9,51.3,30,10,8,10,0,1.16
6537,Asia,1959,Kazakhstan,2003,66.5,97.3,49.2,62.2,97.7,68.6,70.9,60.7,67.5,23.8,77.8,82.5,80.8,59.8,0.0,60.7,52.9,52.1,30,20,10,60,0,1.16
6538,Asia,1960,Kazakhstan,2004,66.6,97.3,48.5,58.9,98.2,69.0,70.9,59.2,67.7,23.8,84.2,83.4,80.4,58.9,0.0,61.0,52.8,52.2,30,15,8,75,0,1.16
6539,Asia,1961,Kazakhstan,2005,64.9,97.3,48.3,62.1,97.9,69.0,70.6,59.4,67.7,24.0,53.5,83.3,80.2,57.7,0.0,61.6,52.8,52.6,20,20,15,15,5,1.16
6540,Asia,1962,Kazakhstan,2006,67.1,97.3,48.9,62.1,97.9,69.0,71.9,58.9,67.9,23.9,88.9,84.2,79.5,55.8,0.0,61.7,52.7,52.9,15,25,18,55,8,1.15
6541,Asia,1963,Kazakhstan,2007,66.9,97.3,50.1,62.1,97.6,71.8,71.5,58.5,68.1,23.9,89.4,78.9,79.0,55.4,0.0,61.7,53.6,52.3,30,35,10,20,5,1.15
6542,Asia,1964,Kazakhstan,2008,67.6,97.3,49.1,64.6,98.2,71.8,72.4,59.0,68.4,24.9,94.5,79.4,78.1,55.6,0.0,62.0,53.4,52.7,15,20,12,20,0,1.15
6543,Asia,1965,Kazakhstan,2009,68.5,97.3,50.3,65.0,99.5,72.7,72.2,59.9,68.6,26.1,95.5,83.5,78.7,56.5,0.0,62.1,54.6,54.2,20,15,12,20,5,1.14
6544,Asia,1966,Kazakhstan,2010,68.8,97.3,49.1,68.1,99.4,72.7,71.6,58.9,69.0,27.8,96.0,81.2,78.7,54.2,0.0,62.2,55.5,58.7,25,30,6,20,0,1.14
6545,Asia,1967,Kazakhstan,2011,69.3,98.3,52.4,69.6,98.9,72.7,72.3,59.0,69.1,32.7,96.0,79.0,77.5,51.7,0.0,62.2,56.0,60.9,30,30,15,12,5,1.16
6546,Asia,1968,Kazakhstan,2012,69.7,98.4,49.8,70.3,98.5,76.1,72.6,60.8,69.1,34.7,95.6,82.5,77.8,49.8,0.0,62.4,55.4,60.7,10,15,12,60,2,1.18
6547,Asia,1969,Kazakhstan,2013,70.1,98.5,51.8,71.9,99.4,76.8,72.4,61.7,69.2,37.6,98.1,82.1,77.7,50.6,0.0,62.4,53.0,57.9,25,20,10,15,5,1.19
6548,Asia,1970,Kazakhstan,2014,70.6,98.5,51.6,73.4,99.5,77.3,72.3,61.9,71.1,37.2,98.2,86.0,78.6,47.6,0.0,62.4,57.3,57.5,10,15,10,60,2,1.21
6549,Asia,1971,Kazakhstan,2015,71.1,98.5,52.9,76.2,97.9,78.3,72.8,62.0,71.7,39.8,98.3,85.2,79.0,50.4,0.0,62.4,60.8,51.2,40,35,11,62,2,1.23
6550,Asia,1972,Kazakhstan,2016,71.5,98.1,53.3,74.4,96.5,78.8,72.9,61.7,71.8,44.0,97.8,86.8,79.2,52.8,0.0,62.5,60.7,51.8,35,30,25,20,5,1.24
6551,Asia,1973,Kazakhstan,2017,72.1,98.5,53.4,78.8,96.1,78.8,72.7,62.0,72.4,44.6,97.4,89.5,79.1,52.0,0.0,62.5,63.0,53.6,30,30,21,40,5,1.25
6552,Asia,1974,Kazakhstan,2018,71.3,98.5,53.6,79.1,96.0,76.4,72.4,61.4,72.3,43.4,96.3,83.9,78.9,51.2,0.0,62.7,60.0,55.2,20,45,15,15,2,1.26
6553,Asia,1975,Kazakhstan,2019,72.2,98.6,53.3,81.0,95.8,76.4,72.4,61.8,72.8,46.7,96.3,87.6,78.7,54.6,0.0,62.6,62.7,54.5,40,20,17,20,2,1.27
6554,Asia,1976,Kazakhstan,2020,71.7,98.5,53.7,79.6,86.2,75.2,72.4,61.8,73.1,47.7,96.3,86.3,78.5,56.6,0.0,62.6,61.8,57.2,15,45,10,5,5,1.28
6555,Asia,1977,Kazakhstan,2021,71.8,98.6,53.3,80.5,86.2,75.7,72.4,61.8,76.7,48.9,96.3,81.5,78.5,57.1,0.0,62.6,62.6,56.3,40,40,15,20,5,
6556,Asia,1978,Kazakhstan,2022,71.6,98.7,53.4,80.0,86.2,75.9,72.4,61.8,76.8,48.5,96.3,85.9,78.5,57.1,0.0,62.5,62.5,56.2,35,30,30,20,5,
6557,Africa,1979,Kenya,2000,50.6,36.6,48.8,26.9,60.0,42.9,46.1,16.4,71.3,11.6,23.2,58.4,95.2,98.7,61.7,61.2,48.0,53.1,30,40,5,25,5,6.96
6558,Africa,1980,Kenya,2001,51.3,36.6,50.0,27.1,65.8,43.3,45.9,19.2,71.4,11.6,23.2,58.1,95.2,98.8,64.3,61.0,48.0,53.2,25,23,5,12,10,6.9
6559,Africa,1981,Kenya,2002,51.5,36.6,49.1,27.7,64.0,43.6,45.7,21.5,71.3,11.6,23.2,58.2,95.3,98.9,64.6,60.8,48.0,54.8,30,25,15,20,10,6.84
6560,Africa,1982,Kenya,2003,52.3,36.6,49.6,27.6,73.8,45.8,45.5,22.6,71.4,11.8,23.2,57.9,95.1,98.9,65.1,60.7,48.0,55.4,35,55,20,20,10,6.78
6561,Africa,1983,Kenya,2004,52.1,36.6,49.8,28.3,72.4,46.1,45.5,24.1,71.4,11.8,23.2,58.0,95.1,98.9,60.6,60.5,48.0,55.9,10,60,10,18,10,6.72
6562,Africa,1984,Kenya,2005,52.4,36.6,51.5,28.2,72.7,46.4,45.6,24.5,71.4,11.8,23.2,58.0,95.2,98.9,61.0,60.4,48.1,56.9,5,55,20,18,5,6.66
6563,Africa,1985,Kenya,2006,52.8,36.6,52.8,30.7,71.9,47.7,45.6,25.0,71.4,11.9,23.2,58.1,95.2,98.8,63.5,60.3,48.1,56.4,35,30,10,15,5,6.6
6564,Africa,1986,Kenya,2007,53.0,36.6,53.0,32.4,72.7,48.9,45.6,25.8,71.4,12.1,23.2,53.3,94.5,98.8,67.6,60.1,49.0,56.6,40,63,10,20,5,6.54
6565,Africa,1987,Kenya,2008,53.2,36.6,52.2,33.3,69.9,53.9,45.6,26.0,71.4,12.2,23.2,52.6,94.5,98.8,67.8,60.0,49.8,56.9,20,60,35,20,10,6.48
6566,Africa,1988,Kenya,2009,53.1,36.6,52.5,34.7,71.6,55.0,45.7,23.1,71.4,12.3,23.2,50.3,94.6,98.8,67.8,59.9,48.2,57.5,20,40,12,10,10,6.41
6567,Africa,1989,Kenya,2010,54.0,36.6,55.5,38.1,71.6,56.1,45.7,23.1,71.5,13.8,23.2,53.9,94.6,98.8,69.3,60.8,51.8,53.9,30,60,15,45,10,6.35
6568,Africa,1990,Kenya,2011,54.4,37.7,55.5,39.3,71.6,56.1,45.9,27.7,71.5,14.1,23.2,51.4,94.7,98.7,70.9,60.8,51.1,53.8,5,35,10,18,5,6.32
6569,Africa,1991,Kenya,2012,54.5,38.5,57.8,40.8,66.1,56.1,46.2,29.4,71.5,14.6,23.2,54.5,92.9,98.7,71.7,60.6,50.3,54.2,15,40,33,18,5,6.29
6570,Africa,1992,Kenya,2013,54.7,40.2,57.7,39.7,66.1,60.0,46.5,30.2,71.5,15.4,23.2,53.2,92.9,98.7,71.0,60.5,49.8,54.1,30,65,8,20,10,6.26
6571,Africa,1993,Kenya,2014,56.3,40.8,58.0,44.7,68.6,64.7,46.7,29.1,76.5,18.1,23.2,57.3,92.6,98.5,72.0,60.3,51.7,54.2,35,63,10,10,10,6.22
6572,Africa,1994,Kenya,2015,58.5,42.4,59.1,46.5,69.5,66.2,47.0,30.8,76.7,19.1,49.5,56.8,92.5,98.4,71.6,60.1,54.3,54.2,45,60,14,45,8,6.19
6573,Africa,1995,Kenya,2016,58.9,43.3,55.1,47.9,69.8,66.5,45.7,33.7,76.7,25.9,49.5,56.0,92.3,98.5,71.4,60.0,54.4,54.4,10,15,55,25,5,6.22
6574,Africa,1996,Kenya,2017,59.9,44.4,55.6,48.2,69.8,68.4,45.9,35.8,75.5,31.2,49.5,59.4,93.3,98.5,70.8,59.8,55.4,56.2,10,65,18,20,5,6.25
6575,Africa,1997,Kenya,2018,60.2,45.6,57.0,50.3,70.6,69.4,46.2,37.8,77.1,29.9,49.5,57.9,94.7,98.4,71.1,58.8,55.0,53.7,10,67,15,20,5,6.28
6576,Africa,1998,Kenya,2019,60.5,47.0,56.8,51.0,70.6,69.1,46.4,40.6,76.5,29.2,49.5,60.0,94.7,98.4,69.9,58.6,55.8,54.1,42,30,40,10,5,6.31
6577,Africa,1999,Kenya,2020,60.2,44.3,57.1,50.9,70.6,69.9,46.7,41.5,75.8,33.7,49.5,54.8,94.7,98.4,69.8,58.5,55.1,52.1,40,66,12,35,7,6.34
6578,Africa,2000,Kenya,2021,60.7,46.3,56.6,51.2,71.1,70.0,46.7,41.5,75.6,37.4,49.5,56.0,94.7,98.4,69.8,59.1,53.6,54.4,5,60,23,15,10,
6579,Africa,2001,Kenya,2022,60.9,49.4,58.5,51.0,71.1,70.0,46.7,41.5,75.7,39.2,49.5,55.6,94.7,98.4,69.8,58.7,51.1,54.5,43,63,35,12,7,
6580,Oceania,2002,Kiribati,2000,52.0,44.2,43.4,30.0,33.6,45.7,44.8,41.6,71.6,10.5,80.8,61.1,94.8,98.4,0.0,44.7,48.2,38.1,10,10,10,20,10,1.46
6581,Oceania,2003,Kiribati,2001,52.2,44.2,43.1,31.7,32.8,46.2,46.2,42.3,71.7,10.5,80.8,61.3,94.9,98.4,0.0,44.7,48.2,39.1,15,15,7,15,7,1.46
6582,Oceania,2004,Kiribati,2002,52.8,44.2,44.0,32.8,34.6,47.6,47.7,42.5,71.8,10.5,80.8,62.5,94.8,98.4,0.0,44.7,48.2,40.0,10,7,8,20,10,1.46
6583,Oceania,2005,Kiribati,2003,53.1,44.2,44.1,32.3,36.8,48.1,49.1,42.7,71.8,10.5,80.8,62.7,94.9,98.4,0.0,44.7,48.2,40.1,10,10,5,20,5,1.46
6584,Oceania,2006,Kiribati,2004,53.5,44.2,45.6,33.1,37.8,48.6,50.6,43.6,71.9,10.6,80.8,64.0,94.8,98.4,0.0,44.7,48.2,38.9,10,15,10,20,8,1.46
6585,Oceania,2007,Kiribati,2005,54.3,44.2,47.1,33.9,40.9,53.0,51.9,45.0,72.0,10.5,80.8,63.6,94.8,98.3,0.0,44.7,48.2,39.1,7,12,10,20,5,1.46
6586,Oceania,2008,Kiribati,2006,55.2,44.2,54.7,35.6,41.1,54.9,53.2,44.7,72.1,10.6,80.8,64.8,94.7,98.2,0.0,45.1,48.2,39.6,8,10,5,20,8,1.46
6587,Oceania,2009,Kiribati,2007,54.7,44.2,55.8,36.3,42.6,55.6,54.5,44.3,72.2,10.6,70.7,65.0,94.7,98.2,0.0,45.1,45.3,39.6,10,6,10,18,10,1.46
6588,Oceania,2010,Kiribati,2008,55.5,44.2,57.5,37.7,44.3,56.2,55.8,47.4,72.3,10.8,70.7,66.2,94.5,98.1,0.0,45.5,48.2,38.2,10,10,15,15,5,1.46
6589,Oceania,2011,Kiribati,2009,55.8,44.2,58.6,37.5,46.4,56.9,57.0,47.6,72.3,11.2,70.7,66.4,94.4,98.0,0.0,45.5,48.2,38.6,15,10,10,20,10,1.46
6590,Oceania,2012,Kiribati,2010,56.5,44.2,58.6,42.2,47.4,57.5,58.3,50.4,72.4,11.3,70.7,67.2,94.4,97.9,0.0,45.5,48.2,38.6,8,12,12,20,7,1.46
6591,Oceania,2013,Kiribati,2011,57.0,48.3,60.9,42.9,43.1,60.3,59.5,51.0,72.2,11.7,70.7,65.5,94.2,97.7,0.0,45.5,49.7,38.5,13,12,13,15,5,1.46
6592,Oceania,2014,Kiribati,2012,57.8,52.3,62.3,44.5,45.9,61.0,60.8,53.0,71.9,15.0,68.7,65.9,93.9,97.2,0.0,45.8,47.0,39.7,20,10,5,20,5,1.46
6593,Oceania,2015,Kiribati,2013,58.7,54.4,63.3,46.0,50.0,61.3,62.0,54.3,71.7,15.4,68.7,65.8,93.7,96.6,0.0,45.8,48.1,42.8,10,12,10,30,5,1.46
6594,Oceania,2016,Kiribati,2014,59.5,56.3,65.9,46.8,53.5,62.0,63.2,55.6,71.5,15.0,68.7,67.7,93.6,96.4,0.0,45.8,47.9,42.7,15,10,18,38,5,1.46
6595,Oceania,2017,Kiribati,2015,60.5,58.0,64.3,48.9,64.9,62.7,64.4,55.5,71.2,16.7,68.7,68.6,93.5,94.8,0.0,45.7,47.9,42.4,10,15,10,25,5,1.46
6596,Oceania,2018,Kiribati,2016,61.1,59.5,64.9,49.7,68.0,64.8,65.7,55.3,71.0,17.5,68.7,70.2,93.5,93.5,0.0,45.7,49.0,41.4,25,12,20,20,8,1.46
6597,Oceania,2019,Kiribati,2017,61.7,60.9,64.9,52.5,68.7,69.2,66.8,55.8,71.1,18.5,68.7,69.6,93.4,92.8,0.0,45.7,47.0,42.3,10,10,12,20,8,1.46
6598,Oceania,2020,Kiribati,2018,61.6,62.2,64.8,53.2,69.2,70.0,68.0,57.4,71.1,24.9,57.4,73.4,93.2,92.3,0.0,41.7,44.7,41.9,15,10,25,25,10,1.46
6599,Oceania,2021,Kiribati,2019,62.6,64.6,64.7,54.0,69.6,70.8,69.1,57.2,71.1,27.5,57.4,75.5,93.0,92.6,0.0,45.6,45.3,43.7,15,15,10,55,8,1.46
6600,Oceania,2022,Kiribati,2020,62.6,63.1,64.6,54.5,69.2,70.8,69.2,57.6,70.9,28.8,57.4,76.8,93.0,92.5,0.0,46.5,44.1,42.5,10,10,15,35,5,1.46
6601,Oceania,2023,Kiribati,2021,62.8,63.7,65.5,53.4,70.1,68.1,69.2,57.6,72.4,30.9,57.4,76.4,92.8,92.5,0.0,46.5,44.9,43.5,15,15,6,28,10,
6602,Oceania,2024,Kiribati,2022,63.0,65.7,65.8,53.6,70.1,68.1,69.2,57.6,72.8,30.9,57.4,77.2,92.8,92.5,0.0,46.5,45.7,43.6,18,10,10,35,8,
6603,Asia,2025,Kuwait,2000,60.5,0.0,63.5,79.1,89.7,47.8,55.0,67.0,80.0,40.4,0.0,76.9,54.9,31.6,42.3,52.3,78.3,49.5,15,7,20,12,5,0.27
6604,Asia,2026,Kuwait,2001,60.8,0.0,62.6,80.6,88.4,48.8,55.0,66.9,80.0,40.9,0.0,76.9,55.6,31.6,41.8,51.8,78.3,52.7,15,10,10,10,10,0.28
6605,Asia,2027,Kuwait,2002,61.0,0.0,65.6,80.0,91.9,48.9,55.0,67.3,79.8,41.1,0.0,76.9,53.2,31.6,41.8,51.3,78.7,52.4,10,15,8,15,8,0.29
6606,Asia,2028,Kuwait,2003,61.1,0.0,65.7,79.5,92.3,49.1,55.0,67.6,79.5,43.0,0.0,76.9,53.1,31.6,41.6,50.9,78.6,51.9,20,20,10,35,7,0.3
6607,Asia,2029,Kuwait,2004,60.8,0.0,63.4,79.6,94.3,49.2,55.0,67.6,79.0,43.3,0.0,76.9,52.5,31.6,41.8,50.4,78.2,49.7,20,20,10,20,8,0.3
6608,Asia,2030,Kuwait,2005,60.6,0.0,62.5,79.1,93.7,49.5,55.0,67.1,79.1,43.9,0.0,78.0,51.5,31.6,41.5,50.1,78.3,47.9,20,10,10,15,8,0.31
6609,Asia,2031,Kuwait,2006,60.5,0.0,66.2,79.3,87.6,49.6,55.0,67.6,79.2,44.4,0.0,78.0,52.6,31.6,41.6,49.8,78.3,46.1,20,10,10,20,8,0.32
6610,Asia,2032,Kuwait,2007,60.8,0.0,65.3,79.5,95.4,49.7,55.0,67.7,78.8,45.2,0.0,78.0,53.1,31.6,41.5,49.4,78.0,44.2,40,15,10,20,8,0.33
6611,Asia,2033,Kuwait,2008,61.0,0.0,65.2,79.3,94.8,50.6,55.0,67.5,78.5,46.6,0.0,78.0,54.2,31.6,41.3,49.2,78.5,44.6,15,20,10,20,10,0.34
6612,Asia,2034,Kuwait,2009,61.0,0.0,64.7,81.5,95.3,53.0,55.0,67.3,79.0,48.0,0.0,69.0,53.9,31.6,41.5,48.9,78.4,47.1,30,20,14,20,8,0.34
6613,Asia,2035,Kuwait,2010,61.6,0.0,64.4,84.1,95.7,53.1,55.0,67.7,79.0,49.1,0.0,70.6,57.2,31.6,42.0,48.6,78.2,47.2,20,15,7,20,10,0.35
6614,Asia,2036,Kuwait,2011,61.5,0.0,66.7,83.7,96.8,53.3,55.0,68.0,78.8,49.7,0.0,60.2,57.9,33.5,41.5,52.1,78.3,46.5,10,25,20,18,5,0.35
6615,Asia,2037,Kuwait,2012,61.5,0.0,65.7,82.8,94.4,52.6,55.0,67.5,78.6,47.0,0.0,66.7,59.6,33.5,41.7,51.8,78.3,47.0,30,20,15,45,10,0.35
6616,Asia,2038,Kuwait,2013,61.6,0.0,66.3,84.5,91.2,53.2,55.0,68.0,78.3,54.6,0.0,61.2,59.8,33.4,41.9,51.6,78.0,47.4,60,25,20,35,10,0.35
6617,Asia,2039,Kuwait,2014,62.0,0.0,70.5,84.1,89.4,50.9,55.0,68.8,75.1,57.4,0.0,70.1,60.6,31.2,38.9,51.3,77.5,48.9,15,25,10,15,10,0.35
6618,Asia,2040,Kuwait,2015,61.5,0.0,66.8,84.5,89.2,50.9,55.0,68.7,75.6,56.9,0.0,65.6,59.5,29.0,38.8,51.1,78.8,51.4,40,10,15,25,10,0.35
6619,Asia,2041,Kuwait,2016,62.2,0.0,64.0,85.0,87.3,51.1,55.0,68.5,75.7,55.8,0.0,69.4,60.5,30.2,45.5,53.9,76.6,54.0,40,18,19,20,5,0.35
6620,Asia,2042,Kuwait,2017,62.5,0.0,65.1,85.6,86.7,51.7,55.0,68.6,77.2,57.9,0.0,65.8,60.5,32.7,44.7,53.7,76.0,56.4,40,20,15,35,8,0.35
6621,Asia,2043,Kuwait,2018,63.3,0.0,67.5,85.1,87.1,51.8,55.0,68.7,77.2,60.0,0.0,69.6,61.2,32.4,43.5,53.3,77.4,59.3,40,25,12,45,10,0.35
6622,Asia,2044,Kuwait,2019,63.2,0.0,68.0,85.4,84.5,52.5,55.0,68.8,77.2,60.6,0.0,65.8,61.2,32.4,47.1,53.1,75.1,60.8,45,20,12,45,15,0.35
6623,Asia,2045,Kuwait,2020,63.4,0.0,67.6,85.6,84.0,53.3,55.0,68.8,76.3,61.5,0.0,65.8,62.0,32.4,47.1,52.8,75.4,63.6,30,20,10,15,10,0.35
6624,Asia,2046,Kuwait,2021,62.0,0.0,67.6,85.7,63.6,50.8,55.0,68.8,76.7,60.8,0.0,65.8,62.0,32.4,47.0,52.6,75.7,65.6,45,10,15,15,8,
6625,Asia,2047,Kuwait,2022,64.4,0.0,67.5,86.9,63.6,51.3,55.0,68.8,77.0,64.2,0.0,77.5,62.0,32.4,47.0,52.1,64.7,61.6,25,25,18,40,7,
6626,Asia,2048,Kyrgyz Republic,2000,66.8,81.2,52.8,62.9,76.6,55.4,57.7,77.1,65.5,9.6,86.8,61.4,93.0,95.5,0.0,71.1,53.3,68.5,20,34,10,25,5,6.16
6627,Asia,2049,Kyrgyz Republic,2001,67.5,81.2,54.7,62.7,77.1,59.5,58.3,78.2,65.4,9.8,89.8,61.4,93.2,95.8,0.0,71.1,53.3,68.8,20,20,15,15,5,6.18
6628,Asia,2050,Kyrgyz Republic,2002,67.5,81.2,55.2,62.7,77.3,59.6,59.2,74.5,65.4,9.9,89.3,63.1,93.2,95.5,0.0,71.1,53.3,70.2,10,20,5,15,10,6.21
6629,Asia,2051,Kyrgyz Republic,2003,68.0,81.2,56.4,62.2,76.0,59.8,60.0,76.0,65.3,10.1,94.2,63.5,92.9,95.3,0.0,71.1,53.3,70.3,20,18,13,28,10,6.23
6630,Asia,2052,Kyrgyz Republic,2004,67.1,81.2,58.5,62.4,77.4,59.9,60.9,75.2,65.3,10.2,73.8,65.2,92.8,95.2,0.0,71.1,53.4,70.7,40,40,10,15,5,6.26
6631,Asia,2053,Kyrgyz Republic,2005,67.6,81.2,57.7,63.2,76.3,55.6,61.8,75.8,65.3,11.1,81.4,65.8,92.9,95.3,0.0,71.0,53.3,73.5,30,34,12,18,12,6.28
6632,Asia,2054,Kyrgyz Republic,2006,66.7,81.2,57.5,61.8,76.8,55.6,62.6,76.0,65.2,11.5,63.7,67.5,92.7,95.4,0.0,71.0,53.3,75.3,40,30,30,18,10,6.31
6633,Asia,2055,Kyrgyz Republic,2007,68.3,81.2,56.5,62.1,76.1,68.0,62.9,74.9,65.1,11.7,76.9,70.4,92.2,95.0,0.0,71.0,53.4,75.0,35,30,20,15,7,6.33
6634,Asia,2056,Kyrgyz Republic,2008,68.8,81.2,56.5,62.3,75.1,68.0,63.2,73.3,65.0,11.8,84.8,73.3,91.8,94.7,0.0,71.0,54.2,73.8,30,55,13,18,12,6.36
6635,Asia,2057,Kyrgyz Republic,2009,69.8,81.2,60.3,64.3,75.1,68.0,63.5,75.1,65.0,11.7,90.0,74.5,91.9,95.0,0.0,71.0,54.2,75.3,33,38,20,18,10,6.39
6636,Asia,2058,Kyrgyz Republic,2010,70.0,81.2,58.8,66.7,77.0,66.9,63.7,76.2,65.0,11.7,89.5,77.0,92.1,95.2,0.0,71.0,53.7,74.5,40,45,18,18,12,6.41
6637,Asia,2059,Kyrgyz Republic,2011,71.1,85.8,59.2,65.9,78.4,66.9,64.0,76.7,64.9,12.4,96.0,77.6,91.9,94.5,0.0,71.0,56.0,76.5,35,30,30,35,8,6.43
6638,Asia,2060,Kyrgyz Republic,2012,71.3,85.2,56.5,67.2,82.0,66.9,64.3,75.2,64.9,17.4,97.4,76.2,91.5,93.3,0.0,71.0,53.9,78.4,20,18,20,26,10,6.46
6639,Asia,2061,Kyrgyz Republic,2013,71.3,82.4,58.8,67.5,82.8,63.5,64.6,76.2,64.7,18.6,93.4,79.8,91.4,93.4,0.0,71.0,56.2,77.0,28,55,35,30,7,6.48
6640,Asia,2062,Kyrgyz Republic,2014,71.9,88.4,56.3,68.1,84.6,65.6,64.9,77.4,66.3,16.7,98.1,81.6,91.4,93.5,0.0,70.9,54.3,72.9,40,50,20,25,8,6.5
6641,Asia,2063,Kyrgyz Republic,2015,72.0,85.2,60.3,69.7,85.1,63.2,65.2,75.1,67.1,17.6,92.2,83.6,91.8,94.5,0.0,70.9,56.0,74.1,33,33,15,30,10,6.53
6642,Asia,2064,Kyrgyz Republic,2016,72.9,88.0,60.6,71.2,86.2,62.5,65.4,75.1,67.0,20.7,98.2,85.2,91.9,94.8,0.0,70.9,55.8,73.1,30,50,23,25,10,6.59
6643,Asia,2065,Kyrgyz Republic,2017,74.3,87.8,61.1,72.5,95.4,61.6,65.6,77.0,69.9,26.4,97.3,87.3,91.9,95.1,0.0,70.9,57.8,71.5,38,30,18,25,8,6.66
6644,Asia,2066,Kyrgyz Republic,2018,75.0,90.4,61.6,73.7,94.9,60.6,65.9,75.8,69.7,33.3,96.3,89.9,91.9,94.2,0.0,70.9,60.7,70.2,35,55,30,30,8,6.73
6645,Asia,2067,Kyrgyz Republic,2019,74.9,91.9,62.0,75.6,95.1,60.8,66.1,78.1,69.8,35.1,89.7,87.3,91.9,94.8,0.0,70.9,60.1,70.1,32,33,35,30,10,6.79
6646,Asia,2068,Kyrgyz Republic,2020,75.1,86.4,62.1,75.7,94.8,59.7,66.4,78.1,69.1,36.5,92.7,91.3,91.9,95.0,0.0,70.9,59.8,71.3,40,60,15,30,10,6.86
6647,Asia,2069,Kyrgyz Republic,2021,75.0,90.6,60.3,74.7,92.6,61.6,66.4,78.1,69.6,37.5,92.7,86.8,91.9,94.8,0.0,70.9,59.7,71.3,33,35,20,30,10,
6648,Asia,2070,Kyrgyz Republic,2022,74.4,92.1,60.4,74.9,92.6,61.7,66.4,78.1,69.6,37.5,92.7,89.2,91.9,94.8,0.0,70.9,55.2,71.6,35,45,20,20,10,
6649,Asia,2071,Lao PDR,2000,52.0,44.2,43.4,30.0,33.6,45.7,44.8,41.6,71.6,10.5,80.8,61.1,94.8,98.4,0.0,44.7,48.2,38.1,15,10,12,20,10,75.5
6650,Asia,2072,Lao PDR,2001,52.2,44.2,43.1,31.7,32.8,46.2,46.2,42.3,71.7,10.5,80.8,61.3,94.9,98.4,0.0,44.7,48.2,39.1,5,30,7,10,8,75.29
6651,Asia,2073,Lao PDR,2002,52.8,44.2,44.0,32.8,34.6,47.6,47.7,42.5,71.8,10.5,80.8,62.5,94.8,98.4,0.0,44.7,48.2,40.0,10,20,7,30,5,75.08
6652,Asia,2074,Lao PDR,2003,53.1,44.2,44.1,32.3,36.8,48.1,49.1,42.7,71.8,10.5,80.8,62.7,94.9,98.4,0.0,44.7,48.2,40.1,20,15,10,10,7,74.87
6653,Asia,2075,Lao PDR,2004,53.5,44.2,45.6,33.1,37.8,48.6,50.6,43.6,71.9,10.6,80.8,64.0,94.8,98.4,0.0,44.7,48.2,38.9,30,45,10,15,7,74.66
6654,Asia,2076,Lao PDR,2005,54.3,44.2,47.1,33.9,40.9,53.0,51.9,45.0,72.0,10.5,80.8,63.6,94.8,98.3,0.0,44.7,48.2,39.1,20,30,10,45,5,74.45
6655,Asia,2077,Lao PDR,2006,55.2,44.2,54.7,35.6,41.1,54.9,53.2,44.7,72.1,10.6,80.8,64.8,94.7,98.2,0.0,45.1,48.2,39.6,20,10,7,30,5,74.24
6656,Asia,2078,Lao PDR,2007,54.7,44.2,55.8,36.3,42.6,55.6,54.5,44.3,72.2,10.6,70.7,65.0,94.7,98.2,0.0,45.1,45.3,39.6,30,20,13,30,7,74.03
6657,Asia,2079,Lao PDR,2008,55.5,44.2,57.5,37.7,44.3,56.2,55.8,47.4,72.3,10.8,70.7,66.2,94.5,98.1,0.0,45.5,48.2,38.2,15,20,10,20,10,73.82
6658,Asia,2080,Lao PDR,2009,55.8,44.2,58.6,37.5,46.4,56.9,57.0,47.6,72.3,11.2,70.7,66.4,94.4,98.0,0.0,45.5,48.2,38.6,35,35,10,20,5,73.61
6659,Asia,2081,Lao PDR,2010,56.5,44.2,58.6,42.2,47.4,57.5,58.3,50.4,72.4,11.3,70.7,67.2,94.4,97.9,0.0,45.5,48.2,38.6,28,25,10,25,10,73.4
6660,Asia,2082,Lao PDR,2011,57.0,48.3,60.9,42.9,43.1,60.3,59.5,51.0,72.2,11.7,70.7,65.5,94.2,97.7,0.0,45.5,49.7,38.5,23,25,12,20,7,73.25
6661,Asia,2083,Lao PDR,2012,57.8,52.3,62.3,44.5,45.9,61.0,60.8,53.0,71.9,15.0,68.7,65.9,93.9,97.2,0.0,45.8,47.0,39.7,30,30,15,20,7,73.1
6662,Asia,2084,Lao PDR,2013,58.7,54.4,63.3,46.0,50.0,61.3,62.0,54.3,71.7,15.4,68.7,65.8,93.7,96.6,0.0,45.8,48.1,42.8,32,40,15,35,5,72.95
6663,Asia,2085,Lao PDR,2014,59.5,56.3,65.9,46.8,53.5,62.0,63.2,55.6,71.5,15.0,68.7,67.7,93.6,96.4,0.0,45.8,47.9,42.7,45,35,12,60,10,72.8
6664,Asia,2086,Lao PDR,2015,60.5,58.0,64.3,48.9,64.9,62.7,64.4,55.5,71.2,16.7,68.7,68.6,93.5,94.8,0.0,45.7,47.9,42.4,35,45,15,15,8,72.65
6665,Asia,2087,Lao PDR,2016,61.1,59.5,64.9,49.7,68.0,64.8,65.7,55.3,71.0,17.5,68.7,70.2,93.5,93.5,0.0,45.7,49.0,41.4,35,40,15,65,10,72.5
6666,Asia,2088,Lao PDR,2017,61.7,60.9,64.9,52.5,68.7,69.2,66.8,55.8,71.1,18.5,68.7,69.6,93.4,92.8,0.0,45.7,47.0,42.3,35,45,12,30,10,72.35
6667,Asia,2089,Lao PDR,2018,61.6,62.2,64.8,53.2,69.2,70.0,68.0,57.4,71.1,24.9,57.4,73.4,93.2,92.3,0.0,41.7,44.7,41.9,35,30,15,28,10,72.2
6668,Asia,2090,Lao PDR,2019,62.6,64.6,64.7,54.0,69.6,70.8,69.1,57.2,71.1,27.5,57.4,75.5,93.0,92.6,0.0,45.6,45.3,43.7,30,35,12,68,10,72.05
6669,Asia,2091,Lao PDR,2020,62.6,63.1,64.6,54.5,69.2,70.8,69.2,57.6,70.9,28.8,57.4,76.8,93.0,92.5,0.0,46.5,44.1,42.5,35,45,10,43,8,71.9
6670,Asia,2092,Lao PDR,2021,62.8,63.7,65.5,53.4,70.1,68.1,69.2,57.6,72.4,30.9,57.4,76.4,92.8,92.5,0.0,46.5,44.9,43.5,50,40,15,30,10,
6671,Asia,2093,Lao PDR,2022,63.0,65.7,65.8,53.6,70.1,68.1,69.2,57.6,72.8,30.9,57.4,77.2,92.8,92.5,0.0,46.5,45.7,43.6,38,35,15,60,7,
6672,Europe,2094,Latvia,2000,73.5,100.0,60.3,68.6,98.6,67.2,87.8,83.8,79.2,27.1,68.1,90.3,69.4,79.1,72.8,81.6,71.7,44.3,20,30,20,50,7,52.12
6673,Europe,2095,Latvia,2001,73.7,100.0,60.1,69.2,98.6,67.4,87.8,83.3,79.4,27.3,68.1,90.4,70.5,78.7,73.5,81.6,71.9,44.7,18,25,18,50,7,52.33
6674,Europe,2096,Latvia,2002,74.1,100.0,61.6,69.7,98.6,68.0,87.9,82.6,79.4,29.6,68.1,90.4,70.0,78.6,73.5,84.4,71.9,45.0,10,23,25,40,8,52.54
6675,Europe,2097,Latvia,2003,74.2,100.0,61.3,70.3,98.6,69.7,88.0,82.1,80.4,30.0,68.1,90.5,69.8,78.4,73.9,84.4,71.9,43.9,25,45,15,55,8,52.76
6676,Europe,2098,Latvia,2004,75.3,100.0,61.3,70.9,98.6,69.9,88.1,84.2,80.5,32.0,68.1,90.6,69.9,78.3,74.8,96.5,72.2,44.8,32,30,10,60,5,52.97
6677,Europe,2099,Latvia,2005,75.0,100.0,63.0,72.1,98.6,70.0,88.1,84.5,81.3,34.6,56.6,90.6,67.9,78.2,75.7,96.5,72.9,44.4,15,35,65,56,7,53.18
6678,Europe,2100,Latvia,2006,75.9,100.0,60.5,72.0,98.6,69.1,88.2,82.8,82.9,35.9,73.3,90.7,67.8,77.7,76.1,96.5,73.3,44.6,10,25,55,60,5,53.39
6679,Europe,2101,Latvia,2007,75.0,100.0,62.3,71.9,98.6,69.7,88.3,82.0,83.3,36.9,63.1,86.7,64.9,77.4,75.0,96.5,74.1,44.3,17,30,55,50,8,53.6
6680,Europe,2102,Latvia,2008,75.5,100.0,62.1,73.6,98.6,69.9,88.3,83.3,82.4,40.0,63.8,86.8,64.3,77.6,75.7,96.7,75.0,45.5,30,40,60,25,8,53.81
6681,Europe,2103,Latvia,2009,76.3,100.0,62.1,74.6,98.1,71.0,88.4,86.5,77.2,41.3,71.5,88.8,66.8,78.2,75.7,96.9,73.3,46.2,5,30,70,35,8,54.02
6682,Europe,2104,Latvia,2010,76.4,100.0,60.2,76.2,97.8,70.1,88.5,84.1,76.0,44.5,75.1,88.8,65.0,77.2,78.4,97.9,73.1,45.4,35,35,35,50,5,54.23
6683,Europe,2105,Latvia,2011,77.1,100.0,60.3,78.0,98.1,71.7,88.6,85.4,77.7,50.3,72.1,89.4,64.7,76.0,81.7,97.9,73.6,45.4,10,35,55,30,8,54.29
6684,Europe,2106,Latvia,2012,77.8,100.0,65.0,78.0,97.6,71.8,88.6,88.1,78.4,49.9,74.5,89.8,63.9,75.9,78.5,97.9,76.5,47.4,20,30,65,50,10,54.36
6685,Europe,2107,Latvia,2013,77.9,100.0,63.7,78.8,97.8,73.9,88.7,87.8,80.1,51.6,72.5,91.3,63.9,75.4,75.6,97.9,77.1,48.0,25,35,30,50,7,54.42
6686,Europe,2108,Latvia,2014,77.9,100.0,65.1,79.2,97.7,70.9,88.8,87.3,80.9,55.2,73.4,90.9,63.8,76.7,74.2,97.9,77.5,45.2,20,40,65,55,10,54.48
6687,Europe,2109,Latvia,2015,78.5,100.0,68.8,81.4,96.2,71.0,88.9,86.6,81.5,58.7,75.6,90.0,64.0,77.3,71.9,97.9,78.9,45.3,25,33,40,65,8,54.54
6688,Europe,2110,Latvia,2016,78.7,100.0,66.3,81.9,96.7,71.6,89.0,87.5,81.6,60.8,75.7,89.8,62.7,76.6,75.0,97.9,79.6,44.4,40,30,70,60,10,54.6
6689,Europe,2111,Latvia,2017,79.3,100.0,66.8,83.1,98.0,70.5,89.1,90.3,82.6,70.7,71.7,89.9,62.2,74.2,77.9,97.9,79.3,44.0,18,45,40,60,7,54.67
6690,Europe,2112,Latvia,2018,79.7,100.0,62.6,83.0,98.2,78.4,89.1,89.0,83.2,71.3,73.0,90.9,61.8,71.4,82.9,97.9,78.5,44.2,24,35,72,60,10,54.73
6691,Europe,2113,Latvia,2019,80.2,100.0,64.9,84.4,97.5,77.9,89.2,88.9,83.9,73.0,75.1,89.9,61.7,71.5,84.1,97.9,78.8,44.9,20,32,60,60,10,54.79
6692,Europe,2114,Latvia,2020,80.5,100.0,65.6,85.0,97.8,78.0,89.2,88.9,82.9,72.8,72.6,89.5,61.7,72.0,84.1,97.9,81.2,49.3,15,35,65,55,10,54.85
6693,Europe,2115,Latvia,2021,80.3,100.0,64.2,84.8,97.8,77.2,89.2,88.9,83.8,74.1,72.6,87.9,58.8,71.7,84.1,97.8,82.3,50.4,25,45,58,65,7,
6694,Europe,2116,Latvia,2022,80.7,100.0,64.2,84.3,97.8,77.5,89.2,88.9,84.5,77.0,72.6,86.7,58.8,71.7,84.0,97.8,82.1,54.4,25,33,65,60,10,
6695,Asia,2117,Lebanon,2000,62.6,99.2,52.1,73.0,97.7,35.8,63.1,57.9,59.1,30.2,84.4,43.2,85.2,84.6,61.5,57.7,51.8,27.0,35,30,25,17,15,13.51
6696,Asia,2118,Lebanon,2001,62.6,99.2,51.9,72.7,97.7,35.9,63.4,57.8,59.1,30.0,84.4,43.2,84.9,84.4,61.5,57.7,51.8,28.6,35,65,15,18,10,13.5
6697,Asia,2119,Lebanon,2002,62.2,99.2,51.5,72.3,97.7,35.9,63.7,59.0,59.2,30.0,84.4,43.2,76.2,84.5,61.5,57.7,51.8,29.7,20,45,12,25,10,13.49
6698,Asia,2120,Lebanon,2003,62.5,99.2,50.4,71.9,97.7,35.9,64.3,59.1,59.3,30.4,84.4,43.2,81.1,83.7,61.5,57.7,51.8,30.9,38,65,18,20,15,13.48
6699,Asia,2121,Lebanon,2004,62.8,99.2,51.8,72.6,97.7,35.9,64.9,59.6,59.3,30.7,84.4,43.2,80.4,84.3,61.5,57.7,51.8,32.4,35,60,15,25,8,13.47
6700,Asia,2122,Lebanon,2005,63.1,99.2,52.6,74.3,97.7,37.4,65.9,59.8,59.0,31.2,84.4,43.4,81.0,84.6,61.5,57.7,51.8,31.6,35,65,25,18,8,13.47
6701,Asia,2123,Lebanon,2006,63.4,99.2,53.8,75.4,97.7,37.7,65.7,59.8,58.8,32.5,84.4,43.4,81.6,85.4,61.5,57.7,51.8,32.2,40,65,20,15,5,13.46
6702,Asia,2124,Lebanon,2007,63.8,99.2,51.2,75.0,97.7,38.6,65.6,60.1,58.6,33.2,84.4,46.1,81.9,85.8,61.5,57.7,55.7,32.5,35,60,25,18,18,13.45
6703,Asia,2125,Lebanon,2008,64.2,99.2,53.8,75.5,97.7,38.9,65.5,59.8,59.3,34.2,84.4,54.0,81.6,84.7,59.5,57.7,53.9,31.3,35,70,15,18,15,13.44
6704,Asia,2126,Lebanon,2009,64.3,99.2,51.6,76.7,98.6,38.5,65.4,58.4,60.1,35.7,84.4,50.7,80.7,83.5,61.5,57.7,60.0,30.5,35,66,18,15,10,13.43
6705,Asia,2127,Lebanon,2010,65.4,99.2,52.7,77.2,98.6,38.6,65.2,59.8,59.8,38.1,84.4,63.1,80.7,83.9,61.5,57.7,62.2,29.2,35,65,25,25,10,13.43
6706,Asia,2128,Lebanon,2011,65.6,99.1,52.7,77.6,98.6,38.7,65.1,60.2,59.4,41.1,84.4,60.1,80.5,84.4,61.5,57.7,61.8,31.7,40,75,18,20,15,13.48
6707,Asia,2129,Lebanon,2012,65.7,99.1,53.5,76.4,98.6,38.8,65.0,59.3,59.2,40.9,84.4,68.9,80.0,84.6,61.5,57.7,59.2,30.1,40,65,20,30,10,13.54
6708,Asia,2130,Lebanon,2013,65.8,99.1,53.5,77.3,98.6,41.2,64.9,60.5,58.9,44.4,84.4,66.9,80.4,84.6,61.6,57.7,55.8,29.5,5,85,30,15,15,13.6
6709,Asia,2131,Lebanon,2014,66.9,99.1,56.1,77.7,98.6,41.6,64.8,59.3,60.2,47.2,84.4,75.9,82.1,85.9,59.0,57.7,57.4,30.7,40,63,35,30,10,13.66
6710,Asia,2132,Lebanon,2015,66.9,99.1,56.0,78.1,98.6,42.0,64.6,59.0,61.6,48.0,84.4,75.3,82.4,86.3,59.1,57.7,56.5,28.1,40,66,35,22,10,13.72
6711,Asia,2133,Lebanon,2016,67.0,99.0,55.1,78.3,98.6,42.4,65.0,59.1,61.4,50.7,84.4,75.5,81.8,86.4,59.0,57.7,55.0,29.2,55,80,35,25,7,13.78
6712,Asia,2134,Lebanon,2017,67.7,99.0,54.0,78.3,98.6,42.8,65.5,59.4,59.4,61.4,84.4,76.1,81.2,86.1,59.4,57.7,55.7,32.6,43,75,30,30,10,13.83
6713,Asia,2135,Lebanon,2018,68.5,99.0,54.8,78.7,99.5,44.0,65.9,61.7,61.4,63.8,84.4,71.7,81.7,86.9,60.0,57.2,58.0,35.3,38,65,25,30,10,13.89
6714,Asia,2136,Lebanon,2019,67.9,99.0,54.5,77.2,99.6,44.4,66.2,61.9,59.8,64.7,84.4,61.5,81.6,86.7,63.9,57.1,54.4,37.3,50,75,35,17,20,13.95
6715,Asia,2137,Lebanon,2020,68.0,98.8,52.4,74.7,99.6,44.5,66.3,61.9,58.7,69.8,84.4,69.0,81.6,87.0,65.7,57.2,56.4,28.8,55,65,25,15,20,14.01
6716,Asia,2138,Lebanon,2021,67.6,98.7,56.6,74.3,99.6,44.8,66.3,61.9,54.3,73.4,84.4,58.8,80.7,86.8,65.8,57.0,54.4,30.6,62,72,23,17,40,
6717,Asia,2139,Lebanon,2022,67.5,98.7,56.6,74.3,99.6,45.2,66.3,61.9,54.1,73.3,84.4,60.9,80.7,86.8,65.8,57.0,51.9,30.1,63,66,40,30,25,
6718,Africa,2140,Lesotho,2000,46.2,23.3,52.7,19.1,37.4,57.9,35.9,3.6,40.0,11.1,16.1,48.9,99.0,97.7,0.0,74.3,50.2,71.3,15,10,9,18,5,1.14
6719,Africa,2141,Lesotho,2001,46.4,23.3,54.5,18.2,39.0,57.9,36.2,4.0,40.0,11.1,16.1,49.0,99.0,97.7,0.0,74.3,50.2,71.9,30,30,15,24,5,1.14
6720,Africa,2142,Lesotho,2002,46.5,23.3,52.9,18.8,40.4,57.9,37.0,4.4,40.0,11.2,16.1,49.1,99.0,97.6,0.0,74.3,50.2,72.1,10,15,15,20,10,1.14
6721,Africa,2143,Lesotho,2003,47.3,23.3,52.8,19.1,42.3,61.9,37.7,4.8,40.1,11.1,16.1,49.2,99.0,97.6,0.0,74.3,50.2,77.1,15,15,10,18,10,1.14
6722,Africa,2144,Lesotho,2004,47.4,23.3,52.7,20.3,41.0,61.9,38.5,5.2,40.0,11.2,16.1,50.5,99.0,97.5,0.0,74.3,50.2,76.8,18,18,20,20,10,1.14
6723,Africa,2145,Lesotho,2005,48.0,23.3,52.8,19.9,42.4,61.9,39.2,12.2,40.1,11.3,16.1,50.9,99.0,97.5,0.0,74.3,50.2,76.5,15,15,20,22,7,1.14
6724,Africa,2146,Lesotho,2006,48.6,23.3,52.1,19.0,44.0,61.9,40.0,14.7,40.1,11.4,16.1,52.2,99.0,97.4,0.0,74.3,50.2,81.5,25,15,30,24,8,1.14
6725,Africa,2147,Lesotho,2007,49.1,23.3,51.8,18.3,43.1,68.0,40.7,16.9,40.1,11.4,16.1,52.3,99.0,97.4,0.0,74.3,49.7,83.0,15,15,20,20,10,1.14
6726,Africa,2148,Lesotho,2008,49.4,23.3,51.7,17.1,44.7,68.8,41.4,18.5,40.2,11.5,16.1,53.5,99.0,97.3,0.0,74.3,49.9,83.0,20,25,30,20,8,1.14
6727,Africa,2149,Lesotho,2009,50.0,23.3,53.3,18.6,45.8,72.1,42.1,20.1,40.0,11.4,16.1,53.6,99.0,97.2,0.0,74.3,50.6,83.0,20,15,15,24,10,1.14
6728,Africa,2150,Lesotho,2010,50.6,23.3,56.5,20.1,48.2,72.1,42.8,21.1,40.2,11.4,16.1,54.3,99.0,97.2,0.0,74.3,50.6,83.0,5,25,12,20,5,1.14
6729,Africa,2151,Lesotho,2011,50.1,25.0,54.6,20.8,48.3,72.1,43.5,16.9,40.2,11.9,16.1,54.7,99.0,96.2,0.0,74.3,50.6,78.2,20,25,25,25,10,1.14
6730,Africa,2152,Lesotho,2012,50.5,26.2,53.8,21.0,49.5,73.4,44.2,16.0,40.2,13.2,16.1,56.0,99.0,96.2,0.0,74.3,50.6,78.8,30,19,20,20,7,1.14
6731,Africa,2153,Lesotho,2013,50.7,26.3,52.6,20.6,50.0,71.0,44.9,19.5,40.1,13.8,16.1,55.9,99.0,97.2,0.0,74.3,51.2,77.9,25,20,15,25,10,1.14
6732,Africa,2154,Lesotho,2014,51.3,26.8,50.5,22.1,49.7,74.6,45.6,20.1,40.1,18.9,16.1,56.9,99.0,97.0,0.0,74.3,50.9,78.3,25,15,15,18,10,1.14
6733,Africa,2155,Lesotho,2015,52.2,31.2,49.2,22.3,53.1,73.9,46.3,22.7,40.2,21.6,16.1,57.6,99.0,97.3,0.0,74.2,50.1,81.2,25,15,18,28,7,1.14
6734,Africa,2156,Lesotho,2016,52.3,30.8,46.9,21.8,52.7,74.0,47.0,23.6,40.2,19.8,16.1,67.5,98.9,97.4,0.0,74.2,50.2,75.6,25,15,20,23,15,1.14
6735,Africa,2157,Lesotho,2017,54.5,35.2,51.8,21.7,54.4,72.6,47.6,22.3,47.4,22.7,27.5,66.8,98.8,97.1,0.0,74.2,50.7,81.3,25,30,25,24,10,1.14
6736,Africa,2158,Lesotho,2018,54.6,32.1,50.8,23.4,51.9,73.9,48.3,26.1,47.5,23.7,27.5,68.3,98.7,97.3,0.0,74.2,50.5,78.7,20,12,20,30,15,1.14
6737,Africa,2159,Lesotho,2019,54.5,33.0,50.1,22.6,49.9,74.6,49.0,25.2,47.5,24.6,27.5,70.6,98.6,97.3,0.0,74.2,48.2,78.3,20,35,25,30,15,1.14
6738,Africa,2160,Lesotho,2020,54.1,35.1,48.6,23.8,49.9,74.6,49.7,26.2,46.0,25.1,27.5,71.9,98.6,97.6,0.0,74.2,48.1,68.5,25,20,10,30,8,1.14
6739,Africa,2161,Lesotho,2021,54.5,35.7,49.1,24.6,51.1,74.8,49.7,26.2,46.1,26.4,27.5,71.9,98.6,97.5,0.0,74.2,47.3,71.6,40,15,20,32,18,
6740,Africa,2162,Lesotho,2022,54.9,36.7,49.2,24.3,51.1,74.8,49.7,26.2,46.5,26.4,27.5,66.2,98.6,97.5,0.0,74.2,45.9,71.7,30,15,20,28,10,
6741,Africa,2163,Liberia,2000,43.0,22.6,43.4,18.4,29.0,26.7,47.4,16.7,62.1,6.5,67.1,30.7,96.0,99.0,52.0,45.6,41.7,26.5,35,25,15,10,10,85.37
6742,Africa,2164,Liberia,2001,43.2,22.6,43.6,18.3,29.0,26.7,47.8,16.1,62.1,6.5,67.1,30.4,96.2,99.0,54.8,45.6,41.7,26.5,45,38,12,15,10,85.05
6743,Africa,2165,Liberia,2002,43.1,22.6,42.7,18.0,29.0,26.7,48.1,16.2,62.1,6.5,67.1,30.2,96.3,99.0,53.4,45.6,41.7,26.5,35,43,15,12,8,84.74
6744,Africa,2166,Liberia,2003,44.3,22.6,42.7,17.6,29.0,26.7,48.5,15.3,62.1,6.5,67.1,30.0,96.5,99.0,70.1,50.4,41.7,26.5,50,55,15,7,10,84.43
6745,Africa,2167,Liberia,2004,43.6,22.6,42.9,17.5,29.0,25.4,48.9,14.4,62.1,6.5,67.1,29.7,94.6,99.0,62.5,50.4,41.7,26.5,44,25,12,15,10,84.11
6746,Africa,2168,Liberia,2005,45.2,22.6,44.4,20.5,29.0,29.1,49.3,12.3,62.1,6.5,67.1,29.9,94.3,98.9,83.1,50.4,41.7,26.5,38,45,18,12,7,83.8
6747,Africa,2169,Liberia,2006,45.3,22.6,44.6,21.2,29.0,29.1,49.6,12.0,62.1,6.6,67.1,29.9,95.1,98.9,84.5,50.4,41.7,26.0,40,55,20,35,8,83.48
6748,Africa,2170,Liberia,2007,45.9,22.6,45.2,21.8,29.0,29.1,49.9,15.4,62.1,6.6,67.1,29.6,96.2,99.0,84.4,50.4,41.7,29.7,38,35,18,20,8,83.17
6749,Africa,2171,Liberia,2008,46.1,22.6,46.4,24.8,28.3,29.1,50.1,16.5,62.1,6.6,67.1,29.9,96.1,99.0,84.0,50.4,38.0,32.1,35,38,22,28,15,82.85
6750,Africa,2172,Liberia,2009,46.2,22.6,45.5,25.9,29.6,29.5,50.4,17.4,62.1,6.6,67.1,29.6,96.0,99.0,83.4,50.4,38.2,31.4,38,45,18,20,10,82.54
6751,Africa,2173,Liberia,2010,46.2,22.6,48.1,25.9,29.6,30.0,50.6,12.6,62.1,6.6,67.1,30.2,96.1,98.9,82.7,50.4,38.8,33.1,40,40,18,20,15,82.23
6752,Africa,2174,Liberia,2011,46.7,25.6,47.2,26.7,30.3,29.1,50.9,12.6,62.1,6.6,67.1,33.1,96.0,98.6,82.4,50.4,39.5,35.1,35,50,20,22,10,81.91
6753,Africa,2175,Liberia,2012,47.2,28.2,47.3,27.9,30.3,30.4,51.1,11.1,62.1,9.3,67.1,33.4,96.2,98.6,82.2,50.4,39.7,36.5,35,45,35,20,10,81.6
6754,Africa,2176,Liberia,2013,48.4,30.4,45.8,29.1,42.1,35.7,51.4,13.1,62.1,9.4,67.1,29.8,96.1,98.5,83.3,50.4,43.3,35.3,30,55,15,20,10,81.28
6755,Africa,2177,Liberia,2014,50.2,32.4,44.7,26.3,61.9,36.4,51.6,8.9,62.2,11.1,79.1,32.2,96.0,98.8,83.5,50.4,40.1,37.0,38,40,15,15,5,80.97
6756,Africa,2178,Liberia,2015,50.2,30.5,45.1,26.5,60.3,37.0,51.9,10.8,62.4,12.1,79.1,28.9,95.9,98.3,83.4,50.4,43.8,37.6,40,55,18,22,15,80.66
6757,Africa,2179,Liberia,2016,50.0,28.6,46.7,28.2,60.3,38.3,52.1,13.1,62.1,10.0,72.1,30.5,95.7,98.3,83.3,50.4,41.7,37.9,40,41,20,30,15,80.34
6758,Africa,2180,Liberia,2017,49.8,28.5,46.2,30.9,42.9,39.0,52.3,16.5,66.1,10.3,72.1,31.1,95.9,98.5,83.1,50.4,43.0,39.8,35,58,25,20,15,80.03
6759,Africa,2181,Liberia,2018,49.6,28.1,46.3,30.7,42.9,41.5,52.6,12.5,64.0,10.1,72.1,29.1,96.1,98.9,83.6,47.6,46.3,40.1,35,63,18,25,15,79.71
6760,Africa,2182,Liberia,2019,49.6,26.3,46.8,33.1,42.9,44.6,52.9,12.1,64.6,10.3,72.1,29.0,96.1,98.9,83.6,47.6,43.2,39.6,41,45,20,20,15,79.4
6761,Africa,2183,Liberia,2020,49.6,24.2,47.6,34.9,37.1,44.6,53.0,13.3,65.0,10.7,72.1,29.0,96.1,98.9,83.6,47.6,42.9,43.3,35,50,40,18,7,79.08
6762,Africa,2184,Liberia,2021,49.9,25.2,47.6,34.8,37.1,44.0,53.0,13.3,66.4,11.6,72.1,29.0,96.1,98.8,83.5,48.1,41.8,45.3,30,63,35,25,15,
6763,Africa,2185,Liberia,2022,49.9,26.4,47.8,32.8,37.1,44.1,53.0,13.3,66.4,11.6,72.1,29.8,96.1,98.8,83.5,48.2,41.0,45.9,35,60,15,20,15,
6764,Africa,2186,Libya,2000,53.9,52.9,51.6,41.1,60.1,36.7,49.0,38.9,65.9,19.1,48.0,50.5,94.1,96.0,56.9,54.3,53.3,48.5,35,25,7,12,10,0.12
6765,Africa,2187,Libya,2001,54.0,52.9,51.8,41.7,59.4,36.5,49.3,39.2,65.9,19.1,48.1,50.4,94.1,96.0,57.2,54.4,53.3,48.4,30,28,6,10,8,0.12
6766,Africa,2188,Libya,2002,54.1,52.9,51.2,42.3,59.7,36.2,49.6,41.0,65.8,19.1,47.3,50.7,94.1,96.0,57.1,54.5,53.3,48.6,60,30,10,15,10,0.12
6767,Africa,2189,Libya,2003,54.4,52.9,51.5,43.3,61.9,36.1,50.0,41.6,65.8,19.1,47.4,50.6,94.1,95.9,57.8,54.4,53.3,48.4,60,20,10,15,7,0.12
6768,Africa,2190,Libya,2004,54.4,52.8,50.9,44.2,61.9,35.9,50.9,42.2,65.8,19.3,46.9,50.9,94.0,95.9,57.6,54.8,53.3,48.3,60,25,10,18,12,0.12
6769,Africa,2191,Libya,2005,54.7,52.8,51.3,45.0,61.9,37.2,51.4,43.2,65.7,19.7,46.6,50.2,94.0,95.8,58.3,54.7,53.1,48.7,78,33,10,15,7,0.12
6770,Africa,2192,Libya,2006,55.1,52.8,52.1,45.9,64.0,37.8,51.9,44.2,65.8,19.8,46.1,50.5,93.9,95.7,58.6,54.6,53.3,49.2,38,30,10,20,5,0.12
6771,Africa,2193,Libya,2007,55.3,52.8,52.5,46.3,66.4,37.8,52.4,44.8,65.8,20.0,46.1,49.9,93.8,95.7,59.2,54.6,52.5,49.7,60,33,10,20,10,0.12
6772,Africa,2194,Libya,2008,55.7,52.7,52.9,47.3,67.4,38.2,52.9,45.3,65.9,20.3,46.9,51.6,93.8,95.6,59.1,55.1,52.5,49.3,75,35,10,20,10,0.12
6773,Africa,2195,Libya,2009,55.8,52.7,53.1,48.0,67.4,39.7,53.4,45.7,65.9,20.5,47.3,51.2,93.7,95.6,58.4,55.3,52.4,48.4,70,35,10,15,10,0.12
6774,Africa,2196,Libya,2010,56.2,52.7,53.9,51.2,68.1,40.4,53.9,46.4,65.9,21.1,48.4,50.5,93.7,95.5,58.4,55.2,51.4,48.8,63,30,10,9,10,0.12
6775,Africa,2197,Libya,2011,56.7,58.7,54.7,52.0,70.7,41.3,54.6,46.1,65.9,21.7,44.3,50.5,93.6,95.2,58.6,55.2,52.7,48.7,65,40,12,5,10,0.12
6776,Africa,2198,Libya,2012,57.3,60.7,55.4,52.6,71.9,42.8,55.1,48.0,65.9,22.6,44.8,50.6,93.6,95.2,58.3,56.0,52.1,49.5,40,40,22,8,15,0.12
6777,Africa,2199,Libya,2013,58.0,63.6,56.0,53.2,73.3,43.7,55.7,50.0,65.9,23.2,45.4,52.1,93.6,95.2,58.3,56.0,50.9,49.4,60,35,10,7,15,0.12
6778,Africa,2200,Libya,2014,58.8,65.3,58.1,55.3,74.6,44.5,56.4,51.1,68.0,24.7,45.5,51.9,93.6,95.1,59.3,55.9,51.8,48.8,70,50,15,7,5,0.12
6779,Africa,2201,Libya,2015,59.3,67.3,56.0,56.9,73.7,46.4,56.9,52.7,67.2,26.0,45.9,52.6,93.6,95.2,58.9,55.8,53.2,49.2,73,50,15,9,40,0.12
6780,Africa,2202,Libya,2016,59.7,69.3,56.2,58.0,72.6,47.3,57.4,53.6,67.2,28.3,46.0,54.1,93.5,95.1,58.3,55.8,52.8,49.4,72,40,15,9,20,0.12
6781,Africa,2203,Libya,2017,61.0,71.0,57.7,59.0,73.4,48.2,57.8,55.0,70.6,37.3,46.0,54.6,93.5,95.0,58.6,55.7,53.5,49.3,65,45,10,13,5,0.12
6782,Africa,2204,Libya,2018,61.7,73.3,59.0,59.4,74.6,48.9,58.4,56.2,71.0,38.4,47.4,55.1,93.4,94.8,59.2,54.8,54.3,50.5,70,35,15,15,10,0.12
6783,Africa,2205,Libya,2019,62.5,74.6,59.0,60.1,75.0,50.9,59.2,57.1,71.5,41.2,47.1,55.0,93.3,94.8,63.5,54.7,54.1,50.7,70,50,15,10,5,0.12
6784,Africa,2206,Libya,2020,62.7,72.3,58.5,60.8,76.1,51.4,59.8,58.0,70.4,44.4,47.1,55.6,93.3,95.0,63.6,54.6,53.6,51.7,65,50,15,14,40,0.12
6785,Africa,2207,Libya,2021,63.1,74.9,58.8,60.4,78.5,51.4,59.8,57.9,71.3,45.8,47.0,53.3,93.4,94.8,63.7,55.6,52.5,53.4,60,55,12,15,10,
6786,Africa,2208,Libya,2022,63.4,78.4,59.0,60.5,79.8,51.6,59.7,57.7,71.3,46.3,47.0,55.0,93.5,94.9,63.7,55.4,50.1,53.2,60,35,15,15,20,
6787,Europe,2209,Liechtenstein,2000,43.5,16.0,36.8,19.9,14.7,28.6,38.9,23.5,54.3,10.2,51.8,39.5,96.1,98.7,67.9,60.7,43.2,38.6,10,8,85,83,5,41.88
6788,Europe,2210,Liechtenstein,2001,43.8,16.0,37.3,20.6,15.6,29.2,39.2,24.0,54.4,10.2,51.8,39.5,96.1,98.7,68.4,60.7,43.2,38.9,11,8,85,88,5,41.88
6789,Europe,2211,Liechtenstein,2002,44.0,16.0,37.2,21.5,16.2,29.7,39.4,24.5,54.5,10.2,51.8,40.0,96.0,98.8,69.1,60.9,43.2,39.4,7,10,80,85,10,41.88
6790,Europe,2212,Liechtenstein,2003,44.4,16.0,37.7,22.9,17.1,30.5,39.7,24.8,54.5,10.2,51.8,39.9,96.0,98.7,70.2,61.2,43.2,39.8,10,10,85,82,8,41.88
6791,Europe,2213,Liechtenstein,2004,44.6,16.0,37.7,24.3,19.3,31.4,40.0,25.2,54.6,10.2,49.5,40.5,96.0,98.7,70.3,62.0,43.3,39.9,8,10,85,85,7,41.88
6792,Europe,2214,Liechtenstein,2005,45.3,16.0,38.9,25.7,20.8,34.0,40.3,25.8,54.8,10.0,51.5,41.0,96.1,98.7,71.6,62.2,43.5,39.7,8,10,80,82,8,41.88
6793,Europe,2215,Liechtenstein,2006,45.7,16.0,39.5,27.1,21.7,34.7,40.6,26.1,54.8,10.0,51.5,41.6,96.1,98.7,72.0,62.6,43.6,39.9,10,10,85,85,10,41.88
6794,Europe,2216,Liechtenstein,2007,46.1,16.0,40.3,28.7,23.5,35.3,41.0,27.0,54.9,10.1,53.0,42.0,96.2,98.7,72.3,62.6,43.2,39.6,7,6,70,80,8,41.88
6795,Europe,2217,Liechtenstein,2008,46.5,16.0,40.2,29.9,25.3,36.1,41.4,26.3,55.0,10.1,53.4,42.4,96.2,98.7,73.2,63.1,43.2,39.6,8,10,80,75,10,41.88
6796,Europe,2218,Liechtenstein,2009,46.8,16.0,42.2,31.2,25.8,36.1,41.7,26.6,55.1,10.2,54.2,42.9,96.2,98.8,73.1,63.3,43.1,40.0,10,10,78,78,10,41.88
6797,Europe,2219,Liechtenstein,2010,47.2,15.9,43.1,34.0,26.2,39.0,42.1,27.4,55.0,10.4,51.2,43.4,96.2,98.8,72.6,63.4,44.0,40.4,7,9,80,82,10,41.88
6798,Europe,2220,Liechtenstein,2011,47.5,16.5,44.5,34.9,27.2,39.3,42.5,26.1,55.1,10.5,51.5,42.7,96.2,98.8,74.2,63.4,43.5,40.9,8,10,80,70,10,41.88
6799,Europe,2221,Liechtenstein,2012,48.1,17.7,45.2,35.4,28.9,40.1,42.9,28.2,55.2,11.7,53.1,43.2,96.2,98.8,74.3,63.5,43.4,40.7,10,6,85,82,7,41.88
6800,Europe,2222,Liechtenstein,2013,48.3,18.8,45.2,35.9,28.6,40.6,43.3,29.4,55.3,12.2,52.9,42.8,96.2,98.9,73.9,63.5,42.4,40.7,10,10,78,80,5,41.88
6801,Europe,2223,Liechtenstein,2014,48.7,19.5,45.8,36.4,30.4,41.9,43.7,30.0,56.2,12.4,50.4,44.2,96.2,98.8,73.9,63.5,42.9,41.0,10,10,85,75,5,41.88
6802,Europe,2224,Liechtenstein,2015,48.9,19.5,45.5,38.0,30.3,44.2,44.1,31.0,56.0,13.3,48.7,43.2,96.3,98.9,74.2,63.5,42.7,41.2,5,10,80,85,8,41.88
6803,Europe,2225,Liechtenstein,2016,49.3,19.3,45.5,38.9,32.5,44.9,44.5,32.9,56.0,14.1,48.5,45.1,96.3,98.9,74.0,63.7,42.2,40.6,10,10,80,80,10,41.88
6804,Europe,2226,Liechtenstein,2017,49.8,19.4,45.6,40.0,33.6,46.2,44.8,32.7,57.7,15.4,48.5,45.9,96.3,98.9,73.5,64.7,42.1,41.6,5,14,78,80,10,41.88
6805,Europe,2227,Liechtenstein,2018,50.0,19.4,46.0,40.8,34.8,47.4,45.2,32.6,57.8,15.8,47.0,46.8,96.4,98.9,73.7,63.3,42.5,42.2,10,10,80,80,8,41.88
6806,Europe,2228,Liechtenstein,2019,50.4,20.1,46.5,42.4,35.0,48.4,45.6,32.4,58.2,16.3,47.9,46.3,96.4,98.9,73.8,63.3,43.1,41.9,10,12,85,75,8,41.88
6807,Europe,2229,Liechtenstein,2020,50.6,19.3,46.1,42.7,36.0,48.6,46.0,32.9,57.5,17.1,47.9,47.1,96.4,98.9,73.8,63.9,43.1,42.9,8,8,85,82,7,41.88
6808,Europe,2230,Liechtenstein,2021,50.8,19.3,46.1,42.3,35.6,49.7,46.0,32.9,57.8,17.9,47.9,47.2,96.4,98.9,73.8,64.7,43.0,44.7,10,10,80,75,8,
6809,Europe,2231,Liechtenstein,2022,50.7,20.0,46.2,41.5,35.6,49.7,45.9,32.9,58.0,17.8,47.9,45.1,96.4,98.9,73.8,64.7,42.2,44.8,10,13,80,80,7,
6810,Europe,2232,Lithuania,2000,69.7,100.0,58.0,74.2,93.8,60.0,71.8,77.3,72.2,27.5,70.7,85.8,63.9,61.2,67.0,73.5,73.7,53.7,20,25,50,65,8,32.24
6811,Europe,2233,Lithuania,2001,69.9,100.0,58.0,74.4,96.8,60.4,72.5,78.1,71.7,28.1,70.7,85.9,63.4,60.8,67.1,73.5,73.8,53.3,15,30,20,55,5,32.48
6812,Europe,2234,Lithuania,2002,70.3,100.0,58.2,74.4,98.6,60.7,72.9,78.9,73.8,30.9,70.7,86.0,60.5,60.7,65.8,74.6,74.2,53.7,10,30,25,45,8,32.72
6813,Europe,2235,Lithuania,2003,70.3,100.0,59.3,74.1,98.7,61.1,73.3,79.3,73.9,32.3,70.7,86.1,58.2,60.6,66.3,74.6,74.2,52.7,12,25,30,62,10,32.96
6814,Europe,2236,Lithuania,2004,71.9,100.0,58.7,74.2,98.7,67.3,73.8,79.1,75.0,34.6,70.7,86.2,63.1,60.2,66.7,89.1,73.9,50.9,15,28,75,75,12,33.2
6815,Europe,2237,Lithuania,2005,72.5,100.0,57.4,74.2,99.8,67.6,74.2,77.6,76.4,36.5,72.5,86.2,62.4,59.7,69.3,95.0,73.9,50.4,20,30,78,60,7,33.44
6816,Europe,2238,Lithuania,2006,73.0,100.0,53.2,73.6,99.7,70.0,74.6,76.8,77.6,38.8,79.0,86.3,60.8,59.5,69.9,95.0,74.7,50.7,18,35,55,55,10,33.68
6817,Europe,2239,Lithuania,2007,72.5,100.0,56.9,73.5,99.8,69.1,74.9,76.7,78.3,39.8,76.6,83.6,55.2,58.6,70.2,95.0,74.6,50.5,20,23,65,60,8,33.92
6818,Europe,2240,Lithuania,2008,72.3,100.0,58.1,75.9,99.8,66.9,75.9,77.2,77.4,43.7,70.3,81.3,53.0,58.8,69.7,95.0,74.4,52.0,20,32,65,60,7,34.16
6819,Europe,2241,Lithuania,2009,72.7,100.0,58.2,77.4,99.8,68.2,76.3,79.3,73.2,44.3,67.3,83.4,54.1,59.8,70.5,95.2,74.5,54.7,10,35,55,45,10,34.4
6820,Europe,2242,Lithuania,2010,72.7,100.0,55.2,78.3,99.8,68.6,76.6,70.5,70.7,45.5,80.8,83.7,52.9,59.3,69.2,95.2,75.6,53.4,20,20,78,55,10,34.64
6821,Europe,2243,Lithuania,2011,73.7,100.0,56.3,78.6,99.7,68.8,76.9,68.2,72.0,50.3,83.9,84.3,53.3,59.0,78.3,95.3,75.8,52.7,15,25,60,65,10,34.69
6822,Europe,2244,Lithuania,2012,73.7,100.0,59.7,79.4,99.8,71.8,77.2,70.2,73.3,50.5,73.4,85.1,53.6,58.9,76.7,95.3,77.0,51.4,18,20,68,66,10,34.75
6823,Europe,2245,Lithuania,2013,74.0,100.0,58.6,80.1,98.4,71.7,77.4,71.7,74.0,52.7,72.8,83.0,53.8,59.3,80.5,95.3,77.5,50.9,18,30,70,60,7,34.8
6824,Europe,2246,Lithuania,2014,74.1,100.0,60.1,80.9,98.7,72.1,77.7,69.7,75.4,60.6,61.9,88.0,53.8,59.4,77.2,95.3,78.2,50.9,20,22,60,65,8,34.85
6825,Europe,2247,Lithuania,2015,74.9,100.0,63.2,81.3,99.2,72.2,78.0,72.7,76.4,62.4,64.5,86.6,55.0,59.2,77.5,95.3,79.3,50.7,19,25,75,60,8,34.91
6826,Europe,2248,Lithuania,2016,74.9,100.0,61.1,82.7,99.6,71.4,78.3,72.0,77.1,65.9,61.5,87.7,54.1,59.1,78.0,95.3,79.5,50.5,18,23,75,60,8,34.95
6827,Europe,2249,Lithuania,2017,75.6,100.0,62.0,84.2,99.2,71.4,78.5,72.1,78.3,72.5,64.0,87.4,53.6,58.9,77.7,95.3,80.2,50.0,18,23,80,60,10,35.0
6828,Europe,2250,Lithuania,2018,75.1,100.0,58.1,84.3,98.6,71.3,78.8,67.1,78.5,70.0,70.0,82.7,51.9,58.7,76.9,95.3,81.5,52.5,15,23,60,60,8,35.04
6829,Europe,2251,Lithuania,2019,75.8,100.0,59.4,84.8,98.4,71.7,78.8,69.9,78.5,70.9,70.9,82.4,51.7,58.5,82.1,95.3,81.9,52.9,8,18,55,75,10,35.09
6830,Europe,2252,Lithuania,2020,76.3,100.0,61.1,85.3,98.1,74.4,78.8,69.9,77.2,72.0,70.9,85.7,51.7,58.6,82.2,95.3,80.7,54.6,18,25,65,60,7,35.13
6831,Europe,2253,Lithuania,2021,76.3,100.0,59.6,85.9,98.1,75.2,78.8,69.9,80.2,74.0,70.9,84.0,46.9,58.4,82.0,95.3,82.7,55.3,18,35,65,63,10,
6832,Europe,2254,Lithuania,2022,76.8,100.0,59.6,86.1,98.1,75.9,78.8,69.9,81.1,75.5,70.9,82.8,46.9,58.4,82.0,95.3,84.8,59.5,20,35,62,65,7,
6833,Europe,2255,Luxembourg,2000,71.4,100.0,59.8,87.6,94.8,61.4,81.7,51.8,86.0,62.0,89.0,95.9,33.6,33.3,0.0,52.0,89.5,64.4,10,45,85,80,8,35.68
6834,Europe,2256,Luxembourg,2001,71.4,100.0,58.2,88.2,94.7,61.4,81.7,50.2,86.5,64.1,89.0,95.9,33.4,33.3,0.0,52.0,89.2,65.2,8,10,60,78,8,35.76
6835,Europe,2257,Luxembourg,2002,72.9,100.0,60.1,88.8,94.9,59.6,81.7,58.7,86.0,65.1,89.0,95.9,33.4,33.3,0.0,64.6,89.4,65.8,8,15,85,80,8,35.84
6836,Europe,2258,Luxembourg,2003,72.8,100.0,59.8,89.6,93.5,56.6,81.7,57.6,85.0,68.6,89.3,95.9,33.4,33.3,0.0,64.7,89.5,66.0,8,20,85,82,10,35.93
6837,Europe,2259,Luxembourg,2004,73.5,100.0,60.5,90.0,94.0,61.5,81.7,59.0,83.1,72.2,89.3,95.9,33.4,33.3,0.0,65.8,89.6,66.6,8,18,80,80,6,36.01
6838,Europe,2260,Luxembourg,2005,73.6,100.0,58.4,90.5,95.2,61.9,81.7,58.3,85.0,73.5,88.5,96.0,33.4,33.3,0.0,65.8,89.5,66.3,8,15,75,85,8,36.09
6839,Europe,2261,Luxembourg,2006,74.0,100.0,58.7,91.0,95.6,62.2,81.6,59.6,85.2,77.3,88.3,96.0,33.4,33.3,0.0,65.8,89.7,65.6,8,18,70,80,10,36.17
6840,Europe,2262,Luxembourg,2007,73.9,100.0,57.8,91.3,95.2,62.5,81.6,58.8,85.4,78.1,88.1,96.0,33.4,33.3,0.0,65.8,90.2,65.1,10,20,82,80,7,36.26
6841,Europe,2263,Luxembourg,2008,74.0,100.0,60.7,92.0,94.1,62.5,81.6,55.6,85.1,81.7,85.9,96.0,33.4,33.3,0.0,65.8,90.2,65.4,15,20,80,78,10,36.34
6842,Europe,2264,Luxembourg,2009,74.4,100.0,60.5,91.7,94.1,60.1,81.6,59.4,85.5,82.6,87.9,96.0,34.9,33.3,0.0,66.6,90.4,66.4,10,20,80,75,8,36.42
6843,Europe,2265,Luxembourg,2010,74.6,100.0,58.9,93.4,94.4,60.2,81.6,59.1,85.7,82.4,88.9,95.4,35.0,33.3,0.0,66.6,89.6,68.8,7,20,85,82,10,36.5
6844,Europe,2266,Luxembourg,2011,74.6,100.0,57.2,93.6,94.1,64.2,81.6,55.9,85.3,84.7,86.6,96.7,35.4,33.3,0.0,66.6,90.9,67.3,10,15,78,78,10,36.5
6845,Europe,2267,Luxembourg,2012,74.5,100.0,57.3,94.0,96.7,61.8,81.6,57.2,85.5,85.5,83.5,97.4,36.5,33.3,0.0,66.6,90.2,64.3,8,20,80,78,7,36.5
6846,Europe,2268,Luxembourg,2013,75.1,100.0,58.6,93.9,96.0,74.1,81.6,51.3,85.2,86.2,86.8,96.2,37.2,34.6,0.0,66.6,88.3,64.2,8,30,80,75,8,36.5
6847,Europe,2269,Luxembourg,2014,75.7,99.9,59.9,94.2,96.4,74.0,81.6,51.8,85.4,87.2,87.9,97.6,38.0,36.9,0.0,66.7,88.8,64.2,15,30,85,78,10,36.5
6848,Europe,2270,Luxembourg,2015,76.1,99.8,59.7,94.6,97.6,77.9,81.6,52.9,85.0,87.5,85.5,97.6,39.0,39.0,0.0,66.8,89.7,63.8,10,30,80,84,7,36.5
6849,Europe,2271,Luxembourg,2016,76.5,99.8,57.0,95.3,99.0,77.3,81.6,55.0,85.3,87.6,87.5,97.4,39.2,40.4,0.0,67.7,89.8,63.4,12,25,80,82,10,36.5
6850,Europe,2272,Luxembourg,2017,76.7,99.8,58.3,95.9,96.8,79.3,81.6,55.9,86.1,88.1,80.1,98.6,39.4,44.3,0.0,67.7,90.7,64.2,13,20,75,85,8,36.5
6851,Europe,2273,Luxembourg,2018,76.6,99.6,59.6,95.5,98.9,73.8,81.6,56.3,85.9,88.7,79.5,96.3,39.5,44.8,0.0,67.7,90.7,67.3,15,20,85,78,8,36.5
6852,Europe,2274,Luxembourg,2019,77.3,100.0,59.6,96.7,99.4,76.6,81.6,56.5,85.9,88.7,84.0,97.6,39.5,44.8,0.0,67.8,90.7,67.6,10,45,80,75,8,36.5
6853,Europe,2275,Luxembourg,2020,78.1,100.0,59.1,96.8,98.3,81.3,81.6,56.5,85.3,88.8,84.0,97.6,39.5,49.8,0.0,67.8,90.8,72.2,10,18,85,82,10,36.5
6854,Europe,2276,Luxembourg,2021,78.3,100.0,58.9,96.8,98.3,84.8,81.6,56.5,85.5,88.8,84.0,97.6,39.5,49.4,0.0,67.7,89.9,73.3,10,15,80,75,10,
6855,Europe,2277,Luxembourg,2022,77.6,100.0,58.9,96.5,98.3,85.3,81.6,56.5,85.7,88.6,84.0,99.0,39.5,49.4,0.0,67.7,89.7,73.4,8,25,65,70,8,
6856,Africa,2278,Madagascar,2000,42.9,3.3,44.1,26.9,28.3,48.0,39.8,29.2,62.3,8.6,22.0,41.3,96.0,99.4,54.2,47.2,42.1,36.7,30,55,12,20,7,22.4
6857,Africa,2279,Madagascar,2001,43.4,3.3,44.2,28.2,29.0,48.2,39.8,31.0,62.5,8.9,22.0,41.3,96.3,99.4,56.6,47.0,42.1,37.3,30,25,10,17,7,22.32
6858,Africa,2280,Madagascar,2002,43.9,3.3,43.8,28.5,29.2,48.3,39.8,36.4,62.4,9.0,22.0,41.7,96.5,99.4,61.0,46.8,42.1,36.4,20,60,10,5,7,22.24
6859,Africa,2281,Madagascar,2003,44.4,3.3,44.1,29.4,34.4,46.3,39.8,37.0,62.7,9.4,22.0,41.7,96.4,99.4,61.3,47.6,42.1,37.6,15,35,20,18,10,22.16
6860,Africa,2282,Madagascar,2004,44.7,3.3,44.3,31.5,34.4,48.0,39.8,36.1,63.4,9.0,22.0,42.4,96.5,99.4,62.2,47.4,42.1,38.4,30,65,20,25,12,22.07
6861,Africa,2283,Madagascar,2005,46.7,3.3,46.4,32.0,28.7,48.4,39.8,36.9,64.1,8.8,52.8,42.0,96.3,99.4,66.4,48.0,42.1,38.4,35,44,15,18,10,21.99
6862,Africa,2284,Madagascar,2006,46.9,3.3,46.8,32.3,29.3,48.7,40.1,38.4,63.9,8.8,52.8,42.8,96.4,99.4,66.6,47.9,42.1,37.6,30,45,15,25,8,21.91
6863,Africa,2285,Madagascar,2007,47.2,3.3,47.0,34.1,30.0,49.6,40.4,38.7,63.7,8.7,52.8,42.8,96.3,99.4,67.5,48.3,42.1,37.9,25,40,17,20,5,21.83
6864,Africa,2286,Madagascar,2008,47.7,3.3,47.5,34.1,30.8,54.1,40.7,40.0,63.5,8.7,52.8,44.4,96.4,99.4,68.6,48.2,41.0,37.7,30,55,18,18,10,21.75
6865,Africa,2287,Madagascar,2009,47.9,3.3,47.6,33.4,34.7,54.5,41.0,40.8,63.3,8.8,52.8,44.4,96.5,99.4,69.0,48.0,41.0,36.5,25,63,15,18,10,21.67
6866,Africa,2288,Madagascar,2010,47.5,3.3,48.4,35.0,35.3,57.2,41.3,32.6,63.1,8.6,41.4,45.3,96.5,99.4,69.4,48.4,44.5,37.9,35,40,15,18,8,21.59
6867,Africa,2289,Madagascar,2011,47.9,3.5,50.0,34.4,36.1,57.5,41.6,31.3,64.2,8.6,41.4,49.6,96.5,99.4,70.9,48.3,43.8,36.5,35,50,15,22,10,21.57
6868,Africa,2290,Madagascar,2012,48.0,3.7,56.1,33.3,42.2,60.4,41.9,32.6,65.2,7.1,40.2,44.5,96.5,99.5,67.9,48.1,41.0,36.1,30,60,15,23,8,21.55
6869,Africa,2291,Madagascar,2013,47.7,4.3,54.8,34.2,43.5,60.5,42.2,30.4,65.0,7.5,40.2,44.6,96.6,99.4,66.0,48.0,39.7,34.8,25,58,20,20,7,21.52
6870,Africa,2292,Madagascar,2014,48.3,3.5,54.2,34.1,43.2,62.4,42.5,33.1,64.8,6.1,40.2,47.0,96.6,99.5,68.4,47.8,41.5,36.6,38,52,15,23,15,21.5
6871,Africa,2293,Madagascar,2015,48.1,3.5,53.2,33.5,43.4,62.6,42.9,33.1,64.8,6.7,40.2,43.6,96.6,99.5,67.8,47.7,41.9,36.7,38,50,30,20,10,21.48
6872,Africa,2294,Madagascar,2016,48.8,3.7,52.3,34.2,53.8,63.0,43.3,32.8,64.8,6.3,40.2,45.5,96.7,99.5,65.9,47.5,41.7,38.2,25,55,30,18,15,21.46
6873,Africa,2295,Madagascar,2017,49.3,3.4,51.9,34.2,54.0,66.2,43.7,32.3,65.1,7.2,40.2,53.0,96.6,99.4,64.3,48.1,38.8,39.5,37,55,20,23,10,21.43
6874,Africa,2296,Madagascar,2018,49.9,3.6,53.1,34.0,55.4,68.3,44.1,38.5,64.9,8.2,40.2,51.3,96.7,99.4,65.7,42.7,40.3,41.8,40,50,20,25,10,21.41
6875,Africa,2297,Madagascar,2019,49.9,3.7,52.9,35.2,54.2,67.0,44.5,35.9,65.9,8.8,40.2,51.8,96.7,99.3,66.0,42.7,40.6,42.3,30,60,30,25,15,21.39
6876,Africa,2298,Madagascar,2020,50.0,3.6,53.3,34.6,54.2,67.9,44.9,36.6,64.5,9.2,40.2,52.6,96.7,99.4,65.9,42.5,41.5,42.7,38,50,45,28,10,21.36
6877,Africa,2299,Madagascar,2021,50.5,3.6,53.3,33.4,54.5,68.0,44.9,36.6,64.6,10.3,40.2,52.6,96.7,99.4,65.9,49.9,41.2,42.9,40,60,35,20,10,
6878,Africa,2300,Madagascar,2022,50.3,4.2,53.5,32.9,54.5,68.1,44.9,36.6,64.7,10.3,40.2,53.0,96.7,99.4,65.9,49.5,37.4,42.6,20,58,10,28,8,
6879,Africa,2301,Malawi,2000,49.4,2.2,52.6,17.0,48.5,39.8,46.2,38.4,62.2,14.9,52.4,54.0,98.2,99.4,0.0,61.5,53.3,49.3,15,40,12,17,7,32.69
6880,Africa,2302,Malawi,2001,49.3,2.2,50.6,18.5,48.5,40.3,46.4,39.1,62.2,14.9,52.4,54.0,98.3,99.4,0.0,61.5,52.9,47.8,25,40,15,20,5,32.24
6881,Africa,2303,Malawi,2002,49.4,2.2,50.0,17.9,48.5,40.8,46.6,39.9,62.2,14.9,52.4,55.0,97.9,99.4,0.0,61.5,53.6,48.0,40,40,15,18,18,31.8
6882,Africa,2304,Malawi,2003,49.6,2.2,50.6,20.5,48.5,41.3,46.9,39.9,62.2,14.9,52.4,55.0,98.1,99.4,0.0,61.5,54.2,46.2,25,30,35,30,10,31.35
6883,Africa,2305,Malawi,2004,49.9,2.2,49.9,22.0,48.6,44.4,47.3,40.3,62.2,14.9,52.4,56.0,98.1,99.4,0.0,61.5,54.0,45.6,25,25,12,18,10,30.9
6884,Africa,2306,Malawi,2005,50.2,2.2,49.2,23.6,48.6,44.7,47.6,41.1,62.2,14.9,52.4,56.6,98.1,99.4,0.0,61.6,54.4,46.0,30,20,12,25,6,30.46
6885,Africa,2307,Malawi,2006,50.6,2.2,54.4,24.6,49.1,45.7,47.9,40.9,62.2,15.0,52.4,57.6,98.0,99.4,0.0,61.6,53.3,45.8,25,54,15,40,10,30.01
6886,Africa,2308,Malawi,2007,51.0,2.2,57.9,26.5,46.3,46.3,48.2,41.4,62.2,15.0,52.4,59.2,98.1,99.4,0.0,61.6,54.0,45.4,30,35,10,18,5,29.57
6887,Africa,2309,Malawi,2008,51.4,2.2,54.8,29.3,48.8,47.1,48.6,41.7,62.2,15.0,52.4,60.2,98.0,99.4,0.0,61.6,53.9,46.5,40,43,15,20,10,29.12
6888,Africa,2310,Malawi,2009,52.3,2.2,60.4,30.7,49.3,52.0,48.9,41.6,62.2,15.0,52.4,62.7,98.0,99.4,0.0,61.6,54.9,46.0,24,35,12,18,10,28.68
6889,Africa,2311,Malawi,2010,51.3,2.2,57.7,32.8,49.0,57.1,49.2,42.5,62.2,15.1,24.9,63.4,97.9,99.4,0.0,61.6,56.9,48.2,30,43,12,20,10,28.23
6890,Africa,2312,Malawi,2011,51.1,2.2,59.9,33.1,49.2,58.8,49.6,42.5,62.2,15.5,24.9,54.4,98.0,99.4,0.0,61.6,57.4,48.9,30,45,15,18,7,27.79
6891,Africa,2313,Malawi,2012,51.3,2.1,60.9,34.2,49.0,59.8,49.9,42.6,62.2,15.8,24.9,57.5,98.1,99.5,0.0,61.6,56.4,45.9,20,35,18,17,10,27.34
6892,Africa,2314,Malawi,2013,51.8,2.1,60.8,35.5,50.0,62.9,50.2,42.5,62.2,16.2,24.9,58.8,98.0,99.5,0.0,61.6,53.5,50.0,35,55,15,30,7,26.9
6893,Africa,2315,Malawi,2014,52.3,2.0,60.7,39.2,53.1,61.1,50.5,44.9,62.4,18.8,24.9,55.3,97.9,99.5,0.0,61.6,54.0,51.3,20,60,20,35,30,26.45
6894,Africa,2316,Malawi,2015,52.4,2.0,59.2,41.3,51.3,62.8,50.9,43.8,62.0,19.6,24.9,55.3,98.0,99.5,0.0,61.6,52.9,52.7,35,45,18,35,10,26.0
6895,Africa,2317,Malawi,2016,52.8,1.9,57.7,41.3,51.1,63.6,51.2,43.4,62.0,20.0,30.4,57.8,98.1,99.6,0.0,61.6,53.8,50.9,35,57,25,22,5,25.56
6896,Africa,2318,Malawi,2017,53.2,1.8,60.9,43.3,51.0,64.4,51.5,42.3,66.4,21.3,30.4,59.4,98.0,99.6,0.0,61.6,51.6,47.4,25,40,12,35,8,25.11
6897,Africa,2319,Malawi,2018,53.0,1.4,60.3,46.2,51.8,65.3,51.8,42.3,66.5,15.9,30.4,59.3,97.9,99.6,0.0,60.7,53.0,45.5,5,55,15,23,35,24.67
6898,Africa,2320,Malawi,2019,55.4,0.9,61.5,49.4,50.8,70.5,52.2,41.0,66.5,17.4,58.5,59.8,97.9,99.6,0.0,60.7,52.9,46.6,35,62,16,23,20,24.22
6899,Africa,2321,Malawi,2020,55.4,0.3,60.4,50.1,50.8,69.4,52.5,42.0,66.4,18.8,58.5,59.8,97.9,99.6,0.0,60.7,53.5,46.3,30,50,18,24,15,23.78
6900,Africa,2322,Malawi,2021,55.9,0.1,61.5,50.0,52.8,69.9,52.5,42.0,67.3,20.3,58.5,59.8,97.9,99.6,0.0,60.4,53.6,48.6,35,55,15,32,15,
6901,Africa,2323,Malawi,2022,56.3,0.0,61.7,49.7,52.8,70.1,52.5,42.0,67.3,20.3,58.5,58.2,97.9,99.6,0.0,60.4,51.5,48.5,20,60,12,30,5,
6902,Asia,2324,Malaysia,2000,62.6,96.3,44.4,73.1,88.9,45.1,75.6,66.8,74.0,30.9,23.4,81.4,72.7,81.8,67.0,34.1,53.1,55.4,15,40,12,25,8,59.93
6903,Asia,2325,Malaysia,2001,63.0,96.3,44.8,73.9,87.7,45.2,75.6,66.3,73.7,31.5,23.4,81.4,72.5,81.5,66.9,33.9,53.2,62.6,5,30,20,35,10,59.71
6904,Asia,2326,Malaysia,2002,62.9,96.3,44.2,74.2,86.6,45.2,75.7,66.7,73.7,33.2,23.4,81.4,71.8,81.7,66.7,33.8,53.2,62.2,43,40,18,20,5,59.48
6905,Asia,2327,Malaysia,2003,63.1,96.3,44.4,73.8,90.0,45.3,75.7,66.0,73.7,33.8,23.4,81.4,72.2,80.5,67.0,33.6,53.2,62.4,38,55,18,70,10,59.26
6906,Asia,2328,Malaysia,2004,62.9,96.3,44.1,74.6,90.0,44.6,75.8,65.4,73.7,34.9,23.4,81.4,72.0,79.7,67.4,33.5,53.3,58.7,44,55,17,40,20,59.03
6907,Asia,2329,Malaysia,2005,63.0,96.3,44.4,77.0,89.0,44.7,75.8,65.3,73.7,36.1,23.4,80.9,72.1,79.3,68.4,34.2,53.2,57.4,40,55,28,60,35,58.8
6908,Asia,2330,Malaysia,2006,63.3,96.3,44.4,77.1,86.8,45.4,75.9,66.1,73.8,37.0,28.9,80.9,72.3,79.8,68.3,34.1,53.2,56.5,35,50,30,60,20,58.58
6909,Asia,2331,Malaysia,2007,63.8,96.3,44.4,77.8,86.7,46.5,75.9,66.4,73.8,37.9,28.9,86.9,71.8,79.8,67.6,34.3,53.3,56.5,38,50,30,60,10,58.35
6910,Asia,2332,Malaysia,2008,63.7,96.3,45.1,76.8,86.5,47.4,76.0,65.7,73.8,39.7,24.8,89.6,72.0,78.8,66.9,34.3,53.2,55.5,33,63,20,35,15,58.12
6911,Asia,2333,Malaysia,2009,64.3,96.3,46.0,76.1,86.6,47.5,76.0,67.2,73.6,42.3,24.8,90.7,72.6,79.2,66.3,34.2,52.5,60.5,30,50,15,35,10,57.9
6912,Asia,2334,Malaysia,2010,64.1,96.3,44.3,77.4,87.1,47.9,76.1,67.2,73.7,44.9,24.8,88.2,72.4,78.5,66.6,35.9,52.6,56.2,35,58,25,65,10,57.67
6913,Asia,2335,Malaysia,2011,65.1,97.4,45.5,77.9,87.7,48.5,76.1,67.4,73.9,47.7,33.5,85.7,72.2,78.3,66.4,35.7,53.6,58.4,25,55,33,40,10,57.98
6914,Asia,2336,Malaysia,2012,65.1,98.1,45.0,78.3,88.7,48.8,76.2,67.4,73.8,48.9,33.5,82.5,71.9,77.8,66.6,35.6,53.4,59.5,45,60,40,38,5,58.3
6915,Asia,2337,Malaysia,2013,66.1,98.4,45.6,78.4,88.5,51.4,76.2,66.9,73.8,55.2,46.2,80.6,71.9,76.3,67.0,36.0,52.9,58.7,35,55,28,43,10,58.61
6916,Asia,2338,Malaysia,2014,66.7,98.5,44.3,78.8,88.9,52.3,76.2,67.1,76.2,58.9,46.2,84.0,72.1,76.9,65.7,36.2,53.7,57.6,37,58,25,35,10,58.93
6917,Asia,2339,Malaysia,2015,67.8,98.6,50.8,80.1,89.4,52.9,76.2,67.6,75.2,64.1,47.4,86.7,72.8,78.3,65.6,36.1,54.3,56.0,38,60,35,35,40,59.24
6918,Asia,2340,Malaysia,2016,67.5,98.6,46.7,79.8,89.6,53.5,76.2,67.9,75.0,66.0,47.4,87.2,72.7,78.0,65.6,35.9,52.9,54.2,42,63,24,58,10,59.03
6919,Asia,2341,Malaysia,2017,68.5,98.7,48.0,80.3,90.6,54.1,76.2,68.7,77.4,74.9,47.4,87.3,72.4,78.3,65.8,35.7,54.9,54.3,40,60,33,50,20,58.82
6920,Asia,2342,Malaysia,2018,68.5,98.8,48.3,79.1,90.1,56.2,76.3,68.6,78.4,74.8,47.4,83.2,72.3,76.8,65.4,35.5,57.0,56.6,40,56,40,35,15,58.6
6921,Asia,2343,Malaysia,2019,69.2,98.9,49.2,79.4,89.2,56.8,76.3,68.4,79.0,77.4,47.4,84.4,72.1,76.9,66.2,35.4,63.2,56.9,10,55,35,45,10,58.39
6922,Asia,2344,Malaysia,2020,69.4,98.8,49.4,80.2,89.2,57.3,76.3,68.3,78.3,78.7,47.4,86.1,72.1,77.6,68.2,35.2,61.0,56.0,35,46,25,35,15,58.18
6923,Asia,2345,Malaysia,2021,70.0,98.8,49.5,80.1,88.0,57.7,76.3,68.3,77.8,80.7,47.4,86.1,78.2,77.9,68.2,38.7,59.4,56.9,40,55,40,10,0,
6924,Asia,2346,Malaysia,2022,69.8,98.9,49.4,80.1,88.0,58.3,76.3,68.3,78.0,81.0,47.4,81.8,78.2,77.9,68.2,38.4,59.9,57.3,43,60,45,45,15,
6925,Asia,2347,Maldives,2000,62.3,87.9,32.0,66.3,90.5,38.1,64.0,39.1,76.2,20.2,46.5,70.8,76.2,96.0,63.6,59.3,68.9,63.7,10,10,20,25,10,2.73
6926,Asia,2348,Maldives,2001,62.3,87.9,33.3,67.5,91.3,36.9,64.7,43.0,74.8,20.9,46.5,71.1,76.2,95.9,63.7,58.9,68.9,56.7,20,15,20,20,5,2.73
6927,Asia,2349,Maldives,2002,62.0,87.9,32.9,68.7,91.2,35.8,65.3,41.2,73.3,20.8,46.5,71.5,76.2,94.9,63.7,58.5,68.8,57.5,20,17,7,35,5,2.73
6928,Asia,2350,Maldives,2003,62.5,87.9,34.7,69.5,91.2,34.7,65.9,48.0,71.8,21.3,46.5,71.9,76.2,95.7,64.4,58.2,68.8,55.5,18,30,20,25,5,2.73
6929,Asia,2351,Maldives,2004,62.2,87.9,31.6,71.9,91.5,33.6,66.5,46.8,70.4,21.2,46.5,72.3,76.2,94.4,64.9,57.9,68.8,54.2,25,5,20,17,10,2.73
6930,Asia,2352,Maldives,2005,63.4,87.9,36.5,73.7,91.3,35.7,67.6,52.4,69.1,21.5,46.5,72.6,76.2,95.1,65.3,57.6,68.8,59.2,30,9,20,18,5,2.73
6931,Asia,2353,Maldives,2006,63.3,87.9,37.9,75.3,88.9,37.1,67.9,52.2,67.2,22.0,46.5,72.9,76.2,93.9,65.3,57.3,68.8,59.2,35,15,7,20,30,2.73
6932,Asia,2354,Maldives,2007,63.7,87.9,33.0,76.0,93.4,38.3,68.2,55.2,66.0,23.2,46.5,73.3,76.2,93.9,64.4,57.0,69.6,61.3,20,12,18,25,10,2.73
6933,Asia,2355,Maldives,2008,64.3,87.9,38.4,76.8,94.1,39.4,68.6,56.9,64.6,24.1,46.5,73.9,76.2,93.6,63.3,56.7,69.3,62.7,30,20,20,18,10,2.73
6934,Asia,2356,Maldives,2009,65.0,87.9,42.0,77.8,93.8,37.6,70.0,59.5,63.4,24.3,59.1,74.2,76.2,93.6,61.5,56.5,69.2,57.7,10,20,15,30,8,2.73
6935,Asia,2357,Maldives,2010,65.1,87.9,41.8,81.8,93.1,38.5,70.5,61.5,64.3,24.7,59.1,75.0,76.2,93.4,59.5,56.3,69.3,53.1,20,15,18,22,20,2.73
6936,Asia,2358,Maldives,2011,65.4,92.0,43.9,82.4,90.8,39.5,70.1,62.0,65.4,27.8,59.1,75.2,76.2,93.3,58.3,56.0,69.6,50.8,30,15,25,25,30,2.73
6937,Asia,2359,Maldives,2012,65.6,94.0,37.3,82.9,92.0,40.4,70.5,61.8,66.7,32.3,59.1,76.1,76.2,92.7,56.3,55.6,68.8,52.1,10,20,20,20,15,2.73
6938,Asia,2360,Maldives,2013,66.3,96.4,37.3,83.6,94.9,42.6,71.0,62.4,67.7,33.0,59.1,76.7,76.2,93.1,55.4,55.2,69.7,52.4,30,12,18,20,10,2.73
6939,Asia,2361,Maldives,2014,66.6,98.0,36.7,83.8,94.2,43.0,71.5,63.4,68.9,38.0,59.1,77.6,76.2,91.9,53.2,54.9,69.0,52.9,35,20,25,22,40,2.73
6940,Asia,2362,Maldives,2015,67.5,99.3,37.9,85.2,95.1,43.7,71.9,64.7,70.1,40.7,59.1,78.1,76.2,92.3,53.6,54.5,68.5,56.5,20,30,30,20,60,2.73
6941,Asia,2363,Maldives,2016,69.1,99.6,38.1,85.4,95.9,39.7,72.4,64.6,71.2,42.5,85.6,79.2,75.7,91.9,53.6,54.0,67.2,58.1,38,15,25,30,10,2.73
6942,Asia,2364,Maldives,2017,69.3,99.9,42.4,86.6,95.7,39.7,72.8,64.3,71.7,43.8,85.6,79.5,75.3,91.8,54.9,53.7,63.3,57.0,40,33,20,35,65,2.73
6943,Asia,2365,Maldives,2018,69.7,100.0,44.5,86.8,95.7,39.3,73.1,64.4,72.2,45.9,85.6,80.0,75.0,91.0,57.9,53.4,63.3,56.1,35,20,27,29,70,2.73
6944,Asia,2366,Maldives,2019,70.4,100.0,44.5,87.0,95.7,38.1,73.4,64.1,72.8,46.4,92.7,80.2,74.7,90.2,58.0,53.0,67.8,57.5,42,16,30,30,20,2.73
6945,Asia,2367,Maldives,2020,71.3,100.0,44.5,87.2,96.3,38.1,73.7,64.2,71.8,46.9,92.7,80.3,74.7,89.9,59.1,52.7,71.7,68.8,35,19,35,28,75,2.73
6946,Asia,2368,Maldives,2021,71.6,100.0,44.5,86.9,96.6,38.1,73.7,64.2,71.9,47.8,92.7,80.3,74.8,89.8,63.1,52.4,71.3,68.8,42,25,18,25,5,
6947,Asia,2369,Maldives,2022,71.3,100.0,44.6,86.9,96.6,38.5,73.7,64.2,72.4,47.8,92.7,80.3,74.8,89.8,63.2,51.5,66.4,68.4,40,20,25,35,15,
6948,Africa,2370,Mali,2000,44.7,27.0,50.9,21.9,6.2,24.9,44.1,18.5,71.7,9.0,54.0,33.1,95.3,99.2,0.0,56.2,63.3,40.7,10,55,18,18,5,10.9
6949,Africa,2371,Mali,2001,44.9,27.0,50.4,23.5,6.2,25.3,44.9,19.1,71.8,9.0,54.0,33.4,95.3,99.2,0.0,56.2,63.3,39.8,25,40,12,15,12,10.9
6950,Africa,2372,Mali,2002,45.3,27.0,50.7,25.1,6.2,24.7,45.7,19.5,71.7,9.0,54.0,34.9,95.0,99.2,0.0,56.7,63.3,41.3,55,63,10,12,40,10.9
6951,Africa,2373,Mali,2003,45.7,27.0,50.8,25.8,6.2,25.1,46.6,20.4,71.7,9.0,54.0,35.2,94.9,99.2,0.0,56.7,63.3,45.8,40,65,10,20,10,10.9
6952,Africa,2374,Mali,2004,47.9,27.0,51.1,26.9,6.2,25.6,47.4,21.1,71.7,9.0,54.0,36.8,94.9,99.2,0.0,85.2,63.3,46.6,35,68,12,18,15,10.9
6953,Africa,2375,Mali,2005,48.4,27.0,50.9,28.3,7.8,26.0,48.3,25.0,71.7,9.0,54.0,38.8,95.0,99.2,0.0,85.2,63.3,45.3,20,64,15,15,20,10.9
6954,Africa,2376,Mali,2006,49.0,27.0,48.6,30.3,8.5,30.9,49.2,24.1,71.7,9.0,57.5,40.3,95.1,99.2,0.0,85.2,63.3,44.1,30,66,18,25,15,10.9
6955,Africa,2377,Mali,2007,49.5,27.0,49.1,29.9,9.6,36.0,50.0,24.2,71.7,9.0,57.5,40.7,95.0,99.1,0.0,85.2,63.3,44.5,10,63,15,15,5,10.9
6956,Africa,2378,Mali,2008,50.0,27.0,49.7,30.6,13.5,41.4,50.9,24.6,71.7,9.0,57.5,38.9,94.9,99.1,0.0,85.2,63.7,42.8,35,80,15,15,15,10.9
6957,Africa,2379,Mali,2009,52.5,27.0,51.7,31.0,18.3,45.2,51.8,24.6,71.7,9.1,80.4,42.5,94.9,99.1,0.0,85.1,62.7,44.5,25,60,15,15,10,10.9
6958,Africa,2380,Mali,2010,53.1,27.0,56.2,30.1,19.6,47.4,52.7,27.2,71.7,10.5,80.4,41.4,94.7,99.1,0.0,85.1,63.3,43.8,40,65,10,15,10,10.9
6959,Africa,2381,Mali,2011,53.5,27.5,55.6,31.0,21.6,47.4,53.6,27.9,71.7,10.5,80.4,45.5,94.8,99.2,0.0,85.1,61.9,42.6,38,72,22,15,10,10.9
6960,Africa,2382,Mali,2012,53.7,27.6,57.9,30.7,18.5,50.3,54.5,27.6,71.7,10.6,80.4,48.0,94.8,99.2,0.0,85.1,60.8,42.4,40,63,17,15,10,10.9
6961,Africa,2383,Mali,2013,53.7,30.1,57.6,32.5,11.6,49.8,55.4,29.4,71.7,10.7,80.4,49.5,94.7,99.2,0.0,85.1,57.9,43.5,40,69,22,15,10,10.9
6962,Africa,2384,Mali,2014,54.3,32.6,57.3,33.6,13.5,49.5,56.3,29.8,73.5,13.8,80.4,48.8,94.7,99.0,0.0,85.1,58.4,43.0,30,63,18,15,10,10.9
6963,Africa,2385,Mali,2015,55.0,34.4,58.4,34.9,12.8,51.8,57.2,30.2,73.5,14.2,80.4,48.3,94.7,99.0,0.0,85.1,60.2,44.7,30,68,15,20,10,10.9
6964,Africa,2386,Mali,2016,55.8,38.0,61.6,35.0,14.5,51.1,58.1,31.1,73.5,16.1,80.4,50.9,94.5,99.0,0.0,85.1,58.4,44.9,38,64,12,15,10,10.9
6965,Africa,2387,Mali,2017,56.9,40.0,60.8,36.9,18.7,50.3,59.0,30.8,75.8,17.8,80.4,55.8,94.6,99.0,0.0,85.1,56.7,48.6,40,70,15,17,15,10.9
6966,Africa,2388,Mali,2018,56.5,41.6,62.4,39.1,12.4,52.3,59.9,35.0,75.7,18.2,68.9,57.1,94.6,99.0,0.0,85.2,57.9,45.3,35,72,18,15,5,10.9
6967,Africa,2389,Mali,2019,56.5,42.5,61.9,41.4,12.4,52.7,60.8,33.8,74.6,18.4,68.9,57.6,94.5,99.0,0.0,85.2,54.2,46.5,40,72,20,15,20,10.9
6968,Africa,2390,Mali,2020,56.7,41.6,62.1,39.5,10.6,58.9,61.7,34.5,70.8,20.8,68.9,57.9,94.5,99.0,0.0,85.2,54.0,47.5,35,74,15,15,10,10.9
6969,Africa,2391,Mali,2021,57.0,41.8,60.2,40.5,10.6,59.6,61.7,34.5,72.4,21.2,68.9,56.7,94.5,99.0,0.0,86.8,53.9,49.7,40,70,22,15,20,
6970,Africa,2392,Mali,2022,58.0,44.4,59.3,40.7,10.6,60.1,61.7,34.5,72.2,21.2,68.9,60.0,94.5,99.0,0.0,86.8,55.1,50.4,35,69,15,15,10,
6971,Europe,2393,Malta,2000,68.5,99.9,66.0,84.0,93.6,42.5,53.3,70.0,84.3,38.0,96.6,83.6,51.2,69.8,39.4,78.3,68.6,45.4,10,20,40,60,10,1.09
6972,Europe,2394,Malta,2001,68.4,99.9,65.1,83.7,93.4,43.6,52.6,69.2,83.8,38.8,96.6,83.6,50.6,69.2,40.1,78.0,68.5,45.5,10,10,25,60,10,1.09
6973,Europe,2395,Malta,2002,68.8,99.9,66.4,83.4,94.6,44.5,51.9,69.9,84.0,40.5,96.6,83.6,51.1,69.2,40.8,78.0,68.5,46.5,8,20,30,60,12,1.09
6974,Europe,2396,Malta,2003,69.3,99.9,64.6,87.3,96.6,44.6,51.6,69.8,83.5,41.9,96.6,83.6,50.7,68.1,42.4,81.1,68.5,46.6,8,15,12,55,7,1.09
6975,Europe,2397,Malta,2004,69.6,99.9,65.5,87.6,97.5,46.2,51.6,69.8,83.4,42.7,96.6,83.6,50.8,68.7,42.9,80.9,68.3,47.2,8,20,30,65,8,1.09
6976,Europe,2398,Malta,2005,69.9,99.9,65.4,86.7,97.8,47.0,51.1,69.6,84.0,45.5,96.6,83.7,50.8,69.5,43.0,80.9,69.1,47.9,12,15,60,55,7,1.09
6977,Europe,2399,Malta,2006,70.1,99.9,65.1,87.1,98.5,47.3,50.9,69.9,84.1,46.0,96.6,83.7,51.1,69.5,42.5,81.7,69.6,48.0,10,10,20,60,10,1.09
6978,Europe,2400,Malta,2007,69.8,99.9,65.1,85.7,98.2,47.5,50.6,69.7,84.3,46.8,93.2,83.7,51.4,69.2,41.2,81.8,69.4,49.5,10,15,20,60,5,1.09
6979,Europe,2401,Malta,2008,70.1,99.9,66.8,85.3,97.7,47.6,51.1,70.0,84.5,49.7,93.9,83.7,51.4,69.2,42.1,81.8,68.6,48.2,10,10,10,40,7,1.09
6980,Europe,2402,Malta,2009,70.1,99.9,66.8,85.2,96.7,47.9,52.9,69.8,84.0,51.7,89.6,83.7,52.1,70.1,43.6,81.8,67.5,47.5,15,20,55,20,15,1.09
6981,Europe,2403,Malta,2010,70.4,99.9,66.2,85.8,98.6,48.1,48.8,69.5,84.0,54.5,93.5,82.4,51.5,69.9,45.7,82.2,67.5,49.5,10,15,55,45,8,1.09
6982,Europe,2404,Malta,2011,72.0,99.9,66.3,88.0,98.9,48.0,50.0,69.7,84.3,57.6,92.9,79.5,51.5,67.1,67.7,82.6,67.4,52.4,8,17,35,20,8,1.09
6983,Europe,2405,Malta,2012,72.5,99.8,64.4,89.3,98.9,48.5,49.1,69.7,84.6,62.8,92.1,81.5,51.4,72.8,66.4,82.6,69.1,50.3,10,15,50,60,10,1.09
6984,Europe,2406,Malta,2013,73.3,99.9,63.6,90.7,98.6,57.7,46.4,70.4,84.6,67.3,93.6,78.7,51.6,72.8,64.9,82.6,69.2,52.7,10,18,35,65,10,1.09
6985,Europe,2407,Malta,2014,73.9,99.9,65.4,91.2,98.7,58.6,46.9,71.0,85.1,68.0,93.1,86.7,51.8,72.3,63.2,82.6,70.3,51.5,15,15,45,60,8,1.09
6986,Europe,2408,Malta,2015,74.0,99.8,65.7,91.3,97.3,58.6,48.3,70.9,85.3,69.1,91.8,86.2,53.3,72.9,64.5,82.6,71.8,47.9,15,15,55,65,15,1.09
6987,Europe,2409,Malta,2016,74.7,99.9,65.5,91.1,98.5,59.7,48.3,71.1,85.8,69.5,93.1,88.1,52.8,75.8,68.6,82.7,71.2,48.4,10,18,50,60,8,1.16
6988,Europe,2410,Malta,2017,74.9,99.9,66.8,91.5,99.3,59.9,46.4,73.0,86.4,71.0,92.5,86.8,53.8,75.6,70.1,82.7,69.9,47.5,10,15,25,70,10,1.23
6989,Europe,2411,Malta,2018,75.2,99.9,66.3,92.6,98.9,60.9,47.8,72.2,86.6,70.8,94.2,87.3,53.7,79.4,68.7,82.7,68.8,48.3,18,45,30,55,15,1.3
6990,Europe,2412,Malta,2019,75.1,99.8,66.3,92.4,98.4,63.4,48.7,72.1,86.6,71.5,86.6,88.7,53.6,79.2,69.4,82.7,67.7,48.9,15,18,20,55,8,1.37
6991,Europe,2413,Malta,2020,75.7,99.7,66.3,91.3,99.0,63.7,48.7,72.1,86.1,72.8,86.6,90.3,53.6,79.5,69.5,82.7,68.6,56.7,18,20,35,63,10,1.44
6992,Europe,2414,Malta,2021,76.1,99.8,66.3,91.3,99.1,63.9,48.7,72.1,86.8,72.8,86.6,91.5,58.1,79.2,69.5,82.7,68.3,57.5,18,25,35,55,15,
6993,Europe,2415,Malta,2022,75.5,99.8,66.3,91.2,99.1,64.7,48.7,72.1,87.3,71.7,86.6,88.3,58.1,79.2,69.4,82.7,64.9,54.1,14,18,50,40,10,
6994,Oceania,2416,Marshall Islands,2000,65.5,97.2,69.5,67.9,86.9,37.2,69.2,74.2,71.1,21.5,70.1,85.0,76.9,94.4,59.1,26.0,65.0,42.3,10,18,14,35,5,52.22
6995,Oceania,2417,Marshall Islands,2001,65.5,97.2,73.2,69.6,86.9,37.6,68.9,74.4,71.1,22.0,70.1,85.0,76.9,94.1,56.0,26.0,65.0,40.0,12,15,14,54,10,52.22
6996,Oceania,2418,Marshall Islands,2002,65.2,97.2,68.9,67.9,86.4,38.0,68.7,73.6,71.9,22.4,70.1,85.0,76.9,94.1,56.9,26.0,65.0,40.3,12,20,18,30,10,52.22
6997,Oceania,2419,Marshall Islands,2003,65.6,97.2,69.1,69.7,87.3,38.3,68.4,74.1,71.8,22.4,70.1,85.0,76.9,93.8,57.1,26.0,65.0,43.5,15,30,30,25,10,52.22
6998,Oceania,2420,Marshall Islands,2004,65.8,97.2,69.6,70.6,86.6,38.6,68.7,74.5,71.8,23.0,70.1,85.0,76.9,93.8,56.2,26.2,65.9,43.4,10,15,20,20,10,52.22
6999,Oceania,2421,Marshall Islands,2005,66.1,97.2,70.5,72.8,88.2,44.8,69.0,73.8,70.8,23.3,70.1,85.0,76.9,93.4,53.0,26.2,65.8,43.0,18,12,15,55,15,52.22
7000,Oceania,2422,Marshall Islands,2006,66.0,97.2,71.4,73.1,87.5,45.1,69.2,72.8,71.2,23.4,70.1,85.0,76.9,92.8,53.3,26.2,66.8,41.1,10,30,17,40,15,52.22
7001,Oceania,2423,Marshall Islands,2007,66.0,97.2,69.8,73.0,87.6,45.3,69.9,72.7,71.6,23.9,70.1,85.0,76.9,92.7,53.5,26.2,67.0,39.2,15,20,12,35,15,52.22
7002,Oceania,2424,Marshall Islands,2008,66.2,97.2,71.2,73.0,89.4,45.6,68.6,71.5,72.7,25.0,70.1,85.0,76.9,92.6,52.5,26.2,66.5,40.7,20,20,12,35,7,52.22
7003,Oceania,2425,Marshall Islands,2009,66.6,97.2,72.0,74.2,89.2,45.9,70.2,71.8,72.6,26.2,70.1,85.0,76.9,92.7,52.5,26.2,66.0,43.0,15,15,10,50,10,52.22
7004,Oceania,2426,Marshall Islands,2010,66.7,97.2,72.8,75.3,88.5,47.0,70.2,71.9,72.3,27.2,70.1,85.1,76.9,92.4,51.8,26.2,65.7,44.1,10,25,40,35,15,52.22
7005,Oceania,2427,Marshall Islands,2011,66.2,97.1,62.7,75.2,90.2,47.2,71.1,71.7,72.5,27.7,70.1,85.1,76.9,92.4,51.0,26.3,65.3,43.1,15,15,30,55,15,52.22
7006,Oceania,2428,Marshall Islands,2012,65.7,97.0,59.1,75.4,90.8,47.5,71.1,71.4,72.4,32.6,58.4,85.1,76.9,92.3,50.6,26.3,65.3,44.1,15,18,18,60,15,52.22
7007,Oceania,2429,Marshall Islands,2013,66.3,97.2,60.4,76.3,92.6,51.2,71.0,71.5,72.6,34.3,58.4,85.0,76.9,92.1,52.3,26.3,64.7,44.1,12,20,18,45,5,52.22
7008,Oceania,2430,Marshall Islands,2014,66.9,97.4,65.3,76.4,92.2,49.2,70.8,71.1,72.9,33.3,58.4,89.4,76.9,91.9,52.0,26.3,66.8,47.4,12,10,35,35,8,52.22
7009,Oceania,2431,Marshall Islands,2015,66.3,97.5,64.2,77.2,91.8,46.3,70.9,71.6,72.9,34.9,58.4,89.8,76.9,91.9,51.9,26.3,66.3,37.8,20,20,28,40,5,52.22
7010,Oceania,2432,Marshall Islands,2016,66.7,97.7,64.0,76.8,92.5,46.3,70.8,71.0,73.4,37.8,58.4,87.7,76.4,91.6,51.9,26.3,64.0,47.4,15,12,25,55,5,52.22
7011,Oceania,2433,Marshall Islands,2017,67.8,97.9,68.8,77.9,90.1,46.6,70.9,70.5,75.1,42.1,65.3,90.3,76.0,91.2,50.9,26.3,65.8,47.3,14,28,25,45,15,52.22
7012,Oceania,2434,Marshall Islands,2018,68.0,98.0,67.9,78.3,90.9,47.2,71.1,70.3,75.4,45.5,65.3,90.9,75.6,91.3,48.0,27.4,64.7,47.6,15,20,10,60,5,52.22
7013,Oceania,2435,Marshall Islands,2019,68.6,98.1,71.4,78.8,91.7,52.1,71.1,70.4,73.8,49.0,65.3,89.9,75.2,91.3,48.3,27.4,63.8,47.9,10,20,20,55,5,52.22
7014,Oceania,2436,Marshall Islands,2020,68.9,97.4,71.5,77.2,95.4,52.0,71.1,70.3,72.3,50.8,65.3,92.6,75.2,91.9,48.7,27.4,62.4,50.0,10,20,45,50,10,52.22
7015,Oceania,2437,Marshall Islands,2021,68.8,97.6,71.5,75.6,96.0,52.2,71.1,70.3,74.2,51.8,65.3,88.8,74.4,91.4,49.0,27.4,63.3,50.2,15,18,23,50,10,
7016,Oceania,2438,Marshall Islands,2022,68.0,98.0,71.5,75.2,83.5,52.3,71.1,70.3,74.6,51.8,65.3,87.7,74.4,91.4,49.0,27.4,60.8,51.2,13,25,20,50,15,
7017,Africa,2439,Mauritania,2000,44.0,64.1,31.7,33.7,14.3,19.7,40.2,14.2,50.0,7.6,57.1,27.1,89.9,97.5,51.0,51.4,54.5,43.5,60,35,12,25,10,0.41
7018,Africa,2440,Mauritania,2001,44.6,64.1,30.5,36.3,17.1,19.6,40.9,18.3,50.1,7.6,57.1,27.5,89.6,97.5,51.8,51.4,54.5,44.5,65,30,15,20,70,0.4
7019,Africa,2441,Mauritania,2002,45.6,64.1,31.4,40.5,16.9,19.5,41.9,25.8,50.1,7.6,57.1,28.7,89.6,97.5,52.6,51.4,54.5,45.6,60,35,8,20,5,0.4
7020,Africa,2442,Mauritania,2003,45.8,64.1,32.4,40.1,19.3,19.3,42.8,25.6,50.1,7.6,57.1,29.1,90.0,97.4,52.5,51.4,54.5,45.6,75,45,15,30,40,0.39
7021,Africa,2443,Mauritania,2004,45.6,64.1,30.9,37.8,24.6,19.2,43.8,26.5,50.1,7.5,51.0,30.3,89.4,97.4,52.3,51.4,54.5,44.5,70,30,10,18,40,0.39
7022,Africa,2444,Mauritania,2005,45.8,64.1,31.7,39.0,23.6,19.1,44.7,24.4,50.1,7.6,51.0,33.2,89.5,97.4,52.5,51.4,54.5,44.8,75,35,10,20,80,0.38
7023,Africa,2445,Mauritania,2006,46.6,64.1,32.1,39.4,26.5,26.8,45.6,24.7,50.2,7.6,51.0,34.4,90.7,97.4,51.7,51.4,54.5,44.5,75,35,15,20,10,0.38
7024,Africa,2446,Mauritania,2007,47.1,64.1,35.6,41.5,23.0,31.2,46.6,25.6,50.0,7.6,51.0,34.8,90.7,97.3,50.6,51.3,54.5,44.6,60,35,15,22,40,0.37
7025,Africa,2447,Mauritania,2008,48.8,64.1,41.0,40.8,20.5,31.6,47.6,26.4,50.0,7.6,71.1,37.3,91.6,97.3,51.1,51.3,54.6,44.9,60,30,17,22,10,0.37
7026,Africa,2448,Mauritania,2009,49.0,64.1,40.7,42.9,20.0,32.0,48.6,26.3,50.1,7.6,71.1,37.2,91.6,97.2,52.8,51.3,53.9,44.9,60,40,12,30,10,0.36
7027,Africa,2449,Mauritania,2010,49.5,64.1,41.1,45.5,20.3,32.4,49.7,28.5,50.1,7.8,71.1,36.8,91.4,97.2,54.6,51.3,54.3,44.6,65,45,15,24,20,0.36
7028,Africa,2450,Mauritania,2011,51.2,65.5,36.1,48.4,20.7,33.3,50.7,31.5,50.1,8.4,71.1,42.1,91.2,96.8,74.4,51.2,53.4,45.4,55,44,15,20,75,0.35
7029,Africa,2451,Mauritania,2012,51.3,69.0,39.1,49.2,20.7,34.0,51.8,31.5,50.1,8.3,71.1,41.0,91.2,96.1,68.7,51.2,53.6,45.4,55,38,15,20,20,0.35
7030,Africa,2452,Mauritania,2013,52.3,69.8,38.9,48.8,31.8,34.9,52.9,33.5,50.0,8.8,71.1,42.2,90.9,96.6,69.1,51.2,52.2,46.1,68,40,15,25,20,0.34
7031,Africa,2453,Mauritania,2014,54.3,71.2,44.1,49.3,37.1,37.2,54.0,32.6,50.8,11.4,81.8,45.0,91.0,97.0,70.7,51.2,51.6,47.1,60,40,15,20,75,0.34
7032,Africa,2454,Mauritania,2015,54.4,72.0,39.7,49.0,38.3,39.9,55.2,32.8,50.8,13.6,81.8,42.3,91.1,97.0,71.2,51.2,50.7,48.0,65,43,15,25,70,0.33
7033,Africa,2455,Mauritania,2016,53.9,72.8,39.0,50.9,34.6,40.8,56.3,34.4,50.7,11.0,81.8,37.0,91.1,97.5,71.5,51.2,49.4,45.6,70,30,15,25,40,0.32
7034,Africa,2456,Mauritania,2017,54.7,73.0,41.2,52.2,36.5,41.7,57.5,34.2,50.4,10.5,81.8,41.1,91.3,97.2,72.3,51.2,50.3,47.4,65,43,15,25,20,0.32
7035,Africa,2457,Mauritania,2018,55.5,73.7,43.2,52.0,40.2,40.1,57.7,36.7,50.3,19.2,81.8,37.5,91.4,97.3,72.2,51.2,49.1,50.3,65,35,15,22,55,0.31
7036,Africa,2458,Mauritania,2019,56.2,74.0,43.2,52.1,39.4,38.5,58.0,37.3,51.9,21.2,81.8,45.1,91.4,97.3,71.6,51.2,51.0,50.4,72,39,12,22,20,0.31
7037,Africa,2459,Mauritania,2020,56.6,74.3,47.1,51.5,39.4,38.5,58.2,37.6,50.4,23.8,81.8,45.1,91.4,97.3,71.6,51.1,51.7,51.4,55,40,15,25,75,0.3
7038,Africa,2460,Mauritania,2021,57.2,74.6,45.5,51.0,47.0,38.6,58.2,37.6,50.3,25.6,81.8,45.1,90.7,97.2,71.5,51.1,52.2,54.7,62,43,15,23,75,
7039,Africa,2461,Mauritania,2022,57.2,77.0,42.6,51.8,47.0,38.7,58.2,37.6,50.4,25.6,81.8,45.1,90.7,97.2,71.5,51.1,51.0,55.6,70,40,18,20,70,
7040,Africa,2462,Mauritius,2000,65.5,97.2,69.5,67.9,86.9,37.2,69.2,74.2,71.1,21.5,70.1,85.0,76.9,94.4,59.1,26.0,65.0,42.3,15,60,12,65,10,20.66
7041,Africa,2463,Mauritius,2001,65.5,97.2,73.2,69.6,86.9,37.6,68.9,74.4,71.1,22.0,70.1,85.0,76.9,94.1,56.0,26.0,65.0,40.0,18,50,35,65,7,20.48
7042,Africa,2464,Mauritius,2002,65.2,97.2,68.9,67.9,86.4,38.0,68.7,73.6,71.9,22.4,70.1,85.0,76.9,94.1,56.9,26.0,65.0,40.3,10,38,30,55,15,20.31
7043,Africa,2465,Mauritius,2003,65.6,97.2,69.1,69.7,87.3,38.3,68.4,74.1,71.8,22.4,70.1,85.0,76.9,93.8,57.1,26.0,65.0,43.5,15,65,10,65,8,20.13
7044,Africa,2466,Mauritius,2004,65.8,97.2,69.6,70.6,86.6,38.6,68.7,74.5,71.8,23.0,70.1,85.0,76.9,93.8,56.2,26.2,65.9,43.4,20,50,18,58,10,19.96
7045,Africa,2467,Mauritius,2005,66.1,97.2,70.5,72.8,88.2,44.8,69.0,73.8,70.8,23.3,70.1,85.0,76.9,93.4,53.0,26.2,65.8,43.0,20,40,20,65,5,19.78
7046,Africa,2468,Mauritius,2006,66.0,97.2,71.4,73.1,87.5,45.1,69.2,72.8,71.2,23.4,70.1,85.0,76.9,92.8,53.3,26.2,66.8,41.1,5,60,35,60,5,19.61
7047,Africa,2469,Mauritius,2007,66.0,97.2,69.8,73.0,87.6,45.3,69.9,72.7,71.6,23.9,70.1,85.0,76.9,92.7,53.5,26.2,67.0,39.2,15,45,23,60,10,19.43
7048,Africa,2470,Mauritius,2008,66.2,97.2,71.2,73.0,89.4,45.6,68.6,71.5,72.7,25.0,70.1,85.0,76.9,92.6,52.5,26.2,66.5,40.7,20,42,30,60,10,19.26
7049,Africa,2471,Mauritius,2009,66.6,97.2,72.0,74.2,89.2,45.9,70.2,71.8,72.6,26.2,70.1,85.0,76.9,92.7,52.5,26.2,66.0,43.0,20,40,25,60,10,19.09
7050,Africa,2472,Mauritius,2010,66.7,97.2,72.8,75.3,88.5,47.0,70.2,71.9,72.3,27.2,70.1,85.1,76.9,92.4,51.8,26.2,65.7,44.1,18,55,40,55,5,18.91
7051,Africa,2473,Mauritius,2011,66.2,97.1,62.7,75.2,90.2,47.2,71.1,71.7,72.5,27.7,70.1,85.1,76.9,92.4,51.0,26.3,65.3,43.1,20,55,20,65,10,18.9
7052,Africa,2474,Mauritius,2012,65.7,97.0,59.1,75.4,90.8,47.5,71.1,71.4,72.4,32.6,58.4,85.1,76.9,92.3,50.6,26.3,65.3,44.1,18,44,42,60,10,18.89
7053,Africa,2475,Mauritius,2013,66.3,97.2,60.4,76.3,92.6,51.2,71.0,71.5,72.6,34.3,58.4,85.0,76.9,92.1,52.3,26.3,64.7,44.1,15,50,30,60,7,18.88
7054,Africa,2476,Mauritius,2014,66.9,97.4,65.3,76.4,92.2,49.2,70.8,71.1,72.9,33.3,58.4,89.4,76.9,91.9,52.0,26.3,66.8,47.4,15,38,33,60,5,18.88
7055,Africa,2477,Mauritius,2015,66.3,97.5,64.2,77.2,91.8,46.3,70.9,71.6,72.9,34.9,58.4,89.8,76.9,91.9,51.9,26.3,66.3,37.8,15,44,45,60,10,18.87
7056,Africa,2478,Mauritius,2016,66.7,97.7,64.0,76.8,92.5,46.3,70.8,71.0,73.4,37.8,58.4,87.7,76.4,91.6,51.9,26.3,64.0,47.4,15,45,40,60,15,18.91
7057,Africa,2479,Mauritius,2017,67.8,97.9,68.8,77.9,90.1,46.6,70.9,70.5,75.1,42.1,65.3,90.3,76.0,91.2,50.9,26.3,65.8,47.3,20,38,40,65,5,18.96
7058,Africa,2480,Mauritius,2018,68.0,98.0,67.9,78.3,90.9,47.2,71.1,70.3,75.4,45.5,65.3,90.9,75.6,91.3,48.0,27.4,64.7,47.6,18,55,35,65,15,19.01
7059,Africa,2481,Mauritius,2019,68.6,98.1,71.4,78.8,91.7,52.1,71.1,70.4,73.8,49.0,65.3,89.9,75.2,91.3,48.3,27.4,63.8,47.9,18,55,40,65,10,19.05
7060,Africa,2482,Mauritius,2020,68.9,97.4,71.5,77.2,95.4,52.0,71.1,70.3,72.3,50.8,65.3,92.6,75.2,91.9,48.7,27.4,62.4,50.0,18,45,40,60,10,19.1
7061,Africa,2483,Mauritius,2021,68.8,97.6,71.5,75.6,96.0,52.2,71.1,70.3,74.2,51.8,65.3,88.8,74.4,91.4,49.0,27.4,63.3,50.2,20,55,55,60,10,
7062,Africa,2484,Mauritius,2022,68.0,98.0,71.5,75.2,83.5,52.3,71.1,70.3,74.6,51.8,65.3,87.7,74.4,91.4,49.0,27.4,60.8,51.2,10,60,35,60,5,
7063,North America,2485,Mexico,2000,62.1,84.9,59.7,74.8,89.2,55.3,68.7,65.7,69.4,24.9,14.6,74.6,79.9,83.5,55.7,47.7,57.5,49.4,38,30,40,40,5,35.18
7064,North America,2486,Mexico,2001,62.4,84.9,60.3,74.9,89.1,55.4,69.1,65.2,69.5,25.3,14.6,74.7,79.9,83.4,58.6,48.0,57.6,50.0,35,30,24,35,10,35.1
7065,North America,2487,Mexico,2002,63.0,84.9,60.7,75.3,90.9,55.6,69.1,65.6,69.2,26.2,18.2,75.3,80.1,83.5,60.1,48.6,57.7,50.4,35,30,25,30,10,35.03
7066,North America,2488,Mexico,2003,63.1,84.9,61.1,75.7,91.8,59.1,69.3,64.7,69.0,26.6,18.2,75.4,80.1,83.2,55.8,49.0,57.8,51.8,10,10,20,30,10,34.95
7067,North America,2489,Mexico,2004,63.6,84.9,60.9,77.1,92.5,59.2,69.7,65.9,68.7,26.8,18.3,76.0,80.1,83.2,57.5,51.1,58.3,51.6,30,20,20,35,5,34.88
7068,North America,2490,Mexico,2005,63.8,84.9,58.0,77.2,93.2,61.3,70.0,66.1,68.9,27.5,18.2,76.0,79.9,83.0,59.1,52.2,58.0,51.6,30,30,25,45,5,34.81
7069,North America,2491,Mexico,2006,64.1,84.9,61.2,77.7,93.3,59.0,70.3,65.8,68.9,27.8,19.9,76.6,79.7,82.9,59.3,52.5,57.9,51.2,35,20,20,32,15,34.73
7070,North America,2492,Mexico,2007,64.3,84.9,61.3,78.2,93.6,59.5,70.5,65.5,68.9,28.1,19.9,77.5,79.6,82.9,59.6,52.8,58.6,51.4,37,20,25,23,10,34.66
7071,North America,2493,Mexico,2008,65.0,84.9,61.6,78.1,93.7,59.7,70.8,65.4,68.7,28.5,18.5,77.7,79.7,82.8,63.0,56.3,56.7,58.9,40,35,18,42,15,34.58
7072,North America,2494,Mexico,2009,65.3,84.9,60.7,78.6,94.4,62.7,71.4,65.2,67.9,29.4,18.5,78.2,80.3,83.1,64.4,56.9,55.5,57.4,35,35,20,20,5,34.51
7073,North America,2495,Mexico,2010,65.6,84.9,61.1,79.4,94.5,63.2,71.5,66.5,67.9,30.6,22.3,76.1,79.7,83.4,64.0,57.0,56.0,57.7,35,40,42,38,15,34.44
7074,North America,2496,Mexico,2011,65.4,85.8,59.8,80.1,94.5,62.9,71.8,66.5,68.0,32.7,22.3,75.0,79.4,82.0,61.3,57.2,53.8,58.4,40,40,28,25,5,34.37
7075,North America,2497,Mexico,2012,66.5,86.5,60.9,81.3,94.6,68.0,71.8,66.4,68.1,35.7,20.1,78.9,79.8,83.9,62.4,57.2,55.8,58.4,35,30,40,35,8,34.31
7076,North America,2498,Mexico,2013,66.7,85.9,60.6,79.8,94.9,71.5,72.2,66.6,68.1,36.5,20.1,78.4,79.9,83.8,64.1,57.2,55.9,58.0,40,20,28,35,10,34.25
7077,North America,2499,Mexico,2014,67.1,85.4,62.6,79.6,95.1,71.7,72.3,67.0,70.0,38.9,20.1,78.0,80.2,84.0,64.2,57.1,55.7,58.2,40,40,30,30,5,34.18
7078,North America,2500,Mexico,2015,66.8,85.9,61.9,79.3,96.7,73.8,72.5,67.1,68.1,42.2,20.1,77.2,80.4,84.8,59.4,57.0,51.1,58.8,35,30,30,41,5,34.12
7079,North America,2501,Mexico,2016,67.4,86.5,60.4,81.2,97.7,74.1,72.7,67.2,68.4,42.8,21.5,79.8,80.1,85.5,61.1,57.2,51.6,58.7,45,30,34,37,7,34.06
7080,North America,2502,Mexico,2017,68.0,87.7,60.6,78.5,98.0,74.1,72.9,68.1,69.5,49.3,21.5,80.7,79.8,85.1,62.7,57.1,48.7,60.9,35,45,33,35,15,33.99
7081,North America,2503,Mexico,2018,69.1,88.6,60.8,79.7,96.4,78.4,70.6,68.5,69.6,50.1,37.3,81.7,79.8,85.8,64.6,55.7,48.6,59.0,35,45,34,32,5,33.92
7082,North America,2504,Mexico,2019,69.1,87.4,61.5,78.0,96.1,79.2,70.7,68.6,68.9,54.1,37.3,82.9,79.6,85.9,62.5,55.6,47.7,59.1,40,55,45,40,5,33.86
7083,North America,2505,Mexico,2020,69.1,84.7,61.0,77.2,96.0,79.1,71.0,68.6,68.1,56.3,38.2,81.7,79.6,87.0,62.6,55.5,47.2,60.4,35,45,35,42,5,33.79
7084,North America,2506,Mexico,2021,69.4,85.9,61.1,78.0,96.0,80.2,71.0,68.6,68.0,57.9,38.2,80.5,81.7,86.8,62.6,55.4,47.5,60.8,38,45,33,45,10,
7085,North America,2507,Mexico,2022,69.7,86.3,61.1,79.7,96.0,80.6,71.0,68.6,68.4,57.9,38.2,83.4,81.7,86.8,62.6,55.4,46.7,60.6,37,45,32,42,25,
7086,Oceania,2508,Micronesia,2000,59.7,87.6,29.7,51.7,82.9,68.6,52.0,35.1,69.9,11.0,81.5,46.6,67.1,73.4,0.0,71.7,58.5,67.5,20,35,20,45,15,91.23
7087,Oceania,2509,Micronesia,2001,59.9,87.6,29.6,52.7,84.9,68.9,52.6,35.9,69.8,11.3,81.5,46.4,67.1,73.2,0.0,71.7,58.5,67.2,7,25,6,25,15,91.27
7088,Oceania,2510,Micronesia,2002,60.4,87.6,29.7,52.2,87.9,69.3,53.3,36.2,69.8,11.2,81.5,47.3,66.8,73.0,0.0,71.7,58.5,69.5,8,30,15,15,5,91.31
7089,Oceania,2511,Micronesia,2003,60.7,87.6,30.1,55.1,84.5,69.4,53.9,38.0,69.4,11.4,81.5,47.2,67.3,73.2,0.0,71.9,58.5,72.8,15,30,20,30,8,91.34
7090,Oceania,2512,Micronesia,2004,61.0,87.6,35.8,54.6,89.1,67.5,54.7,37.6,69.4,11.5,81.5,48.1,67.2,72.9,0.0,71.9,58.6,67.8,10,25,30,18,7,91.38
7091,Oceania,2513,Micronesia,2005,61.1,87.6,34.0,54.7,91.0,67.4,55.5,41.4,69.3,11.4,81.5,47.4,67.0,72.9,0.0,71.9,58.2,67.1,18,20,23,60,10,91.42
7092,Oceania,2514,Micronesia,2006,61.9,87.6,36.3,55.4,95.2,67.4,56.2,38.5,69.2,11.3,81.5,48.4,67.2,72.5,0.0,71.9,58.5,73.7,17,25,20,24,5,91.46
7093,Oceania,2515,Micronesia,2007,61.3,87.6,37.2,55.1,95.8,67.4,57.0,36.6,69.2,12.9,70.0,48.2,67.0,70.8,0.0,71.8,58.9,74.9,15,25,10,40,15,91.5
7094,Oceania,2516,Micronesia,2008,60.8,87.6,39.2,56.1,95.3,63.7,57.8,38.7,70.1,13.4,70.0,41.4,66.8,70.9,0.0,72.1,59.4,69.8,15,30,15,25,10,91.54
7095,Oceania,2517,Micronesia,2009,60.7,87.6,40.7,56.8,95.4,63.6,58.5,38.5,69.9,13.4,70.0,41.2,67.1,70.3,0.0,72.1,59.4,67.0,10,50,23,50,10,91.58
7096,Oceania,2518,Micronesia,2010,62.3,87.6,44.7,59.7,98.2,61.8,59.3,38.0,69.5,13.2,79.9,47.0,66.9,70.0,0.0,73.1,60.3,66.9,15,30,15,50,10,91.61
7097,Oceania,2519,Micronesia,2011,61.5,91.1,45.4,60.4,98.9,61.8,59.9,29.8,70.4,14.9,77.1,45.8,66.1,61.9,0.0,73.0,60.8,66.0,18,30,18,30,6,91.65
7098,Oceania,2520,Micronesia,2012,61.6,93.8,46.1,60.2,94.5,67.4,60.4,30.1,70.9,17.6,77.5,47.2,66.1,53.8,0.0,73.1,61.6,66.1,8,15,12,25,7,91.69
7099,Oceania,2521,Micronesia,2013,61.7,95.5,46.5,59.9,95.2,65.8,60.9,29.7,70.7,21.1,77.5,48.4,66.1,49.8,0.0,73.1,60.2,66.6,15,18,13,50,7,91.73
7100,Oceania,2522,Micronesia,2014,63.6,95.8,46.4,59.4,96.5,65.8,61.5,31.9,72.6,24.2,83.3,52.6,66.3,60.2,0.0,73.1,63.2,65.0,15,20,20,45,15,91.77
7101,Oceania,2523,Micronesia,2015,63.9,95.2,44.6,62.3,94.7,65.4,62.0,38.6,71.0,26.9,83.3,48.2,66.7,65.4,0.0,73.1,63.2,61.3,10,20,23,30,12,91.81
7102,Oceania,2524,Micronesia,2016,64.3,93.2,46.2,63.3,95.1,66.7,62.6,38.1,69.7,26.3,82.1,56.4,66.6,64.9,0.0,73.0,63.7,61.4,15,30,30,30,15,91.86
7103,Oceania,2525,Micronesia,2017,64.0,93.1,45.8,62.9,96.9,67.0,63.1,34.5,71.4,26.6,82.1,54.8,66.3,59.9,0.0,73.9,61.2,64.9,15,60,17,50,10,91.9
7104,Oceania,2526,Micronesia,2018,65.0,94.1,47.6,63.2,96.7,64.8,63.7,37.1,71.7,30.9,81.1,55.5,66.1,53.1,0.0,73.9,62.1,77.7,15,30,30,55,15,91.94
7105,Oceania,2527,Micronesia,2019,65.5,94.8,48.1,63.6,95.9,65.6,64.3,36.5,71.6,34.1,81.1,52.7,67.9,52.6,0.0,75.0,60.9,83.1,5,28,60,55,18,91.99
7106,Oceania,2528,Micronesia,2020,64.9,94.9,48.3,64.3,94.9,65.2,64.9,37.2,71.3,36.6,81.1,47.9,67.9,51.9,0.0,75.0,64.1,73.0,10,30,30,30,10,92.03
7107,Oceania,2529,Micronesia,2021,64.9,93.8,48.8,63.8,94.6,64.7,64.9,37.2,71.5,39.8,81.1,47.9,67.9,52.0,0.0,75.0,61.2,73.7,12,35,30,40,5,
7108,Oceania,2530,Micronesia,2022,64.7,94.6,48.9,64.0,94.6,65.0,64.9,37.2,70.9,39.8,81.1,50.4,67.9,52.0,0.0,74.9,59.3,73.7,15,22,10,50,10,
7109,Europe,2531,Moldova,2000,68.5,94.9,51.0,65.0,99.7,60.0,65.0,64.5,64.6,18.2,67.2,75.2,81.4,93.1,0.0,74.8,57.0,64.8,20,30,15,30,5,10.47
7110,Europe,2532,Moldova,2001,68.6,94.9,53.0,65.4,99.7,62.7,66.9,65.4,65.3,18.1,61.0,75.3,81.1,93.0,0.0,75.5,57.1,62.6,30,45,20,20,5,10.57
7111,Europe,2533,Moldova,2002,69.6,94.9,52.6,66.1,99.7,63.0,67.2,66.0,65.6,18.4,69.7,76.2,79.2,92.8,0.0,76.7,57.1,67.8,25,38,20,30,8,10.66
7112,Europe,2534,Moldova,2003,69.9,94.9,51.4,66.5,99.7,63.2,67.4,67.1,64.9,19.0,73.1,76.4,78.2,92.7,0.0,77.1,57.6,68.7,20,35,18,20,10,10.75
7113,Europe,2535,Moldova,2004,70.8,94.9,53.5,66.3,99.7,65.0,67.5,67.0,64.7,19.4,72.5,77.4,79.4,92.6,0.0,78.3,57.8,76.2,25,28,15,22,10,10.84
7114,Europe,2536,Moldova,2005,71.1,94.9,52.7,67.0,99.8,68.3,67.6,67.2,65.2,20.5,67.8,77.6,81.2,92.4,0.0,78.9,57.9,78.8,25,40,20,30,15,10.93
7115,Europe,2537,Moldova,2006,71.8,94.9,52.4,67.2,99.8,68.5,67.8,68.7,65.1,21.2,71.5,78.5,81.3,92.4,0.0,79.6,58.3,81.0,28,43,20,20,8,11.02
7116,Europe,2538,Moldova,2007,71.9,94.9,47.2,66.3,99.8,68.7,67.9,69.1,66.4,21.8,75.0,77.0,81.2,92.3,0.0,80.4,57.8,83.8,20,41,25,25,10,11.12
7117,Europe,2539,Moldova,2008,72.5,94.9,54.4,67.9,99.8,68.9,67.9,69.8,66.9,22.2,74.1,76.4,81.4,92.2,0.0,81.4,57.9,83.2,20,44,34,20,15,11.21
7118,Europe,2540,Moldova,2009,73.0,94.9,50.6,67.9,99.8,70.2,68.1,70.4,65.6,23.1,81.1,78.2,81.7,92.5,0.0,82.7,57.4,84.3,5,40,18,25,7,11.3
7119,Europe,2541,Moldova,2010,73.1,94.9,51.5,70.2,99.8,67.7,68.3,77.8,65.1,22.8,83.1,77.5,81.3,92.3,0.0,83.1,58.9,74.4,25,38,30,22,5,11.39
7120,Europe,2542,Moldova,2011,73.9,96.3,52.1,71.6,99.8,68.2,68.5,78.1,65.4,28.1,88.0,77.8,80.5,91.5,0.0,83.8,59.7,72.4,28,40,20,20,10,11.46
7121,Europe,2543,Moldova,2012,74.9,97.3,52.3,72.2,99.8,68.6,68.6,79.3,66.1,32.2,92.5,80.0,81.5,92.2,0.0,84.3,58.8,72.9,30,43,20,35,7,11.53
7122,Europe,2544,Moldova,2013,75.1,98.1,55.8,72.8,99.8,67.9,68.7,79.3,66.3,33.0,94.3,79.0,80.8,91.8,0.0,84.8,58.8,69.6,25,35,10,30,8,11.61
7123,Europe,2545,Moldova,2014,76.0,98.5,58.6,72.9,99.8,66.8,68.9,80.4,67.1,34.8,98.6,79.7,80.5,92.1,0.0,87.1,59.6,71.2,25,45,25,20,10,11.68
7124,Europe,2546,Moldova,2015,76.1,98.4,54.5,74.1,99.4,68.9,69.1,81.0,67.6,35.5,98.1,79.3,80.8,93.0,0.0,87.9,59.3,70.2,35,38,24,25,8,11.75
7125,Europe,2547,Moldova,2016,76.3,98.4,58.6,74.2,98.7,68.7,69.4,81.3,68.0,35.4,98.7,81.0,80.2,92.9,0.0,88.2,58.3,68.7,30,38,17,35,10,11.75
7126,Europe,2548,Moldova,2017,76.9,98.5,59.8,75.0,99.1,68.9,69.6,81.0,70.0,36.8,100.0,83.9,79.8,92.1,0.0,89.2,57.0,69.3,25,44,22,35,7,11.75
7127,Europe,2549,Moldova,2018,77.1,98.6,59.6,76.6,99.3,68.5,69.9,80.2,71.2,35.1,99.9,83.4,79.2,90.7,0.0,89.2,60.7,71.9,30,38,20,32,12,11.75
7128,Europe,2550,Moldova,2019,77.5,98.6,60.1,77.7,98.6,69.6,70.1,79.0,69.9,37.5,99.6,83.7,79.1,90.7,0.0,89.2,63.2,73.9,30,38,35,28,10,11.75
7129,Europe,2551,Moldova,2020,77.7,98.5,55.4,76.9,99.4,68.5,70.4,79.0,70.6,37.8,99.6,85.0,79.1,90.8,0.0,89.2,65.4,77.0,25,45,22,30,15,11.75
7130,Europe,2552,Moldova,2021,79.1,98.7,63.0,77.1,99.6,75.5,70.4,79.0,75.3,40.2,99.6,84.2,79.1,90.6,0.0,89.3,66.1,77.4,30,43,32,32,10,
7131,Europe,2553,Moldova,2022,78.6,98.7,63.0,76.6,99.6,76.8,70.4,79.0,75.9,40.2,99.6,87.5,79.1,90.6,0.0,89.3,68.1,77.2,35,44,20,30,7,
7132,Europe,2554,Monaco,2000,58.9,81.3,51.3,56.3,42.4,25.7,47.6,56.4,69.2,25.4,50.0,64.3,91.6,95.5,61.7,65.7,60.5,56.9,5,6,20,85,2,
7133,Europe,2555,Monaco,2001,59.5,81.3,54.3,57.1,44.3,26.0,47.0,57.8,69.8,25.4,50.0,64.3,91.4,95.4,63.7,65.7,60.4,57.1,5,5,10,80,7,
7134,Europe,2556,Monaco,2002,60.0,81.3,54.6,57.0,46.7,31.1,46.5,58.9,70.3,25.1,50.0,65.0,91.4,95.4,63.8,65.6,60.5,57.2,10,7,15,60,5,
7135,Europe,2557,Monaco,2003,60.5,81.3,57.5,57.0,47.9,31.3,47.8,60.8,70.1,25.7,50.0,65.0,91.6,95.4,64.6,65.6,60.4,56.2,10,7,10,95,5,
7136,Europe,2558,Monaco,2004,61.3,81.3,58.1,58.8,48.3,31.6,49.1,62.2,70.7,26.9,50.0,65.7,91.5,95.1,66.6,68.4,60.5,56.8,10,5,10,70,5,
7137,Europe,2559,Monaco,2005,61.5,81.3,53.2,60.6,48.7,31.8,50.4,61.7,70.6,27.4,50.0,65.7,91.1,95.0,68.4,69.8,60.5,58.7,5,5,10,90,10,
7138,Europe,2560,Monaco,2006,62.3,81.3,57.6,60.9,51.0,32.1,51.7,66.2,71.4,28.0,48.7,66.4,91.1,95.0,67.0,70.0,60.5,60.6,7,5,75,88,5,
7139,Europe,2561,Monaco,2007,62.2,81.3,51.5,61.3,53.1,32.2,53.0,61.6,71.4,28.3,48.7,66.4,91.0,94.9,67.4,69.9,61.7,62.8,10,7,12,75,5,
7140,Europe,2562,Monaco,2008,63.0,81.3,54.2,61.9,57.6,32.5,54.3,61.5,71.4,30.1,48.7,67.1,90.8,94.8,68.3,69.9,61.5,65.6,6,8,80,70,10,
7141,Europe,2563,Monaco,2009,63.6,81.3,59.0,61.9,59.4,32.8,55.6,62.7,71.7,31.5,48.7,67.1,91.1,94.8,68.2,69.9,61.2,63.7,5,5,60,80,5,
7142,Europe,2564,Monaco,2010,64.2,81.3,56.8,64.9,61.4,33.6,56.8,65.7,71.7,34.0,48.7,68.4,91.0,94.7,68.3,69.9,61.8,62.4,5,8,10,85,5,
7143,Europe,2565,Monaco,2011,65.4,83.5,63.7,67.0,63.5,37.7,57.5,65.7,71.7,33.7,48.7,68.4,91.0,94.7,68.5,69.8,63.0,62.9,5,5,85,85,7,
7144,Europe,2566,Monaco,2012,66.0,84.8,60.6,67.6,67.7,38.4,58.2,66.4,71.7,35.5,48.7,72.5,91.1,94.7,69.0,69.8,60.6,65.2,5,10,75,70,10,
7145,Europe,2567,Monaco,2013,67.1,85.7,63.9,68.0,70.2,39.8,58.9,67.6,71.6,36.4,53.9,73.0,91.1,94.7,68.8,69.8,62.2,64.5,5,7,85,80,2,
7146,Europe,2568,Monaco,2014,67.7,92.5,62.2,68.5,72.1,40.5,59.6,66.0,71.3,38.4,53.9,76.5,91.0,94.8,69.1,69.7,62.5,61.7,8,8,85,82,5,
7147,Europe,2569,Monaco,2015,67.7,92.7,65.3,69.9,65.7,41.0,60.2,68.0,70.6,40.3,53.9,75.5,91.3,95.0,69.3,69.7,63.1,58.6,7,5,75,78,5,
7148,Europe,2570,Monaco,2016,67.3,92.8,59.7,70.5,63.3,42.9,60.9,68.5,70.7,37.4,53.9,75.6,91.4,94.9,69.5,69.6,63.3,59.8,8,5,60,80,5,
7149,Europe,2571,Monaco,2017,68.3,93.3,63.3,71.6,66.4,43.5,61.5,68.8,68.6,43.8,53.9,75.5,91.2,94.9,69.4,69.6,67.7,58.9,10,5,80,80,7,
7150,Europe,2572,Monaco,2018,69.4,93.5,64.6,72.5,68.9,43.1,62.2,69.0,69.1,45.2,53.9,75.7,91.0,94.5,71.7,77.3,67.6,60.7,5,5,65,80,5,
7151,Europe,2573,Monaco,2019,70.0,93.7,63.2,73.6,74.5,43.6,62.8,69.8,69.0,51.0,53.9,73.0,90.9,94.2,71.7,77.3,66.0,61.3,8,7,80,80,7,
7152,Europe,2574,Monaco,2020,70.5,92.4,61.6,73.3,78.5,43.6,63.5,70.0,67.4,52.6,53.9,75.4,90.9,94.5,71.8,77.3,65.2,67.1,10,6,75,70,8,
7153,Europe,2575,Monaco,2021,70.9,89.7,64.6,74.2,78.6,43.4,63.5,70.0,69.1,54.3,53.9,75.0,91.3,94.2,71.9,76.7,64.4,70.5,5,8,80,80,5,
7154,Europe,2576,Monaco,2022,70.9,90.4,64.7,73.1,78.6,43.8,63.5,70.0,69.1,55.1,53.9,76.2,91.3,94.2,71.9,76.7,62.3,70.2,10,15,70,80,7,
7155,Asia,2577,Mongolia,2000,59.7,87.6,29.7,51.7,82.9,68.6,52.0,35.1,69.9,11.0,81.5,46.6,67.1,73.4,0.0,71.7,58.5,67.5,15,25,12,20,12,9.18
7156,Asia,2578,Mongolia,2001,59.9,87.6,29.6,52.7,84.9,68.9,52.6,35.9,69.8,11.3,81.5,46.4,67.1,73.2,0.0,71.7,58.5,67.2,15,40,15,25,5,9.18
7157,Asia,2579,Mongolia,2002,60.4,87.6,29.7,52.2,87.9,69.3,53.3,36.2,69.8,11.2,81.5,47.3,66.8,73.0,0.0,71.7,58.5,69.5,10,30,10,35,10,9.17
7158,Asia,2580,Mongolia,2003,60.7,87.6,30.1,55.1,84.5,69.4,53.9,38.0,69.4,11.4,81.5,47.2,67.3,73.2,0.0,71.9,58.5,72.8,15,40,15,24,7,9.17
7159,Asia,2581,Mongolia,2004,61.0,87.6,35.8,54.6,89.1,67.5,54.7,37.6,69.4,11.5,81.5,48.1,67.2,72.9,0.0,71.9,58.6,67.8,20,28,20,30,5,9.16
7160,Asia,2582,Mongolia,2005,61.1,87.6,34.0,54.7,91.0,67.4,55.5,41.4,69.3,11.4,81.5,47.4,67.0,72.9,0.0,71.9,58.2,67.1,15,20,14,20,5,9.16
7161,Asia,2583,Mongolia,2006,61.9,87.6,36.3,55.4,95.2,67.4,56.2,38.5,69.2,11.3,81.5,48.4,67.2,72.5,0.0,71.9,58.5,73.7,10,20,10,30,15,9.15
7162,Asia,2584,Mongolia,2007,61.3,87.6,37.2,55.1,95.8,67.4,57.0,36.6,69.2,12.9,70.0,48.2,67.0,70.8,0.0,71.8,58.9,74.9,10,35,20,25,10,9.15
7163,Asia,2585,Mongolia,2008,60.8,87.6,39.2,56.1,95.3,63.7,57.8,38.7,70.1,13.4,70.0,41.4,66.8,70.9,0.0,72.1,59.4,69.8,20,30,12,28,10,9.14
7164,Asia,2586,Mongolia,2009,60.7,87.6,40.7,56.8,95.4,63.6,58.5,38.5,69.9,13.4,70.0,41.2,67.1,70.3,0.0,72.1,59.4,67.0,20,20,18,22,12,9.14
7165,Asia,2587,Mongolia,2010,62.3,87.6,44.7,59.7,98.2,61.8,59.3,38.0,69.5,13.2,79.9,47.0,66.9,70.0,0.0,73.1,60.3,66.9,20,25,18,35,5,9.13
7166,Asia,2588,Mongolia,2011,61.5,91.1,45.4,60.4,98.9,61.8,59.9,29.8,70.4,14.9,77.1,45.8,66.1,61.9,0.0,73.0,60.8,66.0,20,37,20,42,12,9.13
7167,Asia,2589,Mongolia,2012,61.6,93.8,46.1,60.2,94.5,67.4,60.4,30.1,70.9,17.6,77.5,47.2,66.1,53.8,0.0,73.1,61.6,66.1,30,28,18,35,8,9.13
7168,Asia,2590,Mongolia,2013,61.7,95.5,46.5,59.9,95.2,65.8,60.9,29.7,70.7,21.1,77.5,48.4,66.1,49.8,0.0,73.1,60.2,66.6,20,30,20,35,10,9.13
7169,Asia,2591,Mongolia,2014,63.6,95.8,46.4,59.4,96.5,65.8,61.5,31.9,72.6,24.2,83.3,52.6,66.3,60.2,0.0,73.1,63.2,65.0,30,20,25,35,10,9.13
7170,Asia,2592,Mongolia,2015,63.9,95.2,44.6,62.3,94.7,65.4,62.0,38.6,71.0,26.9,83.3,48.2,66.7,65.4,0.0,73.1,63.2,61.3,25,30,20,50,10,9.13
7171,Asia,2593,Mongolia,2016,64.3,93.2,46.2,63.3,95.1,66.7,62.6,38.1,69.7,26.3,82.1,56.4,66.6,64.9,0.0,73.0,63.7,61.4,30,32,35,35,15,9.13
7172,Asia,2594,Mongolia,2017,64.0,93.1,45.8,62.9,96.9,67.0,63.1,34.5,71.4,26.6,82.1,54.8,66.3,59.9,0.0,73.9,61.2,64.9,30,20,25,45,10,9.12
7173,Asia,2595,Mongolia,2018,65.0,94.1,47.6,63.2,96.7,64.8,63.7,37.1,71.7,30.9,81.1,55.5,66.1,53.1,0.0,73.9,62.1,77.7,30,30,25,55,20,9.12
7174,Asia,2596,Mongolia,2019,65.5,94.8,48.1,63.6,95.9,65.6,64.3,36.5,71.6,34.1,81.1,52.7,67.9,52.6,0.0,75.0,60.9,83.1,30,20,20,42,15,9.12
7175,Asia,2597,Mongolia,2020,64.9,94.9,48.3,64.3,94.9,65.2,64.9,37.2,71.3,36.6,81.1,47.9,67.9,51.9,0.0,75.0,64.1,73.0,30,20,30,30,5,9.12
7176,Asia,2598,Mongolia,2021,64.9,93.8,48.8,63.8,94.6,64.7,64.9,37.2,71.5,39.8,81.1,47.9,67.9,52.0,0.0,75.0,61.2,73.7,25,20,28,30,15,
7177,Asia,2599,Mongolia,2022,64.7,94.6,48.9,64.0,94.6,65.0,64.9,37.2,70.9,39.8,81.1,50.4,67.9,52.0,0.0,74.9,59.3,73.7,25,38,35,35,5,
7178,Europe,2600,Montenegro,2000,65.3,98.7,50.2,74.3,79.5,46.9,60.5,85.0,47.1,30.7,46.5,72.3,72.0,93.8,46.5,55.6,74.0,77.0,15,25,15,18,10,46.54
7179,Europe,2601,Montenegro,2001,65.2,98.7,50.6,73.1,79.5,46.9,60.5,85.0,47.1,31.2,46.5,72.3,72.0,93.2,45.9,55.4,74.0,77.0,10,30,20,30,5,48.04
7180,Europe,2602,Montenegro,2002,65.4,98.7,50.2,74.1,79.5,46.9,60.5,85.0,47.1,31.1,46.5,72.3,72.0,92.8,48.3,55.3,74.0,77.0,10,25,20,35,10,49.53
7181,Europe,2603,Montenegro,2003,65.2,98.7,50.9,74.1,79.5,46.9,60.5,84.9,47.1,31.3,46.5,72.3,72.0,92.3,45.7,55.2,74.0,77.0,10,35,15,38,7,51.03
7182,Europe,2604,Montenegro,2004,65.2,98.7,51.5,74.0,79.5,47.2,60.5,84.8,47.1,32.0,46.5,72.5,72.0,91.7,46.3,55.1,72.8,77.0,40,40,15,25,8,52.52
7183,Europe,2605,Montenegro,2005,65.3,98.7,50.8,74.5,79.5,47.4,60.5,84.7,47.1,32.5,46.5,72.5,72.0,92.8,46.2,54.9,72.5,77.0,30,40,15,20,10,54.01
7184,Europe,2606,Montenegro,2006,65.1,98.7,50.8,74.0,79.5,47.7,60.5,83.1,48.0,34.3,46.5,72.8,72.0,91.6,44.7,54.8,70.8,77.0,28,40,35,18,7,55.51
7185,Europe,2607,Montenegro,2007,65.3,98.7,49.4,74.1,77.5,49.2,60.9,80.7,53.5,34.4,46.5,72.8,72.0,91.6,45.5,54.7,72.2,77.0,30,35,18,20,5,57.0
7186,Europe,2608,Montenegro,2008,65.7,98.7,52.9,74.7,77.4,49.4,61.2,79.0,55.7,35.4,46.5,75.5,72.0,89.4,46.2,54.5,71.3,77.0,33,45,20,35,10,58.5
7187,Europe,2609,Montenegro,2009,66.6,98.7,52.9,74.2,77.4,49.7,61.5,85.2,53.8,36.1,46.5,80.3,72.0,93.1,48.0,54.4,71.6,77.0,32,5,20,40,10,59.99
7188,Europe,2610,Montenegro,2010,66.9,98.7,52.7,76.8,77.4,49.9,61.9,85.1,53.2,38.2,46.5,79.6,72.0,90.2,47.8,54.3,75.2,77.0,30,40,33,44,10,61.49
7189,Europe,2611,Montenegro,2011,66.5,98.5,51.8,78.5,78.6,50.8,62.2,80.2,53.1,36.4,46.5,74.2,72.0,90.2,49.1,54.2,77.1,77.0,30,40,25,40,10,61.49
7190,Europe,2612,Montenegro,2012,67.2,97.4,50.1,79.2,84.1,53.6,62.6,82.4,53.1,39.5,46.5,75.9,72.0,91.0,48.2,54.0,76.2,77.0,30,30,30,50,10,61.49
7191,Europe,2613,Montenegro,2013,68.6,97.2,54.6,77.9,84.1,53.7,62.9,85.0,53.3,42.0,57.4,76.0,72.0,91.3,49.8,53.9,77.8,77.0,35,45,20,37,8,61.49
7192,Europe,2614,Montenegro,2014,68.6,98.6,51.7,77.3,84.1,54.8,63.2,82.2,57.3,47.8,58.7,72.9,72.0,91.5,44.6,53.8,77.0,79.5,35,45,25,35,10,61.49
7193,Europe,2615,Montenegro,2015,68.2,98.7,51.0,76.4,81.8,55.6,63.6,81.1,57.8,52.2,57.5,77.1,72.0,90.9,36.6,53.6,77.0,76.3,35,40,35,45,10,61.49
7194,Europe,2616,Montenegro,2016,68.2,98.7,51.2,74.3,81.4,58.3,63.9,82.0,57.7,49.1,59.9,76.3,71.5,91.8,37.4,53.5,75.9,76.3,25,35,10,35,10,61.49
7195,Europe,2617,Montenegro,2017,69.6,98.8,51.1,76.4,85.9,58.3,64.3,78.2,61.6,51.3,66.5,76.3,71.0,91.5,45.8,53.3,76.1,77.7,30,25,25,55,7,61.49
7196,Europe,2618,Montenegro,2018,69.8,98.8,51.7,75.4,87.4,55.1,64.8,80.4,62.5,56.0,66.7,74.3,70.4,90.3,45.2,53.2,75.4,79.8,38,45,18,40,5,61.49
7197,Europe,2619,Montenegro,2019,70.8,98.9,51.4,75.2,87.6,58.4,65.0,79.0,62.5,58.3,66.7,77.3,69.9,89.9,51.5,54.7,76.4,80.8,30,40,40,35,15,61.49
7198,Europe,2620,Montenegro,2020,70.7,98.8,51.6,75.8,90.2,55.3,65.2,79.1,59.8,61.0,66.7,73.1,69.9,90.0,52.1,54.6,76.0,83.5,5,20,30,20,10,61.49
7199,Europe,2621,Montenegro,2021,71.2,98.8,51.7,75.8,88.2,56.7,65.2,79.1,60.8,61.9,66.7,73.1,70.4,92.8,52.1,54.5,76.2,86.4,20,40,30,35,10,
7200,Europe,2622,Montenegro,2022,71.4,98.9,51.8,75.7,88.2,56.9,65.2,79.1,61.6,61.6,66.7,74.7,70.4,92.8,52.1,54.3,78.5,85.7,35,40,30,40,10,
7201,Africa,2623,Morocco,2000,58.9,81.3,51.3,56.3,42.4,25.7,47.6,56.4,69.2,25.4,50.0,64.3,91.6,95.5,61.7,65.7,60.5,56.9,30,35,18,55,15,12.34
7202,Africa,2624,Morocco,2001,59.5,81.3,54.3,57.1,44.3,26.0,47.0,57.8,69.8,25.4,50.0,64.3,91.4,95.4,63.7,65.7,60.4,57.1,40,30,20,35,5,12.38
7203,Africa,2625,Morocco,2002,60.0,81.3,54.6,57.0,46.7,31.1,46.5,58.9,70.3,25.1,50.0,65.0,91.4,95.4,63.8,65.6,60.5,57.2,20,30,20,38,15,12.41
7204,Africa,2626,Morocco,2003,60.5,81.3,57.5,57.0,47.9,31.3,47.8,60.8,70.1,25.7,50.0,65.0,91.6,95.4,64.6,65.6,60.4,56.2,35,30,20,50,10,12.45
7205,Africa,2627,Morocco,2004,61.3,81.3,58.1,58.8,48.3,31.6,49.1,62.2,70.7,26.9,50.0,65.7,91.5,95.1,66.6,68.4,60.5,56.8,30,40,30,35,15,12.49
7206,Africa,2628,Morocco,2005,61.5,81.3,53.2,60.6,48.7,31.8,50.4,61.7,70.6,27.4,50.0,65.7,91.1,95.0,68.4,69.8,60.5,58.7,40,40,20,40,30,12.53
7207,Africa,2629,Morocco,2006,62.3,81.3,57.6,60.9,51.0,32.1,51.7,66.2,71.4,28.0,48.7,66.4,91.1,95.0,67.0,70.0,60.5,60.6,35,25,18,50,40,12.56
7208,Africa,2630,Morocco,2007,62.2,81.3,51.5,61.3,53.1,32.2,53.0,61.6,71.4,28.3,48.7,66.4,91.0,94.9,67.4,69.9,61.7,62.8,35,35,25,55,30,12.6
7209,Africa,2631,Morocco,2008,63.0,81.3,54.2,61.9,57.6,32.5,54.3,61.5,71.4,30.1,48.7,67.1,90.8,94.8,68.3,69.9,61.5,65.6,35,32,32,40,20,12.64
7210,Africa,2632,Morocco,2009,63.6,81.3,59.0,61.9,59.4,32.8,55.6,62.7,71.7,31.5,48.7,67.1,91.1,94.8,68.2,69.9,61.2,63.7,38,37,25,50,10,12.68
7211,Africa,2633,Morocco,2010,64.2,81.3,56.8,64.9,61.4,33.6,56.8,65.7,71.7,34.0,48.7,68.4,91.0,94.7,68.3,69.9,61.8,62.4,30,30,25,55,20,12.71
7212,Africa,2634,Morocco,2011,65.4,83.5,63.7,67.0,63.5,37.7,57.5,65.7,71.7,33.7,48.7,68.4,91.0,94.7,68.5,69.8,63.0,62.9,38,35,28,40,15,12.72
7213,Africa,2635,Morocco,2012,66.0,84.8,60.6,67.6,67.7,38.4,58.2,66.4,71.7,35.5,48.7,72.5,91.1,94.7,69.0,69.8,60.6,65.2,35,38,40,52,10,12.72
7214,Africa,2636,Morocco,2013,67.1,85.7,63.9,68.0,70.2,39.8,58.9,67.6,71.6,36.4,53.9,73.0,91.1,94.7,68.8,69.8,62.2,64.5,40,45,35,45,15,12.73
7215,Africa,2637,Morocco,2014,67.7,92.5,62.2,68.5,72.1,40.5,59.6,66.0,71.3,38.4,53.9,76.5,91.0,94.8,69.1,69.7,62.5,61.7,30,38,32,55,20,12.73
7216,Africa,2638,Morocco,2015,67.7,92.7,65.3,69.9,65.7,41.0,60.2,68.0,70.6,40.3,53.9,75.5,91.3,95.0,69.3,69.7,63.1,58.6,35,38,28,48,30,12.74
7217,Africa,2639,Morocco,2016,67.3,92.8,59.7,70.5,63.3,42.9,60.9,68.5,70.7,37.4,53.9,75.6,91.4,94.9,69.5,69.6,63.3,59.8,44,38,28,60,40,12.76
7218,Africa,2640,Morocco,2017,68.3,93.3,63.3,71.6,66.4,43.5,61.5,68.8,68.6,43.8,53.9,75.5,91.2,94.9,69.4,69.6,67.7,58.9,42,40,32,55,20,12.79
7219,Africa,2641,Morocco,2018,69.4,93.5,64.6,72.5,68.9,43.1,62.2,69.0,69.1,45.2,53.9,75.7,91.0,94.5,71.7,77.3,67.6,60.7,46,35,30,45,20,12.82
7220,Africa,2642,Morocco,2019,70.0,93.7,63.2,73.6,74.5,43.6,62.8,69.8,69.0,51.0,53.9,73.0,90.9,94.2,71.7,77.3,66.0,61.3,38,32,35,58,40,12.84
7221,Africa,2643,Morocco,2020,70.5,92.4,61.6,73.3,78.5,43.6,63.5,70.0,67.4,52.6,53.9,75.4,90.9,94.5,71.8,77.3,65.2,67.1,38,28,25,55,30,12.87
7222,Africa,2644,Morocco,2021,70.9,89.7,64.6,74.2,78.6,43.4,63.5,70.0,69.1,54.3,53.9,75.0,91.3,94.2,71.9,76.7,64.4,70.5,38,40,20,60,40,
7223,Africa,2645,Morocco,2022,70.9,90.4,64.7,73.1,78.6,43.8,63.5,70.0,69.1,55.1,53.9,76.2,91.3,94.2,71.9,76.7,62.3,70.2,43,30,25,50,5,
7224,Africa,2646,Mozambique,2000,43.4,0.0,49.0,18.0,12.5,51.5,40.8,24.5,66.8,7.9,22.5,47.2,97.3,98.9,51.5,57.0,46.9,45.2,25,60,25,18,7,52.38
7225,Africa,2647,Mozambique,2001,43.8,0.0,49.8,18.8,15.7,52.0,40.9,26.7,66.8,7.9,22.5,47.2,97.5,98.9,51.3,56.9,46.9,45.5,10,40,15,20,15,52.09
7226,Africa,2648,Mozambique,2002,44.0,0.0,49.4,19.5,12.5,52.4,41.2,26.8,66.8,7.9,22.5,48.5,97.0,98.9,51.5,61.2,47.0,45.3,20,60,15,20,8,51.81
7227,Africa,2649,Mozambique,2003,44.7,0.0,52.9,20.2,12.5,52.8,41.5,27.5,66.7,7.9,22.5,48.8,97.4,98.9,50.4,66.6,47.1,45.3,10,40,12,25,10,51.53
7228,Africa,2650,Mozambique,2004,45.6,0.0,52.8,20.3,22.0,55.6,41.7,28.8,66.7,8.0,22.5,50.1,97.5,98.9,50.2,67.5,47.0,46.1,30,30,18,15,10,51.25
7229,Africa,2651,Mozambique,2005,46.0,0.0,51.8,20.5,25.7,56.0,42.0,29.4,66.7,8.0,22.5,50.4,97.6,98.9,49.4,67.3,47.3,47.8,30,35,12,33,7,50.97
7230,Africa,2652,Mozambique,2006,46.4,0.0,53.2,20.8,28.5,56.5,42.3,29.9,66.7,8.1,22.5,51.6,97.8,98.9,49.4,67.2,47.9,47.1,20,45,18,23,8,50.69
7231,Africa,2653,Mozambique,2007,47.2,0.0,53.7,21.8,32.2,57.1,42.6,32.3,66.6,8.1,22.5,57.6,98.0,98.9,49.9,67.0,46.8,47.1,35,55,20,22,10,50.4
7232,Africa,2654,Mozambique,2008,47.5,0.0,53.8,22.7,34.6,57.6,42.9,33.0,66.6,7.1,24.5,54.5,98.0,98.9,52.4,66.9,47.3,47.2,5,38,30,32,8,50.12
7233,Africa,2655,Mozambique,2009,48.5,0.0,56.6,23.2,39.2,60.3,43.2,33.4,66.6,7.2,24.5,54.8,98.1,98.9,56.6,66.8,47.7,47.3,25,43,15,25,15,49.84
7234,Africa,2656,Mozambique,2010,49.0,0.0,57.6,23.8,40.7,59.7,43.5,35.4,66.6,8.3,24.5,56.1,98.0,98.9,54.0,66.6,47.7,50.7,20,40,20,22,15,49.56
7235,Africa,2657,Mozambique,2011,48.5,0.0,57.0,25.4,39.7,57.4,44.5,35.4,66.5,8.4,24.5,46.6,98.0,98.6,57.3,66.5,46.0,53.4,30,60,12,25,10,49.3
7236,Africa,2658,Mozambique,2012,49.4,0.5,57.5,26.4,39.9,59.3,45.6,35.5,66.5,8.5,24.5,47.7,97.8,98.1,64.5,67.1,46.0,54.0,35,55,22,30,10,49.03
7237,Africa,2659,Mozambique,2013,50.1,1.2,55.1,27.6,40.9,60.8,46.7,35.4,66.5,8.7,24.5,48.2,97.7,98.0,65.5,66.9,50.7,57.9,25,60,20,20,15,48.77
7238,Africa,2660,Mozambique,2014,49.8,1.5,53.0,28.2,41.3,62.4,47.8,35.0,66.4,9.6,12.7,49.7,97.7,97.5,64.7,66.7,50.5,62.4,25,60,15,24,15,48.51
7239,Africa,2661,Mozambique,2015,51.5,1.3,53.5,30.7,44.6,69.9,48.9,35.2,66.4,15.6,12.7,56.8,97.9,98.0,68.0,66.6,51.5,58.4,30,55,30,40,15,48.25
7240,Africa,2662,Mozambique,2016,51.3,2.2,52.9,31.2,44.1,66.5,50.0,34.7,66.4,14.6,12.7,58.0,97.9,98.3,69.2,66.4,50.9,55.7,30,60,30,30,10,47.94
7241,Africa,2663,Mozambique,2017,51.0,1.7,52.7,32.0,43.6,63.5,51.2,33.7,66.4,13.6,12.7,55.6,98.0,98.4,68.8,66.2,50.6,58.9,30,55,15,25,5,47.64
7242,Africa,2664,Mozambique,2018,51.6,2.2,53.3,33.1,46.6,63.4,52.3,35.6,66.4,12.4,12.7,61.1,97.9,98.3,71.0,63.9,49.6,58.1,38,55,20,32,15,47.33
7243,Africa,2665,Mozambique,2019,52.7,2.4,53.3,34.7,49.8,64.2,53.5,35.3,66.3,13.4,12.7,63.1,97.9,98.3,72.0,63.7,51.0,64.2,30,58,25,33,15,47.03
7244,Africa,2666,Mozambique,2020,52.8,1.3,53.3,34.1,54.1,64.8,54.7,35.6,66.0,13.5,12.7,64.4,97.9,98.3,72.0,63.5,50.2,60.4,35,60,18,35,8,46.73
7245,Africa,2667,Mozambique,2021,52.8,2.3,54.1,32.5,55.1,64.9,54.7,35.6,66.8,14.1,12.7,64.8,97.9,98.3,72.0,63.5,48.5,60.4,37,60,18,30,15,
7246,Africa,2668,Mozambique,2022,52.7,3.2,54.3,31.7,55.1,65.0,54.7,35.6,66.9,14.1,12.7,62.8,97.9,98.3,72.0,63.1,47.6,60.9,40,55,20,28,10,
7247,Asia,2669,Myanmar,2000,51.4,33.9,50.2,37.5,46.6,51.5,54.0,25.9,60.0,9.1,59.9,51.9,96.3,98.7,54.3,50.9,58.7,33.8,75,30,8,18,7,53.39
7248,Asia,2670,Myanmar,2001,51.6,33.9,51.4,37.2,47.4,51.9,54.6,26.8,60.0,8.9,59.9,52.4,96.4,98.7,53.7,51.0,58.8,33.8,75,40,8,10,7,52.87
7249,Asia,2671,Myanmar,2002,51.8,33.9,52.5,38.1,46.4,52.3,55.3,28.5,60.0,9.3,59.9,52.1,96.4,98.7,53.1,51.1,58.9,34.0,82,40,6,18,10,52.34
7250,Asia,2672,Myanmar,2003,52.1,33.9,53.0,39.7,47.6,52.7,56.0,28.0,60.0,9.3,59.9,52.7,96.3,98.7,52.8,51.7,58.9,33.8,80,20,7,15,8,51.82
7251,Asia,2673,Myanmar,2004,52.2,33.9,53.3,40.6,48.4,53.0,56.6,26.5,60.0,9.3,59.9,52.3,96.2,98.6,52.4,54.0,58.9,33.8,80,60,6,15,8,51.29
7252,Asia,2674,Myanmar,2005,52.4,33.9,55.3,40.0,48.2,53.4,57.3,28.2,60.0,9.4,59.9,51.8,96.2,98.6,52.4,54.0,59.0,33.7,78,65,10,15,7,50.77
7253,Asia,2675,Myanmar,2006,52.6,33.9,56.6,41.0,48.6,53.9,58.0,28.3,60.0,9.3,59.9,51.4,96.1,98.6,52.0,53.9,58.9,33.9,80,30,6,15,10,50.24
7254,Asia,2676,Myanmar,2007,52.8,33.9,57.5,41.7,48.4,54.4,58.7,29.1,60.0,9.4,59.9,52.0,96.0,98.6,51.0,53.7,58.9,33.7,82,70,6,15,15,49.72
7255,Asia,2677,Myanmar,2008,53.0,33.9,58.9,41.0,48.9,54.9,59.4,32.2,60.0,9.4,59.9,51.7,96.0,98.7,49.6,53.6,58.9,33.7,78,70,8,10,10,49.19
7256,Asia,2678,Myanmar,2009,53.5,33.9,62.6,44.1,49.4,55.4,60.1,33.2,60.0,9.4,59.9,52.2,95.9,98.7,48.4,53.4,58.9,33.7,85,60,8,14,7,48.67
7257,Asia,2679,Myanmar,2010,53.7,33.9,63.4,47.6,49.4,55.6,60.9,31.8,60.0,9.4,59.9,51.9,95.8,98.6,48.5,53.7,58.9,33.0,80,50,7,18,10,48.14
7258,Asia,2680,Myanmar,2011,53.9,35.5,62.7,47.9,49.4,55.0,61.6,34.8,60.0,9.4,59.9,52.4,95.8,98.4,48.8,53.6,58.8,32.9,80,60,8,15,10,47.7
7259,Asia,2681,Myanmar,2012,55.0,37.4,62.5,48.5,49.4,55.9,62.3,37.4,60.0,10.5,59.9,52.4,95.6,98.4,49.0,53.4,58.6,43.4,75,60,15,30,10,47.26
7260,Asia,2682,Myanmar,2013,55.5,44.6,63.0,48.0,49.4,52.4,63.1,38.5,59.9,10.5,59.9,54.4,95.4,98.2,49.1,53.4,58.2,45.0,78,68,17,18,15,46.81
7261,Asia,2683,Myanmar,2014,57.3,51.6,65.0,50.2,54.9,51.8,63.8,37.5,59.9,13.6,59.9,61.6,95.2,98.0,51.3,53.5,59.9,47.2,85,60,15,24,7,46.37
7262,Asia,2684,Myanmar,2015,58.6,58.2,65.5,51.6,54.9,60.0,64.6,39.3,60.4,17.0,59.9,62.3,95.1,97.8,50.7,53.4,61.0,44.5,80,62,15,15,10,45.92
7263,Asia,2685,Myanmar,2016,59.2,67.4,66.2,52.6,52.1,57.6,65.3,38.6,60.3,22.2,59.9,64.4,94.9,97.7,50.7,53.3,60.6,42.2,82,40,15,18,10,45.48
7264,Asia,2686,Myanmar,2017,62.1,74.2,65.7,52.0,54.9,56.9,66.1,43.9,60.9,27.7,87.2,62.1,94.8,97.7,52.3,53.1,61.0,45.7,80,70,15,18,10,45.04
7265,Asia,2687,Myanmar,2018,62.1,77.2,65.5,54.3,56.3,56.7,66.9,44.0,63.5,26.8,87.2,62.5,94.8,97.6,49.7,52.2,59.3,41.8,82,63,15,15,10,44.59
7266,Asia,2688,Myanmar,2019,62.6,76.9,65.6,54.9,61.1,56.3,67.7,43.4,62.1,28.0,87.2,63.4,94.7,97.6,47.7,52.1,58.4,47.2,80,60,12,15,25,44.15
7267,Asia,2689,Myanmar,2020,63.1,77.8,65.6,55.5,61.1,58.2,68.5,44.6,61.8,29.9,87.2,64.3,94.7,97.5,47.7,51.9,57.9,47.8,82,70,15,15,10,43.71
7268,Asia,2690,Myanmar,2021,60.4,53.9,65.7,49.7,61.1,57.5,68.5,44.6,66.4,30.2,87.2,54.2,94.4,97.5,47.7,52.0,46.8,49.3,85,70,10,5,15,
7269,Asia,2691,Myanmar,2022,60.4,58.0,65.9,49.8,61.1,57.5,68.5,44.6,66.4,30.2,87.2,55.4,94.4,97.5,47.6,51.6,41.8,50.0,80,70,10,8,40,
7270,Africa,2692,Namibia,2000,55.1,38.0,47.4,30.7,63.4,68.4,51.8,42.0,66.1,9.9,0.0,74.0,83.2,89.2,68.2,71.4,64.0,69.4,15,30,30,55,10,9.79
7271,Africa,2693,Namibia,2001,55.1,38.0,47.0,29.5,65.8,68.4,52.0,39.8,65.8,10.1,0.0,74.0,83.4,88.9,67.5,72.8,64.5,68.6,20,30,15,50,5,9.7
7272,Africa,2694,Namibia,2002,55.5,38.0,46.5,30.9,67.0,68.7,52.2,42.5,65.6,10.1,0.0,74.0,83.1,89.1,69.6,72.8,64.7,69.3,20,40,25,45,5,9.62
7273,Africa,2695,Namibia,2003,55.3,38.0,45.8,30.9,67.1,69.8,52.4,43.0,65.2,10.3,0.0,74.0,82.3,89.0,68.2,73.9,64.7,65.6,25,37,15,60,5,9.53
7274,Africa,2696,Namibia,2004,55.5,38.0,46.3,32.4,65.9,69.5,52.7,44.7,65.0,10.3,0.0,74.0,82.5,89.0,68.5,73.9,64.8,65.4,30,33,30,55,15,9.44
7275,Africa,2697,Namibia,2005,55.9,38.0,45.3,33.5,68.7,70.9,52.9,44.8,64.9,10.6,0.0,74.2,82.5,88.7,69.3,74.9,64.8,66.2,22,40,25,68,7,9.36
7276,Africa,2698,Namibia,2006,56.3,38.0,45.9,32.1,67.4,73.6,53.2,45.4,65.0,10.6,0.0,74.2,83.4,88.7,67.6,77.7,64.8,68.8,5,45,25,60,5,9.27
7277,Africa,2699,Namibia,2007,56.4,38.0,45.6,34.4,66.5,73.8,53.4,46.4,65.0,10.7,0.0,74.2,82.6,88.8,63.9,80.4,64.8,70.2,10,40,30,35,7,9.19
7278,Africa,2700,Namibia,2008,56.0,38.0,44.3,35.8,66.0,73.8,53.6,42.7,64.9,10.6,0.0,74.2,83.0,88.5,60.4,81.6,65.0,69.8,30,40,55,30,8,9.1
7279,Africa,2701,Namibia,2009,56.6,38.0,43.9,35.3,67.2,73.8,53.9,42.9,64.9,10.9,2.8,74.2,82.3,88.4,66.2,86.0,64.6,67.3,20,38,35,60,5,9.01
7280,Africa,2702,Namibia,2010,57.2,38.0,44.0,37.9,66.9,72.5,54.1,42.0,65.0,13.5,2.8,74.3,82.8,88.4,69.1,87.7,65.6,68.5,25,55,30,60,5,8.93
7281,Africa,2703,Namibia,2011,58.6,43.1,45.2,39.6,70.3,72.5,54.3,44.4,66.5,15.0,2.8,74.2,82.9,87.6,72.2,88.2,65.7,71.1,30,50,30,60,8,8.84
7282,Africa,2704,Namibia,2012,60.1,48.4,46.2,39.0,72.2,72.5,54.5,46.1,68.0,22.8,2.8,74.2,82.3,87.2,76.5,89.8,64.8,73.8,20,55,55,55,10,8.75
7283,Africa,2705,Namibia,2013,61.1,53.8,47.5,40.8,73.7,77.7,54.7,47.2,66.8,24.1,2.8,74.4,82.2,83.6,79.2,89.8,64.8,76.0,25,58,35,65,10,8.67
7284,Africa,2706,Namibia,2014,61.3,56.1,47.5,41.0,73.7,77.2,54.9,45.5,67.1,24.2,2.8,71.7,82.4,83.9,79.4,89.8,66.9,78.1,20,40,30,60,12,8.58
7285,Africa,2707,Namibia,2015,62.5,62.0,48.2,41.8,75.6,85.2,55.1,45.9,65.7,26.2,5.5,71.4,82.4,82.8,79.6,89.8,67.6,78.0,30,45,30,60,10,8.5
7286,Africa,2708,Namibia,2016,63.3,66.8,48.5,42.6,76.2,84.6,55.3,44.5,64.4,32.9,5.5,71.7,82.2,87.1,79.6,89.8,66.9,76.7,35,50,45,45,15,8.41
7287,Africa,2709,Namibia,2017,63.6,63.4,48.4,43.1,77.2,85.3,55.5,47.3,68.7,32.4,5.5,70.0,82.5,88.0,79.9,89.8,66.0,78.1,30,58,25,60,20,8.32
7288,Africa,2710,Namibia,2018,64.0,62.5,48.7,45.4,80.5,88.4,55.7,45.7,69.7,34.8,5.5,70.8,83.2,90.9,79.0,86.9,64.7,75.3,20,43,43,55,15,8.24
7289,Africa,2711,Namibia,2019,63.5,61.7,49.7,46.5,71.8,86.6,55.9,45.9,67.9,35.1,5.5,68.0,83.2,91.0,79.4,86.9,65.9,79.3,25,48,40,55,10,8.15
7290,Africa,2712,Namibia,2020,63.6,55.4,49.5,49.1,83.2,86.8,56.0,46.2,66.2,36.6,5.5,65.2,83.7,91.2,79.4,86.9,65.2,75.6,30,50,35,55,5,8.06
7291,Africa,2713,Namibia,2021,64.3,59.9,49.8,49.2,83.7,87.5,56.0,46.2,63.7,38.4,5.5,66.8,83.7,91.2,79.4,89.9,64.2,77.5,35,55,35,55,18,
7292,Africa,2714,Namibia,2022,64.3,61.1,49.9,49.9,83.7,87.6,56.0,46.2,64.0,38.4,5.5,65.2,83.7,91.2,79.4,89.9,64.4,76.7,35,52,35,55,20,
7293,Oceania,2715,Nauru,2000,56.5,61.9,50.2,63.9,62.8,51.3,62.5,47.0,64.7,10.9,14.2,65.1,87.6,97.2,51.9,69.9,57.0,42.4,10,5,12,25,5,0.0
7294,Oceania,2716,Nauru,2001,56.7,61.9,50.4,64.6,65.2,52.2,62.7,45.9,64.7,10.9,14.2,65.2,87.6,97.1,51.8,71.8,56.7,41.4,10,7,7,30,10,0.0
7295,Oceania,2717,Nauru,2002,57.3,61.9,50.5,62.7,70.1,58.7,62.9,46.6,64.6,10.9,14.2,65.7,86.6,97.1,52.3,71.8,56.6,41.1,15,8,10,18,5,0.0
7296,Oceania,2718,Nauru,2003,57.6,61.9,51.7,63.1,70.1,59.6,63.1,48.2,64.6,10.9,14.2,65.8,87.0,97.0,52.5,71.7,56.3,42.2,30,15,15,28,7,0.0
7297,Oceania,2719,Nauru,2004,58.1,61.9,52.7,62.8,73.4,60.0,63.4,48.7,65.2,10.9,14.2,66.2,87.3,97.0,53.1,71.7,56.2,42.3,15,8,10,30,10,0.0
7298,Oceania,2720,Nauru,2005,58.6,61.9,52.8,64.7,75.2,60.0,63.6,50.0,65.9,11.0,20.0,66.3,86.8,97.1,50.5,71.6,55.3,43.2,10,10,18,25,7,0.0
7299,Oceania,2721,Nauru,2006,58.9,61.9,52.7,66.1,74.7,59.2,63.8,50.4,65.9,11.1,20.0,66.7,87.1,97.0,53.8,71.5,55.0,44.5,20,18,18,25,5,0.0
7300,Oceania,2722,Nauru,2007,58.9,61.9,52.1,66.9,75.2,60.9,64.1,50.2,66.1,11.2,20.0,66.0,87.2,97.0,51.9,71.5,53.5,45.2,15,10,15,15,8,0.0
7301,Oceania,2723,Nauru,2008,59.4,61.9,52.7,69.1,74.9,60.9,64.3,51.8,65.4,11.5,20.0,66.3,87.6,97.1,56.7,71.4,53.8,44.6,23,15,10,30,7,0.0
7302,Oceania,2724,Nauru,2009,60.1,61.9,53.3,70.4,74.9,62.0,64.5,52.4,64.3,11.8,33.3,65.1,87.0,97.1,54.1,71.3,52.5,45.6,20,18,16,22,10,0.0
7303,Oceania,2725,Nauru,2010,60.8,61.9,53.4,71.9,75.9,62.0,64.8,53.2,64.5,12.2,33.3,67.1,87.5,97.1,56.3,71.3,52.6,49.1,20,20,14,30,12,0.0
7304,Oceania,2726,Nauru,2011,61.6,62.6,54.1,71.6,75.9,73.3,65.0,53.5,65.2,12.4,33.3,69.4,87.3,96.8,52.2,71.2,53.3,49.9,15,17,12,35,7,0.0
7305,Oceania,2727,Nauru,2012,62.6,64.1,53.5,71.2,75.9,73.3,65.2,55.2,65.9,13.0,33.3,68.8,87.1,96.9,63.6,71.1,55.9,50.8,18,18,15,35,10,0.0
7306,Oceania,2728,Nauru,2013,63.1,65.3,52.7,72.9,75.9,78.0,65.5,56.7,65.9,13.2,33.3,68.3,87.1,96.8,62.4,71.4,56.9,50.8,15,18,15,25,8,0.0
7307,Oceania,2729,Nauru,2014,63.1,66.7,52.5,73.5,75.9,79.5,65.7,57.5,67.1,13.3,23.7,71.5,87.3,96.8,63.3,71.3,55.5,50.8,20,18,15,30,7,0.0
7308,Oceania,2730,Nauru,2015,63.3,68.5,52.7,74.2,78.0,79.2,66.0,57.1,67.2,14.5,23.7,72.0,86.7,96.2,61.8,71.2,56.1,51.6,15,15,20,35,7,0.0
7309,Oceania,2731,Nauru,2016,63.8,70.5,53.5,74.4,78.0,81.6,66.2,57.8,67.7,19.4,23.7,71.1,86.5,96.2,58.9,71.2,55.6,52.4,8,10,20,30,7,0.0
7310,Oceania,2732,Nauru,2017,64.9,71.1,54.1,75.7,78.0,81.8,66.2,58.6,70.6,21.2,23.7,73.1,86.8,96.3,63.3,71.1,58.1,53.8,15,12,15,30,8,0.0
7311,Oceania,2733,Nauru,2018,63.7,68.5,54.8,74.9,78.0,81.6,66.3,59.6,68.4,20.7,23.7,64.8,87.1,96.9,64.7,61.8,55.6,55.1,18,17,12,20,5,0.0
7312,Oceania,2734,Nauru,2019,64.4,67.3,54.8,75.9,78.0,80.8,66.3,59.2,68.3,21.7,23.7,76.4,87.1,96.9,62.0,61.7,56.5,57.8,20,18,15,60,5,0.0
7313,Oceania,2735,Nauru,2020,64.4,66.5,54.4,75.6,78.0,82.0,66.3,59.7,67.9,27.6,23.7,73.2,87.1,97.1,62.0,61.6,54.1,58.0,18,15,20,40,7,0.0
7314,Oceania,2736,Nauru,2021,64.8,69.6,54.8,74.3,78.0,83.7,66.3,59.7,67.6,30.0,23.7,71.9,87.3,97.0,62.0,64.3,53.8,58.3,15,10,12,45,8,
7315,Oceania,2737,Nauru,2022,64.8,71.7,54.8,74.8,78.0,83.9,66.3,59.7,67.6,30.0,23.7,73.2,87.3,97.0,61.9,64.1,49.4,58.1,15,15,13,40,10,
7316,Asia,2738,Nepal,2000,49.9,65.1,48.4,31.9,46.8,17.8,53.5,24.1,64.6,15.6,34.0,44.6,97.4,99.2,0.0,65.3,51.3,39.5,35,35,10,20,10,40.33
7317,Asia,2739,Nepal,2001,50.2,65.1,48.8,33.1,48.0,17.8,54.3,23.4,64.6,15.6,34.0,44.5,97.5,99.2,0.0,65.3,51.1,40.7,35,50,25,15,5,40.45
7318,Asia,2740,Nepal,2002,50.8,65.1,50.3,34.3,48.7,17.8,55.1,29.1,64.7,15.6,34.0,45.2,97.5,99.2,0.0,65.4,51.1,40.2,45,45,10,15,12,40.58
7319,Asia,2741,Nepal,2003,51.4,65.1,51.7,35.7,52.7,17.8,55.8,30.4,64.6,15.6,34.0,45.0,97.6,99.2,0.0,65.4,51.2,40.2,35,44,18,15,15,40.71
7320,Asia,2742,Nepal,2004,51.8,65.1,53.1,36.8,53.0,17.8,56.6,31.0,64.6,15.6,34.0,45.7,97.6,99.2,0.0,67.3,51.1,40.5,35,40,20,20,10,40.83
7321,Asia,2743,Nepal,2005,52.2,65.1,53.6,37.5,53.0,17.8,57.4,33.5,64.7,15.7,34.0,45.5,97.6,99.2,0.0,67.5,51.1,41.3,35,72,15,18,12,40.96
7322,Asia,2744,Nepal,2006,53.1,65.1,52.9,39.4,58.4,20.7,58.2,36.5,64.7,15.7,34.0,46.2,97.6,99.2,0.0,68.2,51.4,41.2,37,60,18,20,10,41.08
7323,Asia,2745,Nepal,2007,53.2,65.1,53.4,40.3,58.4,26.9,59.0,37.4,64.7,15.7,34.0,39.1,97.6,99.2,0.0,68.2,50.8,41.7,40,55,22,22,10,41.21
7324,Asia,2746,Nepal,2008,54.7,65.1,55.5,40.1,62.3,35.4,59.9,37.5,64.6,15.7,34.0,44.7,97.5,99.2,0.0,68.2,52.5,42.6,35,70,20,25,15,41.34
7325,Asia,2747,Nepal,2009,54.6,65.1,56.0,43.0,62.3,35.8,60.7,38.9,64.6,16.5,34.0,36.8,97.4,99.1,0.0,68.8,49.3,45.7,35,63,15,20,15,41.46
7326,Asia,2748,Nepal,2010,58.0,65.1,56.3,41.9,64.2,36.2,61.6,41.2,64.6,17.6,80.2,38.3,97.3,99.1,0.0,69.0,51.0,44.6,35,60,22,20,10,41.59
7327,Asia,2749,Nepal,2011,59.1,64.7,59.3,44.6,75.9,35.1,62.4,41.8,64.7,17.7,80.2,38.1,97.2,99.1,0.0,69.0,52.6,43.5,38,68,20,25,15,41.59
7328,Asia,2750,Nepal,2012,60.0,65.9,62.0,45.7,78.1,36.5,63.3,44.7,64.6,20.0,80.2,37.6,97.1,99.1,0.0,69.0,52.6,43.6,37,65,25,25,10,41.59
7329,Asia,2751,Nepal,2013,60.9,66.8,60.2,47.4,80.0,40.3,64.2,45.4,64.7,20.7,80.2,42.3,97.0,98.9,0.0,69.0,53.8,44.1,40,62,20,30,10,41.59
7330,Asia,2752,Nepal,2014,62.4,67.8,62.1,50.4,83.2,42.2,65.1,46.8,65.9,24.2,80.2,45.4,96.8,98.7,0.0,69.0,55.3,45.6,35,60,22,35,20,41.59
7331,Asia,2753,Nepal,2015,62.4,68.6,62.2,50.0,82.4,43.9,66.0,47.2,66.0,25.9,80.2,40.4,96.8,98.8,0.0,69.0,55.8,46.0,45,60,25,30,15,41.59
7332,Asia,2754,Nepal,2016,63.4,70.2,63.2,51.1,84.3,43.3,67.0,48.3,66.0,27.1,80.2,45.5,96.8,98.7,0.0,69.0,55.8,47.8,38,61,35,23,40,41.59
7333,Asia,2755,Nepal,2017,64.3,69.9,65.3,53.3,85.1,44.6,67.9,47.6,67.4,30.9,80.2,42.9,96.7,98.3,0.0,69.0,58.2,51.1,37,55,20,30,20,41.59
7334,Asia,2756,Nepal,2018,65.3,72.4,65.3,54.7,88.6,47.5,68.9,49.8,67.9,30.1,80.2,46.0,96.5,97.6,0.0,68.9,57.4,52.7,40,60,20,30,20,41.59
7335,Asia,2757,Nepal,2019,66.2,75.6,63.8,59.1,91.1,50.3,69.8,48.2,69.1,32.1,80.2,46.7,96.5,97.7,0.0,68.9,56.8,52.7,40,66,12,33,25,41.59
7336,Asia,2758,Nepal,2020,66.3,76.8,64.1,59.5,91.8,50.3,70.8,48.5,66.4,33.3,80.2,46.2,96.5,97.7,0.0,68.9,56.4,53.1,44,63,35,22,12,41.59
7337,Asia,2759,Nepal,2021,66.5,78.2,64.5,58.0,86.9,50.6,70.8,48.5,67.1,37.4,80.2,47.4,96.5,97.7,0.0,68.9,56.2,55.7,40,63,30,30,20,
7338,Asia,2760,Nepal,2022,66.5,81.4,68.6,59.6,83.9,50.7,70.8,48.5,67.8,37.9,80.2,46.6,96.5,97.7,0.0,68.9,55.4,54.7,35,58,18,25,5,
7339,Europe,2761,Netherlands,2000,75.6,99.5,70.9,90.8,95.7,77.5,87.5,66.2,86.7,75.5,90.8,86.9,44.8,36.5,58.5,75.1,83.4,58.6,10,18,85,80,8,10.67
7340,Europe,2762,Netherlands,2001,75.7,99.5,70.6,91.0,95.7,77.6,87.3,66.3,87.1,76.3,90.8,86.9,45.2,35.8,58.6,75.0,83.3,59.2,20,20,80,80,8,10.71
7341,Europe,2763,Netherlands,2002,75.7,99.5,70.5,91.1,95.7,76.7,87.0,66.5,86.9,77.8,90.8,86.9,45.7,36.1,57.6,75.1,83.4,60.2,10,10,80,80,8,10.75
7342,Europe,2764,Netherlands,2003,75.8,99.5,70.3,91.5,95.3,78.2,86.7,66.5,86.3,78.4,90.8,86.9,45.5,35.7,58.0,75.0,83.3,61.0,10,20,82,75,8,10.8
7343,Europe,2765,Netherlands,2004,76.0,99.5,69.9,92.1,94.9,78.2,86.4,66.9,85.7,79.0,90.8,86.9,46.6,35.5,60.4,75.0,83.7,60.9,20,15,85,80,8,10.84
7344,Europe,2766,Netherlands,2005,76.3,99.5,69.6,92.4,94.8,78.2,86.1,66.9,84.9,80.8,92.0,87.0,46.6,36.2,61.8,75.2,83.6,60.9,20,17,82,78,10,10.88
7345,Europe,2767,Netherlands,2006,76.1,99.5,69.4,92.8,95.1,78.5,86.2,66.9,85.3,81.1,90.5,87.0,46.3,37.1,58.7,75.1,83.6,60.5,15,20,85,83,7,10.92
7346,Europe,2768,Netherlands,2007,76.1,99.5,69.2,93.1,95.7,80.0,86.4,67.7,85.6,81.1,91.1,86.6,45.1,37.2,56.7,75.0,83.3,60.2,15,25,85,78,10,10.96
7347,Europe,2769,Netherlands,2008,76.4,99.5,69.4,93.4,95.9,81.1,86.5,68.1,85.9,81.2,91.5,87.5,45.5,36.9,56.4,75.0,83.6,60.9,12,18,85,70,7,11.0
7348,Europe,2770,Netherlands,2009,76.9,99.5,69.4,93.5,96.1,81.6,86.2,68.8,85.7,81.6,93.5,87.5,47.7,37.8,55.0,75.0,85.2,62.5,18,18,80,75,5,11.04
7349,Europe,2771,Netherlands,2010,77.0,99.5,69.0,94.4,96.3,80.8,86.4,68.7,85.3,82.0,93.6,89.7,47.7,36.1,56.2,75.5,84.8,62.8,18,20,85,79,10,11.09
7350,Europe,2772,Netherlands,2011,77.4,99.4,68.9,94.8,96.2,81.1,86.7,69.2,85.3,84.8,93.6,88.5,47.5,37.4,58.3,75.4,85.7,62.8,17,30,80,79,8,11.03
7351,Europe,2773,Netherlands,2012,77.6,99.5,68.7,94.7,96.0,80.1,86.4,68.8,84.9,86.4,94.2,88.1,48.5,43.4,55.3,75.4,85.6,63.1,15,35,80,82,10,10.98
7352,Europe,2774,Netherlands,2013,78.0,99.4,68.5,94.9,95.9,83.0,86.5,68.7,84.1,87.9,94.5,91.2,48.3,42.7,55.1,76.4,86.0,63.5,20,18,82,78,10,10.93
7353,Europe,2775,Netherlands,2014,78.2,99.3,68.4,94.9,95.9,82.8,87.0,69.3,84.1,88.3,90.3,92.9,48.5,45.4,54.4,77.0,86.9,63.1,18,30,78,79,8,10.88
7354,Europe,2776,Netherlands,2015,78.5,99.3,67.9,95.2,97.4,82.6,87.4,69.7,84.7,92.8,94.0,94.1,47.8,40.5,53.5,77.4,87.6,62.4,30,32,80,80,10,10.83
7355,Europe,2777,Netherlands,2016,78.7,99.3,67.6,95.4,97.8,82.9,87.6,69.9,85.2,92.6,93.7,94.7,47.9,42.0,53.3,77.3,87.6,62.4,30,30,75,80,7,10.86
7356,Europe,2778,Netherlands,2017,78.7,99.2,68.0,95.5,99.1,82.6,87.6,70.5,85.9,93.1,92.0,92.3,47.9,42.7,53.3,77.8,87.4,62.2,15,25,80,80,7,10.88
7357,Europe,2779,Netherlands,2018,78.8,99.3,67.7,95.5,99.2,82.8,87.3,71.0,85.9,92.8,93.2,93.2,47.8,40.5,52.1,78.3,87.8,65.3,18,25,85,60,8,10.91
7358,Europe,2780,Netherlands,2019,78.7,99.2,67.7,95.8,98.3,80.7,87.2,72.0,86.5,93.2,87.9,94.9,47.7,41.4,55.3,78.2,86.9,65.2,20,35,80,80,10,10.94
7359,Europe,2781,Netherlands,2020,79.3,99.2,67.7,96.0,99.3,82.0,87.2,72.0,86.5,93.3,89.8,96.5,47.7,43.7,55.3,78.2,87.3,67.3,18,23,80,80,8,10.97
7360,Europe,2782,Netherlands,2021,79.4,99.2,67.7,95.5,99.3,85.2,87.2,72.0,86.0,93.4,89.8,96.5,47.7,43.3,55.3,78.0,87.3,66.8,30,30,80,80,10,
7361,Europe,2783,Netherlands,2022,79.4,99.3,67.7,95.7,99.3,85.1,87.2,72.0,86.3,93.4,89.8,92.9,47.7,43.3,55.3,77.9,86.7,70.8,18,30,80,79,8,
7362,Oceania,2784,New Zealand,2000,74.4,0.0,62.8,86.9,94.3,77.9,89.6,83.9,86.3,71.7,76.9,86.5,44.1,62.1,56.7,52.3,89.8,68.2,10,40,75,80,8,37.41
7363,Oceania,2785,New Zealand,2001,74.3,0.0,62.5,87.0,94.3,78.2,89.6,82.8,86.7,72.6,76.9,86.5,44.2,61.3,57.1,52.1,89.8,68.1,20,40,85,80,10,37.41
7364,Oceania,2786,New Zealand,2002,74.6,0.0,63.3,87.6,94.3,77.4,89.6,84.0,86.8,73.4,76.9,86.5,43.2,61.4,58.9,52.3,89.7,68.4,20,45,85,75,8,37.41
7365,Oceania,2787,New Zealand,2003,74.6,0.0,64.1,87.4,94.3,76.9,89.6,83.6,87.1,73.9,76.9,86.5,43.2,60.9,58.7,52.0,89.8,68.3,15,30,70,75,10,37.41
7366,Oceania,2788,New Zealand,2004,74.5,0.0,62.7,87.2,94.3,76.9,89.6,84.9,87.4,74.0,76.9,86.5,42.3,61.3,57.2,51.9,89.9,68.9,10,30,78,67,8,37.41
7367,Oceania,2789,New Zealand,2005,74.5,0.0,63.5,88.4,94.3,78.9,89.6,84.3,87.5,74.1,76.9,86.5,41.7,60.9,55.8,51.8,89.6,69.0,10,30,85,70,7,37.41
7368,Oceania,2790,New Zealand,2006,74.6,0.0,63.5,88.5,94.3,78.8,89.6,84.4,87.5,75.0,76.9,86.5,42.2,61.1,55.3,52.0,89.6,68.9,12,35,82,75,8,37.4
7369,Oceania,2791,New Zealand,2007,74.6,0.0,63.0,88.4,94.3,79.2,89.6,84.4,87.5,75.2,76.9,86.9,42.6,61.6,55.6,51.8,87.6,68.7,15,35,85,70,7,37.4
7370,Oceania,2792,New Zealand,2008,74.6,0.0,63.4,89.4,94.3,79.4,89.6,83.8,87.2,75.6,78.1,84.1,43.2,61.3,56.1,51.8,87.9,68.9,10,30,85,75,8,37.4
7371,Oceania,2793,New Zealand,2009,75.0,0.0,63.1,89.9,94.3,79.4,89.6,85.0,86.2,77.0,78.1,84.1,44.1,62.6,55.9,52.0,87.8,70.8,10,40,85,68,7,37.4
7372,Oceania,2794,New Zealand,2010,75.3,0.0,62.4,90.7,94.1,79.5,89.6,85.7,85.9,77.2,75.6,88.5,43.5,62.7,56.4,51.7,88.7,72.1,18,45,85,70,7,37.4
7373,Oceania,2795,New Zealand,2011,75.5,0.0,60.6,91.5,94.0,78.8,89.6,86.2,85.9,79.3,78.8,88.9,43.1,62.3,55.8,51.5,89.5,71.9,25,50,85,72,8,37.4
7374,Oceania,2796,New Zealand,2012,75.2,0.0,61.5,91.6,93.9,79.1,89.6,85.1,85.6,78.8,75.6,88.2,43.3,62.0,55.7,51.3,89.0,72.4,15,55,65,71,10,37.4
7375,Oceania,2797,New Zealand,2013,75.3,0.0,60.9,92.4,93.8,81.1,89.6,84.8,86.2,82.6,72.5,88.2,43.1,61.8,57.1,51.2,88.9,71.2,10,45,85,78,15,37.4
7376,Oceania,2798,New Zealand,2014,75.3,0.0,60.2,92.5,93.6,79.7,89.6,85.1,86.4,85.1,72.5,87.2,43.0,61.5,58.0,50.9,89.9,70.6,18,45,85,79,7,37.4
7377,Oceania,2799,New Zealand,2015,76.0,0.0,60.2,92.7,94.7,80.7,89.6,85.1,86.3,86.7,80.0,85.9,43.6,63.7,56.9,50.9,89.5,70.0,15,40,85,82,10,37.4
7378,Oceania,2800,New Zealand,2016,75.3,0.0,59.9,92.6,94.5,81.0,89.6,85.5,86.4,77.4,76.3,87.6,43.5,64.3,56.8,50.6,89.3,70.0,15,45,80,78,8,37.43
7379,Oceania,2801,New Zealand,2017,75.8,0.0,59.4,92.8,95.1,84.6,89.6,84.7,86.7,86.6,74.4,85.6,43.3,63.6,54.7,50.4,90.1,71.1,21,33,85,79,7,37.47
7380,Oceania,2802,New Zealand,2018,76.1,0.0,59.5,93.1,96.2,84.9,89.6,85.0,87.0,88.3,76.3,87.2,43.4,64.7,52.7,50.2,89.4,70.7,18,50,85,82,8,37.5
7381,Oceania,2803,New Zealand,2019,76.2,0.0,59.5,93.0,95.2,86.6,89.6,84.3,87.0,89.0,78.1,86.8,43.4,64.5,53.2,49.9,88.5,70.5,20,35,80,65,7,37.54
7382,Oceania,2804,New Zealand,2020,76.8,0.0,59.5,93.1,94.1,90.3,89.6,84.3,87.5,88.7,81.3,87.2,43.4,65.7,53.2,49.6,89.3,71.8,15,45,80,75,10,37.57
7383,Oceania,2805,New Zealand,2021,77.5,0.0,59.5,92.6,94.1,91.1,89.6,84.3,87.5,89.9,81.3,89.2,49.0,66.1,53.2,49.5,89.2,74.3,15,45,85,77,8,
7384,Oceania,2806,New Zealand,2022,78.4,0.0,59.5,92.5,94.1,91.4,89.6,84.3,87.8,89.9,81.3,87.6,49.0,66.1,53.2,49.0,87.4,72.6,18,45,80,78,8,
7385,North America,2807,Nicaragua,2000,56.5,61.9,50.2,63.9,62.8,51.3,62.5,47.0,64.7,10.9,14.2,65.1,87.6,97.2,51.9,69.9,57.0,42.4,25,18,15,15,8,44.87
7386,North America,2808,Nicaragua,2001,56.7,61.9,50.4,64.6,65.2,52.2,62.7,45.9,64.7,10.9,14.2,65.2,87.6,97.1,51.8,71.8,56.7,41.4,30,20,12,15,5,43.86
7387,North America,2809,Nicaragua,2002,57.3,61.9,50.5,62.7,70.1,58.7,62.9,46.6,64.6,10.9,14.2,65.7,86.6,97.1,52.3,71.8,56.6,41.1,10,30,10,35,10,42.85
7388,North America,2810,Nicaragua,2003,57.6,61.9,51.7,63.1,70.1,59.6,63.1,48.2,64.6,10.9,14.2,65.8,87.0,97.0,52.5,71.7,56.3,42.2,10,18,22,18,5,41.85
7389,North America,2811,Nicaragua,2004,58.1,61.9,52.7,62.8,73.4,60.0,63.4,48.7,65.2,10.9,14.2,66.2,87.3,97.0,53.1,71.7,56.2,42.3,30,20,14,18,5,40.84
7390,North America,2812,Nicaragua,2005,58.6,61.9,52.8,64.7,75.2,60.0,63.6,50.0,65.9,11.0,20.0,66.3,86.8,97.1,50.5,71.6,55.3,43.2,30,15,10,23,10,39.83
7391,North America,2813,Nicaragua,2006,58.9,61.9,52.7,66.1,74.7,59.2,63.8,50.4,65.9,11.1,20.0,66.7,87.1,97.0,53.8,71.5,55.0,44.5,35,15,15,22,5,38.83
7392,North America,2814,Nicaragua,2007,58.9,61.9,52.1,66.9,75.2,60.9,64.1,50.2,66.1,11.2,20.0,66.0,87.2,97.0,51.9,71.5,53.5,45.2,35,25,25,20,15,37.82
7393,North America,2815,Nicaragua,2008,59.4,61.9,52.7,69.1,74.9,60.9,64.3,51.8,65.4,11.5,20.0,66.3,87.6,97.1,56.7,71.4,53.8,44.6,10,20,15,22,15,36.82
7394,North America,2816,Nicaragua,2009,60.1,61.9,53.3,70.4,74.9,62.0,64.5,52.4,64.3,11.8,33.3,65.1,87.0,97.1,54.1,71.3,52.5,45.6,20,20,15,20,5,35.81
7395,North America,2817,Nicaragua,2010,60.8,61.9,53.4,71.9,75.9,62.0,64.8,53.2,64.5,12.2,33.3,67.1,87.5,97.1,56.3,71.3,52.6,49.1,37,28,15,18,15,34.8
7396,North America,2818,Nicaragua,2011,61.6,62.6,54.1,71.6,75.9,73.3,65.0,53.5,65.2,12.4,33.3,69.4,87.3,96.8,52.2,71.2,53.3,49.9,30,28,18,18,5,34.34
7397,North America,2819,Nicaragua,2012,62.6,64.1,53.5,71.2,75.9,73.3,65.2,55.2,65.9,13.0,33.3,68.8,87.1,96.9,63.6,71.1,55.9,50.8,30,25,15,30,5,33.87
7398,North America,2820,Nicaragua,2013,63.1,65.3,52.7,72.9,75.9,78.0,65.5,56.7,65.9,13.2,33.3,68.3,87.1,96.8,62.4,71.4,56.9,50.8,25,33,15,23,5,33.4
7399,North America,2821,Nicaragua,2014,63.1,66.7,52.5,73.5,75.9,79.5,65.7,57.5,67.1,13.3,23.7,71.5,87.3,96.8,63.3,71.3,55.5,50.8,35,30,15,30,5,32.94
7400,North America,2822,Nicaragua,2015,63.3,68.5,52.7,74.2,78.0,79.2,66.0,57.1,67.2,14.5,23.7,72.0,86.7,96.2,61.8,71.2,56.1,51.6,38,38,18,25,8,32.47
7401,North America,2823,Nicaragua,2016,63.8,70.5,53.5,74.4,78.0,81.6,66.2,57.8,67.7,19.4,23.7,71.1,86.5,96.2,58.9,71.2,55.6,52.4,38,35,15,25,10,31.64
7402,North America,2824,Nicaragua,2017,64.9,71.1,54.1,75.7,78.0,81.8,66.2,58.6,70.6,21.2,23.7,73.1,86.8,96.3,63.3,71.1,58.1,53.8,44,20,15,24,15,30.81
7403,North America,2825,Nicaragua,2018,63.7,68.5,54.8,74.9,78.0,81.6,66.3,59.6,68.4,20.7,23.7,64.8,87.1,96.9,64.7,61.8,55.6,55.1,45,30,15,14,10,29.98
7404,North America,2826,Nicaragua,2019,64.4,67.3,54.8,75.9,78.0,80.8,66.3,59.2,68.3,21.7,23.7,76.4,87.1,96.9,62.0,61.7,56.5,57.8,55,30,20,20,15,29.15
7405,North America,2827,Nicaragua,2020,64.4,66.5,54.4,75.6,78.0,82.0,66.3,59.7,67.9,27.6,23.7,73.2,87.1,97.1,62.0,61.6,54.1,58.0,60,35,15,15,7,28.32
7406,North America,2828,Nicaragua,2021,64.8,69.6,54.8,74.3,78.0,83.7,66.3,59.7,67.6,30.0,23.7,71.9,87.3,97.0,62.0,64.3,53.8,58.3,55,40,15,17,10,
7407,North America,2829,Nicaragua,2022,64.8,71.7,54.8,74.8,78.0,83.9,66.3,59.7,67.6,30.0,23.7,73.2,87.3,97.0,61.9,64.1,49.4,58.1,72,28,15,18,10,
7408,Africa,2830,Niger,2000,38.2,3.7,38.6,19.2,0.0,23.3,39.9,7.5,67.1,9.5,31.4,31.9,95.7,99.5,0.0,52.0,51.1,41.2,25,40,8,20,7,1.05
7409,Africa,2831,Niger,2001,38.2,3.7,39.5,19.4,0.0,23.3,39.9,6.2,67.1,9.5,31.4,32.0,95.6,99.5,0.0,51.9,51.1,40.8,20,40,20,30,7,1.04
7410,Africa,2832,Niger,2002,38.3,3.7,39.3,19.7,0.0,23.3,39.9,7.3,66.9,9.5,31.4,32.2,95.5,99.5,0.0,51.9,51.1,41.1,25,40,10,12,10,1.03
7411,Africa,2833,Niger,2003,38.2,3.7,39.4,19.8,0.0,23.3,39.9,6.8,66.6,9.5,31.4,32.4,95.6,99.5,0.0,51.8,51.1,40.1,35,20,15,15,8,1.02
7412,Africa,2834,Niger,2004,38.5,3.7,38.4,20.6,0.0,29.1,39.9,6.8,66.4,9.5,31.4,32.5,95.4,99.5,0.0,51.7,51.1,40.3,25,40,35,15,10,1.01
7413,Africa,2835,Niger,2005,39.6,3.7,39.0,21.6,0.0,29.1,40.1,11.3,66.2,9.5,31.4,35.9,95.6,99.5,0.0,58.8,51.1,41.5,35,35,18,15,10,1.0
7414,Africa,2836,Niger,2006,40.2,3.7,42.7,22.9,0.0,29.3,40.3,11.0,66.4,9.5,31.4,36.0,95.6,99.5,0.0,58.6,51.0,44.7,40,25,15,22,5,0.99
7415,Africa,2837,Niger,2007,42.4,3.7,42.1,25.3,0.0,29.7,40.5,11.2,66.7,9.5,62.9,39.4,95.7,99.5,0.0,58.6,49.0,45.0,25,35,15,18,10,0.98
7416,Africa,2838,Niger,2008,41.7,3.7,41.5,26.9,0.0,30.2,40.7,9.9,67.0,9.5,62.9,29.9,95.6,99.5,0.0,58.5,46.9,44.6,30,55,15,18,10,0.97
7417,Africa,2839,Niger,2009,42.4,3.7,42.4,27.8,0.0,29.3,40.9,9.0,67.2,9.5,62.9,37.8,95.4,99.5,0.0,58.5,48.4,45.6,30,40,15,14,10,0.96
7418,Africa,2840,Niger,2010,42.4,3.7,40.4,29.1,0.7,29.8,41.2,7.8,67.5,9.5,62.9,37.7,95.5,99.5,0.0,58.4,51.0,44.2,38,35,10,25,10,0.95
7419,Africa,2841,Niger,2011,44.7,5.0,42.3,30.4,3.3,32.3,41.4,9.3,67.7,9.5,84.3,39.9,95.9,99.5,0.0,58.3,51.4,44.7,38,45,15,18,10,0.94
7420,Africa,2842,Niger,2012,44.7,6.4,40.9,30.6,4.0,34.5,41.7,6.1,66.7,10.6,84.3,38.8,96.0,99.5,0.0,58.3,51.9,44.5,38,55,15,18,7,0.93
7421,Africa,2843,Niger,2013,45.1,6.9,42.9,31.1,3.8,34.1,41.9,5.8,67.2,10.6,84.3,43.2,95.9,99.5,0.0,58.2,50.5,45.9,40,60,15,15,10,0.92
7422,Africa,2844,Niger,2014,44.5,6.5,43.1,33.2,3.8,34.4,42.1,4.3,67.6,8.2,75.5,41.2,95.9,99.4,0.0,58.1,49.6,48.1,40,66,15,22,8,0.91
7423,Africa,2845,Niger,2015,44.8,7.3,44.0,34.7,4.7,35.0,42.3,9.3,67.6,8.3,75.5,37.2,96.0,99.5,0.0,58.1,50.0,46.8,40,55,15,18,10,0.9
7424,Africa,2846,Niger,2016,44.8,9.2,46.7,34.8,5.3,35.5,42.6,9.2,67.6,9.6,75.5,36.6,96.1,99.5,0.0,58.0,46.8,44.2,35,63,30,20,10,0.89
7425,Africa,2847,Niger,2017,46.9,11.0,46.7,36.7,6.9,39.5,42.8,11.0,68.8,10.7,75.5,40.0,96.0,99.5,0.0,72.2,47.5,45.8,40,55,18,18,7,0.88
7426,Africa,2848,Niger,2018,46.2,11.9,43.2,37.2,3.5,40.3,42.9,9.0,68.8,9.3,63.2,47.9,96.2,99.5,0.0,72.1,46.8,47.1,40,60,18,25,20,0.87
7427,Africa,2849,Niger,2019,46.9,11.9,46.8,37.9,2.8,41.0,43.1,10.8,69.3,10.4,63.2,47.2,96.2,99.5,0.0,74.0,48.7,47.9,38,63,18,19,10,0.86
7428,Africa,2850,Niger,2020,46.8,12.2,44.9,37.7,2.8,38.9,43.3,10.9,67.8,11.2,63.2,47.4,96.2,99.5,0.0,73.9,49.6,48.7,35,45,15,20,10,0.85
7429,Africa,2851,Niger,2021,47.1,10.1,44.8,38.4,3.0,43.5,43.3,10.9,67.5,11.3,63.2,47.4,96.2,99.5,0.0,73.9,49.7,51.6,40,63,12,15,15,
7430,Africa,2852,Niger,2022,48.3,12.8,45.3,37.6,3.0,43.7,43.3,10.9,67.6,11.3,63.2,46.2,96.2,99.5,0.0,73.8,49.0,51.7,42,62,12,15,10,
7431,Africa,2853,Nigeria,2000,46.1,39.7,58.3,21.8,26.3,34.0,45.1,10.1,62.4,15.0,52.5,27.6,96.1,96.8,57.9,67.9,37.6,35.5,30,60,25,18,15,27.33
7432,Africa,2854,Nigeria,2001,46.2,39.7,57.8,21.9,27.0,34.0,45.6,10.3,62.4,15.0,52.5,27.3,96.0,96.7,57.6,67.9,37.6,35.5,43,40,22,25,15,27.15
7433,Africa,2855,Nigeria,2002,46.6,39.7,57.9,21.3,27.0,34.0,46.3,16.9,62.5,15.1,52.5,27.6,95.9,96.6,57.6,67.9,37.6,35.5,45,60,15,18,10,26.97
7434,Africa,2856,Nigeria,2003,46.8,39.7,58.0,21.7,31.2,34.6,47.0,15.2,62.5,15.1,52.5,27.3,95.9,96.6,56.9,67.9,37.6,35.5,35,40,15,35,5,26.79
7435,Africa,2857,Nigeria,2004,47.3,39.7,58.5,22.8,32.4,35.5,47.7,18.6,62.5,15.1,52.5,27.7,96.0,96.6,58.1,67.9,37.6,35.5,35,65,18,20,15,26.61
7436,Africa,2858,Nigeria,2005,47.6,39.7,58.7,23.2,32.7,37.3,48.4,17.3,62.5,15.3,52.5,30.4,95.9,96.6,58.3,67.8,37.6,35.5,45,40,20,32,18,26.44
7437,Africa,2859,Nigeria,2006,48.3,39.7,58.8,23.7,39.0,37.9,49.1,19.4,62.5,15.7,52.5,30.8,95.9,96.7,58.2,67.8,37.6,35.5,40,60,35,25,15,26.26
7438,Africa,2860,Nigeria,2007,48.4,39.7,58.4,24.5,41.0,39.1,49.8,22.1,62.5,15.9,52.5,27.3,95.9,96.8,58.2,67.8,36.2,35.5,50,75,20,28,15,26.08
7439,Africa,2861,Nigeria,2008,49.0,39.7,59.1,25.8,28.6,40.2,50.5,20.2,62.5,16.1,52.5,34.5,95.8,96.8,58.5,79.7,36.9,35.5,45,68,18,22,20,25.9
7440,Africa,2862,Nigeria,2009,48.7,39.7,58.0,27.7,29.4,40.2,51.3,21.3,62.5,16.3,52.5,25.7,95.9,97.0,59.0,79.7,35.7,35.5,55,40,35,20,10,25.72
7441,Africa,2863,Nigeria,2010,50.7,39.7,57.5,29.0,33.5,40.2,52.0,19.5,62.5,16.7,71.0,37.6,95.8,96.7,59.3,79.7,35.8,35.5,50,60,22,20,10,25.54
7442,Africa,2864,Nigeria,2011,50.7,39.6,57.6,29.3,33.5,39.9,52.8,19.5,62.5,17.0,71.0,34.3,95.6,96.2,59.9,79.7,38.4,35.7,50,60,35,20,15,25.36
7443,Africa,2865,Nigeria,2012,51.2,40.8,57.0,30.0,33.5,40.1,53.5,24.2,62.5,17.0,71.8,34.5,95.8,97.0,59.4,79.7,37.1,35.7,50,65,20,20,10,25.18
7444,Africa,2866,Nigeria,2013,51.9,47.2,56.5,27.4,41.3,41.8,54.3,23.6,62.5,17.9,71.8,36.2,95.9,96.7,58.9,79.7,34.7,35.6,63,65,30,22,5,25.0
7445,Africa,2867,Nigeria,2014,52.4,44.5,60.5,27.7,41.3,41.8,55.0,23.2,65.0,20.3,71.8,35.1,95.9,96.6,60.6,79.7,37.0,35.6,55,68,30,20,35,24.82
7446,Africa,2868,Nigeria,2015,52.5,42.1,61.1,29.7,41.3,41.2,55.8,25.1,66.4,22.2,70.4,28.3,96.0,97.1,60.7,79.7,39.1,35.8,59,63,35,28,10,24.64
7447,Africa,2869,Nigeria,2016,52.3,39.7,58.8,31.2,41.3,40.8,56.6,27.2,66.2,22.1,70.4,26.9,96.0,97.3,61.5,79.7,38.6,35.6,54,65,32,30,10,24.46
7448,Africa,2870,Nigeria,2017,52.8,39.6,58.0,33.7,41.3,40.8,57.3,24.8,66.5,26.1,70.4,32.5,95.8,97.3,62.5,79.7,36.3,34.8,45,60,28,22,20,24.28
7449,Africa,2871,Nigeria,2018,53.2,42.3,61.3,34.2,38.8,40.1,58.1,23.7,65.9,31.1,72.8,33.6,95.7,96.9,63.3,74.6,36.3,35.0,55,70,28,30,65,24.1
7450,Africa,2872,Nigeria,2019,53.2,40.6,60.8,33.8,38.8,39.1,58.9,24.4,67.0,34.6,72.8,28.7,95.7,96.8,62.1,74.6,40.2,36.2,58,66,35,25,15,23.93
7451,Africa,2873,Nigeria,2020,53.3,38.9,60.9,36.1,38.8,41.0,59.7,25.0,65.8,39.2,72.8,25.0,95.7,96.8,62.1,74.6,37.3,37.3,45,65,23,20,10,23.75
7452,Africa,2874,Nigeria,2021,54.1,49.2,61.0,34.9,38.8,39.1,59.7,25.0,66.5,40.2,72.8,27.4,95.6,96.7,62.1,76.4,36.5,38.2,60,72,35,23,15,
7453,Africa,2875,Nigeria,2022,54.3,49.9,61.1,36.2,38.8,39.2,59.7,25.0,66.6,40.6,72.8,29.4,95.6,96.7,62.1,76.4,34.7,37.9,65,66,20,30,65,
7454,Asia,2876,North Korea,2000,59.7,0.0,58.0,73.6,65.4,17.5,47.7,63.4,79.9,22.1,0.0,80.9,70.4,42.3,76.3,65.5,75.3,56.6,95,5,5,15,5,53.61
7455,Asia,2877,North Korea,2001,60.2,0.0,56.7,73.7,68.4,18.0,48.1,64.8,79.8,22.5,0.0,80.9,69.3,43.5,77.6,65.4,75.3,58.5,93,6,5,10,7,53.43
7456,Asia,2878,North Korea,2002,59.8,0.0,58.0,73.1,68.7,18.5,48.5,63.4,79.8,22.8,0.0,80.9,69.0,40.1,74.2,65.1,75.3,59.5,92,5,5,15,7,53.25
7457,Asia,2879,North Korea,2003,59.4,0.0,57.6,73.8,68.0,18.9,49.9,60.8,79.7,23.2,0.0,80.9,69.4,35.6,75.3,64.9,75.2,58.5,93,5,5,14,5,53.08
7458,Asia,2880,North Korea,2004,59.7,0.0,57.9,73.4,68.0,19.5,49.3,63.9,79.6,23.1,0.0,80.9,68.0,38.9,75.3,64.7,75.0,58.3,95,5,5,8,7,52.9
7459,Asia,2881,North Korea,2005,59.5,0.0,57.5,73.6,68.0,20.1,48.9,64.1,79.7,23.3,0.0,81.0,67.3,38.0,75.6,64.5,74.8,56.5,95,5,5,16,7,52.72
7460,Asia,2882,North Korea,2006,58.9,0.0,56.9,73.8,68.0,20.6,48.5,62.6,79.6,23.7,0.0,81.3,66.4,32.0,76.3,64.4,73.4,56.7,90,5,4,14,5,52.55
7461,Asia,2883,North Korea,2007,58.8,0.0,56.7,73.1,68.0,20.4,48.0,61.1,79.4,25.2,0.0,81.5,66.1,29.3,76.6,64.1,75.2,56.9,95,10,5,15,6,52.37
7462,Asia,2884,North Korea,2008,58.8,0.0,56.0,72.5,68.2,20.8,47.8,63.1,79.3,25.9,0.0,81.8,66.1,28.4,76.3,64.0,75.0,56.1,92,5,5,35,5,52.2
7463,Asia,2885,North Korea,2009,60.9,0.0,61.1,72.6,81.3,23.1,48.1,64.9,79.7,29.2,0.0,82.0,68.1,30.6,75.1,63.8,75.2,58.4,95,7,5,9,5,52.02
7464,Asia,2886,North Korea,2010,61.1,0.0,61.2,74.5,81.3,25.4,48.3,64.6,79.5,32.0,0.0,82.6,65.2,26.9,76.1,63.5,75.1,59.8,91,10,5,15,8,51.84
7465,Asia,2887,North Korea,2011,61.5,0.0,60.9,73.3,81.6,27.2,48.7,64.1,79.6,35.4,0.0,82.8,66.5,27.9,77.0,63.4,75.4,58.5,95,7,2,15,7,51.67
7466,Asia,2888,North Korea,2012,61.7,0.0,61.1,73.4,80.1,28.5,49.0,64.5,79.7,38.6,0.0,82.9,66.6,25.7,77.1,63.3,75.4,59.4,91,8,3,15,8,51.49
7467,Asia,2889,North Korea,2013,62.5,0.0,60.8,76.4,85.1,29.2,49.3,64.5,79.7,42.7,0.0,83.1,66.3,24.3,77.6,63.0,74.6,60.6,94,5,5,12,10,51.31
7468,Asia,2890,North Korea,2014,64.7,0.0,60.1,78.3,90.9,35.5,49.6,65.6,80.0,44.0,0.0,84.0,69.2,32.7,77.6,63.7,76.4,62.2,95,5,5,15,7,51.14
7469,Asia,2891,North Korea,2015,65.1,0.0,59.8,80.2,91.9,35.7,49.8,66.5,80.1,46.1,0.0,82.4,69.4,32.3,78.5,63.5,76.3,64.4,94,5,5,12,5,50.96
7470,Asia,2892,North Korea,2016,66.2,0.0,59.0,80.7,94.0,35.9,50.0,67.0,80.3,51.4,0.0,83.7,71.2,36.9,78.7,63.3,75.7,64.6,93,6,2,11,7,50.78
7471,Asia,2893,North Korea,2017,66.9,0.0,58.9,81.6,92.2,35.9,50.1,66.8,80.8,58.4,0.0,83.2,71.7,37.2,78.9,63.1,75.4,69.3,95,5,3,12,5,50.61
7472,Asia,2894,North Korea,2018,66.7,0.0,58.6,82.0,90.2,35.9,50.3,67.0,81.5,55.9,0.0,83.1,73.8,37.3,78.6,62.9,77.5,66.5,95,6,5,15,5,50.43
7473,Asia,2895,North Korea,2019,67.3,0.0,58.3,83.1,92.4,36.5,50.4,67.0,81.4,60.4,0.0,83.1,73.7,37.6,77.9,62.9,76.2,68.8,93,5,3,12,5,50.26
7474,Asia,2896,North Korea,2020,67.8,0.0,58.0,83.5,93.2,36.4,50.5,67.0,80.6,62.8,0.0,83.3,73.7,37.3,77.9,62.7,76.8,73.0,95,6,3,18,5,50.08
7475,Asia,2897,North Korea,2021,67.3,0.0,57.9,83.5,85.0,36.6,50.5,67.0,80.9,66.6,0.0,83.3,74.2,33.7,77.9,62.4,76.3,73.6,92,5,2,10,6,
7476,Asia,2898,North Korea,2022,68.6,0.0,57.9,83.5,85.0,37.2,50.5,67.0,80.9,67.2,0.0,83.3,74.2,33.7,77.9,62.2,67.3,74.3,95,7,2,15,7,
7477,Europe,2899,North Macedonia,2000,65.9,93.5,59.4,70.0,70.5,34.4,71.3,64.3,61.7,23.6,39.0,74.7,80.4,86.3,0.0,80.6,74.3,70.9,35,45,20,30,12,37.97
7478,Europe,2900,North Macedonia,2001,65.7,93.5,58.2,70.5,69.8,34.7,71.5,62.0,61.7,23.4,39.0,74.7,81.0,86.4,0.0,80.6,74.2,70.7,50,65,22,25,10,37.98
7479,Europe,2901,North Macedonia,2002,66.3,93.5,59.8,70.3,70.3,40.5,71.6,62.4,61.7,25.3,39.0,74.7,80.7,87.3,0.0,80.6,74.2,69.3,30,40,18,25,5,37.99
7480,Europe,2902,North Macedonia,2003,66.4,93.5,58.9,71.3,69.0,41.1,70.7,64.6,61.7,25.5,39.0,74.7,80.7,87.1,0.0,80.6,74.1,69.6,35,38,20,32,5,38.0
7481,Europe,2903,North Macedonia,2004,66.6,93.5,62.3,71.3,68.1,41.8,69.7,65.1,61.7,26.6,39.0,74.7,79.9,87.2,0.0,80.6,74.6,69.2,20,40,20,35,15,38.01
7482,Europe,2904,North Macedonia,2005,66.7,93.5,61.3,71.8,68.4,42.1,68.9,66.2,61.7,27.1,39.0,75.3,80.1,87.2,0.0,80.6,75.2,68.7,37,50,15,35,15,38.02
7483,Europe,2905,North Macedonia,2006,67.0,93.5,60.3,71.4,67.5,47.0,70.7,66.7,61.7,27.5,39.0,75.4,80.5,87.5,0.0,80.7,74.8,67.2,37,55,24,35,5,38.04
7484,Europe,2906,North Macedonia,2007,67.0,93.5,57.4,71.5,67.1,47.7,72.5,65.9,61.7,29.0,39.0,75.4,79.6,88.6,0.0,80.7,74.8,67.6,35,38,22,30,10,38.05
7485,Europe,2907,North Macedonia,2008,67.0,93.5,61.7,72.4,65.9,49.2,71.3,65.8,61.6,31.2,39.0,70.0,80.2,88.7,0.0,80.7,72.2,68.2,38,38,32,35,12,38.06
7486,Europe,2908,North Macedonia,2009,67.4,93.5,62.2,72.6,67.1,49.8,70.1,68.3,61.7,32.4,39.0,72.8,80.9,89.3,0.0,80.7,72.2,66.6,30,60,22,30,15,38.07
7487,Europe,2909,North Macedonia,2010,68.4,93.5,61.2,73.7,68.5,50.0,71.0,71.1,61.7,32.2,52.2,70.0,81.1,89.4,0.0,80.7,73.7,65.3,40,50,25,33,10,38.08
7488,Europe,2910,North Macedonia,2011,68.7,92.4,63.0,74.0,68.5,49.4,71.9,68.7,61.6,33.7,56.4,71.2,80.7,88.2,0.0,80.7,74.3,64.7,35,40,22,35,12,38.35
7489,Europe,2911,North Macedonia,2012,69.2,92.6,60.7,75.2,66.5,50.4,72.9,68.6,61.7,37.5,61.4,70.4,81.0,89.5,0.0,80.7,74.3,64.5,38,60,25,35,5,38.62
7490,Europe,2912,North Macedonia,2013,70.6,92.9,62.6,75.9,66.8,51.8,73.7,70.9,61.7,39.6,69.7,74.1,81.2,90.3,0.0,80.7,73.4,63.7,35,60,22,32,15,38.89
7491,Europe,2913,North Macedonia,2014,71.0,93.3,64.7,76.1,67.9,51.2,72.9,70.7,61.4,41.8,73.3,75.9,81.1,90.3,0.0,80.7,72.7,62.8,38,65,45,30,17,39.16
7492,Europe,2914,North Macedonia,2015,70.9,93.9,62.4,75.9,71.5,51.2,72.1,72.8,59.3,42.6,71.9,73.2,81.4,91.0,0.0,80.7,70.4,63.7,35,55,33,28,15,39.43
7493,Europe,2915,North Macedonia,2016,71.1,94.4,64.9,76.0,71.5,50.8,71.2,71.9,60.2,43.5,76.0,69.9,81.0,90.8,0.0,80.7,71.0,63.2,43,50,20,36,12,39.49
7494,Europe,2916,North Macedonia,2017,71.6,94.7,60.7,76.7,73.6,53.3,71.4,70.6,64.8,44.3,77.1,71.9,80.8,90.2,0.0,80.7,71.6,63.8,38,52,30,35,5,39.54
7495,Europe,2917,North Macedonia,2018,73.0,95.1,64.5,76.4,75.0,56.3,71.6,72.3,66.0,45.1,81.5,73.3,80.8,90.7,0.0,80.7,72.8,65.8,35,55,40,38,10,39.6
7496,Europe,2918,North Macedonia,2019,73.0,95.6,62.6,76.9,72.8,58.2,71.7,69.7,68.1,45.5,81.5,73.1,80.6,89.9,0.0,80.7,73.1,68.6,37,60,33,43,10,39.65
7497,Europe,2919,North Macedonia,2020,72.5,95.1,62.8,75.7,66.6,58.0,71.8,69.9,68.3,45.9,81.5,67.8,80.6,91.0,0.0,81.2,72.4,70.8,33,56,35,40,15,39.71
7498,Europe,2920,North Macedonia,2021,73.1,95.6,62.6,77.4,66.6,58.8,71.8,69.9,70.1,46.7,81.5,69.9,81.2,90.8,0.0,81.2,73.5,72.6,40,45,40,40,12,
7499,Europe,2921,North Macedonia,2022,72.5,96.2,62.6,76.9,66.6,59.0,71.8,69.9,70.0,46.7,81.5,65.6,81.2,90.8,0.0,81.2,73.9,72.7,36,55,35,20,20,
7500,Europe,2922,Norway,2000,79.2,99.3,64.8,90.1,98.4,82.7,83.7,98.8,85.9,77.4,94.7,90.9,40.1,17.6,72.8,68.6,90.3,89.2,10,10,85,80,5,39.83
7501,Europe,2923,Norway,2001,79.2,99.3,64.0,90.8,98.3,82.6,83.7,98.5,85.7,79.2,94.7,90.9,39.6,17.2,72.1,68.6,90.4,90.4,10,15,90,79,8,39.82
7502,Europe,2924,Norway,2002,79.6,99.3,63.2,90.3,98.3,83.1,83.7,98.8,85.6,80.7,94.7,90.9,38.7,17.6,74.2,71.0,90.3,92.8,10,18,90,76,10,39.82
7503,Europe,2925,Norway,2003,79.9,99.3,64.3,90.7,98.5,83.3,83.7,98.2,85.5,81.7,94.5,90.9,38.7,17.2,77.0,71.5,90.3,92.9,10,20,85,78,7,39.82
7504,Europe,2926,Norway,2004,79.8,99.3,65.5,91.4,99.3,84.4,83.7,98.4,85.4,81.1,88.9,90.9,39.4,17.2,77.7,71.6,90.8,92.3,10,18,88,85,8,39.81
7505,Europe,2927,Norway,2005,79.7,99.3,64.0,92.6,98.7,84.3,83.7,98.7,85.5,81.5,90.3,91.0,38.4,17.7,75.9,71.7,91.1,90.9,8,8,85,78,10,39.81
7506,Europe,2928,Norway,2006,79.9,99.3,63.0,92.9,98.7,84.6,83.7,98.5,86.0,81.5,94.7,91.0,38.8,17.6,74.8,72.0,91.2,89.6,8,5,88,82,10,39.81
7507,Europe,2929,Norway,2007,79.9,99.3,63.3,93.0,99.1,83.8,83.7,98.6,86.3,82.5,94.7,91.0,37.2,17.1,74.9,71.9,91.1,90.1,8,8,85,75,8,39.8
7508,Europe,2930,Norway,2008,80.1,99.3,64.8,93.5,99.2,84.0,83.7,98.4,86.2,83.0,100.0,84.1,38.9,17.6,76.6,72.0,90.4,89.6,9,15,85,75,7,39.8
7509,Europe,2931,Norway,2009,80.5,99.3,61.9,93.8,98.1,85.8,83.7,98.2,86.1,85.5,100.0,84.1,40.7,18.3,77.5,72.0,90.4,92.5,8,18,85,82,10,39.8
7510,Europe,2932,Norway,2010,80.4,99.3,63.3,94.8,98.2,85.8,83.7,98.3,85.7,86.2,100.0,84.1,38.9,17.7,77.6,72.1,89.8,91.8,6,15,88,78,8,39.79
7511,Europe,2933,Norway,2011,80.3,99.5,61.4,95.2,98.7,85.9,83.7,98.6,85.7,86.4,100.0,84.0,37.9,18.2,77.0,72.7,89.3,91.1,8,18,85,80,7,39.82
7512,Europe,2934,Norway,2012,80.8,99.4,61.9,95.5,99.7,85.9,83.7,98.7,85.9,85.7,100.0,87.9,38.4,18.5,75.9,72.7,90.7,92.6,10,28,85,82,10,39.84
7513,Europe,2935,Norway,2013,80.8,99.3,60.8,95.3,99.3,87.8,83.7,98.5,85.7,86.2,100.0,88.0,37.7,18.6,74.7,72.8,92.1,92.9,10,25,80,78,8,39.87
7514,Europe,2936,Norway,2014,81.1,99.3,63.3,95.4,98.4,87.8,83.7,98.6,85.6,89.2,100.0,88.4,38.6,18.6,73.4,73.0,92.5,92.9,10,30,80,83,7,39.89
7515,Europe,2937,Norway,2015,81.4,99.3,64.2,96.7,99.6,87.7,83.7,98.6,85.4,89.8,98.1,89.3,40.7,18.6,73.3,73.0,92.0,92.9,10,18,86,79,5,39.92
7516,Europe,2938,Norway,2016,81.1,98.8,63.7,96.9,98.8,87.8,83.7,98.9,85.2,87.1,98.3,89.8,40.4,19.0,72.5,73.2,91.2,92.9,10,15,85,83,10,39.95
7517,Europe,2939,Norway,2017,81.7,99.1,63.5,97.1,97.4,88.9,83.7,98.7,85.4,91.8,100.0,91.5,40.5,19.3,72.1,73.2,92.0,94.2,10,20,88,83,7,39.97
7518,Europe,2940,Norway,2018,81.5,99.2,58.0,96.8,97.5,88.8,83.7,98.6,85.5,91.1,99.9,89.5,41.3,19.4,73.2,73.9,92.2,96.7,10,22,88,78,10,40.0
7519,Europe,2941,Norway,2019,81.9,99.2,61.8,97.3,97.6,88.6,83.7,98.5,85.6,91.8,99.7,90.8,41.3,20.0,74.6,73.9,92.2,96.7,14,25,85,82,10,40.02
7520,Europe,2942,Norway,2020,82.2,99.2,61.7,97.1,98.0,88.9,83.7,98.5,85.2,92.2,99.4,93.2,41.3,20.5,74.6,74.1,92.4,96.8,15,16,85,78,10,40.05
7521,Europe,2943,Norway,2021,82.1,99.2,60.8,97.3,98.0,90.9,83.7,98.5,85.2,92.4,99.4,94.0,39.8,20.7,74.6,74.1,91.9,95.6,10,23,85,80,8,
7522,Europe,2944,Norway,2022,82.0,99.2,60.8,97.1,98.0,92.9,83.7,98.5,85.9,92.4,99.4,91.2,39.8,20.7,74.6,74.1,91.7,94.0,12,23,86,80,10,
7523,Asia,2945,Oman,2000,59.7,0.0,58.0,73.6,65.4,17.5,47.7,63.4,79.9,22.1,0.0,80.9,70.4,42.3,76.3,65.5,75.3,56.6,15,30,13,40,7,0.01
7524,Asia,2946,Oman,2001,60.2,0.0,56.7,73.7,68.4,18.0,48.1,64.8,79.8,22.5,0.0,80.9,69.3,43.5,77.6,65.4,75.3,58.5,15,18,10,65,8,0.01
7525,Asia,2947,Oman,2002,59.8,0.0,58.0,73.1,68.7,18.5,48.5,63.4,79.8,22.8,0.0,80.9,69.0,40.1,74.2,65.1,75.3,59.5,15,20,12,65,12,0.01
7526,Asia,2948,Oman,2003,59.4,0.0,57.6,73.8,68.0,18.9,49.9,60.8,79.7,23.2,0.0,80.9,69.4,35.6,75.3,64.9,75.2,58.5,20,30,11,60,10,0.01
7527,Asia,2949,Oman,2004,59.7,0.0,57.9,73.4,68.0,19.5,49.3,63.9,79.6,23.1,0.0,80.9,68.0,38.9,75.3,64.7,75.0,58.3,18,15,8,60,10,0.01
7528,Asia,2950,Oman,2005,59.5,0.0,57.5,73.6,68.0,20.1,48.9,64.1,79.7,23.3,0.0,81.0,67.3,38.0,75.6,64.5,74.8,56.5,10,20,10,60,10,0.01
7529,Asia,2951,Oman,2006,58.9,0.0,56.9,73.8,68.0,20.6,48.5,62.6,79.6,23.7,0.0,81.3,66.4,32.0,76.3,64.4,73.4,56.7,20,23,12,60,10,0.01
7530,Asia,2952,Oman,2007,58.8,0.0,56.7,73.1,68.0,20.4,48.0,61.1,79.4,25.2,0.0,81.5,66.1,29.3,76.6,64.1,75.2,56.9,20,18,9,60,10,0.01
7531,Asia,2953,Oman,2008,58.8,0.0,56.0,72.5,68.2,20.8,47.8,63.1,79.3,25.9,0.0,81.8,66.1,28.4,76.3,64.0,75.0,56.1,18,15,15,60,10,0.01
7532,Asia,2954,Oman,2009,60.9,0.0,61.1,72.6,81.3,23.1,48.1,64.9,79.7,29.2,0.0,82.0,68.1,30.6,75.1,63.8,75.2,58.4,20,22,15,60,5,0.01
7533,Asia,2955,Oman,2010,61.1,0.0,61.2,74.5,81.3,25.4,48.3,64.6,79.5,32.0,0.0,82.6,65.2,26.9,76.1,63.5,75.1,59.8,20,20,18,60,10,0.01
7534,Asia,2956,Oman,2011,61.5,0.0,60.9,73.3,81.6,27.2,48.7,64.1,79.6,35.4,0.0,82.8,66.5,27.9,77.0,63.4,75.4,58.5,25,25,18,65,8,0.01
7535,Asia,2957,Oman,2012,61.7,0.0,61.1,73.4,80.1,28.5,49.0,64.5,79.7,38.6,0.0,82.9,66.6,25.7,77.1,63.3,75.4,59.4,25,40,12,70,10,0.01
7536,Asia,2958,Oman,2013,62.5,0.0,60.8,76.4,85.1,29.2,49.3,64.5,79.7,42.7,0.0,83.1,66.3,24.3,77.6,63.0,74.6,60.6,35,30,18,60,10,0.01
7537,Asia,2959,Oman,2014,64.7,0.0,60.1,78.3,90.9,35.5,49.6,65.6,80.0,44.0,0.0,84.0,69.2,32.7,77.6,63.7,76.4,62.2,18,30,18,75,10,0.01
7538,Asia,2960,Oman,2015,65.1,0.0,59.8,80.2,91.9,35.7,49.8,66.5,80.1,46.1,0.0,82.4,69.4,32.3,78.5,63.5,76.3,64.4,15,30,15,60,10,0.01
7539,Asia,2961,Oman,2016,66.2,0.0,59.0,80.7,94.0,35.9,50.0,67.0,80.3,51.4,0.0,83.7,71.2,36.9,78.7,63.3,75.7,64.6,20,33,18,75,20,0.01
7540,Asia,2962,Oman,2017,66.9,0.0,58.9,81.6,92.2,35.9,50.1,66.8,80.8,58.4,0.0,83.2,71.7,37.2,78.9,63.1,75.4,69.3,12,28,20,65,15,0.01
7541,Asia,2963,Oman,2018,66.7,0.0,58.6,82.0,90.2,35.9,50.3,67.0,81.5,55.9,0.0,83.1,73.8,37.3,78.6,62.9,77.5,66.5,25,39,17,60,30,0.01
7542,Asia,2964,Oman,2019,67.3,0.0,58.3,83.1,92.4,36.5,50.4,67.0,81.4,60.4,0.0,83.1,73.7,37.6,77.9,62.9,76.2,68.8,20,30,17,55,25,0.01
7543,Asia,2965,Oman,2020,67.8,0.0,58.0,83.5,93.2,36.4,50.5,67.0,80.6,62.8,0.0,83.3,73.7,37.3,77.9,62.7,76.8,73.0,15,22,17,55,15,0.01
7544,Asia,2966,Oman,2021,67.3,0.0,57.9,83.5,85.0,36.6,50.5,67.0,80.9,66.6,0.0,83.3,74.2,33.7,77.9,62.4,76.3,73.6,30,33,18,60,7,
7545,Asia,2967,Oman,2022,68.6,0.0,57.9,83.5,85.0,37.2,50.5,67.0,80.9,67.2,0.0,83.3,74.2,33.7,77.9,62.2,67.3,74.3,30,25,18,55,35,
7546,Asia,2968,Pakistan,2000,52.9,64.8,37.4,30.0,48.4,15.0,39.9,42.8,60.1,11.0,92.9,44.9,94.5,97.5,58.0,70.9,47.6,42.9,55,45,15,20,25,5.85
7547,Asia,2969,Pakistan,2001,52.8,64.8,35.4,30.6,48.4,15.5,40.4,43.5,60.1,11.1,92.9,44.6,94.4,97.5,57.6,70.8,47.5,42.8,70,38,15,25,10,5.8
7548,Asia,2970,Pakistan,2002,52.9,64.8,34.2,31.0,48.4,16.0,40.9,43.9,60.1,11.4,92.9,44.7,94.5,97.5,57.9,70.5,47.6,43.0,50,35,18,22,30,5.74
7549,Asia,2971,Pakistan,2003,53.1,64.8,34.5,31.5,48.4,16.9,41.4,44.5,60.1,11.8,92.9,44.4,94.5,97.5,59.7,70.4,47.6,42.3,40,40,20,23,0,5.69
7550,Asia,2972,Pakistan,2004,52.9,64.8,36.0,31.8,48.4,17.2,41.9,44.2,60.1,11.9,86.1,44.5,94.4,97.3,59.9,70.1,47.6,42.2,55,60,15,24,5,5.64
7551,Asia,2973,Pakistan,2005,53.0,64.8,36.7,32.7,48.5,17.6,42.4,45.2,60.1,12.8,84.5,43.8,94.3,97.3,60.1,69.9,47.6,42.6,70,50,15,35,40,5.58
7552,Asia,2974,Pakistan,2006,53.4,64.8,35.9,35.5,51.0,19.6,42.9,45.4,60.1,12.9,84.5,43.9,94.3,97.2,60.1,69.6,47.6,43.1,45,60,34,33,20,5.53
7553,Asia,2975,Pakistan,2007,53.4,64.8,36.5,34.3,49.2,18.8,43.3,44.8,60.1,13.9,89.8,44.0,94.2,97.1,60.4,69.5,44.0,43.5,55,55,15,14,40,5.47
7554,Asia,2976,Pakistan,2008,53.6,64.8,36.0,31.8,54.4,18.8,43.8,45.1,60.1,13.9,89.8,44.1,94.2,97.2,60.6,69.3,43.6,43.6,65,58,25,18,5,5.42
7555,Asia,2977,Pakistan,2009,53.5,64.8,35.8,33.6,54.5,20.0,44.3,45.7,60.1,13.4,89.8,42.1,94.1,97.2,60.5,69.1,41.2,43.4,65,60,22,20,35,5.36
7556,Asia,2978,Pakistan,2010,53.7,64.8,35.0,35.6,54.7,20.2,44.8,46.6,60.0,13.5,92.5,40.4,94.3,97.2,60.6,68.9,40.4,42.9,55,63,20,19,20,5.31
7557,Asia,2979,Pakistan,2011,53.8,66.0,35.6,36.3,54.4,20.7,45.3,46.7,59.9,13.1,89.7,42.2,94.3,97.2,60.8,68.6,41.4,42.7,62,63,25,22,40,5.27
7558,Asia,2980,Pakistan,2012,54.8,69.2,35.3,37.6,56.4,25.5,45.8,47.3,59.2,17.1,89.7,42.9,94.4,97.3,60.9,68.5,41.3,42.8,60,63,22,26,40,5.23
7559,Asia,2981,Pakistan,2013,55.4,70.7,39.4,38.0,56.7,27.4,46.2,48.4,58.5,17.2,90.5,42.8,94.3,97.3,60.8,68.2,42.4,43.5,65,63,25,23,63,5.19
7560,Asia,2982,Pakistan,2014,55.8,72.7,39.8,39.3,58.1,28.4,46.7,48.8,59.7,17.7,90.5,39.8,94.2,97.2,62.4,68.0,42.2,43.4,60,58,22,30,40,5.14
7561,Asia,2983,Pakistan,2015,55.9,73.3,39.1,40.6,58.2,28.6,47.2,48.8,58.6,18.7,84.4,43.5,94.3,97.0,62.6,67.7,44.1,43.8,63,59,22,32,65,5.1
7562,Asia,2984,Pakistan,2016,56.2,73.9,39.5,42.6,58.6,28.3,47.6,48.3,58.5,20.1,84.4,42.5,94.3,96.8,63.5,67.5,45.1,44.5,60,60,20,25,35,5.05
7563,Asia,2985,Pakistan,2017,57.2,73.8,40.5,43.3,59.7,29.8,48.1,47.7,59.9,27.6,84.4,44.8,94.2,96.5,63.4,67.3,45.8,45.4,72,60,30,30,40,4.99
7564,Asia,2986,Pakistan,2018,58.1,73.9,42.6,44.7,58.8,32.4,48.5,48.9,59.8,27.5,90.1,44.7,94.2,96.8,63.3,67.0,48.4,45.8,70,58,22,32,70,4.94
7565,Asia,2987,Pakistan,2019,58.4,75.8,42.9,44.3,59.7,37.0,49.0,49.5,59.6,27.2,90.1,44.2,94.2,96.8,63.2,66.9,47.6,45.5,68,63,20,33,10,4.89
7566,Asia,2988,Pakistan,2020,58.6,73.2,42.6,44.1,59.7,36.9,49.4,50.2,59.0,30.8,90.1,45.9,94.2,96.8,63.2,66.5,47.1,46.2,50,55,30,24,20,4.83
7567,Asia,2989,Pakistan,2021,59.1,77.1,43.4,44.5,59.7,37.2,49.4,50.2,59.6,33.5,90.1,46.3,94.3,96.6,63.3,66.3,45.3,48.5,63,63,22,28,50,
7568,Asia,2990,Pakistan,2022,59.0,79.1,43.6,45.2,59.7,37.2,49.4,50.2,59.4,33.5,90.1,43.9,94.3,96.6,63.3,65.8,42.2,48.8,60,64,15,22,70,
7569,Oceania,2991,Palau,2000,62.3,75.9,58.7,67.7,90.4,56.0,70.4,53.5,68.7,23.5,19.6,62.5,89.7,94.9,70.1,50.9,53.4,53.1,10,15,20,50,7,86.04
7570,Oceania,2992,Palau,2001,62.5,75.9,58.6,67.5,91.5,56.4,70.8,55.8,68.7,24.2,16.5,62.6,89.7,95.2,71.2,52.4,53.4,52.5,10,10,18,60,7,86.26
7571,Oceania,2993,Palau,2002,62.6,75.9,59.3,69.0,92.7,56.8,71.2,57.5,68.8,24.4,13.2,63.3,89.6,95.2,70.3,52.5,53.4,51.8,20,20,15,60,10,86.47
7572,Oceania,2994,Palau,2003,62.9,75.9,59.7,68.4,91.9,57.2,71.7,58.7,69.2,24.8,13.9,63.4,89.7,95.2,71.1,52.6,53.4,52.1,15,22,45,30,10,86.68
7573,Oceania,2995,Palau,2004,63.1,75.9,59.7,68.1,92.3,56.8,72.1,58.4,68.8,25.4,18.5,64.1,89.6,94.9,69.7,52.7,53.2,52.0,14,25,20,50,7,86.9
7574,Oceania,2996,Palau,2005,63.3,75.9,62.0,69.3,92.2,55.3,72.5,59.5,68.7,25.8,17.6,63.9,89.4,94.6,70.5,53.0,53.2,53.3,15,20,30,65,7,87.11
7575,Oceania,2997,Palau,2006,64.2,75.9,62.5,71.8,93.4,59.6,72.9,61.9,69.1,26.5,17.9,64.5,89.3,95.2,71.0,53.2,53.5,53.7,20,25,65,40,10,87.32
7576,Oceania,2998,Palau,2007,64.7,75.9,62.9,72.6,93.2,59.9,73.4,61.8,69.1,27.1,18.3,67.9,89.1,94.8,70.9,53.2,54.9,54.4,15,20,45,60,10,87.53
7577,Oceania,2999,Palau,2008,65.0,75.9,65.2,73.4,93.5,59.9,73.7,62.6,69.1,27.9,21.8,66.1,88.7,94.5,71.1,53.2,54.0,54.9,10,22,55,40,5,87.75
7578,Oceania,3000,Palau,2009,65.5,75.9,65.8,74.0,94.0,59.5,74.1,62.9,69.2,28.1,22.5,66.7,88.9,93.9,74.4,54.6,54.0,54.1,15,15,5,50,5,87.96
7579,Oceania,3001,Palau,2010,66.0,75.9,66.6,77.6,94.2,60.5,74.5,64.3,69.4,28.6,24.6,66.2,88.8,93.6,73.6,54.7,54.9,54.7,10,15,10,50,5,88.17
7580,Oceania,3002,Palau,2011,66.1,77.9,67.0,77.4,90.2,58.4,74.8,65.6,69.4,28.6,28.0,65.8,88.6,93.5,74.0,55.0,54.7,54.6,20,20,60,40,6,88.36
7581,Oceania,3003,Palau,2012,66.7,79.9,67.8,78.4,87.1,58.8,75.2,66.7,69.6,29.4,29.4,68.0,88.7,93.7,75.1,55.1,54.8,55.9,15,20,35,60,10,88.55
7582,Oceania,3004,Palau,2013,67.6,81.3,68.8,77.9,92.3,63.4,75.5,67.6,69.4,30.7,32.6,66.5,88.3,93.5,74.7,55.2,54.1,56.8,20,20,20,60,7,88.73
7583,Oceania,3005,Palau,2014,68.9,82.2,69.4,78.9,93.8,63.2,75.9,68.0,70.9,33.8,37.0,68.3,88.4,93.4,77.5,55.2,57.1,58.2,20,20,75,55,10,88.92
7584,Oceania,3006,Palau,2015,69.3,83.0,69.9,79.8,95.2,64.7,76.3,69.1,70.7,37.9,35.9,70.1,88.4,93.6,76.3,55.2,55.6,57.0,18,30,20,65,10,89.11
7585,Oceania,3007,Palau,2016,69.9,83.8,69.4,80.6,96.2,67.8,76.6,69.8,70.5,39.1,34.2,72.4,88.2,93.7,77.0,55.3,57.3,55.6,10,24,50,60,12,89.29
7586,Oceania,3008,Palau,2017,70.4,84.2,68.8,80.8,96.8,68.1,77.0,71.3,72.6,40.4,35.8,71.9,87.9,93.6,78.2,55.3,57.4,56.5,15,17,25,60,7,89.47
7587,Oceania,3009,Palau,2018,71.2,84.9,70.7,81.0,97.9,68.2,77.3,72.1,72.8,40.3,41.3,71.5,87.9,93.4,78.6,54.9,59.5,57.9,15,30,75,60,13,89.66
7588,Oceania,3010,Palau,2019,71.8,85.5,70.5,81.7,98.4,69.8,77.6,72.8,72.0,43.0,45.2,72.3,87.8,93.4,78.5,55.1,58.9,58.6,10,25,20,40,7,89.84
7589,Oceania,3011,Palau,2020,70.4,82.1,70.9,78.7,98.7,65.3,78.0,74.4,70.5,44.8,33.8,67.2,87.8,93.9,78.7,55.1,57.9,59.8,15,15,40,60,10,90.02
7590,Oceania,3012,Palau,2021,71.9,85.1,71.3,80.5,98.8,74.1,78.0,74.4,73.8,45.5,33.8,72.1,87.8,93.5,78.7,55.3,58.3,60.6,20,28,20,65,10,
7591,Oceania,3013,Palau,2022,71.7,86.0,71.4,80.8,98.8,74.9,78.0,74.4,74.6,44.8,33.8,70.5,87.8,93.5,78.7,55.3,54.3,60.7,25,20,20,50,10,
7592,North America,3014,Panama,2000,61.2,88.4,41.4,75.0,70.1,57.1,64.7,67.3,66.7,22.3,9.0,90.1,77.9,79.2,56.9,63.0,63.2,47.6,15,30,25,20,8,59.75
7593,North America,3015,Panama,2001,61.1,88.4,41.6,74.8,71.0,57.1,65.0,64.9,66.7,22.5,8.9,90.1,77.0,78.6,58.8,64.6,63.2,45.9,25,25,23,25,7,59.6
7594,North America,3016,Panama,2002,61.7,88.4,43.1,75.3,72.1,57.1,65.3,68.7,66.7,22.6,9.7,90.2,77.1,79.3,60.5,64.6,62.7,46.1,12,40,20,44,10,59.45
7595,North America,3017,Panama,2003,61.8,88.4,43.3,75.7,72.1,57.1,65.7,69.7,66.7,22.9,10.3,90.2,77.8,79.2,57.2,65.3,63.0,45.5,15,20,18,30,7,59.29
7596,North America,3018,Panama,2004,62.1,88.4,42.0,75.7,72.4,60.6,66.0,70.1,66.8,22.8,11.5,90.3,78.2,79.4,56.7,67.0,63.3,44.9,20,35,20,30,10,59.14
7597,North America,3019,Panama,2005,62.0,88.4,41.5,76.2,72.6,60.6,66.3,67.8,66.8,22.9,13.0,90.4,77.4,78.9,58.3,66.9,62.7,43.1,20,30,30,44,7,58.99
7598,North America,3020,Panama,2006,62.1,88.4,42.0,75.1,78.6,60.6,66.6,67.5,66.8,23.8,11.8,90.4,77.6,78.6,53.1,67.0,63.8,43.9,15,38,25,40,7,58.83
7599,North America,3021,Panama,2007,61.7,88.4,43.2,77.2,78.6,60.6,66.9,68.6,66.7,24.5,14.5,81.5,77.2,78.8,47.5,66.9,61.6,45.8,18,40,12,40,8,58.68
7600,North America,3022,Panama,2008,61.9,88.4,43.8,77.1,78.0,60.6,67.2,69.4,66.6,26.3,14.5,85.2,77.1,78.9,48.3,66.9,59.3,44.9,20,38,15,20,10,58.53
7601,North America,3023,Panama,2009,62.0,88.4,44.2,77.4,77.4,56.4,67.5,68.3,66.6,26.9,15.8,86.0,77.1,78.4,53.7,68.4,56.6,45.1,18,43,20,30,10,58.37
7602,North America,3024,Panama,2010,62.4,88.4,43.5,80.4,79.1,56.4,67.8,68.3,66.6,27.2,16.1,87.7,76.8,78.2,51.1,68.7,59.2,45.1,10,33,20,50,10,58.22
7603,North America,3025,Panama,2011,62.9,90.8,45.1,78.9,78.8,56.4,68.1,68.6,67.6,29.2,16.5,85.7,76.7,77.4,59.5,68.7,57.6,43.4,30,37,18,45,6,58.07
7604,North America,3026,Panama,2012,63.5,88.9,44.8,78.7,80.9,56.4,68.4,70.5,67.7,32.5,15.9,85.3,76.6,75.5,68.6,68.6,57.6,42.7,30,40,15,35,7,57.91
7605,North America,3027,Panama,2013,62.8,91.4,45.5,77.8,80.3,58.5,68.7,69.5,67.7,32.9,16.2,87.6,76.7,76.1,51.5,68.6,54.8,43.6,25,38,25,60,10,57.76
7606,North America,3028,Panama,2014,63.5,91.0,46.7,77.5,78.5,61.9,69.0,70.0,70.2,34.3,17.6,87.4,75.7,68.5,63.1,68.5,57.5,42.7,20,38,30,50,5,57.6
7607,North America,3029,Panama,2015,64.9,92.8,45.6,77.5,77.4,61.9,69.4,71.8,73.2,41.2,17.2,85.1,77.7,79.2,60.6,68.5,60.7,42.7,25,38,38,60,8,57.45
7608,North America,3030,Panama,2016,65.5,92.7,47.8,78.6,75.2,62.0,69.8,72.7,72.9,41.9,17.7,88.7,78.5,82.6,60.1,68.4,60.0,42.9,25,37,10,30,5,57.3
7609,North America,3031,Panama,2017,65.9,92.9,48.2,79.6,75.3,62.3,70.2,73.4,73.0,44.4,18.5,90.4,77.9,80.0,60.1,68.4,62.2,44.4,30,37,25,45,7,57.14
7610,North America,3032,Panama,2018,66.3,93.9,49.1,80.1,76.0,62.7,70.5,74.2,72.6,45.2,19.4,91.8,76.1,72.4,66.7,66.8,62.3,46.7,30,42,25,35,7,56.99
7611,North America,3033,Panama,2019,66.9,95.1,49.6,80.8,76.9,65.0,70.9,71.3,73.0,45.8,18.6,94.4,75.9,71.4,70.3,67.3,62.7,48.5,20,55,30,30,8,56.84
7612,North America,3034,Panama,2020,66.9,93.2,49.8,79.2,75.2,65.6,71.2,71.5,68.3,46.6,18.6,94.5,75.9,72.2,70.3,67.2,62.4,55.2,25,38,25,45,8,56.68
7613,North America,3035,Panama,2021,67.3,93.8,50.2,80.0,80.7,65.9,71.2,71.5,70.6,46.6,18.6,90.8,76.2,71.7,70.4,66.7,63.1,56.2,25,38,20,55,8,
7614,North America,3036,Panama,2022,67.3,94.7,50.3,78.9,80.7,66.4,71.2,71.5,71.2,46.6,18.6,90.0,76.2,71.7,70.3,66.6,62.1,57.5,35,38,25,45,7,
7615,Oceania,3037,Papua New Guinea,2000,53.3,24.4,50.1,37.6,57.7,36.7,40.5,23.7,76.8,3.4,43.7,81.9,96.3,94.8,69.5,68.3,56.4,43.7,35,88,15,24,10,80.11
7616,Oceania,3038,Papua New Guinea,2001,53.3,24.4,49.2,36.9,57.7,37.2,40.5,24.0,76.9,3.5,43.7,81.9,96.5,94.6,68.7,68.1,56.8,45.3,38,88,25,24,10,80.09
7617,Oceania,3039,Papua New Guinea,2002,53.2,24.4,48.0,37.6,57.7,37.7,40.5,24.6,76.9,3.4,43.7,81.9,96.2,94.5,70.1,67.8,56.6,42.2,28,85,22,20,10,80.06
7618,Oceania,3040,Papua New Guinea,2003,53.0,24.4,45.7,38.7,57.7,37.8,40.5,25.0,77.0,3.4,43.7,81.9,96.2,94.4,69.4,67.6,55.7,42.2,30,85,18,22,8,80.04
7619,Oceania,3041,Papua New Guinea,2004,52.8,24.4,43.6,38.3,57.7,38.3,40.5,24.5,77.1,3.4,43.7,81.9,96.0,94.2,69.0,67.4,55.7,42.2,30,80,15,23,12,80.02
7620,Oceania,3042,Papua New Guinea,2005,53.0,24.4,44.1,39.7,57.7,38.8,40.5,25.3,77.2,3.4,43.7,81.2,96.2,94.3,69.2,67.2,56.0,42.2,35,90,20,15,10,80.0
7621,Oceania,3043,Papua New Guinea,2006,53.0,24.4,43.8,41.0,57.7,39.3,40.5,23.4,77.2,3.4,43.7,80.5,96.3,94.4,70.2,67.1,56.1,42.2,44,75,24,25,15,79.98
7622,Oceania,3044,Papua New Guinea,2007,53.1,24.4,45.3,39.4,57.7,39.7,40.5,24.9,77.3,3.5,43.7,79.7,96.4,93.8,70.0,66.9,56.8,42.2,40,80,30,30,15,79.96
7623,Oceania,3045,Papua New Guinea,2008,53.1,24.4,44.1,38.7,57.7,40.2,40.6,26.7,77.2,3.5,43.7,78.9,96.8,94.3,71.2,66.7,56.4,42.2,35,88,20,24,15,79.93
7624,Oceania,3046,Papua New Guinea,2009,53.0,24.4,43.8,40.0,57.7,40.7,40.6,25.0,77.4,3.4,43.7,78.1,96.6,94.3,70.7,66.5,56.0,42.2,40,90,22,18,10,79.91
7625,Oceania,3047,Papua New Guinea,2010,52.5,24.4,34.3,39.1,58.2,41.1,40.6,26.5,77.5,3.4,43.7,77.3,96.6,94.5,71.3,66.4,56.0,42.2,40,80,25,20,5,79.89
7626,Oceania,3048,Papua New Guinea,2011,52.7,24.0,35.9,40.0,58.2,41.8,40.6,29.7,76.9,3.5,43.7,76.2,96.4,93.7,71.7,66.1,56.0,42.2,40,88,18,23,10,79.82
7627,Oceania,3049,Papua New Guinea,2012,52.9,24.8,34.2,40.3,58.2,43.2,40.6,31.0,77.0,5.5,43.7,75.8,96.1,93.1,71.9,65.9,55.0,42.2,35,75,20,23,20,79.75
7628,Oceania,3050,Papua New Guinea,2013,53.3,25.3,35.3,41.0,58.2,43.9,40.6,33.4,77.0,6.1,43.7,75.4,96.4,94.5,72.2,65.7,55.0,42.2,30,80,15,24,5,79.69
7629,Oceania,3051,Papua New Guinea,2014,53.3,28.4,35.4,40.6,58.2,44.5,40.9,33.0,77.2,6.7,43.7,75.1,96.7,95.0,70.4,65.5,54.8,39.6,38,85,18,22,25,79.62
7630,Oceania,3052,Papua New Guinea,2015,53.0,29.6,34.7,41.6,58.2,45.0,41.1,34.1,77.1,6.9,43.7,74.2,96.8,95.6,66.6,65.2,53.4,37.6,40,85,18,30,10,79.55
7631,Oceania,3053,Papua New Guinea,2016,53.1,30.4,34.1,41.9,58.2,48.0,41.4,35.6,77.1,8.2,43.7,73.9,96.7,95.5,63.2,65.0,53.9,35.1,50,85,25,35,20,79.47
7632,Oceania,3054,Papua New Guinea,2017,53.6,30.8,34.1,41.4,58.2,47.6,41.7,37.6,77.1,8.7,43.7,73.6,96.7,95.7,68.3,64.8,54.4,37.0,38,90,20,30,20,79.4
7633,Oceania,3055,Papua New Guinea,2018,53.6,30.3,33.6,42.1,53.9,47.9,41.9,37.8,77.0,6.5,43.7,73.1,96.5,95.3,72.8,64.3,53.8,40.7,35,80,25,20,15,79.33
7634,Oceania,3056,Papua New Guinea,2019,53.6,30.9,33.6,42.8,53.9,48.2,42.2,36.7,77.1,7.9,43.7,72.6,96.5,95.2,72.1,64.0,54.3,38.8,40,80,25,20,40,79.25
7635,Oceania,3057,Papua New Guinea,2020,53.6,29.6,34.0,43.2,53.9,48.2,42.5,37.0,76.9,9.1,43.7,71.8,96.5,95.2,72.0,63.8,54.4,39.2,38,75,18,32,5,79.18
7636,Oceania,3058,Papua New Guinea,2021,53.7,29.5,33.9,43.2,53.9,48.4,42.5,37.0,76.8,9.7,43.7,71.8,96.5,95.2,72.1,64.5,54.9,39.5,37,80,28,22,25,
7637,Oceania,3059,Papua New Guinea,2022,53.6,30.8,33.9,43.2,53.9,48.4,42.5,37.0,76.9,9.7,43.7,71.8,96.5,95.2,72.1,64.1,52.1,39.6,35,85,25,25,20,
7638,South America,3060,Paraguay,2000,60.6,81.0,67.7,68.3,81.0,53.8,63.6,77.8,67.8,17.6,11.8,67.1,80.3,94.3,0.0,41.7,45.8,49.5,18,10,15,20,5,57.87
7639,South America,3061,Paraguay,2001,60.9,81.0,69.0,68.5,80.9,54.0,64.4,77.0,68.6,17.6,11.8,67.4,80.4,94.3,0.0,46.3,44.4,48.2,20,25,30,35,10,57.01
7640,South America,3062,Paraguay,2002,60.5,81.0,67.9,69.1,80.0,54.2,65.2,76.4,66.8,17.7,8.0,68.6,80.9,94.3,0.0,46.2,44.2,46.7,20,30,20,32,5,56.15
7641,South America,3063,Paraguay,2003,61.1,81.0,69.4,68.4,79.3,57.6,66.0,76.1,68.3,17.6,11.4,68.9,80.1,94.2,0.0,46.8,44.7,46.9,30,25,30,24,10,55.29
7642,South America,3064,Paraguay,2004,61.5,81.0,70.0,68.0,79.3,57.6,66.8,76.6,68.4,17.8,15.1,70.1,80.3,94.2,0.0,46.9,45.1,46.0,30,15,15,35,7,54.43
7643,South America,3065,Paraguay,2005,62.6,81.0,69.3,69.3,84.6,57.1,67.5,78.4,69.4,18.5,16.3,70.3,81.6,94.4,0.0,50.8,46.6,46.0,15,18,15,42,10,53.56
7644,South America,3066,Paraguay,2006,62.6,81.0,69.2,69.3,83.8,56.8,68.2,79.9,69.1,18.5,14.1,71.4,80.9,94.3,0.0,50.8,47.1,46.4,5,19,18,30,10,52.7
7645,South America,3067,Paraguay,2007,62.6,81.0,70.2,70.4,80.9,57.1,69.0,80.7,69.4,19.0,14.1,71.8,80.5,94.3,0.0,50.8,47.0,45.5,10,30,20,30,10,51.84
7646,South America,3068,Paraguay,2008,62.9,81.0,70.0,69.5,79.3,61.1,69.7,80.5,69.6,19.4,17.3,71.3,80.7,94.2,0.0,51.2,47.3,45.3,25,30,20,25,10,50.98
7647,South America,3069,Paraguay,2009,62.8,81.0,69.0,68.8,75.6,58.9,70.4,80.9,69.0,20.1,19.6,71.7,80.6,94.1,0.0,51.9,46.9,46.7,25,30,30,23,7,50.12
7648,South America,3070,Paraguay,2010,63.4,81.0,72.2,70.5,75.9,60.0,71.1,81.3,69.5,20.4,16.9,73.3,81.7,93.9,0.0,51.9,47.3,46.8,20,20,18,25,10,49.26
7649,South America,3071,Paraguay,2011,63.5,82.1,71.8,70.9,75.6,61.1,71.8,81.9,69.4,21.5,15.1,71.2,81.4,93.3,0.0,51.9,46.8,49.7,20,38,20,30,10,48.22
7650,South America,3072,Paraguay,2012,65.0,87.1,69.2,71.0,76.3,62.2,72.5,83.0,69.8,22.2,21.7,77.9,81.9,94.6,0.0,51.9,47.8,51.5,5,30,30,20,8,47.17
7651,South America,3073,Paraguay,2013,65.6,90.8,71.0,71.4,76.2,68.0,73.1,84.3,69.6,25.9,21.3,71.9,81.2,94.4,0.0,51.9,46.1,52.0,35,28,20,30,10,46.13
7652,South America,3074,Paraguay,2014,65.5,88.8,70.8,70.5,75.8,65.5,73.8,84.8,69.3,28.9,17.3,76.5,80.8,94.4,0.0,52.0,44.9,53.6,5,33,18,40,10,45.09
7653,South America,3075,Paraguay,2015,66.2,90.4,73.1,71.3,75.3,65.8,74.5,84.7,69.5,32.0,21.7,75.1,81.0,94.4,0.0,52.0,46.3,51.7,35,33,45,35,10,44.04
7654,South America,3076,Paraguay,2016,66.5,90.8,74.6,72.4,72.9,65.4,75.1,84.0,69.2,33.2,21.3,78.6,81.1,94.4,0.0,51.9,47.6,51.5,30,30,20,35,10,43.34
7655,South America,3077,Paraguay,2017,67.0,93.0,74.7,73.7,72.9,64.8,75.8,83.5,73.7,35.1,20.4,78.6,80.5,92.8,0.0,51.9,47.8,52.1,35,25,35,40,15,42.64
7656,South America,3078,Paraguay,2018,67.5,93.0,74.4,73.1,72.8,66.3,76.1,84.1,72.7,37.0,23.9,80.3,80.3,91.9,0.0,51.9,49.1,53.0,30,30,24,48,8,41.94
7657,South America,3079,Paraguay,2019,68.0,93.6,75.1,73.4,72.8,66.5,76.3,84.7,72.5,38.3,24.4,82.8,80.2,92.0,0.0,51.9,48.2,54.6,35,30,20,38,10,41.23
7658,South America,3080,Paraguay,2020,68.7,94.3,75.3,72.3,76.0,66.3,76.5,85.0,72.0,39.2,35.7,78.0,80.2,92.1,0.0,51.9,48.5,56.3,38,28,20,32,8,40.53
7659,South America,3081,Paraguay,2021,68.9,94.8,73.7,71.2,75.3,67.1,76.5,85.0,72.5,40.2,35.7,77.6,80.2,92.0,0.0,51.9,49.5,59.4,30,30,28,50,15,
7660,South America,3082,Paraguay,2022,68.8,95.1,73.8,72.0,75.3,67.2,76.5,85.0,73.0,40.2,35.7,80.0,80.2,92.0,0.0,51.9,47.5,59.9,30,35,18,45,15,
7661,South America,3083,Peru,2000,62.3,75.9,58.7,67.7,90.4,56.0,70.4,53.5,68.7,23.5,19.6,62.5,89.7,94.9,70.1,50.9,53.4,53.1,40,35,20,25,7,58.83
7662,South America,3084,Peru,2001,62.5,75.9,58.6,67.5,91.5,56.4,70.8,55.8,68.7,24.2,16.5,62.6,89.7,95.2,71.2,52.4,53.4,52.5,25,35,25,20,10,58.73
7663,South America,3085,Peru,2002,62.6,75.9,59.3,69.0,92.7,56.8,71.2,57.5,68.8,24.4,13.2,63.3,89.6,95.2,70.3,52.5,53.4,51.8,15,40,18,20,10,58.63
7664,South America,3086,Peru,2003,62.9,75.9,59.7,68.4,91.9,57.2,71.7,58.7,69.2,24.8,13.9,63.4,89.7,95.2,71.1,52.6,53.4,52.1,35,35,20,32,10,58.53
7665,South America,3087,Peru,2004,63.1,75.9,59.7,68.1,92.3,56.8,72.1,58.4,68.8,25.4,18.5,64.1,89.6,94.9,69.7,52.7,53.2,52.0,35,40,20,25,7,58.44
7666,South America,3088,Peru,2005,63.3,75.9,62.0,69.3,92.2,55.3,72.5,59.5,68.7,25.8,17.6,63.9,89.4,94.6,70.5,53.0,53.2,53.3,20,35,25,30,8,58.34
7667,South America,3089,Peru,2006,64.2,75.9,62.5,71.8,93.4,59.6,72.9,61.9,69.1,26.5,17.9,64.5,89.3,95.2,71.0,53.2,53.5,53.7,35,30,18,18,8,58.24
7668,South America,3090,Peru,2007,64.7,75.9,62.9,72.6,93.2,59.9,73.4,61.8,69.1,27.1,18.3,67.9,89.1,94.8,70.9,53.2,54.9,54.4,35,35,20,15,8,58.14
7669,South America,3091,Peru,2008,65.0,75.9,65.2,73.4,93.5,59.9,73.7,62.6,69.1,27.9,21.8,66.1,88.7,94.5,71.1,53.2,54.0,54.9,30,35,35,45,10,58.05
7670,South America,3092,Peru,2009,65.5,75.9,65.8,74.0,94.0,59.5,74.1,62.9,69.2,28.1,22.5,66.7,88.9,93.9,74.4,54.6,54.0,54.1,35,32,18,48,5,57.95
7671,South America,3093,Peru,2010,66.0,75.9,66.6,77.6,94.2,60.5,74.5,64.3,69.4,28.6,24.6,66.2,88.8,93.6,73.6,54.7,54.9,54.7,35,40,40,48,8,57.85
7672,South America,3094,Peru,2011,66.1,77.9,67.0,77.4,90.2,58.4,74.8,65.6,69.4,28.6,28.0,65.8,88.6,93.5,74.0,55.0,54.7,54.6,35,43,35,35,15,57.72
7673,South America,3095,Peru,2012,66.7,79.9,67.8,78.4,87.1,58.8,75.2,66.7,69.6,29.4,29.4,68.0,88.7,93.7,75.1,55.1,54.8,55.9,40,35,45,45,10,57.58
7674,South America,3096,Peru,2013,67.6,81.3,68.8,77.9,92.3,63.4,75.5,67.6,69.4,30.7,32.6,66.5,88.3,93.5,74.7,55.2,54.1,56.8,40,46,18,35,8,57.45
7675,South America,3097,Peru,2014,68.9,82.2,69.4,78.9,93.8,63.2,75.9,68.0,70.9,33.8,37.0,68.3,88.4,93.4,77.5,55.2,57.1,58.2,35,45,55,42,8,57.32
7676,South America,3098,Peru,2015,69.3,83.0,69.9,79.8,95.2,64.7,76.3,69.1,70.7,37.9,35.9,70.1,88.4,93.6,76.3,55.2,55.6,57.0,35,40,35,30,15,57.18
7677,South America,3099,Peru,2016,69.9,83.8,69.4,80.6,96.2,67.8,76.6,69.8,70.5,39.1,34.2,72.4,88.2,93.7,77.0,55.3,57.3,55.6,30,55,30,33,7,57.05
7678,South America,3100,Peru,2017,70.4,84.2,68.8,80.8,96.8,68.1,77.0,71.3,72.6,40.4,35.8,71.9,87.9,93.6,78.2,55.3,57.4,56.5,25,35,22,35,8,56.91
7679,South America,3101,Peru,2018,71.2,84.9,70.7,81.0,97.9,68.2,77.3,72.1,72.8,40.3,41.3,71.5,87.9,93.4,78.6,54.9,59.5,57.9,35,53,25,35,10,56.78
7680,South America,3102,Peru,2019,71.8,85.5,70.5,81.7,98.4,69.8,77.6,72.8,72.0,43.0,45.2,72.3,87.8,93.4,78.5,55.1,58.9,58.6,35,45,35,35,5,56.64
7681,South America,3103,Peru,2020,70.4,82.1,70.9,78.7,98.7,65.3,78.0,74.4,70.5,44.8,33.8,67.2,87.8,93.9,78.7,55.1,57.9,59.8,35,46,20,30,10,56.51
7682,South America,3104,Peru,2021,71.9,85.1,71.3,80.5,98.8,74.1,78.0,74.4,73.8,45.5,33.8,72.1,87.8,93.5,78.7,55.3,58.3,60.6,46,50,30,25,20,
7683,South America,3105,Peru,2022,71.7,86.0,71.4,80.8,98.8,74.9,78.0,74.4,74.6,44.8,33.8,70.5,87.8,93.5,78.7,55.3,54.3,60.7,40,55,32,25,15,
7684,Asia,3106,Philippines,2000,59.3,65.1,59.7,52.3,76.8,51.9,63.5,49.1,64.0,22.4,21.5,63.9,92.2,96.5,70.6,50.6,55.5,51.9,5,45,28,20,10,24.51
7685,Asia,3107,Philippines,2001,59.6,65.1,60.0,52.2,76.8,55.3,63.7,49.9,64.0,22.5,21.5,64.2,92.3,96.6,71.3,51.5,55.5,51.4,35,40,30,20,15,24.36
7686,Asia,3108,Philippines,2002,59.7,65.1,60.7,52.1,77.3,55.3,63.9,50.6,64.1,22.8,21.5,64.9,92.4,96.6,71.3,51.3,55.3,50.3,30,40,35,28,15,24.2
7687,Asia,3109,Philippines,2003,60.0,65.1,60.8,52.9,78.0,55.3,64.1,51.3,64.1,22.8,23.1,65.2,92.5,96.6,70.8,51.2,55.3,50.8,25,35,35,35,20,24.04
7688,Asia,3110,Philippines,2004,60.4,65.1,61.5,53.9,80.6,54.0,64.3,54.7,64.1,22.9,23.1,65.9,92.4,96.6,71.0,51.1,55.3,49.8,40,40,32,30,15,23.88
7689,Asia,3111,Philippines,2005,60.2,65.1,62.7,53.9,79.9,54.0,64.6,52.8,64.0,22.8,23.1,66.1,92.4,96.6,70.9,51.1,53.6,50.2,30,30,30,30,18,23.73
7690,Asia,3112,Philippines,2006,60.5,65.1,63.7,53.9,78.1,54.0,64.8,54.0,63.8,22.9,22.3,66.8,92.5,96.8,71.9,51.1,55.3,51.2,25,35,40,30,15,23.57
7691,Asia,3113,Philippines,2007,60.6,65.1,64.2,54.6,75.9,56.7,65.0,54.0,64.2,22.9,22.3,67.9,92.5,96.7,72.0,51.0,53.5,51.0,37,45,35,35,20,23.41
7692,Asia,3114,Philippines,2008,61.0,65.1,65.1,54.2,81.6,56.7,65.3,54.4,64.0,23.0,22.3,67.8,92.5,96.6,72.3,50.9,55.0,51.1,30,35,45,34,30,23.25
7693,Asia,3115,Philippines,2009,61.2,65.1,64.4,54.1,81.9,56.9,65.8,54.9,63.9,23.4,23.5,70.5,92.5,96.7,72.4,52.5,51.6,50.3,40,30,40,33,18,23.1
7694,Asia,3116,Philippines,2010,61.4,65.1,63.1,54.7,81.9,57.5,66.1,54.8,64.1,25.8,23.5,72.3,92.4,96.6,72.0,52.4,52.9,49.5,35,45,55,30,15,22.94
7695,Asia,3117,Philippines,2011,61.8,64.9,63.8,56.2,81.9,60.2,66.5,55.8,64.1,26.5,23.5,71.6,92.5,96.7,71.3,52.9,53.2,49.8,40,45,38,45,60,23.06
7696,Asia,3118,Philippines,2012,62.2,65.1,64.8,55.8,81.9,60.2,66.9,56.0,64.1,28.3,23.2,74.0,92.6,96.7,70.1,52.7,53.8,50.3,37,40,42,42,25,23.17
7697,Asia,3119,Philippines,2013,62.4,67.4,64.1,55.4,82.0,62.3,67.3,55.7,64.1,31.7,23.2,72.7,92.6,96.4,69.9,52.5,51.7,51.5,37,45,30,35,20,23.29
7698,Asia,3120,Philippines,2014,63.0,69.6,65.6,55.8,85.9,62.4,67.8,56.3,64.8,31.3,23.2,72.1,92.4,96.3,71.3,52.5,52.0,51.8,35,40,40,42,45,23.41
7699,Asia,3121,Philippines,2015,63.9,72.0,66.6,55.7,86.2,62.5,68.1,56.0,64.7,33.7,30.4,73.8,92.5,96.0,71.7,52.2,51.2,53.3,30,40,35,37,15,23.52
7700,Asia,3122,Philippines,2016,64.1,74.3,66.0,57.2,85.3,63.4,68.5,56.8,64.9,35.7,30.4,74.5,92.3,95.5,71.6,52.1,49.0,52.3,35,35,35,35,30,23.64
7701,Asia,3123,Philippines,2017,64.8,76.1,67.0,59.4,84.6,63.8,68.6,57.0,64.9,38.0,30.4,74.8,91.9,95.3,72.8,51.9,50.9,54.7,35,40,33,33,15,23.76
7702,Asia,3124,Philippines,2018,66.7,77.8,67.9,59.8,85.7,64.2,69.0,57.8,64.1,43.8,42.2,74.9,92.0,95.3,75.9,56.5,51.5,55.6,30,38,28,34,20,23.88
7703,Asia,3125,Philippines,2019,67.2,79.7,68.2,60.3,87.2,64.0,69.9,58.2,65.8,44.4,42.2,75.4,91.9,95.3,74.6,56.3,53.8,55.4,37,40,30,40,55,23.99
7704,Asia,3126,Philippines,2020,66.4,75.5,68.5,58.7,79.6,63.8,70.4,59.0,65.7,44.5,42.2,69.4,91.9,95.5,74.8,56.1,55.3,58.1,10,58,30,40,20,24.11
7705,Asia,3127,Philippines,2021,67.1,76.7,68.8,58.2,78.5,63.9,70.4,59.0,69.0,45.6,42.2,73.5,92.2,95.4,74.9,59.0,53.6,59.5,35,44,35,40,45,
7706,Asia,3128,Philippines,2022,67.1,80.5,68.8,58.2,78.5,64.3,70.4,59.0,69.2,44.4,42.2,73.5,92.2,95.4,74.9,58.6,51.9,59.4,35,58,25,35,35,
7707,Europe,3129,Poland,2000,73.1,98.6,65.8,76.0,93.6,58.0,78.7,67.4,76.6,37.0,74.3,83.6,76.0,76.7,68.8,76.5,79.1,56.8,20,25,60,48,10,29.59
7708,Europe,3130,Poland,2001,73.7,98.6,67.3,76.9,93.5,62.2,79.0,67.6,75.4,37.7,74.3,83.6,76.3,77.0,69.2,76.6,79.1,58.0,10,18,60,35,8,29.67
7709,Europe,3131,Poland,2002,73.6,98.6,66.8,77.4,93.0,62.6,79.4,67.8,74.6,39.7,74.3,83.6,75.8,77.3,66.4,76.8,79.2,58.5,18,15,40,49,7,29.76
7710,Europe,3132,Poland,2003,73.4,98.6,65.4,77.6,93.0,63.1,79.5,67.9,74.9,40.7,74.3,83.6,75.9,76.8,61.2,77.7,79.2,58.2,30,20,45,63,10,29.85
7711,Europe,3133,Poland,2004,74.5,98.6,68.1,77.8,93.2,63.6,79.6,68.1,75.0,42.8,74.3,83.6,76.0,76.5,66.9,84.9,79.7,58.0,25,18,70,58,7,29.94
7712,Europe,3134,Poland,2005,74.6,98.6,66.8,78.9,92.9,64.3,79.7,68.3,75.8,44.3,77.4,83.6,75.5,76.6,62.9,85.0,80.1,58.2,15,20,65,45,10,30.03
7713,Europe,3135,Poland,2006,74.9,98.6,64.7,79.4,92.9,64.8,79.8,68.1,77.9,45.7,81.1,83.6,75.0,76.0,62.9,85.1,80.0,57.8,25,18,60,50,7,30.12
7714,Europe,3136,Poland,2007,75.7,98.6,66.5,79.5,93.0,65.2,79.9,68.3,80.3,46.3,81.8,84.0,74.6,76.0,66.0,89.9,79.2,57.4,18,20,65,60,8,30.2
7715,Europe,3137,Poland,2008,76.1,98.6,66.5,79.5,93.2,65.6,80.5,68.4,81.6,47.8,84.0,80.8,74.8,76.3,67.1,91.3,79.9,58.5,30,18,65,65,7,30.29
7716,Europe,3138,Poland,2009,76.5,98.6,67.2,80.8,93.5,66.1,80.6,69.1,81.1,49.1,85.1,82.9,75.6,76.8,64.1,91.4,79.8,58.7,30,20,65,55,10,30.38
7717,Europe,3139,Poland,2010,76.6,98.6,66.4,82.2,93.9,66.5,81.3,68.9,80.2,51.2,85.1,82.5,75.0,76.1,63.7,91.5,80.1,58.6,25,18,55,55,15,30.47
7718,Europe,3140,Poland,2011,76.7,98.6,66.1,81.9,94.5,68.8,80.7,69.7,80.2,51.7,85.7,81.2,75.0,75.7,65.1,92.1,79.6,57.9,30,25,40,60,10,30.53
7719,Europe,3141,Poland,2012,77.4,98.7,66.7,82.9,95.6,69.1,81.2,70.0,80.0,55.3,86.6,82.6,75.0,75.1,66.1,92.3,81.3,57.8,15,20,45,55,10,30.59
7720,Europe,3142,Poland,2013,77.3,98.7,66.5,82.9,92.0,68.4,81.6,70.5,79.8,55.7,86.2,82.5,75.4,76.4,65.9,92.3,81.0,58.3,20,20,35,50,10,30.65
7721,Europe,3143,Poland,2014,78.2,98.7,68.6,83.4,95.8,69.1,82.3,70.7,81.7,61.6,87.2,83.3,75.4,76.6,63.5,92.4,81.7,58.2,20,18,55,60,10,30.71
7722,Europe,3144,Poland,2015,79.0,98.7,66.0,84.4,96.1,70.8,82.7,71.2,82.6,58.5,89.9,87.6,75.4,77.8,67.7,92.4,83.5,57.9,20,25,40,65,10,30.77
7723,Europe,3145,Poland,2016,79.5,98.9,67.3,85.0,96.6,70.9,83.0,70.8,83.4,66.8,91.4,83.3,74.9,76.8,69.8,92.5,81.9,57.7,15,20,38,50,15,30.81
7724,Europe,3146,Poland,2017,80.6,98.9,67.8,85.3,97.5,71.4,83.4,70.6,85.5,75.7,95.3,90.2,74.5,75.7,70.7,92.5,77.8,57.9,30,24,35,65,12,30.85
7725,Europe,3147,Poland,2018,80.2,98.8,65.3,85.3,97.0,71.7,83.8,70.6,85.1,77.1,93.4,86.8,74.1,75.0,68.1,92.6,79.2,60.0,30,25,35,58,20,30.89
7726,Europe,3148,Poland,2019,80.9,99.0,65.8,85.9,98.8,72.0,84.4,71.2,85.6,77.6,93.4,88.2,73.8,75.8,72.9,92.6,77.3,60.4,30,24,45,55,10,30.93
7727,Europe,3149,Poland,2020,80.6,98.9,67.7,84.1,97.4,72.0,84.4,71.2,85.3,79.0,93.4,81.7,73.8,76.4,72.5,92.7,77.7,61.6,38,24,35,55,10,30.97
7728,Europe,3150,Poland,2021,81.0,99.0,67.5,83.9,97.5,72.6,84.4,71.2,86.6,79.7,93.4,85.8,74.1,75.3,72.1,92.8,78.3,62.4,35,24,40,60,10,
7729,Europe,3151,Poland,2022,81.8,99.0,67.5,85.2,97.5,73.1,84.4,71.2,86.9,80.3,93.4,87.8,74.1,75.3,72.1,92.9,77.4,72.6,35,28,60,50,5,
7730,Europe,3152,Portugal,2000,71.3,100.0,62.4,81.1,96.6,64.0,77.3,77.3,81.1,37.2,59.1,89.2,64.8,79.7,40.5,63.9,76.5,62.1,5,20,60,60,8,35.81
7731,Europe,3153,Portugal,2001,71.6,100.0,61.4,81.2,97.9,65.1,77.4,78.0,81.1,38.2,59.1,89.3,65.0,79.9,39.9,64.1,76.6,62.5,12,18,55,72,7,35.78
7732,Europe,3154,Portugal,2002,71.6,100.0,61.8,81.8,97.9,66.0,77.6,76.3,80.7,38.7,59.1,89.3,65.3,79.3,39.6,64.0,76.5,62.8,15,20,30,60,6,35.75
7733,Europe,3155,Portugal,2003,72.1,100.0,61.2,82.9,97.6,66.5,77.8,78.8,79.9,41.2,59.1,89.3,65.6,80.1,40.4,65.7,76.5,63.0,15,10,35,63,8,35.72
7734,Europe,3156,Portugal,2004,72.3,100.0,62.7,83.2,97.7,66.8,78.0,77.3,79.7,42.5,58.9,89.4,65.3,79.7,41.6,65.9,77.0,63.1,12,30,65,70,7,35.69
7735,Europe,3157,Portugal,2005,72.4,100.0,59.7,84.0,97.8,68.2,78.1,76.3,79.0,44.2,60.8,89.3,65.3,79.4,42.7,66.3,76.9,63.3,12,20,45,70,15,35.66
7736,Europe,3158,Portugal,2006,73.2,100.0,61.8,85.2,97.7,68.6,78.4,79.2,78.9,47.4,64.1,89.3,65.4,80.1,43.5,66.3,76.9,61.5,20,25,70,60,8,35.62
7737,Europe,3159,Portugal,2007,73.8,100.0,61.2,85.9,97.5,72.6,78.4,79.5,78.7,49.1,67.8,89.4,64.5,80.5,44.7,66.3,77.2,61.3,14,15,62,68,10,35.59
7738,Europe,3160,Portugal,2008,74.9,100.0,61.7,87.0,97.4,72.8,78.5,79.6,79.0,52.5,69.7,91.0,64.8,80.9,47.5,73.3,77.1,61.3,10,10,33,65,7,35.56
7739,Europe,3161,Portugal,2009,75.5,100.0,61.3,86.3,97.9,72.6,78.6,80.9,78.0,54.3,76.1,87.8,66.3,81.4,48.2,73.5,77.0,63.5,15,10,70,58,6,35.53
7740,Europe,3162,Portugal,2010,75.9,100.0,61.4,87.3,97.9,73.1,78.7,83.2,77.3,55.4,73.6,90.0,66.2,82.1,49.6,73.6,77.2,63.6,18,23,55,65,10,35.5
7741,Europe,3163,Portugal,2011,76.2,99.9,62.2,88.2,99.2,73.8,78.8,82.9,76.2,55.9,73.9,90.4,66.8,83.3,51.0,74.2,77.2,62.5,18,25,70,59,10,35.63
7742,Europe,3164,Portugal,2012,76.1,99.6,62.4,88.6,98.8,74.0,78.9,81.6,74.6,58.8,74.6,85.4,68.0,85.4,50.4,74.3,76.7,61.6,15,15,65,61,5,35.76
7743,Europe,3165,Portugal,2013,76.8,99.4,62.9,89.3,98.0,77.9,79.0,84.4,74.2,59.4,73.7,89.1,67.8,85.9,50.7,74.3,77.4,62.0,15,25,70,62,8,35.89
7744,Europe,3166,Portugal,2014,76.8,99.4,62.3,89.2,98.7,78.0,79.1,84.7,76.5,60.6,74.8,88.9,67.9,85.3,45.8,74.2,78.9,61.6,18,20,70,65,10,36.02
7745,Europe,3167,Portugal,2015,77.1,99.8,62.9,89.8,97.4,80.1,79.1,82.7,77.6,62.1,75.9,86.8,68.1,85.1,47.1,74.2,80.9,61.2,18,18,65,60,10,36.15
7746,Europe,3168,Portugal,2016,77.3,99.7,62.0,90.6,98.3,80.1,79.2,84.2,78.4,62.0,76.7,87.8,67.6,84.9,45.8,74.2,81.8,61.1,18,36,70,65,10,36.15
7747,Europe,3169,Portugal,2017,78.5,99.9,63.3,91.3,98.7,80.2,80.3,81.5,80.7,73.6,81.1,88.3,67.3,83.6,45.6,74.1,83.6,61.5,18,28,70,70,15,36.15
7748,Europe,3170,Portugal,2018,78.5,99.8,63.2,91.5,95.8,80.5,80.3,83.3,81.8,74.9,81.9,87.9,66.5,82.4,44.8,73.9,84.1,61.1,15,18,70,73,10,36.15
7749,Europe,3171,Portugal,2019,79.1,99.9,63.9,92.4,95.0,82.8,80.3,83.5,81.8,77.0,84.4,87.2,66.4,83.0,49.4,73.9,83.5,61.0,18,30,75,63,15,36.15
7750,Europe,3172,Portugal,2020,79.7,99.9,63.3,91.8,98.6,83.5,80.3,83.5,81.5,79.5,84.4,88.4,66.4,83.9,49.5,73.8,82.8,63.5,20,15,70,60,7,36.15
7751,Europe,3173,Portugal,2021,80.1,99.9,64.3,92.4,98.6,84.0,80.3,83.5,80.9,82.3,84.4,89.6,67.4,84.1,49.4,74.0,82.0,64.5,15,24,70,62,10,
7752,Europe,3174,Portugal,2022,80.0,99.9,64.3,92.1,98.6,84.2,80.3,83.5,81.2,82.2,84.4,88.0,67.4,84.1,49.4,73.9,80.9,65.9,15,20,75,72,10,
7753,Asia,3175,Qatar,2000,55.0,0.0,66.3,69.4,88.8,48.8,53.1,54.9,70.7,25.2,0.0,54.2,54.0,0.0,67.0,55.1,87.5,29.9,5,15,17,60,10,0.0
7754,Asia,3176,Qatar,2001,55.1,0.0,65.6,72.2,89.4,48.8,53.1,54.3,70.6,26.2,0.0,54.2,53.7,0.0,67.0,54.8,87.3,29.3,5,15,10,70,15,0.0
7755,Asia,3177,Qatar,2002,55.2,0.0,65.5,71.8,89.9,48.8,53.1,56.5,70.5,27.1,0.0,54.2,51.2,0.0,67.0,54.4,87.3,31.0,20,12,15,65,10,0.0
7756,Asia,3178,Qatar,2003,55.4,0.0,64.6,71.7,89.0,48.8,53.1,57.7,70.4,28.7,0.0,54.2,51.8,0.0,66.9,54.1,87.3,32.3,30,15,20,75,5,0.0
7757,Asia,3179,Qatar,2004,55.6,0.0,65.4,73.5,88.4,48.8,53.1,59.0,70.5,29.4,0.0,54.2,51.8,0.0,67.0,53.7,87.4,32.0,30,7,18,70,10,0.0
7758,Asia,3180,Qatar,2005,55.5,0.0,64.3,73.6,90.1,48.8,53.1,60.1,70.2,30.4,0.0,53.9,51.2,0.0,67.0,53.4,84.1,32.1,40,15,18,80,5,0.0
7759,Asia,3181,Qatar,2006,55.5,0.0,64.0,73.5,85.5,48.8,53.1,59.3,69.4,30.9,0.0,53.9,51.6,0.0,70.9,59.8,80.3,31.6,10,25,15,70,10,0.0
7760,Asia,3182,Qatar,2007,57.6,0.0,65.2,75.6,88.3,48.8,53.1,61.4,69.9,32.3,0.0,53.9,52.8,0.0,79.0,72.7,80.2,31.3,40,9,18,73,15,0.0
7761,Asia,3183,Qatar,2008,58.7,0.0,66.7,76.8,91.0,48.8,53.1,62.3,70.2,34.1,0.0,53.9,53.9,0.0,79.0,72.4,87.3,31.1,42,20,15,75,20,0.0
7762,Asia,3184,Qatar,2009,59.2,0.0,69.5,78.7,90.7,48.8,53.1,63.0,70.3,36.7,0.0,53.4,54.7,0.0,79.0,72.1,87.4,30.3,20,15,15,80,5,0.0
7763,Asia,3185,Qatar,2010,60.1,0.0,70.7,80.7,89.6,48.8,53.1,63.4,70.5,45.5,0.0,53.9,55.2,0.0,79.0,71.8,87.5,32.0,45,15,16,68,10,0.0
7764,Asia,3186,Qatar,2011,60.1,0.0,68.5,80.8,91.4,48.8,53.0,63.2,70.1,47.1,0.0,56.0,56.4,0.0,79.1,71.4,84.9,30.5,30,20,18,75,5,0.0
7765,Asia,3187,Qatar,2012,60.3,0.0,68.3,81.6,90.3,48.8,53.0,63.0,70.1,52.7,0.0,57.1,55.2,0.0,79.1,71.2,84.9,29.9,30,18,18,75,15,0.0
7766,Asia,3188,Qatar,2013,60.2,0.0,67.3,82.5,80.2,51.5,53.0,64.3,70.0,59.3,0.0,57.1,55.3,0.0,79.2,70.8,80.5,31.9,44,15,18,73,10,0.0
7767,Asia,3189,Qatar,2014,61.0,0.0,68.7,81.7,83.3,52.0,53.0,62.8,69.8,67.8,0.0,60.7,54.9,0.0,78.3,70.5,80.3,31.7,60,20,15,75,20,0.0
7768,Asia,3190,Qatar,2015,61.7,0.0,67.0,86.3,87.7,52.5,53.0,63.6,69.9,69.5,0.0,57.1,55.4,0.0,78.2,70.1,80.4,34.1,55,20,20,75,15,0.0
7769,Asia,3191,Qatar,2016,61.8,0.0,64.4,86.9,90.4,52.7,52.9,64.3,69.8,71.1,0.0,57.1,56.1,0.0,78.3,69.8,79.8,33.8,55,40,18,63,20,0.0
7770,Asia,3192,Qatar,2017,62.7,0.0,65.1,87.8,88.5,57.3,52.9,65.4,69.9,80.0,0.0,57.1,56.2,0.0,78.4,69.5,79.1,32.7,40,20,18,72,15,0.0
7771,Asia,3193,Qatar,2018,63.3,0.0,69.3,88.1,90.6,57.5,52.9,67.0,69.9,81.3,0.0,57.1,56.2,0.0,78.5,69.3,78.8,32.4,45,15,15,80,15,0.0
7772,Asia,3194,Qatar,2019,63.7,0.0,68.5,88.7,91.7,57.7,52.9,66.7,69.9,81.8,0.0,57.1,55.8,0.0,79.8,68.8,78.1,37.2,55,10,20,75,30,0.0
7773,Asia,3195,Qatar,2020,64.1,0.0,69.4,87.6,92.7,57.9,52.9,66.7,69.9,82.2,0.0,57.1,55.8,0.0,79.8,68.6,78.3,42.2,10,10,18,65,10,0.0
7774,Asia,3196,Qatar,2021,64.1,0.0,69.5,88.7,89.9,55.2,52.9,66.7,69.9,84.0,0.0,57.1,55.8,0.0,79.7,68.1,78.3,45.4,35,9,15,80,18,
7775,Asia,3197,Qatar,2022,66.2,0.0,69.6,88.7,89.9,55.3,52.9,66.7,69.9,84.1,0.0,57.1,55.8,0.0,79.7,67.6,76.7,48.2,40,15,18,50,8,
7776,Europe,3198,Romania,2000,67.9,96.2,60.4,72.7,89.4,52.0,73.5,66.8,78.5,22.1,58.9,81.6,81.6,88.8,61.7,56.1,72.8,41.4,30,30,40,35,8,27.67
7777,Europe,3199,Romania,2001,68.1,96.2,65.5,72.6,89.6,52.1,73.5,65.3,78.7,22.4,58.9,81.6,81.1,88.4,61.6,56.1,72.6,42.3,30,40,25,40,10,27.73
7778,Europe,3200,Romania,2002,68.2,96.2,62.8,72.9,91.3,52.2,73.5,66.1,77.9,22.7,58.9,81.6,81.7,88.3,62.1,56.1,72.7,43.0,30,20,20,60,7,27.8
7779,Europe,3201,Romania,2003,68.5,96.2,62.4,72.8,93.1,52.5,73.5,66.9,78.5,23.4,58.9,81.5,81.4,87.9,62.1,56.1,72.6,44.4,30,35,35,55,8,27.86
7780,Europe,3202,Romania,2004,69.1,96.2,69.1,73.1,94.9,53.2,73.5,68.6,78.0,24.4,58.9,81.5,81.3,87.9,62.1,56.1,72.9,43.3,25,30,35,35,5,27.93
7781,Europe,3203,Romania,2005,69.3,96.2,65.4,73.5,94.4,53.3,73.5,69.8,78.4,25.9,58.9,81.7,81.0,88.0,62.1,58.3,73.1,44.3,40,45,50,45,15,27.99
7782,Europe,3204,Romania,2006,69.2,96.2,64.0,73.8,92.4,53.6,73.7,69.4,78.3,26.8,58.9,81.7,81.0,87.7,62.2,58.3,73.5,44.9,25,35,35,55,7,28.06
7783,Europe,3205,Romania,2007,71.1,96.2,57.3,75.0,94.2,52.9,73.9,70.1,78.7,28.4,67.8,83.7,80.7,87.2,69.5,74.6,73.6,44.8,30,35,50,50,10,28.12
7784,Europe,3206,Romania,2008,72.1,96.2,63.8,74.8,95.0,54.3,74.1,72.3,79.0,30.7,72.2,83.7,80.2,87.3,69.5,75.1,73.5,44.7,25,44,50,50,10,28.19
7785,Europe,3207,Romania,2009,72.8,96.2,62.3,75.3,95.5,54.6,74.3,73.6,78.5,32.6,77.0,86.5,80.9,88.8,69.5,76.6,71.3,44.7,40,33,35,30,5,28.25
7786,Europe,3208,Romania,2010,73.1,96.2,64.4,76.1,94.7,54.6,74.5,75.3,78.4,34.6,75.9,85.6,80.9,89.0,69.5,76.6,71.8,44.6,30,40,30,40,10,28.32
7787,Europe,3209,Romania,2011,73.7,96.5,67.3,76.7,97.7,54.8,74.7,73.8,78.3,35.7,76.0,85.0,80.6,87.9,73.7,79.1,72.9,42.1,30,37,32,45,10,28.65
7788,Europe,3210,Romania,2012,74.3,96.7,61.8,77.4,93.1,56.1,74.8,74.1,78.5,40.7,73.6,86.7,81.0,88.4,85.8,79.1,72.8,42.1,30,40,50,30,11,28.99
7789,Europe,3211,Romania,2013,74.4,96.6,67.3,77.8,89.0,53.3,75.0,75.8,78.3,43.1,72.4,86.9,80.6,89.0,85.9,79.5,71.7,43.0,35,25,40,45,7,29.32
7790,Europe,3212,Romania,2014,74.6,96.8,67.8,78.2,89.0,53.3,75.2,77.1,81.0,47.2,66.8,87.1,80.6,88.9,85.5,79.5,70.8,42.9,35,40,22,42,10,29.66
7791,Europe,3213,Romania,2015,75.0,97.0,65.5,78.6,87.1,52.8,75.4,76.7,82.5,50.2,74.1,88.2,80.3,89.0,84.9,79.5,71.0,42.7,35,45,58,45,7,29.99
7792,Europe,3214,Romania,2016,75.5,97.3,66.9,79.1,84.6,52.9,75.5,77.0,83.0,53.0,79.3,88.3,79.7,88.5,85.1,79.5,72.1,42.6,35,40,45,40,7,30.02
7793,Europe,3215,Romania,2017,75.9,97.8,71.9,78.6,80.8,57.1,75.7,76.5,82.0,60.3,72.7,89.2,79.3,88.0,85.2,79.5,73.2,43.0,40,35,45,40,10,30.04
7794,Europe,3216,Romania,2018,76.3,98.1,74.3,79.5,82.5,57.0,75.9,76.3,82.5,62.1,73.0,86.0,78.8,87.2,85.4,79.5,73.5,46.0,35,35,43,48,10,30.07
7795,Europe,3217,Romania,2019,76.7,98.2,73.3,80.0,83.4,57.5,76.1,76.4,83.3,64.0,77.2,84.5,78.6,87.5,86.2,79.5,71.5,47.1,35,40,42,53,10,30.09
7796,Europe,3218,Romania,2020,77.1,98.1,69.6,81.4,84.5,57.4,76.3,76.4,82.0,64.7,77.2,85.7,78.6,87.7,86.4,79.5,73.9,50.9,30,45,50,50,15,30.12
7797,Europe,3219,Romania,2021,77.3,98.4,72.9,80.7,84.6,54.8,76.3,76.4,83.0,68.0,77.2,84.9,79.2,87.2,86.7,79.5,74.4,50.0,40,40,35,53,18,
7798,Europe,3220,Romania,2022,77.5,98.6,72.9,80.6,84.6,55.1,76.3,76.4,83.2,69.4,77.2,85.3,79.2,87.2,86.7,79.5,73.4,51.3,40,45,50,48,10,
7799,Europe,3221,Russian Federation,2000,66.8,98.5,54.2,62.9,88.1,63.3,73.4,66.9,72.1,43.0,64.9,78.5,81.6,70.8,50.4,64.4,39.6,62.5,70,35,10,23,6,49.42
7800,Europe,3222,Russian Federation,2001,67.1,98.5,56.8,62.9,88.1,63.3,73.5,67.0,73.0,43.8,65.2,78.6,81.4,70.3,49.4,64.5,39.3,65.1,35,20,12,35,7,49.45
7801,Europe,3223,Russian Federation,2002,67.5,98.5,57.1,63.0,88.8,63.3,73.6,67.0,73.6,44.3,64.6,78.7,81.5,70.3,49.7,64.6,39.0,70.4,40,45,10,22,10,49.49
7802,Europe,3224,Russian Federation,2003,67.2,98.5,57.4,62.8,88.4,63.3,73.6,66.7,73.4,45.1,60.8,78.8,81.5,69.9,51.9,64.8,39.4,66.3,38,25,12,30,10,49.52
7803,Europe,3225,Russian Federation,2004,67.4,98.5,58.6,63.5,86.7,64.4,73.7,67.1,73.6,45.3,60.4,78.9,81.2,69.8,54.8,64.8,39.8,65.2,70,40,12,30,8,49.56
7804,Europe,3226,Russian Federation,2005,67.5,98.5,57.9,63.3,85.6,64.4,73.8,67.1,74.0,45.5,59.0,79.0,81.0,69.5,55.0,65.0,40.4,68.6,60,33,15,37,8,49.59
7805,Europe,3227,Russian Federation,2006,67.4,98.5,58.1,63.8,84.0,64.4,73.9,67.2,74.0,45.6,59.4,79.1,80.9,68.7,54.4,65.1,41.8,67.5,35,30,15,33,8,49.63
7806,Europe,3228,Russian Federation,2007,67.6,98.5,57.7,64.2,83.6,66.6,74.0,67.4,74.5,46.8,57.6,77.0,80.9,68.7,54.2,65.2,42.5,69.7,50,25,12,40,7,49.67
7807,Europe,3229,Russian Federation,2008,68.3,98.5,59.4,65.7,85.7,66.6,74.1,67.1,74.4,47.6,58.6,79.8,80.7,68.4,53.3,65.2,44.0,72.2,55,38,20,40,10,49.7
7808,Europe,3230,Russian Federation,2009,68.2,98.5,58.2,66.1,86.4,66.6,74.2,67.3,73.3,50.1,61.1,78.8,81.1,69.6,53.2,65.3,44.1,66.1,45,35,20,35,8,49.74
7809,Europe,3231,Russian Federation,2010,68.3,98.5,54.9,70.4,86.4,66.5,74.2,67.0,73.7,50.6,61.5,80.8,81.0,68.6,50.4,65.3,46.2,65.5,50,40,10,45,8,49.77
7810,Europe,3232,Russian Federation,2011,69.0,98.6,58.0,71.0,91.1,66.3,74.3,66.4,74.2,53.7,61.3,78.3,80.5,67.3,51.2,65.3,45.7,69.3,55,40,10,40,8,49.77
7811,Europe,3233,Russian Federation,2012,68.7,98.6,55.6,71.8,88.9,66.3,74.4,66.3,74.8,56.1,59.8,77.7,80.5,66.7,52.5,65.4,45.4,66.5,55,40,12,35,10,49.77
7812,Europe,3234,Russian Federation,2013,69.2,98.7,57.5,72.3,90.7,66.2,74.5,66.6,74.8,57.8,59.6,80.8,80.5,67.5,53.0,65.6,45.0,65.9,45,40,12,35,10,49.77
7813,Europe,3235,Russian Federation,2014,70.5,98.7,58.5,72.8,92.6,66.1,74.6,66.2,78.0,60.7,61.0,82.9,80.9,68.9,55.9,65.7,47.7,66.8,68,38,15,18,8,49.76
7814,Europe,3236,Russian Federation,2015,71.0,98.7,58.5,75.8,95.1,65.9,74.7,64.6,78.8,62.3,64.1,80.7,81.3,71.5,56.1,65.8,48.6,64.2,67,45,16,35,10,49.76
7815,Europe,3237,Russian Federation,2016,71.4,98.7,59.4,76.6,96.0,65.5,74.8,65.7,78.8,55.1,75.0,81.7,81.2,72.0,56.4,65.8,48.1,63.7,73,40,15,45,10,49.77
7816,Europe,3238,Russian Federation,2017,72.6,98.7,60.4,77.5,95.8,66.8,74.8,65.5,79.1,65.1,77.3,83.9,81.0,70.7,56.6,66.0,48.5,66.2,70,38,15,50,8,49.77
7817,Europe,3239,Russian Federation,2018,72.9,98.7,58.9,77.8,96.0,67.0,74.9,65.0,79.0,70.5,76.9,82.5,80.8,70.5,55.0,66.0,49.4,69.6,75,40,15,34,7,49.78
7818,Europe,3240,Russian Federation,2019,73.2,98.8,59.1,79.0,97.1,67.0,75.0,64.8,79.6,73.7,76.6,84.4,80.7,70.6,53.4,66.1,50.3,68.9,70,45,13,40,8,49.78
7819,Europe,3241,Russian Federation,2020,74.0,98.8,59.5,79.3,97.1,67.1,75.1,64.4,79.4,75.4,79.0,86.1,80.7,71.4,53.4,66.1,51.8,73.3,67,45,11,30,6,49.78
7820,Europe,3242,Russian Federation,2021,74.1,98.9,59.1,79.2,97.1,67.3,75.1,64.4,81.6,75.9,79.0,85.5,80.6,69.9,53.4,66.1,51.3,74.4,66,40,15,42,7,
7821,Europe,3243,Russian Federation,2022,73.8,98.8,59.1,80.3,97.1,67.3,75.1,64.4,81.6,75.9,79.0,83.4,80.6,69.9,53.4,66.1,47.8,74.6,80,57,6,15,7,
7822,Africa,3244,Rwanda,2000,45.9,12.3,50.5,23.9,37.4,35.9,49.2,6.6,65.0,10.9,20.4,44.9,95.4,99.4,0.0,64.6,67.2,50.4,88,15,9,15,7,11.63
7823,Africa,3245,Rwanda,2001,45.8,12.3,50.8,23.8,37.4,36.5,49.9,2.3,65.0,10.9,20.4,45.0,95.4,99.4,0.0,64.6,67.2,52.8,5,35,10,18,5,11.54
7824,Africa,3246,Rwanda,2002,46.2,12.3,51.9,24.4,37.4,37.0,50.6,4.4,65.0,10.9,20.4,46.1,95.4,99.4,0.0,64.6,67.2,52.9,84,20,10,20,8,11.46
7825,Africa,3247,Rwanda,2003,47.9,12.3,52.2,28.8,39.7,49.4,51.1,8.3,64.9,10.9,20.4,46.2,95.4,99.4,0.0,64.6,67.2,55.5,75,25,15,20,15,11.37
7826,Africa,3248,Rwanda,2004,47.8,12.3,51.7,31.2,39.7,49.8,51.6,2.9,64.9,10.9,20.4,47.3,95.3,99.4,0.0,64.6,67.2,54.9,70,15,8,20,10,11.28
7827,Africa,3249,Rwanda,2005,48.3,12.3,55.4,34.3,36.4,50.4,52.2,9.3,65.0,10.9,15.5,47.6,95.3,99.5,0.0,67.1,67.2,54.3,45,35,15,45,5,11.19
7828,Africa,3250,Rwanda,2006,49.0,12.3,56.1,37.1,36.4,51.3,52.7,15.3,65.0,10.9,15.5,48.7,95.4,99.5,0.0,67.1,67.2,54.1,65,20,15,53,7,11.1
7829,Africa,3251,Rwanda,2007,49.6,12.3,56.6,38.9,36.4,58.4,53.2,14.8,65.0,10.9,15.5,48.8,95.4,99.5,0.0,67.1,67.3,53.2,50,50,14,55,10,11.01
7830,Africa,3252,Rwanda,2008,50.2,12.3,58.1,42.7,36.4,59.9,53.7,16.0,65.0,11.3,15.5,49.9,95.2,99.5,0.0,67.1,67.3,52.5,42,50,15,48,5,10.92
7831,Africa,3253,Rwanda,2009,50.4,12.3,59.3,43.8,36.4,60.7,54.2,19.8,65.0,11.8,15.5,46.8,95.1,99.5,0.0,67.1,66.1,52.6,45,45,15,70,8,10.83
7832,Africa,3254,Rwanda,2010,52.1,12.3,61.3,49.5,39.6,68.1,54.8,19.1,65.0,11.9,22.3,48.3,95.0,99.5,0.0,67.1,65.7,54.7,45,35,15,40,8,10.74
7833,Africa,3255,Rwanda,2011,52.5,14.4,60.7,50.6,39.6,68.5,55.1,19.6,65.0,11.7,22.3,48.4,95.0,99.4,0.0,67.1,67.5,54.6,45,55,14,55,8,10.78
7834,Africa,3256,Rwanda,2012,52.9,16.4,62.0,50.7,41.9,69.0,55.5,20.9,65.0,13.8,22.3,46.5,95.2,99.4,0.0,67.1,66.9,54.4,35,40,15,62,8,10.82
7835,Africa,3257,Rwanda,2013,54.1,17.4,62.4,51.7,41.9,71.4,55.8,20.4,65.0,14.4,27.4,54.7,95.1,99.4,0.0,67.1,66.2,55.1,35,30,18,65,6,10.86
7836,Africa,3258,Rwanda,2014,55.0,17.9,61.5,53.2,43.0,72.8,56.1,23.5,66.4,18.4,27.4,58.5,95.2,99.4,0.0,67.1,65.6,54.2,38,70,18,40,10,10.9
7837,Africa,3259,Rwanda,2015,55.5,19.7,60.1,57.0,42.7,73.4,56.5,25.0,66.5,21.0,27.4,56.1,95.1,99.3,0.0,68.0,66.1,53.8,45,25,18,55,10,10.94
7838,Africa,3260,Rwanda,2016,57.2,19.4,60.6,57.1,50.2,74.0,56.8,27.3,66.4,23.5,34.9,60.5,95.0,99.3,0.0,68.0,67.2,54.5,38,35,18,65,10,10.99
7839,Africa,3261,Rwanda,2017,57.6,18.6,60.5,58.3,51.1,74.6,57.1,29.4,67.7,24.7,34.9,59.2,95.0,99.3,0.0,68.0,67.4,56.2,38,35,18,50,10,11.04
7840,Africa,3262,Rwanda,2018,58.0,20.7,61.5,59.3,52.2,74.0,57.5,30.5,67.5,26.5,34.9,58.7,94.7,99.3,0.0,66.8,68.1,56.6,35,40,15,75,12,11.09
7841,Africa,3263,Rwanda,2019,58.8,21.4,61.6,59.2,54.7,76.8,57.7,31.9,70.1,27.7,34.9,56.8,94.7,99.3,0.0,66.8,69.5,57.6,35,40,19,63,5,11.14
7842,Africa,3264,Rwanda,2020,58.9,19.5,62.4,59.3,54.7,77.5,57.8,33.7,67.7,28.3,34.9,57.3,94.7,99.3,0.0,66.8,69.3,60.0,35,50,18,60,7,11.19
7843,Africa,3265,Rwanda,2021,59.7,21.0,62.8,59.0,61.3,77.3,57.8,33.7,68.7,30.2,34.9,57.3,94.7,99.3,0.0,67.3,68.9,61.2,44,50,17,60,15,
7844,Africa,3266,Rwanda,2022,60.2,23.5,63.0,59.0,61.3,77.2,57.8,33.7,69.1,30.2,34.9,57.3,94.7,99.3,0.0,67.3,68.0,60.9,35,35,12,60,15,
7845,North America,3267,Saint Kitts and Nevis,2000,45.1,15.5,45.9,16.0,25.2,31.4,40.0,14.5,64.0,7.3,51.4,41.4,97.8,99.5,57.7,58.0,57.8,43.4,15,18,18,20,5,42.31
7846,North America,3268,Saint Kitts and Nevis,2001,45.6,15.5,46.3,15.5,25.2,31.5,40.1,19.6,64.0,7.3,51.4,41.4,97.8,99.4,62.7,58.0,57.8,41.6,20,12,20,40,15,42.31
7847,North America,3269,Saint Kitts and Nevis,2002,45.8,15.5,45.6,18.4,25.2,31.6,40.6,18.0,64.0,7.3,51.4,41.1,97.8,99.4,64.7,58.0,57.8,42.3,20,20,10,40,5,42.31
7848,North America,3270,Saint Kitts and Nevis,2003,46.2,15.5,45.3,20.7,25.2,34.6,41.1,15.7,64.0,7.3,51.4,40.9,97.8,99.4,69.1,58.0,57.8,40.8,15,23,20,40,5,42.31
7849,North America,3271,Saint Kitts and Nevis,2004,46.1,15.5,44.3,20.3,25.2,34.7,41.5,14.7,64.0,7.3,51.4,41.0,97.8,99.4,70.6,58.0,57.8,40.4,15,10,25,63,5,42.31
7850,North America,3272,Saint Kitts and Nevis,2005,45.9,15.5,45.6,20.5,25.2,34.8,42.0,9.6,63.9,7.3,51.4,41.0,97.9,99.5,71.7,58.0,57.8,39.2,20,15,20,60,10,42.31
7851,North America,3273,Saint Kitts and Nevis,2006,45.8,15.5,46.1,18.3,25.2,35.1,42.5,9.6,63.8,7.3,51.4,41.5,97.9,99.4,71.4,58.0,57.2,38.2,10,13,22,48,20,42.31
7852,North America,3274,Saint Kitts and Nevis,2007,45.7,15.5,46.3,18.8,25.2,34.7,43.0,10.4,63.8,7.3,51.4,42.1,98.0,99.4,70.8,58.0,54.4,37.7,19,13,40,50,5,42.31
7853,North America,3275,Saint Kitts and Nevis,2008,45.7,15.5,45.6,20.5,30.0,35.0,43.4,10.4,63.7,7.3,51.4,37.7,98.0,99.4,70.4,58.0,53.4,36.8,15,15,35,50,5,42.31
7854,North America,3276,Saint Kitts and Nevis,2009,45.9,15.5,48.2,21.2,30.0,35.3,43.9,11.4,63.6,7.3,51.4,37.5,97.9,99.5,69.1,58.0,53.5,37.9,20,20,20,60,5,42.31
7855,North America,3277,Saint Kitts and Nevis,2010,47.4,15.5,52.5,24.8,30.0,36.6,44.4,20.7,63.6,7.3,51.4,40.7,97.9,99.4,68.4,62.3,52.2,38.1,20,15,23,60,5,42.31
7856,North America,3278,Saint Kitts and Nevis,2011,50.4,27.1,54.1,26.5,36.1,37.0,44.9,17.8,63.5,7.4,76.5,37.5,97.7,99.1,77.0,62.3,53.0,38.8,20,10,35,45,15,42.31
7857,North America,3279,Saint Kitts and Nevis,2012,51.2,29.1,53.7,28.1,38.6,37.4,45.3,15.7,63.4,13.2,76.5,37.8,97.7,99.0,78.8,63.7,53.2,39.2,15,15,18,55,10,42.31
7858,North America,3280,Saint Kitts and Nevis,2013,51.9,40.9,54.1,29.1,39.6,44.3,45.8,10.6,63.4,13.4,76.5,38.2,97.5,98.9,78.7,63.7,50.4,37.6,15,15,30,35,5,42.31
7859,North America,3281,Saint Kitts and Nevis,2014,52.3,31.7,56.1,28.1,39.6,44.7,46.3,12.0,63.3,15.2,76.5,44.5,97.5,99.0,79.6,63.7,53.7,38.4,25,10,18,60,15,42.31
7860,North America,3282,Saint Kitts and Nevis,2015,52.8,31.4,55.9,29.2,38.2,44.8,46.8,18.1,63.4,15.6,76.5,40.0,97.7,99.1,79.6,63.7,52.5,45.0,20,10,37,58,5,42.31
7861,North America,3283,Saint Kitts and Nevis,2016,53.4,34.4,55.3,30.7,41.9,44.8,47.2,19.2,63.7,14.6,76.5,41.2,97.7,99.1,79.7,63.7,51.7,47.0,12,18,40,55,5,42.31
7862,North America,3284,Saint Kitts and Nevis,2017,53.7,34.2,53.6,33.3,40.9,43.5,47.7,21.1,65.9,15.6,76.5,40.1,97.7,99.2,79.5,63.7,54.2,46.9,15,10,35,55,10,42.31
7863,North America,3285,Saint Kitts and Nevis,2018,54.0,31.7,53.3,35.4,46.5,43.4,48.2,21.1,65.5,12.4,69.7,42.8,97.8,99.4,79.4,63.7,53.5,53.5,15,12,40,55,40,42.31
7864,North America,3286,Saint Kitts and Nevis,2019,54.5,32.4,55.8,36.7,53.1,46.6,48.6,15.5,66.0,12.9,69.7,40.3,97.8,99.4,78.5,63.7,54.4,54.9,10,18,35,62,5,42.31
7865,North America,3287,Saint Kitts and Nevis,2020,54.9,33.1,56.3,36.3,54.7,46.6,49.1,16.5,65.8,13.8,69.7,40.8,97.8,99.4,78.5,63.7,53.4,57.5,20,20,35,60,15,42.31
7866,North America,3288,Saint Kitts and Nevis,2021,55.6,47.5,56.5,37.3,50.3,46.6,49.1,16.5,67.1,14.2,69.7,38.4,97.8,99.3,78.5,63.7,53.8,59.5,12,12,55,78,15,
7867,North America,3289,Saint Kitts and Nevis,2022,55.7,49.1,56.7,36.6,50.3,46.6,49.1,16.5,67.1,14.2,69.7,38.0,97.8,99.3,78.5,63.7,53.3,59.7,26,15,30,55,15,
7868,North America,3290,Saint Lucia,2000,66.2,0.0,76.6,87.2,99.8,51.9,70.1,67.9,75.7,74.5,0.0,95.9,41.4,46.6,46.8,39.0,83.9,35.2,16,20,10,25,5,34.44
7869,North America,3291,Saint Lucia,2001,66.6,0.0,76.6,87.4,99.8,56.1,70.1,68.5,76.0,76.1,0.0,95.9,41.7,46.6,46.8,38.6,84.0,35.0,10,15,10,20,10,34.4
7870,North America,3292,Saint Lucia,2002,66.9,0.0,76.5,87.5,99.8,56.5,70.1,69.0,75.0,76.9,0.0,95.9,42.1,47.8,47.4,38.9,84.0,36.1,15,30,15,35,5,34.36
7871,North America,3293,Saint Lucia,2003,67.2,0.0,76.5,87.7,99.8,59.1,70.1,68.9,74.9,77.8,0.0,95.9,42.7,47.1,47.4,38.7,84.0,37.0,10,18,18,25,5,34.32
7872,North America,3294,Saint Lucia,2004,67.3,0.0,76.4,88.4,99.8,59.5,70.1,69.4,74.7,79.3,0.0,95.9,42.8,48.3,47.4,38.6,84.0,35.5,10,30,20,25,15,34.29
7873,North America,3295,Saint Lucia,2005,67.7,0.0,76.4,89.7,99.8,59.8,70.1,70.8,74.7,79.4,0.0,95.5,43.1,51.0,47.4,38.6,84.0,34.5,15,25,25,10,10,34.25
7874,North America,3296,Saint Lucia,2006,67.7,0.0,76.4,89.8,99.8,62.8,70.1,70.2,75.3,79.0,0.0,95.5,43.3,49.1,47.4,38.7,84.1,33.7,10,25,20,20,5,34.21
7875,North America,3297,Saint Lucia,2007,68.0,0.0,76.4,90.1,99.8,64.7,70.1,69.9,75.4,81.4,0.0,95.5,43.4,49.5,47.4,38.6,84.8,33.8,20,20,15,35,10,34.17
7876,North America,3298,Saint Lucia,2008,67.9,0.0,76.4,89.9,99.8,64.8,70.1,68.9,74.9,84.2,0.0,95.5,43.6,45.6,47.4,38.4,84.7,33.9,15,28,20,40,10,34.13
7877,North America,3299,Saint Lucia,2009,68.0,0.0,76.4,89.9,99.8,64.3,70.1,65.6,74.2,84.4,0.0,95.5,43.3,52.1,47.4,38.2,84.8,34.5,20,30,18,20,5,34.09
7878,North America,3300,Saint Lucia,2010,68.5,0.0,76.3,92.4,99.9,64.6,70.1,69.4,75.1,88.1,0.0,95.6,43.2,48.7,47.4,37.9,84.8,34.5,10,25,12,20,10,34.05
7879,North America,3301,Saint Lucia,2011,69.1,0.0,76.3,92.8,99.9,64.1,70.1,72.1,75.2,89.1,0.0,92.5,43.1,56.7,47.4,37.8,84.2,34.5,10,25,5,55,5,34.05
7880,North America,3302,Saint Lucia,2012,68.8,0.0,76.3,92.8,99.9,65.3,70.1,70.4,75.4,88.7,0.0,94.4,43.4,51.6,47.4,37.6,84.6,34.9,15,20,22,35,5,34.05
7881,North America,3303,Saint Lucia,2013,69.0,0.0,76.3,93.1,99.9,68.7,70.1,69.9,75.3,90.0,0.0,95.1,43.6,51.1,47.4,37.3,82.3,34.9,18,25,35,50,20,34.05
7882,North America,3304,Saint Lucia,2014,69.4,0.0,76.3,94.3,99.9,69.9,70.1,70.0,75.3,90.8,0.0,96.6,43.8,50.9,44.0,37.1,86.7,35.5,10,30,15,40,20,34.05
7883,North America,3305,Saint Lucia,2015,69.5,0.0,76.2,94.5,99.9,69.7,73.6,69.5,75.0,91.3,0.0,95.6,43.9,49.9,44.0,36.9,86.4,35.9,20,30,30,30,15,34.05
7884,North America,3306,Saint Lucia,2016,69.9,0.0,76.1,93.5,100.0,69.8,73.5,71.5,74.8,91.1,0.0,96.1,43.8,56.2,44.0,36.6,84.9,36.1,20,20,20,60,10,34.05
7885,North America,3307,Saint Lucia,2017,69.9,0.0,76.1,94.4,100.0,69.3,73.9,71.7,76.3,90.4,0.0,96.0,43.5,55.9,44.0,36.4,84.1,37.1,15,20,40,40,40,34.05
7886,North America,3308,Saint Lucia,2018,69.6,0.0,76.1,94.5,99.8,69.5,74.3,71.8,75.3,90.6,0.0,96.1,44.3,53.4,44.0,27.3,85.4,41.1,15,20,35,50,20,34.05
7887,North America,3309,Saint Lucia,2019,70.1,0.0,76.1,94.7,98.8,70.5,74.2,72.0,75.3,91.0,0.0,96.1,44.1,58.1,47.2,27.1,84.9,41.7,18,30,35,30,10,34.05
7888,North America,3310,Saint Lucia,2020,70.5,0.0,76.2,94.6,98.6,74.2,74.2,72.0,74.7,91.5,0.0,96.1,44.1,58.2,47.2,27.0,83.1,45.9,15,18,30,35,10,34.05
7889,North America,3311,Saint Lucia,2021,71.2,0.0,76.2,94.9,98.6,75.1,74.2,72.0,74.5,91.4,0.0,96.1,51.6,57.5,47.2,27.0,82.8,48.6,18,25,35,50,8,
7890,North America,3312,Saint Lucia,2022,71.8,0.0,76.2,94.4,98.6,75.1,74.2,72.0,74.8,91.4,0.0,96.1,51.6,57.5,47.2,26.5,83.2,49.0,30,23,35,50,7,
7891,North America,3313,Saint Vincent and the Grenadines,2000,72.5,99.0,67.4,78.0,82.7,62.7,81.7,70.3,72.2,33.3,99.1,79.0,68.7,68.9,0.0,71.4,73.1,52.3,20,15,20,50,15,73.18
7892,North America,3314,Saint Vincent and the Grenadines,2001,72.9,99.0,71.3,78.3,82.7,63.6,81.7,71.1,72.0,33.6,99.1,79.0,68.7,68.2,0.0,72.6,73.2,52.5,20,22,15,45,8,73.18
7893,North America,3315,Saint Vincent and the Grenadines,2002,73.3,99.0,71.0,78.9,80.7,65.4,81.7,70.9,72.4,37.6,99.1,78.9,68.6,68.6,0.0,73.2,73.1,53.3,15,23,35,45,15,73.18
7894,North America,3316,Saint Vincent and the Grenadines,2003,73.4,99.0,68.6,78.8,79.7,66.5,81.6,70.6,73.2,38.5,99.1,78.9,68.7,68.5,0.0,76.5,73.1,53.0,18,15,25,40,10,73.18
7895,North America,3317,Saint Vincent and the Grenadines,2004,74.3,99.0,74.4,79.4,79.2,65.3,81.6,71.0,72.3,40.2,99.1,78.9,68.0,68.4,0.0,86.2,73.3,53.3,20,20,20,40,5,73.18
7896,North America,3318,Saint Vincent and the Grenadines,2005,74.0,99.0,72.7,80.6,79.9,65.4,81.5,71.1,73.6,41.0,91.8,78.8,67.9,68.4,0.0,86.5,73.5,52.6,23,23,35,55,10,73.18
7897,North America,3319,Saint Vincent and the Grenadines,2006,74.8,99.0,70.1,80.8,83.0,67.2,81.5,71.3,75.2,41.6,100.0,78.8,67.8,68.5,0.0,86.5,74.2,52.3,20,23,22,52,5,73.18
7898,North America,3320,Saint Vincent and the Grenadines,2007,75.0,99.0,69.2,81.3,83.1,67.0,81.5,71.8,76.2,43.1,100.0,78.8,67.0,68.9,0.0,86.6,74.7,52.2,10,22,40,55,10,73.18
7899,North America,3321,Saint Vincent and the Grenadines,2008,75.7,99.0,75.5,81.2,83.3,67.1,81.4,71.5,77.0,46.0,100.0,78.8,66.9,68.8,0.0,86.6,75.2,52.7,15,18,15,40,15,73.18
7900,North America,3322,Saint Vincent and the Grenadines,2009,75.6,99.0,71.6,82.5,81.6,66.6,81.5,72.7,75.8,47.0,99.4,78.7,67.4,70.0,0.0,86.7,75.5,54.3,18,20,20,52,7,73.18
7901,North America,3323,Saint Vincent and the Grenadines,2010,75.7,99.0,67.9,84.6,81.8,65.3,81.6,72.5,74.4,50.4,99.7,80.9,66.8,69.8,0.0,86.8,76.1,54.0,15,20,22,40,10,73.18
7902,North America,3324,Saint Vincent and the Grenadines,2011,76.5,98.9,72.5,84.7,81.9,65.8,81.6,73.1,74.7,52.8,100.0,84.9,66.2,66.6,0.0,89.0,77.9,53.5,15,23,24,40,15,73.18
7903,North America,3325,Saint Vincent and the Grenadines,2012,76.7,98.9,69.0,85.3,81.9,67.4,81.7,73.4,74.6,55.5,100.0,83.0,66.5,69.6,0.0,89.1,77.5,53.5,10,20,35,55,10,73.18
7904,North America,3326,Saint Vincent and the Grenadines,2013,76.8,98.9,69.9,85.7,79.0,66.9,81.7,73.6,74.5,58.9,98.2,82.7,66.5,71.2,0.0,89.1,78.0,54.1,22,25,34,55,10,73.18
7905,North America,3327,Saint Vincent and the Grenadines,2014,77.8,98.9,74.7,85.8,82.0,67.2,81.8,74.4,74.7,62.3,100.0,84.3,66.2,71.4,0.0,89.1,78.2,54.3,20,24,22,35,10,73.18
7906,North America,3328,Saint Vincent and the Grenadines,2015,78.0,99.0,71.7,86.6,82.2,68.1,81.8,74.8,75.7,64.2,100.0,82.5,66.1,71.9,0.0,89.1,79.4,54.7,15,20,25,40,10,73.18
7907,North America,3329,Saint Vincent and the Grenadines,2016,78.0,99.0,74.4,86.4,76.8,69.4,81.8,74.5,76.8,65.0,100.0,84.9,65.3,71.4,0.0,89.2,79.0,54.1,15,17,30,60,5,73.18
7908,North America,3330,Saint Vincent and the Grenadines,2017,78.6,99.1,69.6,87.6,79.2,69.8,81.8,74.1,78.7,71.3,100.0,86.5,65.5,71.5,0.0,89.2,79.0,54.8,20,18,30,55,15,73.18
7909,North America,3331,Saint Vincent and the Grenadines,2018,78.7,99.1,71.3,87.4,81.0,69.9,81.8,74.0,79.5,70.6,100.0,86.3,66.4,70.3,0.0,89.2,78.3,54.8,15,23,55,40,10,73.18
7910,North America,3332,Saint Vincent and the Grenadines,2019,79.1,99.1,71.2,88.0,83.1,70.1,81.8,77.2,79.9,70.2,100.0,85.6,66.2,71.0,0.0,89.2,76.7,55.5,25,23,30,55,10,73.18
7911,North America,3333,Saint Vincent and the Grenadines,2020,79.6,99.1,72.6,88.5,82.0,71.8,81.8,77.2,79.4,71.3,100.0,86.8,66.2,71.9,0.0,89.2,79.0,57.5,20,15,20,40,5,73.18
7912,North America,3334,Saint Vincent and the Grenadines,2021,79.9,99.1,72.3,88.3,82.0,73.5,81.8,77.2,81.1,71.5,100.0,85.2,69.4,70.6,0.0,89.2,77.8,58.7,18,15,20,50,10,
7913,North America,3335,Saint Vincent and the Grenadines,2022,79.1,99.2,72.3,87.8,82.0,73.7,81.8,77.2,81.5,73.6,100.0,84.0,69.4,70.6,0.0,89.2,77.8,59.0,20,20,33,55,5,
7914,Oceania,3336,Samoa,2000,74.2,99.3,65.2,83.2,92.1,61.0,87.8,77.7,83.7,45.0,100.0,80.7,54.8,66.8,64.5,57.1,82.7,59.9,20,35,15,30,20,60.53
7915,Oceania,3337,Samoa,2001,74.5,99.3,63.3,83.8,94.5,61.6,87.8,78.1,84.4,47.1,100.0,80.7,54.7,65.8,64.6,57.1,82.8,61.3,20,30,30,60,8,60.36
7916,Oceania,3338,Samoa,2002,75.1,99.3,67.3,84.5,95.3,62.1,87.8,76.9,84.3,48.0,100.0,80.7,54.7,65.5,64.5,61.1,82.7,61.6,10,25,25,30,8,60.19
7917,Oceania,3339,Samoa,2003,74.8,99.3,61.5,84.9,94.7,62.6,87.8,76.9,83.9,47.8,100.0,80.7,54.3,65.8,64.4,61.6,82.9,61.6,15,20,15,25,10,60.02
7918,Oceania,3340,Samoa,2004,76.7,99.3,66.6,85.0,95.6,63.1,87.8,77.7,84.1,49.6,100.0,80.7,52.9,65.5,68.6,83.0,82.3,61.4,15,15,18,30,15,59.85
7919,Oceania,3341,Samoa,2005,76.8,99.3,66.8,85.4,96.2,63.2,87.8,78.0,84.0,50.7,100.0,80.6,53.0,65.4,68.8,83.0,82.9,61.4,12,20,18,20,10,59.68
7920,Oceania,3342,Samoa,2006,76.9,99.3,64.4,85.9,95.7,63.9,87.8,77.4,84.2,52.2,100.0,80.6,53.6,65.2,69.1,83.0,83.4,61.1,15,20,20,20,15,59.51
7921,Oceania,3343,Samoa,2007,76.8,99.3,64.6,85.7,95.3,64.7,87.8,77.8,84.6,52.1,100.0,80.6,53.2,65.1,68.8,83.0,83.4,59.8,15,15,10,20,20,59.34
7922,Oceania,3344,Samoa,2008,77.0,99.3,64.2,87.0,95.4,64.9,87.8,77.5,84.8,53.1,100.0,80.6,53.5,64.4,68.6,83.1,83.9,60.4,15,15,20,60,10,59.17
7923,Oceania,3345,Samoa,2009,77.4,99.3,63.6,87.5,96.6,65.7,87.8,79.0,84.2,54.7,100.0,80.6,55.0,66.2,68.7,83.1,82.8,61.9,12,20,10,33,10,59.0
7924,Oceania,3346,Samoa,2010,77.9,99.3,64.9,90.0,96.4,66.0,87.8,79.1,83.4,56.5,100.0,79.9,55.2,66.1,68.7,83.1,85.8,62.0,15,28,30,55,15,58.83
7925,Oceania,3347,Samoa,2011,78.6,99.3,66.1,90.0,96.0,75.5,87.8,78.5,82.8,58.2,100.0,79.0,54.6,64.3,72.9,83.0,86.0,61.9,5,15,35,40,10,58.66
7926,Oceania,3348,Samoa,2012,79.7,99.3,64.7,90.3,96.5,76.0,87.8,79.1,82.5,63.8,100.0,82.5,54.8,68.1,78.0,83.0,86.1,62.1,20,15,30,35,15,58.49
7927,Oceania,3349,Samoa,2013,79.5,99.2,61.9,90.2,95.4,76.7,87.8,80.5,81.8,65.3,100.0,83.7,54.8,67.9,77.7,83.5,84.3,61.7,15,15,20,45,20,58.32
7928,Oceania,3350,Samoa,2014,79.3,99.2,66.5,90.1,96.4,78.8,87.8,81.4,82.0,65.4,100.0,84.5,54.7,68.6,64.9,83.5,83.7,61.2,15,35,30,30,15,58.15
7929,Oceania,3351,Samoa,2015,79.1,99.2,66.3,90.3,97.2,79.9,87.8,80.1,81.7,65.5,100.0,84.3,55.6,71.7,57.8,83.5,83.4,60.7,18,10,25,35,40,57.98
7930,Oceania,3352,Samoa,2016,79.4,99.3,66.3,90.6,97.0,81.0,87.8,80.2,82.2,66.1,100.0,88.6,54.9,69.9,57.4,83.5,84.0,60.6,18,25,35,60,25,57.81
7931,Oceania,3353,Samoa,2017,79.7,99.3,64.0,91.7,96.9,81.3,87.8,79.5,82.0,74.7,100.0,87.5,54.8,69.6,59.1,83.5,83.3,60.7,15,35,20,48,20,57.64
7932,Oceania,3354,Samoa,2018,79.3,99.3,65.2,92.0,96.2,74.9,87.8,79.9,83.6,76.5,100.0,86.6,54.2,67.5,56.4,83.3,83.8,61.4,25,28,35,60,10,57.47
7933,Oceania,3355,Samoa,2019,80.5,99.4,65.9,93.3,95.4,76.8,87.8,80.2,85.0,78.3,100.0,84.0,54.1,67.9,71.3,83.3,83.8,61.6,20,22,48,45,15,57.3
7934,Oceania,3356,Samoa,2020,81.0,99.3,66.9,93.0,95.6,77.2,87.8,80.2,84.3,80.4,100.0,87.3,54.1,68.9,71.3,83.3,82.3,64.5,15,20,40,38,12,57.13
7935,Oceania,3357,Samoa,2021,80.8,99.4,66.6,92.5,95.6,77.0,87.8,80.2,84.6,79.7,100.0,84.0,54.1,69.1,71.3,83.6,81.7,66.0,20,30,35,35,15,
7936,Oceania,3358,Samoa,2022,81.0,99.4,66.6,92.4,95.6,77.0,87.8,80.2,84.9,80.8,100.0,85.6,54.1,69.1,71.3,83.6,80.5,68.2,15,15,35,35,20,
7937,Europe,3359,San Marino,2000,58.9,57.0,55.0,58.3,77.6,51.4,47.3,50.5,68.3,22.8,26.5,77.7,76.7,91.4,65.1,54.2,62.7,59.1,8,8,20,80,15,16.67
7938,Europe,3360,San Marino,2001,59.2,56.8,55.4,58.3,76.4,51.9,47.1,50.9,68.3,23.1,29.8,77.6,76.7,91.5,65.9,55.3,62.6,59.6,8,6,55,80,5,16.67
7939,Europe,3361,San Marino,2002,59.3,56.6,54.9,58.9,77.3,52.3,46.9,50.7,68.1,23.6,30.1,77.6,76.8,91.5,66.2,55.5,62.4,59.2,7,5,15,70,8,16.67
7940,Europe,3362,San Marino,2003,59.0,56.3,55.1,58.1,77.1,53.4,46.7,50.7,68.0,24.2,26.0,77.4,76.9,91.2,65.8,55.5,61.8,58.9,10,10,70,65,7,16.67
7941,Europe,3363,San Marino,2004,59.4,56.1,53.7,59.1,77.2,53.7,46.5,50.8,68.2,25.2,27.6,77.5,76.9,91.5,67.0,58.0,61.3,59.0,10,10,20,75,7,16.67
7942,Europe,3364,San Marino,2005,59.7,55.9,53.8,61.1,77.7,54.1,46.4,50.5,67.7,25.6,31.5,77.3,77.0,91.6,66.3,58.0,60.9,60.1,15,7,20,60,8,16.67
7943,Europe,3365,San Marino,2006,59.5,55.6,53.6,61.4,76.5,54.5,47.1,49.8,68.0,26.2,28.0,77.2,77.0,91.1,66.2,58.0,61.3,59.3,8,9,80,75,7,16.67
7944,Europe,3366,San Marino,2007,60.1,55.4,53.7,61.6,77.6,55.2,47.8,49.1,68.1,26.6,34.8,77.0,76.9,90.7,66.5,58.0,61.5,62.1,10,5,65,70,10,16.67
7945,Europe,3367,San Marino,2008,60.2,55.1,52.0,61.7,77.6,55.9,48.2,49.1,68.5,27.3,35.9,77.0,76.8,90.1,66.8,58.2,61.1,62.7,10,5,15,60,7,16.67
7946,Europe,3368,San Marino,2009,60.5,54.9,53.2,62.2,78.4,55.8,49.0,50.0,68.0,28.4,34.9,76.7,76.7,91.1,67.3,58.2,61.1,62.6,7,8,10,60,7,16.67
7947,Europe,3369,San Marino,2010,60.6,54.7,52.4,61.8,79.1,56.5,49.8,49.7,68.2,29.7,34.1,76.8,76.6,90.3,67.4,59.0,61.9,61.5,8,6,60,75,10,16.67
7948,Europe,3370,San Marino,2011,60.9,55.0,53.0,62.7,77.9,56.5,50.7,51.5,67.8,31.1,33.7,76.4,76.6,91.5,66.9,58.9,62.1,63.6,8,5,75,85,8,16.67
7949,Europe,3371,San Marino,2012,61.2,55.2,53.6,63.2,78.7,57.6,51.5,52.4,67.6,32.7,36.3,76.7,76.6,91.0,67.1,59.0,62.0,59.2,10,5,60,65,8,16.67
7950,Europe,3372,San Marino,2013,61.5,56.3,54.2,63.0,79.2,60.1,52.3,52.8,67.4,35.6,34.5,76.8,76.6,90.9,67.3,59.0,62.2,57.3,7,7,20,60,5,16.67
7951,Europe,3373,San Marino,2014,62.2,58.2,55.0,63.4,79.5,60.4,53.1,52.9,68.0,36.6,40.7,77.2,76.7,90.9,67.7,59.2,62.6,54.7,8,5,60,60,10,16.67
7952,Europe,3374,San Marino,2015,62.3,59.8,54.9,65.1,80.3,60.9,54.1,52.9,67.8,38.2,39.8,76.7,76.7,90.7,67.2,59.3,61.3,52.7,5,6,40,60,10,16.67
7953,Europe,3375,San Marino,2016,62.5,61.4,54.6,65.3,80.5,61.5,54.2,53.6,68.0,41.0,39.1,77.2,76.5,91.8,66.7,59.2,61.1,50.0,8,10,65,72,10,16.67
7954,Europe,3376,San Marino,2017,63.3,63.4,54.7,65.1,80.6,61.6,54.4,54.6,68.7,43.4,44.0,76.9,76.3,91.9,67.7,59.2,61.8,51.3,8,5,85,75,7,16.67
7955,Europe,3377,San Marino,2018,63.4,62.9,54.7,65.1,80.0,62.2,54.6,54.6,68.9,45.1,45.8,76.9,76.1,91.6,68.4,54.6,62.4,53.4,12,8,55,60,6,16.67
7956,Europe,3378,San Marino,2019,63.6,63.1,55.0,64.8,79.6,62.4,54.7,53.9,69.2,47.1,48.8,76.7,75.9,91.9,68.3,54.5,62.5,52.6,10,8,80,60,7,16.67
7957,Europe,3379,San Marino,2020,63.7,60.0,55.0,64.6,79.8,62.8,54.8,54.1,67.8,48.8,51.5,76.6,76.1,92.5,68.4,54.5,62.1,53.8,10,9,85,60,10,16.67
7958,Europe,3380,San Marino,2021,63.9,60.0,54.9,64.3,76.0,63.2,54.7,53.9,67.4,49.9,51.6,76.5,79.4,92.1,68.4,57.8,62.0,54.9,12,7,65,65,8,
7959,Europe,3381,San Marino,2022,63.9,61.0,54.8,64.1,75.4,63.2,54.6,53.7,67.6,49.6,51.6,76.4,79.5,92.2,68.5,57.6,60.0,55.0,9,10,60,65,7,
7960,Africa,3382,Sao Tome and Principe,2000,53.5,33.7,58.4,47.9,49.1,32.2,39.6,29.8,50.8,14.2,83.7,61.5,96.4,99.2,54.1,36.1,74.4,48.0,18,35,20,20,5,60.79
7961,Africa,3383,Sao Tome and Principe,2001,53.7,33.7,58.6,49.6,49.1,32.7,40.3,27.6,48.2,14.5,83.7,61.8,96.4,99.1,59.0,36.0,74.4,48.0,15,20,35,18,10,60.76
7962,Africa,3384,Sao Tome and Principe,2002,53.6,33.7,58.8,50.8,49.1,33.1,40.9,28.7,44.4,14.8,83.7,62.1,96.4,99.0,57.5,36.0,74.4,48.0,20,30,25,22,12,60.74
7963,Africa,3385,Sao Tome and Principe,2003,54.5,33.7,58.4,52.4,49.8,33.5,41.5,28.2,46.9,15.4,83.7,62.4,96.4,98.9,58.5,36.0,74.4,56.2,18,25,15,18,5,60.71
7964,Africa,3386,Sao Tome and Principe,2004,54.8,33.7,58.8,49.9,52.6,34.0,42.1,28.7,47.4,15.7,83.7,62.7,96.4,98.8,59.4,36.2,74.4,57.0,20,20,30,20,5,60.68
7965,Africa,3387,Sao Tome and Principe,2005,55.3,33.7,59.3,50.0,53.6,34.4,42.8,29.5,46.7,15.6,83.7,63.4,96.4,98.8,66.5,36.2,74.4,54.4,22,20,30,20,10,60.66
7966,Africa,3388,Sao Tome and Principe,2006,58.6,33.7,60.0,51.6,53.6,33.9,43.4,29.2,46.3,15.9,83.7,63.7,96.4,98.7,82.5,81.1,74.7,47.1,15,20,35,35,8,60.63
7967,Africa,3389,Sao Tome and Principe,2007,59.7,33.7,59.3,54.0,48.0,31.6,44.1,30.2,47.0,15.9,83.7,64.0,96.4,98.7,81.9,81.2,74.8,70.3,20,20,18,35,8,60.6
7968,Africa,3390,Sao Tome and Principe,2008,58.3,33.7,58.3,56.0,41.2,34.8,44.7,30.8,48.4,16.1,83.7,64.7,96.4,98.8,81.7,81.2,72.3,48.4,20,25,40,40,15,60.58
7969,Africa,3391,Sao Tome and Principe,2009,59.0,33.7,56.7,56.0,41.5,35.2,45.3,30.2,49.1,16.3,83.7,65.0,96.4,98.7,80.9,81.3,74.6,58.8,18,23,40,40,10,60.55
7970,Africa,3392,Sao Tome and Principe,2010,60.4,33.7,56.8,58.7,41.1,41.2,45.9,31.6,50.4,16.7,87.6,66.9,96.4,98.6,81.8,81.4,78.4,59.4,18,25,40,20,10,60.52
7971,Africa,3393,Sao Tome and Principe,2011,60.9,34.7,57.7,58.9,48.6,41.6,46.6,31.9,51.4,16.9,87.6,66.9,96.4,98.7,78.7,81.3,78.4,58.3,20,20,30,37,15,59.88
7972,Africa,3394,Sao Tome and Principe,2012,61.0,35.6,58.0,58.6,57.8,42.0,47.2,30.5,52.4,17.1,87.6,68.8,96.4,98.4,76.2,81.3,78.4,51.1,23,30,25,40,10,59.23
7973,Africa,3395,Sao Tome and Principe,2013,62.3,37.6,59.1,59.7,65.5,42.7,47.8,33.1,52.3,18.3,87.6,68.3,96.4,98.4,79.9,81.2,78.4,52.4,10,20,35,40,15,58.58
7974,Africa,3396,Sao Tome and Principe,2014,63.1,39.9,60.8,61.2,61.9,44.7,48.4,34.7,52.3,22.1,87.6,69.3,96.4,98.5,83.7,81.3,82.7,46.4,18,20,38,45,10,57.94
7975,Africa,3397,Sao Tome and Principe,2015,63.6,41.9,61.1,61.8,65.0,45.1,49.0,34.8,52.0,23.2,87.6,69.3,96.4,98.5,83.4,81.2,83.7,46.8,18,25,25,40,12,57.29
7976,Africa,3398,Sao Tome and Principe,2016,63.8,43.7,59.5,61.8,65.0,45.5,49.6,35.4,51.9,21.2,87.6,70.3,96.2,98.5,82.6,81.2,84.6,49.0,30,18,35,53,10,56.65
7977,Africa,3399,Sao Tome and Principe,2017,61.7,45.2,60.1,63.8,68.5,46.0,50.2,36.8,51.7,23.4,48.3,70.6,96.1,98.4,80.3,81.2,78.1,50.0,25,28,30,60,5,56.0
7978,Africa,3400,Sao Tome and Principe,2018,62.0,46.1,60.2,64.6,68.9,44.5,50.6,36.4,51.6,24.8,48.3,70.9,95.9,98.4,81.2,81.2,78.3,51.3,15,28,45,35,5,55.35
7979,Africa,3401,Sao Tome and Principe,2019,61.3,46.5,60.3,65.7,55.2,46.6,51.0,38.3,51.4,25.3,48.3,71.1,95.8,98.5,79.8,81.2,78.3,48.5,18,25,40,40,15,54.71
7980,Africa,3402,Sao Tome and Principe,2020,61.7,47.5,60.3,64.6,55.2,51.2,51.4,38.8,48.7,27.1,48.3,71.1,95.8,98.6,79.8,81.1,78.5,51.3,18,18,40,55,5,54.06
7981,Africa,3403,Sao Tome and Principe,2021,62.7,47.6,60.5,63.6,69.1,51.3,51.4,38.8,48.9,29.9,48.3,71.1,95.8,98.5,79.9,81.1,78.0,52.0,22,23,22,40,10,
7982,Africa,3404,Sao Tome and Principe,2022,62.7,48.2,60.7,63.6,69.1,51.4,51.4,38.8,48.6,29.9,48.3,71.1,95.8,98.5,79.9,81.1,78.0,52.1,25,19,22,35,5,
7983,Asia,3405,Saudi Arabia,2000,57.4,100.0,52.0,75.2,65.8,17.5,57.9,64.5,72.6,21.2,0.0,67.4,57.9,39.2,59.5,51.9,65.6,51.0,78,10,7,80,75,0.45
7984,Asia,3406,Saudi Arabia,2001,58.5,100.0,53.1,75.5,65.8,19.3,57.9,65.1,72.5,21.5,0.0,67.4,64.2,39.7,62.2,51.8,65.5,54.4,80,10,12,55,78,0.45
7985,Asia,3407,Saudi Arabia,2002,58.1,100.0,53.9,75.7,65.8,21.2,57.9,64.8,72.1,21.8,0.0,67.4,58.1,38.1,62.1,52.1,65.5,54.0,70,12,7,50,85,0.45
7986,Asia,3408,Saudi Arabia,2003,58.3,100.0,53.7,75.7,65.8,23.0,58.0,65.5,71.8,22.2,0.0,67.4,57.8,38.6,62.8,51.9,65.5,52.8,55,9,10,55,75,0.45
7987,Asia,3409,Saudi Arabia,2004,58.0,100.0,54.4,75.3,65.7,24.8,58.0,64.0,71.6,22.4,0.0,67.4,56.7,34.3,65.7,51.8,65.5,50.9,75,15,8,45,90,0.45
7988,Asia,3410,Saudi Arabia,2005,58.0,100.0,54.5,74.6,65.7,25.2,58.1,65.0,71.4,22.7,0.0,67.7,58.2,34.8,63.7,51.6,65.5,49.3,55,18,7,60,80,0.45
7989,Asia,3411,Saudi Arabia,2006,58.1,100.0,55.3,74.9,65.7,25.6,58.2,64.4,71.1,23.8,0.0,67.7,56.6,33.5,64.9,51.5,65.6,50.3,75,15,10,45,70,0.45
7990,Asia,3412,Saudi Arabia,2007,58.4,100.0,54.8,75.6,66.0,26.0,58.3,66.0,71.3,25.4,0.0,66.1,57.2,37.5,64.5,51.3,63.6,50.1,80,13,10,66,70,0.45
7991,Asia,3413,Saudi Arabia,2008,58.3,100.0,54.5,75.1,66.6,26.3,58.4,65.7,71.8,26.4,0.0,65.0,60.7,35.6,65.0,51.1,62.8,47.8,78,18,10,70,75,0.45
7992,Asia,3414,Saudi Arabia,2009,58.0,100.0,52.1,74.6,66.6,26.6,58.4,65.6,71.5,27.3,0.0,60.7,59.4,34.6,65.1,51.0,65.6,49.3,75,12,6,60,70,0.45
7993,Asia,3415,Saudi Arabia,2010,58.7,100.0,52.7,75.3,74.2,27.0,58.5,65.5,71.5,31.6,0.0,59.1,61.7,32.6,64.1,50.9,65.6,48.5,82,15,11,60,85,0.45
7994,Asia,3416,Saudi Arabia,2011,58.9,100.0,51.6,76.1,74.3,27.3,58.6,66.3,71.2,35.8,0.0,57.6,61.1,34.3,63.0,50.8,65.6,48.8,75,18,10,55,85,0.45
7995,Asia,3417,Saudi Arabia,2012,59.0,100.0,50.9,75.9,75.8,27.6,58.7,66.5,71.4,39.4,0.0,58.4,62.2,29.1,62.9,50.6,65.6,49.3,75,10,8,65,80,0.45
7996,Asia,3418,Saudi Arabia,2013,59.9,100.0,51.8,76.5,76.2,38.8,58.7,67.3,71.3,44.8,0.0,51.6,62.1,30.7,62.6,50.5,65.9,49.9,78,15,10,60,80,0.45
7997,Asia,3419,Saudi Arabia,2014,60.6,100.0,51.7,76.7,76.0,39.3,58.8,67.3,76.1,48.9,0.0,57.4,61.5,26.4,62.2,50.3,66.1,50.9,70,20,10,63,83,0.45
7998,Asia,3420,Saudi Arabia,2015,60.9,100.0,56.9,76.8,77.0,40.2,58.9,67.2,76.2,51.5,0.0,53.9,60.8,24.1,62.2,50.1,66.3,51.5,74,18,10,60,80,0.45
7999,Asia,3421,Saudi Arabia,2016,61.9,100.0,57.3,76.8,77.4,41.1,59.0,68.3,76.4,47.7,0.0,57.3,63.3,30.0,62.9,50.0,65.1,57.8,70,12,8,70,72,0.45
8000,Asia,3422,Saudi Arabia,2017,63.4,100.0,57.4,76.3,78.2,40.5,59.0,68.3,76.7,63.6,0.0,60.7,63.5,32.1,64.0,49.9,65.6,58.5,70,17,10,68,85,0.45
8001,Asia,3423,Saudi Arabia,2018,63.7,100.0,58.1,76.0,77.8,41.5,59.1,68.7,76.6,65.3,0.0,62.0,64.5,34.9,64.7,49.7,61.6,58.7,70,20,8,70,75,0.45
8002,Asia,3424,Saudi Arabia,2019,64.9,100.0,56.9,76.7,79.5,42.5,59.1,68.6,76.9,68.5,0.0,61.5,64.4,34.2,64.6,49.6,75.1,59.6,72,18,12,64,80,0.45
8003,Asia,3425,Saudi Arabia,2020,65.2,100.0,56.5,76.8,78.9,44.6,59.1,68.6,75.5,71.3,0.0,60.4,64.4,34.7,64.7,49.4,74.4,64.1,62,18,9,64,82,0.45
8004,Asia,3426,Saudi Arabia,2021,67.5,100.0,56.8,80.7,78.5,44.2,59.1,68.6,76.6,74.1,0.0,65.3,66.0,33.8,64.8,49.3,75.6,87.4,70,15,10,68,78,
8005,Asia,3427,Saudi Arabia,2022,67.7,100.0,56.9,80.7,78.5,44.6,59.1,68.6,77.5,74.7,0.0,63.6,66.0,33.8,64.8,49.0,75.2,80.9,70,18,12,65,75,
8006,Africa,3428,Senegal,2000,48.1,28.2,48.3,31.6,4.5,18.0,52.1,31.4,68.9,16.5,47.1,45.9,94.9,98.3,52.5,64.8,66.9,48.2,25,60,25,30,10,45.98
8007,Africa,3429,Senegal,2001,48.6,28.2,49.0,32.5,4.5,20.5,52.7,32.7,68.9,16.5,47.1,45.9,94.8,98.3,53.6,65.1,66.9,48.5,20,35,25,30,10,45.78
8008,Africa,3430,Senegal,2002,48.9,28.2,50.0,33.3,4.5,21.9,53.3,32.6,68.8,16.5,47.1,46.8,94.8,98.3,54.1,65.1,66.9,48.6,20,40,20,60,10,45.58
8009,Africa,3431,Senegal,2003,49.7,28.2,52.5,35.8,8.8,22.0,53.9,33.7,68.3,16.6,47.1,46.8,95.1,98.2,55.9,65.0,66.9,49.2,40,40,18,40,20,45.38
8010,Africa,3432,Senegal,2004,49.8,28.2,51.3,37.0,7.2,22.1,54.6,32.8,67.6,16.9,47.1,47.8,94.8,98.2,58.5,65.4,66.9,49.9,30,30,30,40,7,45.18
8011,Africa,3433,Senegal,2005,51.0,28.2,54.1,39.5,7.1,22.3,55.2,36.5,67.0,17.0,56.2,49.4,94.7,98.2,58.7,65.4,66.9,51.5,30,30,24,30,5,44.98
8012,Africa,3434,Senegal,2006,51.6,28.2,54.7,41.1,11.6,23.1,55.9,39.4,66.4,17.0,56.2,50.3,94.9,98.4,56.1,66.4,67.0,51.3,20,40,20,25,5,44.78
8013,Africa,3435,Senegal,2007,52.3,28.2,55.4,43.1,15.6,25.3,56.5,38.6,66.3,17.3,56.2,53.6,94.8,98.3,55.5,66.5,67.3,50.6,25,40,25,30,10,44.58
8014,Africa,3436,Senegal,2008,52.4,28.2,57.3,42.5,14.5,26.0,57.2,39.3,66.3,17.3,56.2,52.1,94.6,98.3,57.0,67.0,66.0,51.0,20,40,28,35,5,44.38
8015,Africa,3437,Senegal,2009,52.8,28.2,55.8,42.9,20.8,26.9,57.8,40.2,66.3,17.4,56.2,49.7,94.8,98.3,57.4,66.9,65.7,52.6,30,35,25,60,20,44.18
8016,Africa,3438,Senegal,2010,53.6,28.2,56.2,46.6,22.3,28.6,58.5,37.6,66.2,18.0,56.2,53.5,94.8,98.1,60.7,66.9,65.6,52.7,30,30,20,45,15,43.98
8017,Africa,3439,Senegal,2011,53.7,27.5,55.0,48.1,24.5,29.0,59.1,36.9,66.2,18.4,51.0,58.7,94.9,97.9,62.5,67.0,64.0,52.4,20,60,25,60,5,43.78
8018,Africa,3440,Senegal,2012,55.0,29.2,56.7,48.1,26.6,42.3,59.8,37.9,66.7,16.8,51.0,62.3,95.0,97.9,65.0,67.0,59.9,52.0,20,45,20,45,15,43.57
8019,Africa,3441,Senegal,2013,54.7,31.9,56.0,47.9,22.6,46.0,60.4,37.7,67.2,18.7,51.0,55.1,95.0,98.0,65.7,67.0,55.8,53.5,10,60,35,60,15,43.36
8020,Africa,3442,Senegal,2014,56.2,36.9,59.5,50.4,24.5,46.9,61.0,38.0,68.9,20.8,51.0,59.2,95.0,98.0,67.6,67.0,57.2,53.4,35,60,40,42,18,43.15
8021,Africa,3443,Senegal,2015,56.3,41.8,60.6,51.3,26.0,45.1,61.7,36.8,69.9,22.4,51.0,55.4,95.0,98.0,65.5,66.9,56.6,52.9,25,55,30,62,10,42.94
8022,Africa,3444,Senegal,2016,57.5,47.5,60.7,54.1,26.0,45.1,62.3,38.3,71.2,22.4,51.0,62.3,95.0,98.0,65.5,66.9,56.8,53.7,35,45,42,65,15,42.74
8023,Africa,3445,Senegal,2017,58.6,53.4,59.6,55.8,29.6,44.9,62.9,38.4,76.7,23.2,51.0,58.5,95.0,97.8,69.0,67.4,57.4,55.0,30,55,40,60,10,42.53
8024,Africa,3446,Senegal,2018,59.6,59.5,61.2,56.2,29.6,43.9,63.6,38.7,75.9,26.1,60.3,58.8,95.2,97.7,68.3,67.4,55.7,55.3,35,55,45,63,30,42.32
8025,Africa,3447,Senegal,2019,60.4,60.4,61.1,58.9,28.1,43.3,64.2,41.3,76.6,28.0,60.3,61.8,95.2,97.6,68.4,67.3,57.2,56.7,30,50,55,45,5,42.11
8026,Africa,3448,Senegal,2020,60.7,60.1,61.6,57.8,28.6,43.9,64.8,41.1,76.1,31.5,60.3,60.3,95.2,97.6,68.4,67.4,58.0,59.6,36,60,45,35,40,41.91
8027,Africa,3449,Senegal,2021,61.7,62.8,61.7,57.8,31.7,44.1,64.8,41.1,78.7,36.9,60.3,63.2,95.0,97.6,68.4,66.4,57.3,61.0,30,45,20,42,20,
8028,Africa,3450,Senegal,2022,61.8,67.9,61.8,57.8,31.7,44.3,64.8,41.1,78.7,36.9,60.3,63.6,95.0,97.6,68.4,66.3,54.0,60.9,35,59,20,35,15,
8029,Europe,3451,Serbia,2000,69.7,100.0,66.7,71.6,93.1,41.9,72.5,66.0,73.5,28.2,53.2,76.3,85.8,86.3,0.0,56.2,66.6,78.1,30,50,10,12,10,28.13
8030,Europe,3452,Serbia,2001,69.5,100.0,67.1,71.7,93.1,42.2,72.5,65.1,73.3,26.0,53.2,76.3,84.7,85.3,0.0,56.8,66.5,78.1,35,55,12,22,8,28.42
8031,Europe,3453,Serbia,2002,69.6,100.0,66.8,73.1,93.1,42.5,72.5,64.6,72.8,27.6,53.2,76.3,84.4,84.7,0.0,56.8,66.6,78.1,20,20,10,25,7,28.71
8032,Europe,3454,Serbia,2003,69.5,100.0,67.4,73.0,93.1,43.1,72.5,63.7,72.0,27.1,53.2,76.3,84.7,83.9,0.0,56.8,66.7,78.1,30,25,20,20,7,28.99
8033,Europe,3455,Serbia,2004,69.2,100.0,67.8,73.1,93.1,43.8,72.5,63.5,70.0,26.6,53.2,76.3,82.9,83.0,0.0,56.8,66.7,78.1,30,35,18,18,10,29.28
8034,Europe,3456,Serbia,2005,69.6,100.0,66.7,76.5,93.1,44.3,72.7,64.3,68.7,28.1,53.2,76.1,83.4,84.7,0.0,57.3,66.8,78.1,30,20,20,25,8,29.57
8035,Europe,3457,Serbia,2006,69.7,100.0,69.4,74.6,93.1,44.8,72.8,64.3,68.7,28.7,53.2,76.1,84.5,82.7,0.0,57.5,66.8,78.1,20,33,25,10,8,29.86
8036,Europe,3458,Serbia,2007,70.1,100.0,64.5,76.4,92.6,49.6,73.0,64.1,70.2,30.6,53.2,76.1,85.0,82.9,0.0,57.5,67.1,78.1,5,43,28,25,15,30.15
8037,Europe,3459,Serbia,2008,71.2,100.0,69.6,76.6,92.5,50.7,73.1,65.1,72.6,33.2,53.2,79.9,84.9,84.5,0.0,57.6,67.1,78.6,30,40,18,25,15,30.44
8038,Europe,3460,Serbia,2009,71.2,100.0,69.1,76.8,91.5,51.0,73.3,68.6,71.4,35.1,53.2,77.2,85.0,85.8,0.0,57.6,67.2,77.3,30,40,30,30,8,30.73
8039,Europe,3461,Serbia,2010,71.3,100.0,71.1,77.8,90.3,51.0,73.5,68.6,69.6,35.9,53.2,78.0,85.0,85.8,0.0,57.6,66.6,77.0,30,33,25,40,8,31.02
8040,Europe,3462,Serbia,2011,71.4,100.0,70.5,78.8,96.3,52.0,73.6,67.0,67.4,40.1,53.2,76.1,84.5,83.7,0.0,57.6,66.4,75.2,35,40,20,35,15,31.03
8041,Europe,3463,Serbia,2012,72.0,100.0,65.1,79.2,97.3,57.8,73.8,68.8,66.9,48.3,53.2,72.9,84.4,86.0,0.0,57.6,66.0,75.3,35,38,18,25,5,31.05
8042,Europe,3464,Serbia,2013,72.9,100.0,70.2,80.0,96.4,57.7,74.0,69.7,67.9,48.0,55.1,71.4,84.4,86.1,0.0,58.3,67.8,78.8,38,50,22,35,10,31.06
8043,Europe,3465,Serbia,2014,73.8,100.0,72.4,79.5,97.3,60.0,74.1,71.5,72.8,51.9,50.6,69.6,84.7,87.9,0.0,58.7,69.7,79.4,10,45,32,32,8,31.08
8044,Europe,3466,Serbia,2015,73.6,100.0,69.1,80.5,97.8,60.6,74.3,70.5,75.2,52.7,50.2,68.2,85.2,87.2,0.0,59.2,68.3,78.7,38,38,25,50,15,31.09
8045,Europe,3467,Serbia,2016,74.8,100.0,72.9,81.0,95.4,61.3,74.5,70.8,76.5,52.0,58.6,75.5,84.6,86.7,0.0,59.3,69.6,78.7,35,40,40,41,5,31.1
8046,Europe,3468,Serbia,2017,75.7,100.0,66.0,79.9,96.6,61.8,74.6,70.3,76.9,57.4,69.6,78.7,84.3,85.7,0.0,59.3,69.2,80.3,5,38,24,50,15,31.11
8047,Europe,3469,Serbia,2018,76.7,100.0,75.1,82.6,96.1,62.0,74.8,71.2,78.2,59.9,73.5,71.9,84.4,85.6,0.0,60.2,70.4,81.2,30,45,25,35,15,31.12
8048,Europe,3470,Serbia,2019,77.5,100.0,76.2,83.0,94.5,64.0,74.9,71.0,79.7,64.6,75.3,74.3,84.3,85.6,0.0,60.7,69.9,81.4,30,40,20,50,10,31.12
8049,Europe,3471,Serbia,2020,77.5,100.0,77.2,81.6,94.2,64.5,75.0,71.4,79.7,65.3,75.3,73.2,84.3,85.5,0.0,60.7,68.7,83.6,36,50,28,45,10,31.13
8050,Europe,3472,Serbia,2021,78.4,100.0,75.8,82.0,93.6,64.8,75.0,71.4,81.9,70.7,75.3,76.5,85.4,88.5,0.0,60.8,68.3,83.8,35,45,22,45,7,
8051,Europe,3473,Serbia,2022,77.3,100.0,75.8,82.5,93.6,64.9,75.0,71.4,81.7,71.9,75.3,73.2,85.4,88.5,0.0,60.8,65.9,83.5,41,45,30,35,5,
8052,Africa,3474,Seychelles,2000,63.9,83.2,58.1,71.9,93.0,45.1,42.3,48.4,75.2,19.8,51.8,69.2,92.4,96.8,65.9,55.8,61.6,55.3,10,35,20,30,8,73.26
8053,Africa,3475,Seychelles,2001,64.0,83.2,58.3,72.1,93.0,45.1,42.7,45.6,75.1,19.8,51.8,69.4,92.4,96.7,70.5,55.6,61.6,55.0,10,25,20,65,5,73.26
8054,Africa,3476,Seychelles,2002,64.4,83.2,57.9,72.7,93.4,45.2,43.1,51.0,74.7,19.9,51.8,69.6,92.2,96.7,71.2,55.5,61.6,54.9,10,40,18,40,5,73.26
8055,Africa,3477,Seychelles,2003,64.1,83.2,58.3,73.1,94.3,45.3,43.6,50.1,75.0,19.9,51.8,69.8,92.3,96.7,65.2,55.3,61.6,53.6,10,40,20,55,10,73.26
8056,Africa,3478,Seychelles,2004,64.0,83.2,58.8,72.3,92.3,45.6,44.0,50.8,74.9,20.1,51.8,70.0,92.3,96.6,64.7,55.1,61.6,53.6,18,38,20,40,5,73.26
8057,Africa,3479,Seychelles,2005,64.7,83.2,59.9,73.6,94.1,45.7,44.5,52.2,75.3,20.1,51.8,70.2,92.1,96.6,70.7,54.9,61.6,52.6,15,30,23,55,10,73.26
8058,Africa,3480,Seychelles,2006,65.2,83.2,60.1,74.3,96.1,49.8,44.9,54.1,75.9,20.2,53.9,70.4,92.2,96.7,67.7,54.7,60.6,53.2,8,30,20,55,5,73.26
8059,Africa,3481,Seychelles,2007,65.0,83.2,61.3,74.9,94.7,50.3,45.3,53.7,76.2,20.4,53.9,64.6,92.2,96.6,69.0,54.6,61.4,52.5,15,42,37,65,10,73.26
8060,Africa,3482,Seychelles,2008,65.2,83.2,61.5,75.0,94.4,50.4,45.8,54.4,76.6,20.2,53.9,68.1,92.2,96.7,68.4,54.9,61.2,51.0,15,40,30,65,10,73.26
8061,Africa,3483,Seychelles,2009,66.1,83.2,64.9,73.8,90.4,50.4,46.2,55.4,76.3,20.2,68.3,70.4,91.5,96.6,68.4,55.9,62.0,50.7,18,38,30,60,7,73.26
8062,Africa,3484,Seychelles,2010,66.5,83.2,65.5,75.5,94.2,50.3,46.6,56.0,76.9,20.4,68.3,70.6,91.3,96.6,68.6,56.0,61.7,48.1,10,30,15,55,10,73.26
8063,Africa,3485,Seychelles,2011,66.8,84.8,63.3,76.4,93.8,50.7,47.1,56.2,77.2,20.5,68.3,71.8,90.4,95.8,72.2,55.9,62.9,48.5,15,18,10,50,10,73.26
8064,Africa,3486,Seychelles,2012,66.2,83.6,61.0,77.0,92.3,50.9,47.5,54.8,77.4,25.4,57.9,70.3,91.8,96.2,72.4,56.0,62.9,47.0,15,30,20,55,10,73.26
8065,Africa,3487,Seychelles,2013,66.8,85.8,63.7,77.5,94.4,50.7,48.0,58.8,77.2,25.4,57.9,72.7,91.6,96.5,71.9,57.0,59.7,47.5,15,38,25,50,8,73.26
8066,Africa,3488,Seychelles,2014,67.3,86.5,62.7,77.8,95.4,50.6,48.4,58.0,79.4,25.4,57.9,78.6,92.2,95.9,71.0,57.0,59.8,47.4,12,44,35,60,8,73.26
8067,Africa,3489,Seychelles,2015,68.0,88.2,63.3,79.5,96.6,50.8,48.8,58.3,81.1,26.6,57.9,78.3,92.0,95.2,73.6,57.0,59.1,49.5,12,33,20,66,10,73.26
8068,Africa,3490,Seychelles,2016,68.9,88.6,66.7,79.4,96.4,52.8,49.3,58.5,81.3,31.6,54.6,83.2,89.5,95.2,73.2,57.0,61.8,51.9,15,33,35,55,15,73.26
8069,Africa,3491,Seychelles,2017,68.5,88.2,63.0,79.2,97.3,53.1,49.7,59.4,79.6,34.6,54.6,79.8,89.9,95.2,74.3,57.0,59.7,50.5,10,30,25,63,10,73.26
8070,Africa,3492,Seychelles,2018,69.7,89.4,67.2,79.2,97.4,52.3,50.2,61.8,80.6,41.9,54.6,82.9,90.1,95.8,75.0,56.7,59.1,49.9,15,37,35,63,8,73.26
8071,Africa,3493,Seychelles,2019,69.6,90.3,69.1,79.1,98.2,52.0,50.2,61.3,78.6,41.5,54.6,84.8,90.0,95.7,73.9,56.7,58.3,48.6,18,38,40,55,8,73.26
8072,Africa,3494,Seychelles,2020,70.1,88.5,69.2,79.8,98.9,52.5,50.2,61.8,78.2,48.0,54.6,84.8,90.0,95.8,74.2,56.7,59.5,48.2,15,30,35,50,10,73.26
8073,Africa,3495,Seychelles,2021,70.2,90.0,68.9,78.7,98.9,52.6,50.2,61.8,80.8,52.0,54.6,81.6,90.1,95.9,73.6,56.9,57.3,49.4,18,37,30,60,5,
8074,Africa,3496,Seychelles,2022,69.4,86.2,69.0,78.5,98.9,52.4,50.2,61.8,79.7,53.9,54.6,76.2,90.1,95.9,72.7,56.9,53.6,49.3,15,37,30,60,10,
8075,Africa,3497,Sierra Leone,2000,45.1,15.5,45.9,16.0,25.2,31.4,40.0,14.5,64.0,7.3,51.4,41.4,97.8,99.5,57.7,58.0,57.8,43.4,40,33,12,15,15,40.59
8076,Africa,3498,Sierra Leone,2001,45.6,15.5,46.3,15.5,25.2,31.5,40.1,19.6,64.0,7.3,51.4,41.4,97.8,99.4,62.7,58.0,57.8,41.6,50,42,14,9,15,40.31
8077,Africa,3499,Sierra Leone,2002,45.8,15.5,45.6,18.4,25.2,31.6,40.6,18.0,64.0,7.3,51.4,41.1,97.8,99.4,64.7,58.0,57.8,42.3,40,38,13,35,20,40.04
8078,Africa,3500,Sierra Leone,2003,46.2,15.5,45.3,20.7,25.2,34.6,41.1,15.7,64.0,7.3,51.4,40.9,97.8,99.4,69.1,58.0,57.8,40.8,38,35,10,28,10,39.77
8079,Africa,3501,Sierra Leone,2004,46.1,15.5,44.3,20.3,25.2,34.7,41.5,14.7,64.0,7.3,51.4,41.0,97.8,99.4,70.6,58.0,57.8,40.4,40,38,12,15,7,39.49
8080,Africa,3502,Sierra Leone,2005,45.9,15.5,45.6,20.5,25.2,34.8,42.0,9.6,63.9,7.3,51.4,41.0,97.9,99.5,71.7,58.0,57.8,39.2,40,40,18,23,10,39.22
8081,Africa,3503,Sierra Leone,2006,45.8,15.5,46.1,18.3,25.2,35.1,42.5,9.6,63.8,7.3,51.4,41.5,97.9,99.4,71.4,58.0,57.2,38.2,40,42,18,20,10,38.95
8082,Africa,3504,Sierra Leone,2007,45.7,15.5,46.3,18.8,25.2,34.7,43.0,10.4,63.8,7.3,51.4,42.1,98.0,99.4,70.8,58.0,54.4,37.7,38,38,20,22,10,38.67
8083,Africa,3505,Sierra Leone,2008,45.7,15.5,45.6,20.5,30.0,35.0,43.4,10.4,63.7,7.3,51.4,37.7,98.0,99.4,70.4,58.0,53.4,36.8,35,38,15,18,10,38.4
8084,Africa,3506,Sierra Leone,2009,45.9,15.5,48.2,21.2,30.0,35.3,43.9,11.4,63.6,7.3,51.4,37.5,97.9,99.5,69.1,58.0,53.5,37.9,38,38,30,30,15,38.13
8085,Africa,3507,Sierra Leone,2010,47.4,15.5,52.5,24.8,30.0,36.6,44.4,20.7,63.6,7.3,51.4,40.7,97.9,99.4,68.4,62.3,52.2,38.1,40,38,15,35,15,37.85
8086,Africa,3508,Sierra Leone,2011,50.4,27.1,54.1,26.5,36.1,37.0,44.9,17.8,63.5,7.4,76.5,37.5,97.7,99.1,77.0,62.3,53.0,38.8,35,50,15,20,15,37.58
8087,Africa,3509,Sierra Leone,2012,51.2,29.1,53.7,28.1,38.6,37.4,45.3,15.7,63.4,13.2,76.5,37.8,97.7,99.0,78.8,63.7,53.2,39.2,37,55,15,25,15,37.31
8088,Africa,3510,Sierra Leone,2013,51.9,40.9,54.1,29.1,39.6,44.3,45.8,10.6,63.4,13.4,76.5,38.2,97.5,98.9,78.7,63.7,50.4,37.6,35,37,18,35,10,37.03
8089,Africa,3511,Sierra Leone,2014,52.3,31.7,56.1,28.1,39.6,44.7,46.3,12.0,63.3,15.2,76.5,44.5,97.5,99.0,79.6,63.7,53.7,38.4,38,40,10,15,10,36.76
8090,Africa,3512,Sierra Leone,2015,52.8,31.4,55.9,29.2,38.2,44.8,46.8,18.1,63.4,15.6,76.5,40.0,97.7,99.1,79.6,63.7,52.5,45.0,35,40,20,25,5,36.49
8091,Africa,3513,Sierra Leone,2016,53.4,34.4,55.3,30.7,41.9,44.8,47.2,19.2,63.7,14.6,76.5,41.2,97.7,99.1,79.7,63.7,51.7,47.0,35,55,35,22,10,36.21
8092,Africa,3514,Sierra Leone,2017,53.7,34.2,53.6,33.3,40.9,43.5,47.7,21.1,65.9,15.6,76.5,40.1,97.7,99.2,79.5,63.7,54.2,46.9,38,55,15,22,20,35.94
8093,Africa,3515,Sierra Leone,2018,54.0,31.7,53.3,35.4,46.5,43.4,48.2,21.1,65.5,12.4,69.7,42.8,97.8,99.4,79.4,63.7,53.5,53.5,35,55,42,35,18,35.67
8094,Africa,3516,Sierra Leone,2019,54.5,32.4,55.8,36.7,53.1,46.6,48.6,15.5,66.0,12.9,69.7,40.3,97.8,99.4,78.5,63.7,54.4,54.9,30,50,18,27,5,35.39
8095,Africa,3517,Sierra Leone,2020,54.9,33.1,56.3,36.3,54.7,46.6,49.1,16.5,65.8,13.8,69.7,40.8,97.8,99.4,78.5,63.7,53.4,57.5,38,35,15,30,5,35.12
8096,Africa,3518,Sierra Leone,2021,55.6,47.5,56.5,37.3,50.3,46.6,49.1,16.5,67.1,14.2,69.7,38.4,97.8,99.3,78.5,63.7,53.8,59.5,38,45,20,22,8,
8097,Africa,3519,Sierra Leone,2022,55.7,49.1,56.7,36.6,50.3,46.6,49.1,16.5,67.1,14.2,69.7,38.0,97.8,99.3,78.5,63.7,53.3,59.7,38,60,18,22,10,
8098,Asia,3520,Singapore,2000,66.2,0.0,76.6,87.2,99.8,51.9,70.1,67.9,75.7,74.5,0.0,95.9,41.4,46.6,46.8,39.0,83.9,35.2,18,65,30,82,5,23.96
8099,Asia,3521,Singapore,2001,66.6,0.0,76.6,87.4,99.8,56.1,70.1,68.5,76.0,76.1,0.0,95.9,41.7,46.6,46.8,38.6,84.0,35.0,13,60,18,82,10,24.06
8100,Asia,3522,Singapore,2002,66.9,0.0,76.5,87.5,99.8,56.5,70.1,69.0,75.0,76.9,0.0,95.9,42.1,47.8,47.4,38.9,84.0,36.1,18,55,18,80,10,24.16
8101,Asia,3523,Singapore,2003,67.2,0.0,76.5,87.7,99.8,59.1,70.1,68.9,74.9,77.8,0.0,95.9,42.7,47.1,47.4,38.7,84.0,37.0,18,72,20,80,10,24.27
8102,Asia,3524,Singapore,2004,67.3,0.0,76.4,88.4,99.8,59.5,70.1,69.4,74.7,79.3,0.0,95.9,42.8,48.3,47.4,38.6,84.0,35.5,15,60,25,83,8,24.37
8103,Asia,3525,Singapore,2005,67.7,0.0,76.4,89.7,99.8,59.8,70.1,70.8,74.7,79.4,0.0,95.5,43.1,51.0,47.4,38.6,84.0,34.5,20,45,22,80,8,24.47
8104,Asia,3526,Singapore,2006,67.7,0.0,76.4,89.8,99.8,62.8,70.1,70.2,75.3,79.0,0.0,95.5,43.3,49.1,47.4,38.7,84.1,33.7,15,60,20,82,7,24.57
8105,Asia,3527,Singapore,2007,68.0,0.0,76.4,90.1,99.8,64.7,70.1,69.9,75.4,81.4,0.0,95.5,43.4,49.5,47.4,38.6,84.8,33.8,15,60,20,80,5,24.68
8106,Asia,3528,Singapore,2008,67.9,0.0,76.4,89.9,99.8,64.8,70.1,68.9,74.9,84.2,0.0,95.5,43.6,45.6,47.4,38.4,84.7,33.9,25,45,30,85,7,24.78
8107,Asia,3529,Singapore,2009,68.0,0.0,76.4,89.9,99.8,64.3,70.1,65.6,74.2,84.4,0.0,95.5,43.3,52.1,47.4,38.2,84.8,34.5,15,60,25,78,7,24.88
8108,Asia,3530,Singapore,2010,68.5,0.0,76.3,92.4,99.9,64.6,70.1,69.4,75.1,88.1,0.0,95.6,43.2,48.7,47.4,37.9,84.8,34.5,20,60,30,82,10,24.99
8109,Asia,3531,Singapore,2011,69.1,0.0,76.3,92.8,99.9,64.1,70.1,72.1,75.2,89.1,0.0,92.5,43.1,56.7,47.4,37.8,84.2,34.5,18,60,40,85,5,24.63
8110,Asia,3532,Singapore,2012,68.8,0.0,76.3,92.8,99.9,65.3,70.1,70.4,75.4,88.7,0.0,94.4,43.4,51.6,47.4,37.6,84.6,34.9,20,55,35,82,8,24.27
8111,Asia,3533,Singapore,2013,69.0,0.0,76.3,93.1,99.9,68.7,70.1,69.9,75.3,90.0,0.0,95.1,43.6,51.1,47.4,37.3,82.3,34.9,15,55,35,84,7,23.91
8112,Asia,3534,Singapore,2014,69.4,0.0,76.3,94.3,99.9,69.9,70.1,70.0,75.3,90.8,0.0,96.6,43.8,50.9,44.0,37.1,86.7,35.5,35,55,25,80,8,23.55
8113,Asia,3535,Singapore,2015,69.5,0.0,76.2,94.5,99.9,69.7,73.6,69.5,75.0,91.3,0.0,95.6,43.9,49.9,44.0,36.9,86.4,35.9,20,65,30,85,10,23.2
8114,Asia,3536,Singapore,2016,69.9,0.0,76.1,93.5,100.0,69.8,73.5,71.5,74.8,91.1,0.0,96.1,43.8,56.2,44.0,36.6,84.9,36.1,25,55,25,80,7,22.94
8115,Asia,3537,Singapore,2017,69.9,0.0,76.1,94.4,100.0,69.3,73.9,71.7,76.3,90.4,0.0,96.0,43.5,55.9,44.0,36.4,84.1,37.1,18,55,35,83,10,22.69
8116,Asia,3538,Singapore,2018,69.6,0.0,76.1,94.5,99.8,69.5,74.3,71.8,75.3,90.6,0.0,96.1,44.3,53.4,44.0,27.3,85.4,41.1,35,75,38,82,7,22.44
8117,Asia,3539,Singapore,2019,70.1,0.0,76.1,94.7,98.8,70.5,74.2,72.0,75.3,91.0,0.0,96.1,44.1,58.1,47.2,27.1,84.9,41.7,30,65,30,85,12,22.18
8118,Asia,3540,Singapore,2020,70.5,0.0,76.2,94.6,98.6,74.2,74.2,72.0,74.7,91.5,0.0,96.1,44.1,58.2,47.2,27.0,83.1,45.9,30,50,30,80,8,21.93
8119,Asia,3541,Singapore,2021,71.2,0.0,76.2,94.9,98.6,75.1,74.2,72.0,74.5,91.4,0.0,96.1,51.6,57.5,47.2,27.0,82.8,48.6,15,48,35,78,8,
8120,Asia,3542,Singapore,2022,71.8,0.0,76.2,94.4,98.6,75.1,74.2,72.0,74.8,91.4,0.0,96.1,51.6,57.5,47.2,26.5,83.2,49.0,18,58,40,78,8,
8121,Europe,3543,Slovak Republic,2000,72.5,99.0,67.4,78.0,82.7,62.7,81.7,70.3,72.2,33.3,99.1,79.0,68.7,68.9,0.0,71.4,73.1,52.3,12,25,18,49,6,39.55
8122,Europe,3544,Slovak Republic,2001,72.9,99.0,71.3,78.3,82.7,63.6,81.7,71.1,72.0,33.6,99.1,79.0,68.7,68.2,0.0,72.6,73.2,52.5,25,20,35,40,10,39.58
8123,Europe,3545,Slovak Republic,2002,73.3,99.0,71.0,78.9,80.7,65.4,81.7,70.9,72.4,37.6,99.1,78.9,68.6,68.6,0.0,73.2,73.1,53.3,15,20,20,55,10,39.62
8124,Europe,3546,Slovak Republic,2003,73.4,99.0,68.6,78.8,79.7,66.5,81.6,70.6,73.2,38.5,99.1,78.9,68.7,68.5,0.0,76.5,73.1,53.0,15,25,30,55,8,39.65
8125,Europe,3547,Slovak Republic,2004,74.3,99.0,74.4,79.4,79.2,65.3,81.6,71.0,72.3,40.2,99.1,78.9,68.0,68.4,0.0,86.2,73.3,53.3,20,30,28,55,8,39.68
8126,Europe,3548,Slovak Republic,2005,74.0,99.0,72.7,80.6,79.9,65.4,81.5,71.1,73.6,41.0,91.8,78.8,67.9,68.4,0.0,86.5,73.5,52.6,25,20,25,45,7,39.72
8127,Europe,3549,Slovak Republic,2006,74.8,99.0,70.1,80.8,83.0,67.2,81.5,71.3,75.2,41.6,100.0,78.8,67.8,68.5,0.0,86.5,74.2,52.3,18,30,35,51,10,39.75
8128,Europe,3550,Slovak Republic,2007,75.0,99.0,69.2,81.3,83.1,67.0,81.5,71.8,76.2,43.1,100.0,78.8,67.0,68.9,0.0,86.6,74.7,52.2,10,25,40,60,8,39.79
8129,Europe,3551,Slovak Republic,2008,75.7,99.0,75.5,81.2,83.3,67.1,81.4,71.5,77.0,46.0,100.0,78.8,66.9,68.8,0.0,86.6,75.2,52.7,30,30,40,40,8,39.82
8130,Europe,3552,Slovak Republic,2009,75.6,99.0,71.6,82.5,81.6,66.6,81.5,72.7,75.8,47.0,99.4,78.7,67.4,70.0,0.0,86.7,75.5,54.3,35,19,62,38,10,39.86
8131,Europe,3553,Slovak Republic,2010,75.7,99.0,67.9,84.6,81.8,65.3,81.6,72.5,74.4,50.4,99.7,80.9,66.8,69.8,0.0,86.8,76.1,54.0,30,30,55,52,15,39.89
8132,Europe,3554,Slovak Republic,2011,76.5,98.9,72.5,84.7,81.9,65.8,81.6,73.1,74.7,52.8,100.0,84.9,66.2,66.6,0.0,89.0,77.9,53.5,25,35,35,55,15,39.91
8133,Europe,3555,Slovak Republic,2012,76.7,98.9,69.0,85.3,81.9,67.4,81.7,73.4,74.6,55.5,100.0,83.0,66.5,69.6,0.0,89.1,77.5,53.5,25,20,45,55,10,39.92
8134,Europe,3556,Slovak Republic,2013,76.8,98.9,69.9,85.7,79.0,66.9,81.7,73.6,74.5,58.9,98.2,82.7,66.5,71.2,0.0,89.1,78.0,54.1,20,20,60,60,15,39.94
8135,Europe,3557,Slovak Republic,2014,77.8,98.9,74.7,85.8,82.0,67.2,81.8,74.4,74.7,62.3,100.0,84.3,66.2,71.4,0.0,89.1,78.2,54.3,30,35,60,55,8,39.95
8136,Europe,3558,Slovak Republic,2015,78.0,99.0,71.7,86.6,82.2,68.1,81.8,74.8,75.7,64.2,100.0,82.5,66.1,71.9,0.0,89.1,79.4,54.7,25,25,65,55,20,39.97
8137,Europe,3559,Slovak Republic,2016,78.0,99.0,74.4,86.4,76.8,69.4,81.8,74.5,76.8,65.0,100.0,84.9,65.3,71.4,0.0,89.2,79.0,54.1,20,35,60,60,10,39.99
8138,Europe,3560,Slovak Republic,2017,78.6,99.1,69.6,87.6,79.2,69.8,81.8,74.1,78.7,71.3,100.0,86.5,65.5,71.5,0.0,89.2,79.0,54.8,20,30,33,60,8,40.0
8139,Europe,3561,Slovak Republic,2018,78.7,99.1,71.3,87.4,81.0,69.9,81.8,74.0,79.5,70.6,100.0,86.3,66.4,70.3,0.0,89.2,78.3,54.8,30,25,58,45,7,40.02
8140,Europe,3562,Slovak Republic,2019,79.1,99.1,71.2,88.0,83.1,70.1,81.8,77.2,79.9,70.2,100.0,85.6,66.2,71.0,0.0,89.2,76.7,55.5,30,30,65,55,5,40.04
8141,Europe,3563,Slovak Republic,2020,79.6,99.1,72.6,88.5,82.0,71.8,81.8,77.2,79.4,71.3,100.0,86.8,66.2,71.9,0.0,89.2,79.0,57.5,30,35,50,48,5,40.06
8142,Europe,3564,Slovak Republic,2021,79.9,99.1,72.3,88.3,82.0,73.5,81.8,77.2,81.1,71.5,100.0,85.2,69.4,70.6,0.0,89.2,77.8,58.7,25,30,55,65,5,
8143,Europe,3565,Slovak Republic,2022,79.1,99.2,72.3,87.8,82.0,73.7,81.8,77.2,81.5,73.6,100.0,84.0,69.4,70.6,0.0,89.2,77.8,59.0,30,30,55,60,6,
8144,Europe,3566,Slovenia,2000,74.2,99.3,65.2,83.2,92.1,61.0,87.8,77.7,83.7,45.0,100.0,80.7,54.8,66.8,64.5,57.1,82.7,59.9,20,18,55,60,7,61.22
8145,Europe,3567,Slovenia,2001,74.5,99.3,63.3,83.8,94.5,61.6,87.8,78.1,84.4,47.1,100.0,80.7,54.7,65.8,64.6,57.1,82.8,61.3,15,30,40,63,5,61.29
8146,Europe,3568,Slovenia,2002,75.1,99.3,67.3,84.5,95.3,62.1,87.8,76.9,84.3,48.0,100.0,80.7,54.7,65.5,64.5,61.1,82.7,61.6,20,25,35,60,10,61.36
8147,Europe,3569,Slovenia,2003,74.8,99.3,61.5,84.9,94.7,62.6,87.8,76.9,83.9,47.8,100.0,80.7,54.3,65.8,64.4,61.6,82.9,61.6,15,20,35,68,8,61.43
8148,Europe,3570,Slovenia,2004,76.7,99.3,66.6,85.0,95.6,63.1,87.8,77.7,84.1,49.6,100.0,80.7,52.9,65.5,68.6,83.0,82.3,61.4,20,25,50,65,7,61.5
8149,Europe,3571,Slovenia,2005,76.8,99.3,66.8,85.4,96.2,63.2,87.8,78.0,84.0,50.7,100.0,80.6,53.0,65.4,68.8,83.0,82.9,61.4,20,25,45,60,8,61.57
8150,Europe,3572,Slovenia,2006,76.9,99.3,64.4,85.9,95.7,63.9,87.8,77.4,84.2,52.2,100.0,80.6,53.6,65.2,69.1,83.0,83.4,61.1,18,22,33,67,7,61.64
8151,Europe,3573,Slovenia,2007,76.8,99.3,64.6,85.7,95.3,64.7,87.8,77.8,84.6,52.1,100.0,80.6,53.2,65.1,68.8,83.0,83.4,59.8,20,25,45,60,7,61.71
8152,Europe,3574,Slovenia,2008,77.0,99.3,64.2,87.0,95.4,64.9,87.8,77.5,84.8,53.1,100.0,80.6,53.5,64.4,68.6,83.1,83.9,60.4,15,35,60,58,8,61.78
8153,Europe,3575,Slovenia,2009,77.4,99.3,63.6,87.5,96.6,65.7,87.8,79.0,84.2,54.7,100.0,80.6,55.0,66.2,68.7,83.1,82.8,61.9,15,16,62,45,8,61.85
8154,Europe,3576,Slovenia,2010,77.9,99.3,64.9,90.0,96.4,66.0,87.8,79.1,83.4,56.5,100.0,79.9,55.2,66.1,68.7,83.1,85.8,62.0,20,22,45,62,7,61.92
8155,Europe,3577,Slovenia,2011,78.6,99.3,66.1,90.0,96.0,75.5,87.8,78.5,82.8,58.2,100.0,79.0,54.6,64.3,72.9,83.0,86.0,61.9,15,30,45,40,10,61.93
8156,Europe,3578,Slovenia,2012,79.7,99.3,64.7,90.3,96.5,76.0,87.8,79.1,82.5,63.8,100.0,82.5,54.8,68.1,78.0,83.0,86.1,62.1,20,35,60,50,8,61.94
8157,Europe,3579,Slovenia,2013,79.5,99.2,61.9,90.2,95.4,76.7,87.8,80.5,81.8,65.3,100.0,83.7,54.8,67.9,77.7,83.5,84.3,61.7,12,20,65,50,5,61.95
8158,Europe,3580,Slovenia,2014,79.3,99.2,66.5,90.1,96.4,78.8,87.8,81.4,82.0,65.4,100.0,84.5,54.7,68.6,64.9,83.5,83.7,61.2,18,28,55,59,8,61.96
8159,Europe,3581,Slovenia,2015,79.1,99.2,66.3,90.3,97.2,79.9,87.8,80.1,81.7,65.5,100.0,84.3,55.6,71.7,57.8,83.5,83.4,60.7,20,33,38,55,7,61.97
8160,Europe,3582,Slovenia,2016,79.4,99.3,66.3,90.6,97.0,81.0,87.8,80.2,82.2,66.1,100.0,88.6,54.9,69.9,57.4,83.5,84.0,60.6,18,20,60,60,7,61.87
8161,Europe,3583,Slovenia,2017,79.7,99.3,64.0,91.7,96.9,81.3,87.8,79.5,82.0,74.7,100.0,87.5,54.8,69.6,59.1,83.5,83.3,60.7,20,18,54,65,10,61.76
8162,Europe,3584,Slovenia,2018,79.3,99.3,65.2,92.0,96.2,74.9,87.8,79.9,83.6,76.5,100.0,86.6,54.2,67.5,56.4,83.3,83.8,61.4,20,30,50,63,7,61.66
8163,Europe,3585,Slovenia,2019,80.5,99.4,65.9,93.3,95.4,76.8,87.8,80.2,85.0,78.3,100.0,84.0,54.1,67.9,71.3,83.3,83.8,61.6,25,25,65,66,5,61.56
8164,Europe,3586,Slovenia,2020,81.0,99.3,66.9,93.0,95.6,77.2,87.8,80.2,84.3,80.4,100.0,87.3,54.1,68.9,71.3,83.3,82.3,64.5,20,30,60,55,10,61.46
8165,Europe,3587,Slovenia,2021,80.8,99.4,66.6,92.5,95.6,77.0,87.8,80.2,84.6,79.7,100.0,84.0,54.1,69.1,71.3,83.6,81.7,66.0,18,30,60,68,10,
8166,Europe,3588,Slovenia,2022,81.0,99.4,66.6,92.4,95.6,77.0,87.8,80.2,84.9,80.8,100.0,85.6,54.1,69.1,71.3,83.6,80.5,68.2,20,20,72,60,7,
8167,Oceania,3589,Solomon Islands,2000,76.7,99.4,72.4,90.6,98.4,67.8,90.5,79.7,82.3,75.8,84.5,97.0,43.0,56.5,0.0,62.1,81.0,46.4,20,25,15,20,15,90.66
8168,Oceania,3590,Solomon Islands,2001,77.1,99.4,70.9,91.0,98.3,68.1,90.5,79.9,82.4,77.0,84.5,97.0,44.0,56.2,0.0,65.5,81.0,47.1,35,38,18,15,5,90.63
8169,Oceania,3591,Solomon Islands,2002,77.4,99.4,71.7,91.3,98.3,68.4,90.5,79.6,82.3,77.9,86.9,97.0,44.2,56.7,0.0,65.5,81.0,48.1,35,40,20,15,10,90.61
8170,Oceania,3592,Solomon Islands,2003,77.4,99.4,68.6,91.2,98.3,69.7,90.5,79.5,81.5,78.5,86.9,97.0,44.9,56.5,0.0,65.6,81.0,48.6,35,50,18,20,10,90.58
8171,Oceania,3593,Solomon Islands,2004,77.8,99.4,72.3,91.5,98.2,70.1,90.5,79.5,81.2,80.2,86.9,97.0,46.5,56.4,0.0,65.6,81.2,48.4,35,40,30,35,30,90.56
8172,Oceania,3594,Solomon Islands,2005,77.9,99.4,71.1,93.0,98.4,70.4,90.5,79.4,81.5,80.5,86.9,97.0,47.2,56.4,0.0,65.6,81.7,48.0,40,40,15,30,0,90.53
8173,Oceania,3595,Solomon Islands,2006,77.8,99.4,70.5,93.4,98.4,70.8,90.5,79.3,81.6,81.3,83.8,97.0,47.1,56.5,0.0,65.6,81.7,47.2,20,40,20,20,20,90.5
8174,Oceania,3596,Solomon Islands,2007,77.9,99.4,71.1,93.4,98.4,72.9,90.5,80.4,81.8,81.5,81.7,97.0,47.5,57.0,0.0,65.7,81.8,46.7,30,40,12,20,40,90.48
8175,Oceania,3597,Solomon Islands,2008,78.0,99.4,70.9,94.2,97.7,73.3,90.5,80.3,81.8,82.0,83.6,97.0,46.7,56.8,0.0,65.7,81.3,47.2,30,35,15,20,20,90.45
8176,Oceania,3598,Solomon Islands,2009,78.3,99.4,71.1,94.3,96.6,73.9,90.5,80.5,81.5,82.3,86.5,96.6,46.9,57.2,0.0,65.8,81.1,47.9,22,55,18,20,40,90.43
8177,Oceania,3599,Solomon Islands,2010,78.3,99.4,69.6,95.3,96.6,74.2,90.5,80.9,81.0,83.4,86.6,96.6,46.4,57.0,0.0,65.9,81.2,47.7,32,40,20,22,10,90.4
8178,Oceania,3600,Solomon Islands,2011,78.7,99.6,71.5,95.6,97.0,74.1,90.5,80.9,80.8,84.3,89.7,96.6,44.8,58.0,0.0,65.9,81.6,47.9,30,55,20,20,10,90.37
8179,Oceania,3601,Solomon Islands,2012,79.0,99.6,70.4,95.8,98.1,74.4,90.5,81.7,81.0,85.8,90.2,97.2,45.5,57.8,0.0,66.0,81.6,48.2,35,35,20,24,35,90.35
8180,Oceania,3602,Solomon Islands,2013,79.1,99.6,68.7,96.1,97.8,78.1,90.5,81.5,80.8,89.7,87.0,97.3,45.5,57.7,0.0,66.0,81.6,48.2,25,40,20,20,10,90.32
8181,Oceania,3603,Solomon Islands,2014,79.8,99.6,71.3,96.1,97.9,78.5,90.5,82.1,80.8,92.9,86.7,98.3,46.5,58.6,0.0,66.0,82.8,48.2,20,50,20,23,10,90.29
8182,Oceania,3604,Solomon Islands,2015,80.1,99.6,69.6,96.5,98.4,79.4,90.5,82.8,80.9,95.6,87.3,97.9,46.8,58.8,0.0,66.0,83.5,48.4,30,50,28,30,10,90.27
8183,Oceania,3605,Solomon Islands,2016,79.8,99.5,66.4,96.3,99.2,79.4,90.5,82.8,80.8,95.9,85.4,98.6,45.9,58.8,0.0,66.0,83.2,48.4,30,52,15,25,15,90.24
8184,Oceania,3606,Solomon Islands,2017,80.3,99.5,70.5,96.7,98.1,79.7,90.5,83.1,81.0,95.8,86.4,98.9,46.6,59.1,0.0,66.0,83.5,48.9,30,38,22,35,30,90.22
8185,Oceania,3607,Solomon Islands,2018,80.3,99.5,69.4,96.8,97.9,80.1,90.5,83.0,81.1,96.2,83.4,99.0,48.2,60.4,0.0,66.4,83.9,49.1,30,38,25,32,30,90.19
8186,Oceania,3608,Solomon Islands,2019,80.7,99.5,69.9,97.2,98.0,85.2,90.5,83.4,81.3,96.9,82.4,99.1,48.2,60.5,0.0,66.4,83.8,49.2,30,40,18,28,10,90.16
8187,Oceania,3609,Solomon Islands,2020,80.9,99.4,70.6,97.1,98.5,85.1,90.5,83.4,81.0,97.0,82.4,99.1,48.2,61.1,0.0,66.4,82.9,52.1,30,30,20,35,20,90.14
8188,Oceania,3610,Solomon Islands,2021,81.5,99.4,67.9,96.7,98.5,85.8,90.5,83.4,81.0,97.2,82.4,99.1,58.2,61.0,0.0,66.3,83.4,52.9,35,40,18,33,10,
8189,Oceania,3611,Solomon Islands,2022,80.5,99.5,67.9,96.0,98.5,85.9,90.5,83.4,81.6,97.2,82.4,99.1,58.2,61.0,0.0,66.3,81.0,54.4,30,38,25,30,65,
8190,Africa,3612,Somalia,2000,43.2,11.3,26.1,12.5,55.6,14.0,39.6,26.9,56.3,3.9,73.8,46.0,90.9,99.9,53.7,57.2,33.3,33.3,85,85,10,5,5,11.98
8191,Africa,3613,Somalia,2001,43.3,11.3,26.2,12.7,55.6,14.0,39.7,26.9,56.4,3.9,73.8,46.9,91.0,99.9,53.4,57.0,33.3,33.3,75,75,15,5,10,11.86
8192,Africa,3614,Somalia,2002,43.3,11.3,25.8,13.1,55.6,14.0,39.8,26.1,56.4,3.9,73.8,47.9,91.2,99.9,53.0,56.9,33.3,33.3,80,35,15,8,20,11.73
8193,Africa,3615,Somalia,2003,43.3,11.3,25.4,12.8,55.6,14.0,40.0,26.7,56.4,3.9,73.8,48.8,91.4,99.9,52.7,56.7,33.3,33.3,78,15,10,12,12,11.61
8194,Africa,3616,Somalia,2004,43.4,11.3,25.0,12.7,55.6,14.0,40.2,27.6,56.4,3.9,73.8,49.7,91.6,99.9,52.4,56.6,33.3,33.3,75,83,10,7,10,11.49
8195,Africa,3617,Somalia,2005,43.6,11.3,25.0,13.2,55.6,14.0,40.4,28.8,56.4,3.9,73.8,50.9,91.7,99.9,52.6,56.5,33.3,33.3,78,70,10,8,10,11.37
8196,Africa,3618,Somalia,2006,43.6,11.3,24.6,12.0,55.6,13.8,40.6,29.4,56.4,3.9,73.8,51.8,92.2,99.9,52.5,56.3,33.3,33.3,75,70,10,8,70,11.25
8197,Africa,3619,Somalia,2007,43.7,11.3,24.9,12.1,55.6,14.1,40.5,31.0,56.5,3.9,73.8,52.7,92.7,99.9,51.3,56.2,33.3,33.3,70,75,7,8,40,11.12
8198,Africa,3620,Somalia,2008,43.8,11.3,24.9,12.1,55.6,14.1,40.8,32.3,56.5,3.9,73.8,53.6,92.9,99.9,49.9,56.1,33.3,33.3,75,80,10,8,70,11.0
8199,Africa,3621,Somalia,2009,43.8,11.3,23.8,12.3,55.6,13.2,41.1,33.4,56.5,3.9,73.8,54.5,92.9,99.9,48.9,55.9,33.3,33.3,84,45,5,12,20,10.88
8200,Africa,3622,Somalia,2010,44.3,11.3,24.4,12.6,55.6,13.1,41.5,40.9,56.5,4.0,73.8,55.7,93.0,99.9,49.1,55.8,33.3,33.3,83,75,7,8,70,10.76
8201,Africa,3623,Somalia,2011,44.4,11.2,24.4,12.1,55.6,13.1,42.6,40.6,56.5,4.0,73.8,56.3,93.0,99.9,49.6,55.6,33.3,33.3,83,78,10,12,65,10.63
8202,Africa,3624,Somalia,2012,45.0,10.8,26.8,12.4,55.6,18.0,43.3,41.8,56.5,3.9,73.8,56.8,93.1,99.9,49.4,55.5,33.3,33.3,80,78,10,8,70,10.51
8203,Africa,3625,Somalia,2013,45.2,11.4,26.3,12.4,55.6,17.7,44.0,43.7,56.6,4.0,73.8,58.6,93.2,99.9,49.3,55.3,33.3,33.3,75,78,10,13,20,10.39
8204,Africa,3626,Somalia,2014,45.3,11.4,25.4,12.6,55.6,17.8,44.8,43.1,56.6,4.0,73.8,58.9,93.4,99.9,50.0,55.2,33.3,33.3,75,80,12,10,20,10.27
8205,Africa,3627,Somalia,2015,46.3,11.9,25.7,12.9,55.6,18.0,45.5,43.4,56.7,4.0,73.8,68.5,93.6,99.9,50.3,55.1,38.2,33.3,75,85,12,12,70,10.14
8206,Africa,3628,Somalia,2016,46.2,12.2,25.6,12.8,55.6,18.1,46.3,43.2,56.7,4.0,73.8,66.3,93.8,99.9,50.8,54.9,38.2,33.3,78,83,13,11,80,10.02
8207,Africa,3629,Somalia,2017,46.9,12.1,25.9,14.1,55.6,25.4,47.0,43.9,56.6,4.1,73.8,67.0,94.0,99.9,51.4,54.7,38.2,33.3,74,80,12,12,60,9.9
8208,Africa,3630,Somalia,2018,47.2,12.2,26.8,14.9,55.6,25.5,47.8,43.4,56.7,5.5,73.8,67.8,94.1,99.9,51.4,54.6,38.2,33.3,75,78,15,15,40,9.78
8209,Africa,3631,Somalia,2019,47.4,12.1,26.6,17.2,55.6,25.7,48.5,43.1,56.7,5.5,73.8,68.5,94.1,99.9,50.3,54.5,39.4,33.3,74,75,15,15,70,9.65
8210,Africa,3632,Somalia,2020,47.6,11.4,26.8,17.5,55.6,25.7,49.3,43.3,56.2,5.6,73.8,69.4,94.1,99.9,50.2,54.3,40.1,35.7,76,80,17,15,70,9.53
8211,Africa,3633,Somalia,2021,48.0,11.4,27.1,17.9,55.6,25.8,49.3,43.3,56.0,5.6,73.8,69.4,94.1,99.9,50.2,53.8,40.1,42.5,80,70,14,15,70,
8212,Africa,3634,Somalia,2022,48.0,11.3,27.3,17.9,55.6,25.9,49.3,43.3,55.7,5.6,73.8,69.4,94.1,99.9,50.3,53.4,40.0,43.7,75,78,15,15,20,
8213,Africa,3635,South Africa,2000,59.1,54.9,54.8,36.7,74.2,71.9,60.1,46.5,66.2,45.8,7.3,81.4,84.3,80.4,64.5,56.9,56.1,61.8,37,60,40,40,7,14.66
8214,Africa,3636,South Africa,2001,59.0,54.9,53.5,36.3,74.7,71.8,60.4,47.3,66.2,46.0,7.3,81.4,83.8,80.8,64.2,56.9,56.1,61.7,40,45,40,40,5,14.63
8215,Africa,3637,South Africa,2002,59.5,54.9,53.9,35.6,80.6,72.4,60.7,50.2,66.3,46.1,7.3,81.5,83.5,81.4,63.4,56.7,56.1,60.3,40,65,50,34,10,14.6
8216,Africa,3638,South Africa,2003,59.1,54.9,53.0,34.5,77.5,72.0,60.9,50.8,66.4,46.4,7.3,81.5,83.5,79.9,62.8,56.6,56.1,60.8,42,45,55,50,15,14.57
8217,Africa,3639,South Africa,2004,59.3,54.9,53.1,34.0,77.2,74.3,61.2,51.5,66.4,47.0,7.3,81.6,83.1,78.4,63.0,56.8,56.1,62.1,40,65,65,55,7,14.54
8218,Africa,3640,South Africa,2005,59.3,54.9,54.4,35.3,77.3,73.5,61.4,52.6,66.5,47.1,0.0,81.7,83.2,79.7,63.0,57.5,56.1,63.5,43,70,35,35,10,14.51
8219,Africa,3641,South Africa,2006,59.3,54.9,52.4,36.1,77.3,73.6,61.7,53.0,66.6,47.4,0.0,81.8,83.2,78.8,63.5,57.4,56.1,65.3,43,60,50,55,10,14.48
8220,Africa,3642,South Africa,2007,59.4,54.9,51.0,36.7,77.3,74.0,61.9,53.9,66.6,47.5,0.0,81.8,83.0,78.3,64.5,57.4,55.1,65.6,45,50,45,32,12,14.45
8221,Africa,3643,South Africa,2008,59.7,54.9,55.0,38.9,77.3,73.7,62.1,53.8,66.6,47.8,0.0,81.1,83.0,77.5,65.4,57.2,55.3,65.3,50,72,45,30,5,14.42
8222,Africa,3644,South Africa,2009,60.4,54.9,55.5,39.9,77.6,80.1,62.4,53.9,66.1,48.1,0.0,82.7,83.4,78.2,65.7,57.1,56.1,65.1,40,60,35,40,5,14.39
8223,Africa,3645,South Africa,2010,60.2,54.9,54.9,40.7,77.8,80.1,62.6,56.1,64.6,50.0,0.0,73.6,83.2,78.9,65.5,57.0,56.6,66.5,43,60,40,45,5,14.36
8224,Africa,3646,South Africa,2011,60.9,54.7,54.7,42.6,77.8,79.7,62.8,56.8,65.6,52.0,0.0,79.4,83.3,78.8,65.5,56.9,57.6,67.3,40,65,50,45,5,14.33
8225,Africa,3647,South Africa,2012,61.1,54.2,54.8,43.6,77.9,79.4,63.0,57.7,65.3,56.6,0.0,76.7,83.3,79.4,64.7,57.6,56.6,68.2,43,60,45,45,5,14.3
8226,Africa,3648,South Africa,2013,61.5,52.8,54.4,43.4,77.9,81.7,64.1,57.9,65.2,62.4,0.0,77.9,83.5,79.7,63.0,57.6,55.3,68.6,40,65,38,37,20,14.27
8227,Africa,3649,South Africa,2014,61.7,51.3,56.6,45.8,77.9,81.4,62.9,58.0,67.5,57.9,0.0,77.9,83.6,80.0,63.5,57.9,56.9,70.5,40,63,38,35,5,14.24
8228,Africa,3650,South Africa,2015,62.1,51.6,53.0,48.4,78.5,81.6,61.6,58.6,68.6,60.0,0.0,76.9,84.0,81.1,65.5,57.9,57.7,71.5,35,72,40,33,10,14.21
8229,Africa,3651,South Africa,2016,62.2,51.3,54.3,48.2,80.6,81.4,61.7,58.7,67.9,56.0,0.0,78.9,84.1,81.7,66.2,57.9,57.3,70.9,40,68,55,33,10,14.18
8230,Africa,3652,South Africa,2017,63.0,51.5,58.2,49.9,77.2,82.0,61.8,59.0,66.9,66.2,0.0,80.6,84.0,81.9,66.6,57.9,56.5,70.9,37,63,55,37,15,14.15
8231,Africa,3653,South Africa,2018,62.5,52.1,56.4,52.1,75.2,78.2,61.8,59.7,67.0,64.5,0.0,76.7,84.2,82.3,67.5,57.8,55.8,70.5,40,65,55,45,10,14.12
8232,Africa,3654,South Africa,2019,63.2,52.2,55.2,54.2,76.7,76.7,62.1,59.7,67.1,69.6,0.0,79.3,84.2,81.5,70.8,58.2,56.6,71.1,46,75,45,37,15,14.09
8233,Africa,3655,South Africa,2020,63.8,49.2,56.8,54.6,76.6,76.8,62.4,59.7,68.1,70.1,0.0,83.3,84.2,82.6,70.9,58.1,57.6,72.8,50,70,40,40,5,14.06
8234,Africa,3656,South Africa,2021,63.9,51.0,56.8,57.0,76.6,76.7,62.4,59.7,69.8,70.8,0.0,80.5,84.4,82.7,70.9,58.0,55.2,74.7,50,63,45,33,5,
8235,Africa,3657,South Africa,2022,64.0,51.7,56.8,57.0,76.6,76.8,62.4,59.7,69.8,70.8,0.0,80.5,84.4,82.7,70.9,57.8,55.1,75.2,55,65,40,40,40,
8236,Asia,3658,"Korea, Rep.",2000,72.6,98.9,83.0,80.1,97.7,52.2,74.6,68.3,86.6,71.0,67.8,80.2,70.3,74.5,50.0,53.7,73.5,52.3,38,8,72,63,10,66.46
8237,Asia,3659,"Korea, Rep.",2001,73.1,98.9,82.9,81.3,98.1,52.6,74.1,68.8,86.9,74.0,67.8,80.2,70.5,74.1,52.2,53.6,73.5,53.2,25,12,65,65,15,66.37
8238,Asia,3660,"Korea, Rep.",2002,72.8,98.9,81.2,82.2,98.1,52.9,73.6,68.9,87.2,74.6,67.8,80.2,70.1,73.5,48.7,53.4,73.5,52.9,35,10,60,62,5,66.28
8239,Asia,3661,"Korea, Rep.",2003,73.0,98.9,80.5,82.3,98.6,53.3,73.6,69.2,87.0,76.9,67.8,80.2,70.6,73.2,49.4,53.3,73.5,53.2,30,12,60,65,10,66.18
8240,Asia,3662,"Korea, Rep.",2004,73.4,98.9,82.5,82.2,97.9,57.2,73.6,69.4,87.0,79.7,67.8,80.2,69.9,73.1,47.9,53.1,73.7,53.2,28,10,55,50,10,66.09
8241,Asia,3663,"Korea, Rep.",2005,73.7,98.9,81.8,84.2,97.0,57.5,73.6,69.8,87.0,81.3,67.8,80.0,70.5,72.9,50.0,52.9,74.4,53.4,30,15,55,62,10,66.0
8242,Asia,3664,"Korea, Rep.",2006,74.1,98.9,81.8,84.9,98.6,57.5,73.6,69.9,87.1,84.2,67.8,80.0,69.8,72.8,51.9,53.3,73.9,53.9,33,15,50,45,10,65.91
8243,Asia,3665,"Korea, Rep.",2007,74.3,98.9,80.7,85.3,98.5,58.0,73.6,70.0,87.2,85.8,67.8,80.0,69.6,72.2,54.8,53.2,73.1,54.0,30,10,60,60,12,65.82
8244,Asia,3666,"Korea, Rep.",2008,74.9,98.9,82.9,85.1,98.5,57.6,73.7,70.1,87.2,87.2,67.0,82.7,70.6,71.9,56.3,55.7,73.1,54.2,30,6,65,60,10,65.73
8245,Asia,3667,"Korea, Rep.",2009,75.0,98.9,83.4,85.8,98.4,58.0,73.7,70.1,87.0,90.8,67.0,80.5,71.8,71.8,55.6,55.6,73.2,53.9,28,11,60,68,7,65.64
8246,Asia,3668,"Korea, Rep.",2010,75.5,98.9,81.7,88.7,99.1,59.4,73.7,70.1,87.0,94.4,67.4,84.0,71.3,69.9,54.2,55.5,73.4,54.0,34,15,60,68,10,65.54
8247,Asia,3669,"Korea, Rep.",2011,75.4,99.0,82.0,91.1,98.7,59.6,73.8,70.1,87.2,96.0,67.4,83.4,70.7,67.5,52.5,55.4,72.6,54.0,38,10,60,65,5,65.44
8248,Asia,3670,"Korea, Rep.",2012,75.8,99.0,81.0,89.8,97.9,60.2,73.8,70.3,87.2,97.2,68.9,84.2,71.2,67.6,55.3,55.7,74.6,54.1,30,5,60,63,10,65.34
8249,Asia,3671,"Korea, Rep.",2013,76.0,99.2,82.3,90.2,96.5,61.4,73.8,70.3,87.3,97.4,72.7,84.3,71.4,67.9,54.7,55.6,72.4,54.2,25,18,65,65,5,65.24
8250,Asia,3672,"Korea, Rep.",2014,76.1,99.3,83.3,90.2,95.3,62.2,73.8,70.3,87.3,98.1,75.7,81.8,71.5,68.5,53.3,55.4,73.2,54.3,33,18,60,63,10,65.13
8251,Asia,3673,"Korea, Rep.",2015,76.9,99.4,83.0,90.9,95.5,62.6,73.9,70.3,86.0,98.4,78.5,85.2,71.7,69.2,54.5,55.2,76.5,57.2,30,10,55,68,5,65.03
8252,Asia,3674,"Korea, Rep.",2016,76.9,99.4,82.6,91.5,96.7,63.4,73.9,70.2,86.0,98.9,77.3,86.5,71.5,69.7,52.7,55.0,74.9,57.3,25,18,65,55,7,64.93
8253,Asia,3675,"Korea, Rep.",2017,76.8,99.5,82.2,91.5,95.8,63.8,73.9,70.2,83.9,99.2,77.6,88.1,71.1,68.3,52.0,54.9,75.1,58.3,30,18,65,68,12,64.83
8254,Asia,3676,"Korea, Rep.",2018,77.4,99.5,82.0,91.8,99.0,64.3,74.0,70.4,83.8,98.9,80.1,87.3,70.7,67.9,52.9,54.9,77.9,61.1,30,16,55,68,5,64.72
8255,Asia,3677,"Korea, Rep.",2019,77.6,99.5,81.8,92.4,94.5,64.6,74.0,70.6,83.8,98.9,81.4,87.6,70.5,68.7,55.4,54.8,77.5,63.3,30,15,72,68,10,64.62
8256,Asia,3678,"Korea, Rep.",2020,77.8,99.5,81.8,92.4,92.3,65.8,74.0,70.6,84.3,99.0,82.6,86.5,70.5,70.3,55.4,54.6,79.3,63.4,30,10,75,68,15,64.52
8257,Asia,3679,"Korea, Rep.",2021,78.2,99.5,82.9,93.0,92.3,66.0,74.0,70.6,85.1,99.1,82.6,88.7,73.1,69.7,55.4,54.5,79.5,63.9,32,17,66,68,10,
8258,Asia,3680,"Korea, Rep.",2022,78.1,99.5,82.9,92.8,92.3,66.3,74.0,70.6,85.5,99.1,82.6,87.0,73.1,69.7,55.4,54.1,77.9,64.1,35,10,64,65,18,
8259,Africa,3681,South Sudan,2000,37.4,24.1,7.8,24.5,0.0,51.0,39.8,9.9,51.5,0.0,23.5,14.6,96.6,99.8,0.0,71.2,43.5,40.6,70,80,5,5,15,11.33
8260,Africa,3682,South Sudan,2001,37.4,24.1,7.8,24.7,0.0,51.0,39.8,9.9,51.5,0.0,23.5,14.6,96.6,99.8,0.0,71.2,43.5,40.6,60,75,5,5,15,11.33
8261,Africa,3683,South Sudan,2002,37.4,24.1,7.7,24.9,0.0,51.0,39.8,9.9,51.5,0.0,23.5,14.6,96.6,99.7,0.0,71.2,43.5,40.6,75,75,5,5,15,11.33
8262,Africa,3684,South Sudan,2003,37.4,24.1,8.1,24.9,0.0,51.0,39.8,9.9,51.5,0.0,23.5,14.6,96.6,99.7,0.0,71.1,43.5,40.6,70,80,5,8,15,11.33
8263,Africa,3685,South Sudan,2004,37.5,24.1,8.8,24.8,0.0,51.0,39.8,9.9,51.5,0.0,23.5,14.6,96.6,99.7,0.0,71.1,43.5,40.6,70,82,8,5,10,11.33
8264,Africa,3686,South Sudan,2005,37.5,24.1,9.2,24.8,0.0,51.0,39.8,9.9,51.5,0.0,23.5,14.9,96.5,99.7,0.0,71.1,43.5,40.6,78,83,10,10,15,11.33
8265,Africa,3687,South Sudan,2006,37.8,24.1,10.0,24.8,0.0,51.0,39.8,9.9,51.5,0.0,23.5,14.9,96.5,99.7,0.0,74.9,43.5,40.6,70,70,7,12,10,11.33
8266,Africa,3688,South Sudan,2007,37.8,24.1,10.5,25.0,0.0,51.0,39.8,9.9,51.5,0.0,23.5,14.9,96.5,99.6,0.0,74.9,43.5,40.6,70,80,8,13,15,11.33
8267,Africa,3689,South Sudan,2008,37.8,24.1,10.8,25.2,0.0,51.0,39.8,9.9,51.5,0.0,23.5,14.9,96.1,99.6,0.0,74.8,43.5,40.6,70,78,10,8,5,11.33
8268,Africa,3690,South Sudan,2009,37.9,24.1,11.4,25.3,0.0,51.0,39.8,9.9,51.4,0.0,23.5,14.9,96.1,99.6,0.0,74.8,43.5,40.6,55,68,7,10,18,11.33
8269,Africa,3691,South Sudan,2010,38.0,24.1,11.8,27.2,0.0,51.0,39.8,9.9,51.5,0.0,23.5,14.8,96.2,99.7,0.0,74.8,43.5,40.6,70,85,8,10,15,11.33
8270,Africa,3692,South Sudan,2011,37.8,21.6,12.3,26.9,0.0,51.0,39.8,9.9,51.4,0.0,23.5,15.0,95.7,98.8,0.0,74.8,43.5,40.6,78,80,10,5,10,11.33
8271,Africa,3693,South Sudan,2012,37.4,19.1,14.3,26.1,0.0,51.0,39.8,9.9,51.3,0.0,23.5,15.1,90.9,98.9,0.0,74.8,43.5,40.6,70,75,10,8,15,11.33
8272,Africa,3694,South Sudan,2013,37.2,15.8,15.1,25.5,0.0,51.9,39.8,9.3,51.6,0.0,23.5,14.6,91.1,98.8,0.0,74.8,43.5,40.6,82,78,10,5,40,11.33
8273,Africa,3695,South Sudan,2014,37.4,11.7,20.3,25.1,0.0,52.0,39.8,8.9,51.5,0.1,23.5,15.8,91.1,98.7,0.0,74.8,43.8,40.6,68,85,5,12,5,11.33
8274,Africa,3696,South Sudan,2015,36.6,6.2,19.0,25.1,0.0,52.2,40.0,8.0,51.3,0.2,23.5,14.1,90.1,97.5,0.0,74.7,43.4,40.6,78,83,10,5,10,11.33
8275,Africa,3697,South Sudan,2016,36.6,2.2,18.8,23.3,0.0,53.3,40.3,8.6,51.3,0.2,26.6,13.9,91.3,99.3,0.0,74.7,40.6,40.6,75,78,8,9,30,11.33
8276,Africa,3698,South Sudan,2017,36.4,0.0,19.2,23.7,0.0,53.4,40.5,11.1,51.4,0.9,26.6,14.2,91.1,99.3,0.0,74.7,38.6,38.3,78,75,6,10,10,11.33
8277,Africa,3699,South Sudan,2018,36.6,0.0,19.2,23.7,1.2,53.6,40.7,11.7,51.4,1.3,26.6,14.0,91.0,99.4,0.0,74.7,39.0,38.3,82,85,10,12,5,11.33
8278,Africa,3700,South Sudan,2019,36.8,0.0,19.4,23.9,1.2,53.7,41.0,11.4,51.4,1.4,26.6,13.8,91.0,99.4,0.0,74.7,39.4,40.9,70,75,10,10,10,11.33
8279,Africa,3701,South Sudan,2020,36.7,0.0,19.6,23.9,1.2,53.7,41.0,11.4,50.2,1.4,26.6,13.8,91.0,99.4,0.0,74.7,39.8,39.7,77,80,10,15,25,11.33
8280,Africa,3702,South Sudan,2021,37.0,0.0,19.6,23.9,1.2,55.9,41.0,11.4,50.3,1.7,26.6,13.8,91.0,99.4,0.0,74.7,39.4,42.7,78,80,10,15,10,
8281,Africa,3703,South Sudan,2022,38.7,0.0,19.8,23.9,1.2,56.0,41.0,11.4,50.9,1.7,26.6,13.8,91.0,99.4,0.0,74.7,38.1,41.6,73,80,10,12,35,
8282,Europe,3704,Spain,2000,73.6,99.0,66.1,88.8,99.5,67.3,85.3,71.7,78.2,56.5,82.9,87.7,61.8,74.7,42.2,58.2,77.4,53.1,10,35,60,75,20,34.21
8283,Europe,3705,Spain,2001,73.8,99.0,63.1,89.5,99.6,67.7,85.4,72.5,80.2,57.5,82.9,87.7,61.7,74.7,42.6,59.6,77.4,52.9,10,10,60,58,10,34.5
8284,Europe,3706,Spain,2002,73.8,99.0,64.6,89.9,99.6,68.0,85.5,71.6,79.7,58.7,82.9,87.7,61.5,74.0,41.3,59.7,77.4,53.0,15,20,35,55,8,34.79
8285,Europe,3707,Spain,2003,74.4,99.0,64.3,90.0,99.6,68.3,85.3,72.6,79.6,62.4,86.4,87.8,61.1,74.0,43.5,60.3,77.4,53.9,20,20,38,60,12,35.08
8286,Europe,3708,Spain,2004,74.9,99.0,65.8,90.6,99.6,72.6,85.1,72.2,79.7,63.8,84.3,87.8,61.6,73.6,44.7,60.8,77.5,54.0,30,25,42,63,10,35.37
8287,Europe,3709,Spain,2005,75.0,99.0,61.0,91.2,99.5,72.9,84.9,71.9,80.7,66.0,85.6,87.8,61.5,73.3,45.2,62.5,77.4,54.1,20,18,35,65,8,35.66
8288,Europe,3710,Spain,2006,75.6,99.0,63.4,91.7,99.6,73.2,85.3,72.7,81.1,67.7,84.0,87.8,61.3,73.8,48.7,63.8,77.3,54.3,20,20,45,60,10,35.95
8289,Europe,3711,Spain,2007,76.0,99.0,65.4,91.5,99.6,73.8,85.7,73.0,81.2,69.3,83.2,91.1,61.4,73.8,49.9,63.9,75.8,54.6,25,20,60,60,10,36.24
8290,Europe,3712,Spain,2008,76.4,99.0,65.4,92.6,99.6,74.1,85.7,73.8,79.5,70.4,79.9,93.5,62.7,75.2,51.2,64.3,76.6,55.8,25,20,60,60,10,36.53
8291,Europe,3713,Spain,2009,76.1,99.0,62.7,91.0,93.4,74.5,85.3,75.2,75.9,71.0,77.7,94.8,63.8,76.8,53.7,64.5,76.0,57.6,30,25,50,60,15,36.83
8292,Europe,3714,Spain,2010,76.4,99.0,63.1,92.3,92.8,74.6,85.6,76.7,74.7,73.5,76.0,93.7,64.1,77.3,54.8,64.6,78.6,57.4,25,20,48,63,10,37.12
8293,Europe,3715,Spain,2011,76.7,98.8,64.3,93.4,99.1,74.4,85.6,76.7,73.9,75.5,75.3,92.7,64.5,77.7,51.6,64.9,78.0,57.4,30,35,45,61,7,37.12
8294,Europe,3716,Spain,2012,77.0,98.8,61.0,93.2,99.0,74.7,85.1,77.3,72.0,77.1,77.0,92.6,65.0,79.7,56.3,64.9,79.8,56.4,30,23,40,48,8,37.12
8295,Europe,3717,Spain,2013,77.8,98.7,65.2,93.1,98.8,80.8,86.5,78.1,71.4,79.4,73.7,91.5,65.2,80.7,62.0,64.9,77.2,56.0,25,33,48,60,5,37.12
8296,Europe,3718,Spain,2014,78.1,98.6,62.4,93.8,96.0,83.0,86.3,78.3,72.8,82.8,74.1,92.1,65.1,80.5,60.9,65.4,79.2,55.8,20,18,65,63,10,37.13
8297,Europe,3719,Spain,2015,77.9,98.7,62.4,94.0,94.6,84.0,86.7,77.5,73.6,84.3,73.4,92.4,65.2,80.6,54.1,66.5,80.1,56.0,35,10,46,62,10,37.13
8298,Europe,3720,Spain,2016,78.2,98.3,64.5,94.1,94.1,83.4,86.8,78.0,74.9,85.4,75.2,93.4,65.0,80.3,54.4,66.6,80.1,55.7,20,30,45,61,8,37.14
8299,Europe,3721,Spain,2017,78.1,99.0,60.8,93.8,94.4,83.4,87.2,76.9,75.9,86.7,78.3,90.9,64.7,79.7,53.8,66.7,79.2,55.7,15,45,60,48,7,37.14
8300,Europe,3722,Spain,2018,78.9,98.8,65.4,94.6,95.6,83.4,87.4,77.8,78.0,88.2,78.6,91.8,64.3,78.8,54.8,66.5,80.5,56.1,37,35,45,60,10,37.15
8301,Europe,3723,Spain,2019,79.5,98.7,64.0,94.9,95.7,86.3,87.4,78.1,78.2,89.2,81.4,91.1,64.3,79.5,59.5,66.5,79.8,56.7,30,20,55,68,10,37.16
8302,Europe,3724,Spain,2020,80.0,98.6,65.9,94.8,97.4,86.5,87.4,78.1,77.7,90.1,81.4,91.5,64.3,80.9,59.6,66.5,80.4,59.6,35,40,60,52,8,37.17
8303,Europe,3725,Spain,2021,80.5,98.7,65.4,94.6,97.4,86.7,87.4,78.1,78.9,90.2,81.4,93.1,67.9,80.2,59.6,66.5,80.3,61.6,10,35,55,58,8,
8304,Europe,3726,Spain,2022,80.4,98.7,65.4,94.2,97.4,86.9,87.4,78.1,79.4,90.2,81.4,91.9,67.9,80.2,59.5,66.4,79.2,63.0,42,30,62,60,15,
8305,Asia,3727,Sri Lanka,2000,63.9,83.2,58.1,71.9,93.0,45.1,42.3,48.4,75.2,19.8,51.8,69.2,92.4,96.8,65.9,55.8,61.6,55.3,40,30,12,18,5,34.55
8306,Asia,3728,Sri Lanka,2001,64.0,83.2,58.3,72.1,93.0,45.1,42.7,45.6,75.1,19.8,51.8,69.4,92.4,96.7,70.5,55.6,61.6,55.0,40,55,15,18,10,34.45
8307,Asia,3729,Sri Lanka,2002,64.4,83.2,57.9,72.7,93.4,45.2,43.1,51.0,74.7,19.9,51.8,69.6,92.2,96.7,71.2,55.5,61.6,54.9,35,35,15,25,20,34.35
8308,Asia,3730,Sri Lanka,2003,64.1,83.2,58.3,73.1,94.3,45.3,43.6,50.1,75.0,19.9,51.8,69.8,92.3,96.7,65.2,55.3,61.6,53.6,35,45,20,20,15,34.25
8309,Asia,3731,Sri Lanka,2004,64.0,83.2,58.8,72.3,92.3,45.6,44.0,50.8,74.9,20.1,51.8,70.0,92.3,96.6,64.7,55.1,61.6,53.6,70,65,10,35,20,34.15
8310,Asia,3732,Sri Lanka,2005,64.7,83.2,59.9,73.6,94.1,45.7,44.5,52.2,75.3,20.1,51.8,70.2,92.1,96.6,70.7,54.9,61.6,52.6,45,58,18,20,15,34.05
8311,Asia,3733,Sri Lanka,2006,65.2,83.2,60.1,74.3,96.1,49.8,44.9,54.1,75.9,20.2,53.9,70.4,92.2,96.7,67.7,54.7,60.6,53.2,40,42,15,22,10,33.95
8312,Asia,3734,Sri Lanka,2007,65.0,83.2,61.3,74.9,94.7,50.3,45.3,53.7,76.2,20.4,53.9,64.6,92.2,96.6,69.0,54.6,61.4,52.5,40,55,15,20,15,33.85
8313,Asia,3735,Sri Lanka,2008,65.2,83.2,61.5,75.0,94.4,50.4,45.8,54.4,76.6,20.2,53.9,68.1,92.2,96.7,68.4,54.9,61.2,51.0,40,60,15,18,5,33.75
8314,Asia,3736,Sri Lanka,2009,66.1,83.2,64.9,73.8,90.4,50.4,46.2,55.4,76.3,20.2,68.3,70.4,91.5,96.6,68.4,55.9,62.0,50.7,65,58,15,12,10,33.65
8315,Asia,3737,Sri Lanka,2010,66.5,83.2,65.5,75.5,94.2,50.3,46.6,56.0,76.9,20.4,68.3,70.6,91.3,96.6,68.6,56.0,61.7,48.1,40,45,15,22,18,33.55
8316,Asia,3738,Sri Lanka,2011,66.8,84.8,63.3,76.4,93.8,50.7,47.1,56.2,77.2,20.5,68.3,71.8,90.4,95.8,72.2,55.9,62.9,48.5,44,43,18,35,10,33.63
8317,Asia,3739,Sri Lanka,2012,66.2,83.6,61.0,77.0,92.3,50.9,47.5,54.8,77.4,25.4,57.9,70.3,91.8,96.2,72.4,56.0,62.9,47.0,38,40,18,30,15,33.71
8318,Asia,3740,Sri Lanka,2013,66.8,85.8,63.7,77.5,94.4,50.7,48.0,58.8,77.2,25.4,57.9,72.7,91.6,96.5,71.9,57.0,59.7,47.5,40,42,16,28,25,33.79
8319,Asia,3741,Sri Lanka,2014,67.3,86.5,62.7,77.8,95.4,50.6,48.4,58.0,79.4,25.4,57.9,78.6,92.2,95.9,71.0,57.0,59.8,47.4,37,50,18,35,5,33.87
8320,Asia,3742,Sri Lanka,2015,68.0,88.2,63.3,79.5,96.6,50.8,48.8,58.3,81.1,26.6,57.9,78.3,92.0,95.2,73.6,57.0,59.1,49.5,38,44,20,25,15,33.95
8321,Asia,3743,Sri Lanka,2016,68.9,88.6,66.7,79.4,96.4,52.8,49.3,58.5,81.3,31.6,54.6,83.2,89.5,95.2,73.2,57.0,61.8,51.9,46,58,18,27,20,33.9
8322,Asia,3744,Sri Lanka,2017,68.5,88.2,63.0,79.2,97.3,53.1,49.7,59.4,79.6,34.6,54.6,79.8,89.9,95.2,74.3,57.0,59.7,50.5,40,45,18,40,40,33.85
8323,Asia,3745,Sri Lanka,2018,69.7,89.4,67.2,79.2,97.4,52.3,50.2,61.8,80.6,41.9,54.6,82.9,90.1,95.8,75.0,56.7,59.1,49.9,40,46,30,25,40,33.8
8324,Asia,3746,Sri Lanka,2019,69.6,90.3,69.1,79.1,98.2,52.0,50.2,61.3,78.6,41.5,54.6,84.8,90.0,95.7,73.9,56.7,58.3,48.6,38,63,23,30,5,33.75
8325,Asia,3747,Sri Lanka,2020,70.1,88.5,69.2,79.8,98.9,52.5,50.2,61.8,78.2,48.0,54.6,84.8,90.0,95.8,74.2,56.7,59.5,48.2,50,45,17,25,5,33.7
8326,Asia,3748,Sri Lanka,2021,70.2,90.0,68.9,78.7,98.9,52.6,50.2,61.8,80.8,52.0,54.6,81.6,90.1,95.9,73.6,56.9,57.3,49.4,38,50,18,18,35,
8327,Asia,3749,Sri Lanka,2022,69.4,86.2,69.0,78.5,98.9,52.4,50.2,61.8,79.7,53.9,54.6,76.2,90.1,95.9,72.7,56.9,53.6,49.3,59,45,18,15,10,
8328,Africa,3750,Sudan,2000,43.6,49.1,16.5,32.9,30.0,17.2,23.3,31.5,44.8,4.0,71.9,40.1,97.3,99.5,50.8,50.4,46.7,35.8,5,70,10,8,5,11.69
8329,Africa,3751,Sudan,2001,43.7,49.1,16.7,33.5,30.0,18.0,23.3,33.3,44.8,3.6,71.9,40.1,97.3,99.4,49.7,50.2,46.7,35.7,80,63,5,15,10,11.6
8330,Africa,3752,Sudan,2002,43.7,49.1,16.7,34.0,30.0,18.7,23.3,31.4,44.9,3.4,71.9,40.1,97.3,99.3,49.7,50.1,46.7,36.0,82,60,5,15,10,11.51
8331,Africa,3753,Sudan,2003,44.1,49.1,17.4,35.5,30.0,19.5,23.3,32.0,44.9,3.3,71.9,40.1,97.3,99.3,52.6,49.9,46.7,36.2,82,65,7,12,15,11.41
8332,Africa,3754,Sudan,2004,44.3,49.1,18.1,36.4,30.0,20.2,23.3,30.2,45.0,3.1,71.9,40.1,97.3,99.2,55.2,49.7,46.7,36.9,83,68,12,10,20,11.32
8333,Africa,3755,Sudan,2005,44.9,49.1,18.2,37.3,30.0,23.4,24.1,32.3,45.0,3.1,71.9,41.5,97.3,99.2,58.2,49.7,46.7,36.8,78,64,10,15,12,11.23
8334,Africa,3756,Sudan,2006,45.4,49.1,19.6,38.5,30.0,25.2,24.8,34.7,45.0,3.1,71.9,41.9,97.3,99.2,58.4,49.5,46.7,37.7,82,63,8,9,20,11.13
8335,Africa,3757,Sudan,2007,45.7,49.1,20.5,40.1,30.0,25.6,25.6,34.3,45.0,4.1,71.9,42.2,97.3,99.1,58.5,49.3,46.7,38.1,83,65,15,14,20,11.04
8336,Africa,3758,Sudan,2008,45.1,49.1,20.3,40.7,24.4,25.8,26.3,32.1,45.1,4.1,71.9,42.6,97.3,99.1,54.5,49.2,46.7,38.1,78,63,8,11,20,10.94
8337,Africa,3759,Sudan,2009,45.7,49.1,20.5,42.7,24.4,26.5,27.1,37.1,46.2,4.1,71.9,43.0,97.3,99.1,52.7,49.0,46.7,39.9,78,70,12,10,10,10.85
8338,Africa,3760,Sudan,2010,46.1,49.1,19.5,46.8,24.4,30.1,27.8,42.0,45.0,4.1,71.9,44.2,97.3,99.1,51.5,48.9,46.8,35.8,75,68,10,12,5,10.76
8339,Africa,3761,Sudan,2011,45.2,33.3,20.4,47.3,24.4,30.5,28.6,45.0,43.7,6.5,71.9,40.0,97.3,99.1,49.9,48.7,46.0,35.1,80,75,8,12,25,10.66
8340,Africa,3762,Sudan,2012,44.8,31.9,21.3,49.0,22.4,31.4,29.4,46.9,43.5,8.2,71.9,40.3,97.3,99.1,40.8,48.6,44.8,34.4,80,55,12,12,10,10.57
8341,Africa,3763,Sudan,2013,45.7,33.6,22.8,49.5,22.7,32.3,30.1,48.3,43.7,9.0,71.9,41.5,97.3,99.0,48.6,48.5,43.6,34.0,75,63,8,12,18,10.48
8342,Africa,3764,Sudan,2014,46.4,38.0,23.2,49.2,22.6,35.4,30.9,49.9,44.8,8.5,75.0,36.4,97.3,99.1,50.5,48.3,44.1,35.1,80,63,8,8,10,10.38
8343,Africa,3765,Sudan,2015,46.9,40.5,21.4,50.4,23.0,39.5,31.7,49.9,44.8,8.8,75.0,33.5,97.3,98.9,53.6,48.2,44.1,35.9,75,70,5,9,15,10.29
8344,Africa,3766,Sudan,2016,48.2,43.5,22.2,50.5,23.9,40.2,32.4,51.3,44.8,10.9,75.0,35.7,97.3,99.0,63.2,50.2,44.2,34.0,82,68,13,10,15,10.2
8345,Africa,3767,Sudan,2017,48.4,43.2,21.1,51.4,25.2,40.9,32.5,52.6,44.8,12.2,75.0,35.7,97.4,98.9,63.2,50.0,44.5,33.7,75,67,8,10,25,10.11
8346,Africa,3768,Sudan,2018,48.8,38.1,22.6,51.6,31.8,41.7,32.5,53.3,44.7,13.3,75.0,35.3,97.2,99.0,63.2,49.6,44.5,36.5,72,63,12,10,5,10.02
8347,Africa,3769,Sudan,2019,48.7,36.1,22.2,52.2,31.8,42.4,32.6,54.4,44.7,14.3,75.0,34.8,97.3,99.1,61.7,49.4,44.5,34.8,75,65,15,10,5,9.93
8348,Africa,3770,Sudan,2020,48.6,34.0,21.6,52.3,31.8,42.4,32.6,55.1,43.8,15.3,75.0,34.8,97.3,99.2,61.7,49.3,45.5,35.6,73,78,10,12,20,9.84
8349,Africa,3771,Sudan,2021,48.6,33.1,21.8,51.9,31.8,42.5,32.6,55.1,43.9,15.4,75.0,34.8,97.3,99.1,61.7,49.4,44.9,36.3,77,68,12,10,30,
8350,Africa,3772,Sudan,2022,48.6,32.5,21.9,51.9,31.8,42.6,32.6,55.1,44.2,15.4,75.0,34.8,97.3,99.1,61.7,49.2,43.8,36.3,73,75,12,9,10,
8351,South America,3773,Suriname,2000,62.2,0.0,54.8,58.2,61.6,57.2,64.4,67.7,51.6,11.9,0.0,82.5,82.2,88.5,59.0,78.5,60.3,54.7,10,45,15,20,7,98.34
8352,South America,3774,Suriname,2001,62.4,0.0,56.0,60.8,61.6,57.2,64.6,67.7,52.4,12.2,0.0,82.6,82.2,87.8,58.1,78.5,59.9,54.7,25,60,15,20,8,98.31
8353,South America,3775,Suriname,2002,63.1,0.0,55.6,62.0,61.6,57.2,64.9,73.0,53.2,12.4,0.0,82.4,82.2,92.1,59.0,78.5,61.0,51.7,20,40,10,10,10,98.29
8354,South America,3776,Suriname,2003,63.1,0.0,55.8,61.8,61.6,57.2,65.2,72.1,54.0,12.4,0.0,82.4,82.2,92.3,58.3,78.5,60.9,52.1,10,50,25,25,8,98.26
8355,South America,3777,Suriname,2004,63.3,0.0,54.9,61.9,61.6,58.2,65.5,71.5,54.8,12.8,0.0,82.2,82.2,92.3,58.8,78.4,61.6,51.9,10,33,15,20,5,98.23
8356,South America,3778,Suriname,2005,63.7,0.0,56.4,65.4,61.6,61.6,65.8,70.2,54.9,13.0,0.0,82.4,82.2,92.3,58.2,78.4,60.5,52.7,18,40,10,20,10,98.21
8357,South America,3779,Suriname,2006,64.2,0.0,58.9,65.8,62.7,62.0,66.2,70.6,55.1,13.4,0.0,82.2,82.2,91.6,60.5,78.4,60.9,53.0,20,60,15,25,10,98.18
8358,South America,3780,Suriname,2007,64.7,0.0,59.9,66.3,61.7,62.4,66.6,73.0,55.2,14.7,0.0,82.3,82.2,91.6,59.9,78.4,61.7,54.9,30,40,22,20,7,98.15
8359,South America,3781,Suriname,2008,65.7,0.0,57.9,67.2,66.1,62.8,66.9,73.5,55.4,16.1,0.0,82.1,82.2,90.9,71.2,78.4,61.8,52.9,25,60,17,20,10,98.13
8360,South America,3782,Suriname,2009,66.2,0.0,60.2,67.1,67.9,63.1,67.3,73.7,55.5,18.0,0.0,82.2,82.2,90.7,69.5,78.4,61.8,55.1,30,40,20,20,5,98.1
8361,South America,3783,Suriname,2010,65.4,0.0,59.2,69.6,67.2,55.4,67.6,70.4,57.1,18.1,0.0,82.1,82.2,89.1,70.7,78.3,61.8,51.8,25,44,22,20,10,98.08
8362,South America,3784,Suriname,2011,65.6,0.0,59.1,68.5,65.0,56.7,68.0,72.1,56.7,18.1,0.0,81.8,82.2,88.9,71.6,78.3,61.8,54.5,40,60,20,30,7,98.01
8363,South America,3785,Suriname,2012,66.2,0.0,60.5,69.5,67.2,57.1,68.4,68.9,56.1,21.7,0.0,82.3,82.2,90.2,72.0,78.3,61.8,56.2,25,65,25,24,10,97.95
8364,South America,3786,Suriname,2013,66.9,0.0,62.0,71.3,70.2,60.6,68.7,69.6,57.6,22.1,0.0,82.4,82.2,87.3,72.0,78.3,62.4,56.2,35,55,15,20,12,97.89
8365,South America,3787,Suriname,2014,67.9,0.0,62.8,70.2,72.1,61.1,69.1,67.5,57.3,33.6,0.0,82.9,82.2,87.3,76.0,78.3,62.3,56.2,25,65,20,20,8,97.83
8366,South America,3788,Suriname,2015,68.9,0.0,61.8,72.3,75.4,68.7,69.5,67.5,57.0,33.7,0.0,83.1,82.2,89.5,76.2,78.3,62.2,56.2,30,55,28,22,10,97.77
8367,South America,3789,Suriname,2016,68.9,0.0,61.1,72.3,74.2,68.9,69.9,69.3,56.3,31.1,0.0,83.2,82.1,89.8,77.0,78.3,63.3,57.3,10,55,25,30,5,97.7
8368,South America,3790,Suriname,2017,69.0,0.0,62.7,71.0,70.1,69.0,70.2,70.7,55.3,31.4,0.0,83.3,81.9,91.0,77.8,78.3,64.3,57.9,35,40,18,30,10,97.63
8369,South America,3791,Suriname,2018,69.3,0.0,63.8,72.9,71.4,64.5,70.6,71.1,55.7,31.8,0.0,83.3,81.8,92.1,74.8,78.0,65.0,63.1,30,55,20,30,5,97.55
8370,South America,3792,Suriname,2019,69.7,0.0,63.2,71.0,72.4,67.6,71.0,70.4,56.4,30.1,0.0,83.5,81.7,88.8,76.9,78.0,66.4,68.3,30,40,25,28,10,97.48
8371,South America,3793,Suriname,2020,69.1,0.0,62.6,68.7,73.3,66.5,71.4,70.6,53.2,32.4,0.0,83.4,81.7,89.2,76.9,78.0,63.5,64.4,25,55,12,20,8,97.41
8372,South America,3794,Suriname,2021,69.7,0.0,63.3,70.2,67.3,66.7,71.4,70.6,55.1,42.1,0.0,83.4,80.7,88.6,77.0,78.1,65.7,65.6,30,65,20,30,15,
8373,South America,3795,Suriname,2022,68.2,0.0,63.4,70.2,67.3,66.9,71.4,70.6,55.9,42.1,0.0,83.4,80.7,88.6,77.0,78.1,63.4,65.5,30,50,24,25,5,
8374,Europe,3796,Sweden,2000,84.0,98.6,66.9,90.6,97.1,88.9,94.8,91.2,87.8,87.0,99.1,89.5,52.1,62.1,74.6,77.4,88.4,82.6,10,14,80,80,8,69.14
8375,Europe,3797,Sweden,2001,84.1,98.6,66.7,91.1,97.1,88.9,94.9,90.1,88.3,87.9,99.1,89.5,53.0,61.9,72.9,77.9,88.4,82.9,10,15,80,75,10,69.12
8376,Europe,3798,Sweden,2002,84.2,98.6,67.0,91.5,97.1,90.1,94.9,89.0,88.2,90.6,99.1,89.5,53.1,61.8,70.9,78.1,88.4,83.9,7,20,80,80,7,69.1
8377,Europe,3799,Sweden,2003,84.3,98.6,66.4,91.8,96.8,90.2,94.9,88.4,87.8,91.4,99.1,89.5,53.1,61.7,72.8,78.1,88.4,83.9,10,10,85,79,10,69.08
8378,Europe,3800,Sweden,2004,84.2,98.6,67.0,92.3,95.2,90.2,94.9,89.1,87.0,91.3,99.1,89.5,52.7,61.9,72.6,78.7,88.3,83.3,7,10,85,82,10,69.06
8379,Europe,3801,Sweden,2005,84.4,98.6,66.5,92.8,94.1,90.2,94.9,91.0,86.6,91.4,99.1,89.7,52.6,62.4,74.7,78.7,88.5,83.1,10,15,83,78,7,69.03
8380,Europe,3802,Sweden,2006,84.4,98.6,64.1,93.1,93.9,91.2,94.9,91.3,86.8,92.3,99.1,89.7,53.5,62.5,73.0,79.0,88.3,82.7,10,10,85,78,10,69.01
8381,Europe,3803,Sweden,2007,84.5,98.6,66.6,92.7,94.8,91.1,94.9,92.2,87.2,90.5,99.1,88.5,53.3,62.7,74.9,79.0,87.7,82.3,20,20,85,81,8,68.99
8382,Europe,3804,Sweden,2008,84.9,98.6,65.8,93.5,96.4,91.1,94.9,92.9,87.1,92.6,98.2,87.2,53.6,63.1,78.6,79.4,87.3,82.9,10,23,85,78,8,68.97
8383,Europe,3805,Sweden,2009,85.4,98.6,66.9,93.6,97.1,90.8,95.0,94.1,86.2,93.1,99.1,88.1,55.0,63.9,78.1,79.5,87.9,84.4,11,15,85,78,8,68.95
8384,Europe,3806,Sweden,2010,84.8,98.6,64.2,95.4,96.9,90.1,95.0,93.5,85.9,94.1,98.8,86.0,54.1,62.9,74.5,79.5,89.3,83.3,12,30,85,85,8,68.92
8385,Europe,3807,Sweden,2011,84.8,98.6,65.0,95.3,96.0,89.9,95.0,93.9,86.3,96.5,98.9,87.2,53.9,61.6,68.9,79.8,89.0,86.0,11,35,85,78,10,68.88
8386,Europe,3808,Sweden,2012,85.5,98.7,66.3,95.9,96.5,89.9,95.0,95.6,86.3,97.2,98.9,89.0,54.9,64.8,69.0,79.9,89.5,86.0,18,15,82,78,8,68.83
8387,Europe,3809,Sweden,2013,85.3,98.6,65.9,95.5,98.2,90.4,95.0,95.0,86.2,97.5,97.2,88.7,55.0,64.0,67.7,79.9,88.4,86.0,10,28,85,78,7,68.79
8388,Europe,3810,Sweden,2014,85.3,98.7,67.3,95.3,98.9,90.3,95.0,95.7,86.3,96.6,96.9,87.7,55.1,65.3,66.8,79.8,87.9,86.0,10,38,85,75,10,68.74
8389,Europe,3811,Sweden,2015,85.5,98.7,68.2,96.3,99.0,90.0,95.0,97.6,86.6,96.7,95.1,88.3,55.9,68.0,63.6,79.9,88.0,86.0,10,38,86,78,10,68.69
8390,Europe,3812,Sweden,2016,85.5,98.8,66.3,96.4,99.2,90.0,95.0,96.9,86.8,96.7,93.6,89.6,55.8,67.3,67.2,80.0,87.4,86.0,15,30,82,78,8,68.69
8391,Europe,3813,Sweden,2017,85.5,99.0,67.8,96.2,99.7,89.5,95.1,97.4,85.4,97.6,94.4,89.6,55.8,68.5,64.3,80.1,86.9,86.3,10,38,85,78,7,68.69
8392,Europe,3814,Sweden,2018,85.3,98.6,60.3,96.4,99.8,91.0,95.1,97.3,85.0,96.9,94.3,90.0,56.0,68.8,66.3,80.1,88.4,86.3,35,35,86,75,8,68.69
8393,Europe,3815,Sweden,2019,86.0,98.9,65.3,96.9,99.9,91.5,95.1,98.0,85.1,98.0,94.7,89.2,56.0,69.1,69.2,80.2,88.5,86.2,15,40,85,80,10,68.69
8394,Europe,3816,Sweden,2020,86.3,98.8,64.8,96.7,99.8,91.1,95.1,98.0,84.2,98.5,95.0,92.4,56.0,69.9,69.4,80.2,88.8,87.8,15,30,86,77,10,68.69
8395,Europe,3817,Sweden,2021,86.1,98.9,63.1,96.9,99.8,91.2,95.1,98.0,84.3,97.6,95.0,92.0,56.8,70.0,69.5,80.2,88.6,86.2,15,35,75,78,8,
8396,Europe,3818,Sweden,2022,86.0,98.9,63.1,96.9,99.8,91.4,95.1,98.0,85.0,97.6,95.0,90.4,56.8,70.0,69.3,80.2,88.5,85.8,30,25,85,78,8,
8397,Europe,3819,Switzerland,2000,76.7,99.4,72.4,90.6,98.4,67.8,90.5,79.7,82.3,75.8,84.5,97.0,43.0,56.5,0.0,62.1,81.0,46.4,10,45,80,78,8,30.27
8398,Europe,3820,Switzerland,2001,77.1,99.4,70.9,91.0,98.3,68.1,90.5,79.9,82.4,77.0,84.5,97.0,44.0,56.2,0.0,65.5,81.0,47.1,10,25,75,75,8,30.37
8399,Europe,3821,Switzerland,2002,77.4,99.4,71.7,91.3,98.3,68.4,90.5,79.6,82.3,77.9,86.9,97.0,44.2,56.7,0.0,65.5,81.0,48.1,10,45,80,80,10,30.46
8400,Europe,3822,Switzerland,2003,77.4,99.4,68.6,91.2,98.3,69.7,90.5,79.5,81.5,78.5,86.9,97.0,44.9,56.5,0.0,65.6,81.0,48.6,15,45,82,82,8,30.56
8401,Europe,3823,Switzerland,2004,77.8,99.4,72.3,91.5,98.2,70.1,90.5,79.5,81.2,80.2,86.9,97.0,46.5,56.4,0.0,65.6,81.2,48.4,10,55,78,85,7,30.66
8402,Europe,3824,Switzerland,2005,77.9,99.4,71.1,93.0,98.4,70.4,90.5,79.4,81.5,80.5,86.9,97.0,47.2,56.4,0.0,65.6,81.7,48.0,10,35,80,75,8,30.76
8403,Europe,3825,Switzerland,2006,77.8,99.4,70.5,93.4,98.4,70.8,90.5,79.3,81.6,81.3,83.8,97.0,47.1,56.5,0.0,65.6,81.7,47.2,10,60,85,78,8,30.85
8404,Europe,3826,Switzerland,2007,77.9,99.4,71.1,93.4,98.4,72.9,90.5,80.4,81.8,81.5,81.7,97.0,47.5,57.0,0.0,65.7,81.8,46.7,15,25,82,80,10,30.95
8405,Europe,3827,Switzerland,2008,78.0,99.4,70.9,94.2,97.7,73.3,90.5,80.3,81.8,82.0,83.6,97.0,46.7,56.8,0.0,65.7,81.3,47.2,15,35,78,78,8,31.05
8406,Europe,3828,Switzerland,2009,78.3,99.4,71.1,94.3,96.6,73.9,90.5,80.5,81.5,82.3,86.5,96.6,46.9,57.2,0.0,65.8,81.1,47.9,15,45,82,75,10,31.15
8407,Europe,3829,Switzerland,2010,78.3,99.4,69.6,95.3,96.6,74.2,90.5,80.9,81.0,83.4,86.6,96.6,46.4,57.0,0.0,65.9,81.2,47.7,15,40,75,85,8,31.24
8408,Europe,3830,Switzerland,2011,78.7,99.6,71.5,95.6,97.0,74.1,90.5,80.9,80.8,84.3,89.7,96.6,44.8,58.0,0.0,65.9,81.6,47.9,20,45,80,78,7,31.33
8409,Europe,3831,Switzerland,2012,79.0,99.6,70.4,95.8,98.1,74.4,90.5,81.7,81.0,85.8,90.2,97.2,45.5,57.8,0.0,66.0,81.6,48.2,18,23,80,80,8,31.42
8410,Europe,3832,Switzerland,2013,79.1,99.6,68.7,96.1,97.8,78.1,90.5,81.5,80.8,89.7,87.0,97.3,45.5,57.7,0.0,66.0,81.6,48.2,15,35,80,82,8,31.5
8411,Europe,3833,Switzerland,2014,79.8,99.6,71.3,96.1,97.9,78.5,90.5,82.1,80.8,92.9,86.7,98.3,46.5,58.6,0.0,66.0,82.8,48.2,15,45,80,79,6,31.59
8412,Europe,3834,Switzerland,2015,80.1,99.6,69.6,96.5,98.4,79.4,90.5,82.8,80.9,95.6,87.3,97.9,46.8,58.8,0.0,66.0,83.5,48.4,18,45,83,80,7,31.68
8413,Europe,3835,Switzerland,2016,79.8,99.5,66.4,96.3,99.2,79.4,90.5,82.8,80.8,95.9,85.4,98.6,45.9,58.8,0.0,66.0,83.2,48.4,15,55,83,82,7,31.76
8414,Europe,3836,Switzerland,2017,80.3,99.5,70.5,96.7,98.1,79.7,90.5,83.1,81.0,95.8,86.4,98.9,46.6,59.1,0.0,66.0,83.5,48.9,15,40,80,77,8,31.85
8415,Europe,3837,Switzerland,2018,80.3,99.5,69.4,96.8,97.9,80.1,90.5,83.0,81.1,96.2,83.4,99.0,48.2,60.4,0.0,66.4,83.9,49.1,10,25,85,75,10,31.94
8416,Europe,3838,Switzerland,2019,80.7,99.5,69.9,97.2,98.0,85.2,90.5,83.4,81.3,96.9,82.4,99.1,48.2,60.5,0.0,66.4,83.8,49.2,8,65,78,80,7,32.03
8417,Europe,3839,Switzerland,2020,80.9,99.4,70.6,97.1,98.5,85.1,90.5,83.4,81.0,97.0,82.4,99.1,48.2,61.1,0.0,66.4,82.9,52.1,12,35,80,85,8,32.11
8418,Europe,3840,Switzerland,2021,81.5,99.4,67.9,96.7,98.5,85.8,90.5,83.4,81.0,97.2,82.4,99.1,58.2,61.0,0.0,66.3,83.4,52.9,12,40,83,80,10,
8419,Europe,3841,Switzerland,2022,80.5,99.5,67.9,96.0,98.5,85.9,90.5,83.4,81.6,97.2,82.4,99.1,58.2,61.0,0.0,66.3,81.0,54.4,15,40,83,85,10,
8420,Asia,3842,Syrian Arab Republic,2000,58.7,0.0,45.3,63.2,60.8,33.0,62.2,63.6,70.0,15.8,63.0,73.2,89.1,89.1,48.3,56.4,60.8,45.2,75,38,5,15,10,2.35
8421,Asia,3843,Syrian Arab Republic,2001,58.7,0.0,43.5,63.6,61.4,32.8,62.3,64.6,68.0,15.8,63.0,72.9,89.1,89.7,47.1,56.4,60.8,47.8,85,30,5,9,5,2.39
8422,Asia,3844,Syrian Arab Republic,2002,59.2,0.0,44.0,64.6,61.9,32.5,62.4,64.8,68.7,15.8,63.0,72.4,89.1,91.3,50.0,56.3,60.8,50.0,86,35,5,12,15,2.42
8423,Asia,3845,Syrian Arab Republic,2003,59.3,0.0,43.0,64.2,63.3,32.8,62.5,64.6,69.4,16.0,63.0,71.8,89.2,89.2,50.0,56.3,60.7,53.2,78,30,7,20,7,2.45
8424,Asia,3846,Syrian Arab Republic,2004,59.3,0.0,41.7,64.2,63.7,32.4,62.6,65.7,70.0,16.2,63.0,71.3,88.9,89.9,50.7,56.3,62.1,50.0,75,35,10,10,5,2.48
8425,Asia,3847,Syrian Arab Republic,2005,59.6,0.0,40.8,65.4,65.0,32.0,62.6,66.2,70.7,16.4,63.0,71.6,88.6,90.1,52.0,56.4,62.1,49.9,80,45,8,14,15,2.52
8426,Asia,3848,Syrian Arab Republic,2006,59.4,0.0,39.9,65.8,64.9,31.7,62.7,68.3,71.4,16.7,63.0,71.0,88.7,89.9,48.4,56.4,62.1,49.0,80,35,5,12,10,2.55
8427,Asia,3849,Syrian Arab Republic,2007,59.0,0.0,37.5,65.7,65.5,31.4,62.7,64.9,71.2,17.2,63.0,70.5,88.8,88.7,50.5,56.4,62.0,48.1,82,45,8,12,15,2.58
8428,Asia,3850,Syrian Arab Republic,2008,58.8,0.0,33.2,65.5,66.8,32.1,62.8,65.1,68.7,17.6,63.0,70.0,89.5,89.1,52.8,56.4,62.0,47.0,80,35,5,9,8,2.61
8429,Asia,3851,Syrian Arab Republic,2009,59.6,0.0,38.1,65.8,66.5,32.7,62.8,65.9,71.4,18.1,63.0,71.0,89.7,89.8,52.8,56.5,61.9,48.3,80,63,6,6,10,2.65
8430,Asia,3852,Syrian Arab Republic,2010,59.3,0.0,35.7,66.4,66.6,36.1,62.8,66.8,71.0,18.6,63.0,66.1,90.2,90.1,52.1,56.5,58.7,48.0,78,35,10,5,10,2.68
8431,Asia,3853,Syrian Arab Republic,2011,59.1,0.0,37.9,64.4,70.3,36.1,62.8,66.4,70.9,18.9,63.0,55.3,90.3,90.2,57.9,56.5,57.2,47.3,90,38,5,8,10,2.71
8432,Asia,3854,Syrian Arab Republic,2012,58.3,0.0,37.1,58.5,71.3,35.9,62.8,66.6,70.7,19.9,63.0,48.1,91.3,93.0,57.2,56.5,53.2,47.8,85,78,5,5,15,2.75
8433,Asia,3855,Syrian Arab Republic,2013,55.5,0.0,29.4,57.1,44.3,34.5,62.8,65.8,70.8,20.4,63.0,45.5,92.1,95.3,56.0,56.5,47.4,47.8,85,65,5,5,10,2.78
8434,Asia,3856,Syrian Arab Republic,2014,55.4,0.0,32.6,56.7,46.0,34.7,62.8,65.6,70.9,18.5,63.0,45.0,92.1,95.5,51.0,56.5,48.0,47.8,85,65,7,3,10,2.81
8435,Asia,3857,Syrian Arab Republic,2015,54.9,0.0,29.1,54.1,46.0,34.3,62.8,64.7,70.9,19.3,63.0,43.3,92.1,95.8,51.1,56.5,47.6,47.8,90,75,9,5,20,2.84
8436,Asia,3858,Syrian Arab Republic,2016,54.7,0.0,31.3,54.0,46.0,34.8,62.9,64.7,70.9,16.5,63.0,43.1,92.0,95.8,49.2,56.5,46.7,47.8,90,75,5,5,15,2.84
8437,Asia,3859,Syrian Arab Republic,2017,54.9,0.0,30.5,58.4,46.0,34.8,62.9,65.1,70.9,16.5,63.0,42.0,92.0,95.4,49.2,56.5,46.9,47.8,90,75,5,9,40,2.84
8438,Asia,3860,Syrian Arab Republic,2018,54.9,0.0,30.2,58.2,46.0,34.9,62.9,61.4,70.9,23.0,63.0,41.1,92.0,95.6,48.7,56.3,46.7,48.2,82,78,7,5,15,2.84
8439,Asia,3861,Syrian Arab Republic,2019,55.5,0.0,33.9,62.0,46.0,34.9,62.9,61.9,70.9,22.2,63.0,40.3,91.9,96.1,50.0,56.3,46.7,48.4,88,65,9,5,20,2.84
8440,Asia,3862,Syrian Arab Republic,2020,56.3,0.0,33.2,61.4,62.9,33.8,62.9,61.8,69.6,23.2,63.0,39.7,91.9,96.4,50.0,56.3,46.9,48.0,85,65,9,5,5,2.84
8441,Asia,3863,Syrian Arab Republic,2021,56.4,0.0,30.9,61.3,62.5,34.0,62.9,61.8,69.8,23.9,63.0,39.7,91.9,96.4,49.9,56.5,46.7,50.6,84,73,8,9,20,
8442,Asia,3864,Syrian Arab Republic,2022,58.2,0.0,31.1,61.3,61.8,34.1,62.9,61.8,70.2,23.9,63.0,39.7,91.9,96.4,49.9,56.5,46.7,50.9,85,45,6,10,20,
8443,Asia,3865,Taiwan,2000,59.8,99.5,67.4,76.2,86.4,39.3,57.6,62.6,62.0,35.8,84.3,82.0,45.0,9.8,64.9,45.9,69.3,29.1,25,25,55,50,15,
8444,Asia,3866,Taiwan,2001,60.1,99.5,67.1,76.4,85.5,39.6,57.6,64.6,61.7,36.3,84.3,82.0,44.5,9.8,66.0,48.0,69.3,29.1,20,30,60,55,5,
8445,Asia,3867,Taiwan,2002,60.0,99.5,65.5,74.9,84.7,39.8,57.6,67.1,61.7,36.7,84.3,82.0,44.6,9.8,65.6,47.8,69.3,29.1,15,33,45,57,10,
8446,Asia,3868,Taiwan,2003,59.8,99.5,63.9,74.5,85.1,40.0,57.6,65.5,61.5,37.5,84.3,82.0,44.5,9.8,65.5,47.6,69.3,29.1,25,30,70,48,10,
8447,Asia,3869,Taiwan,2004,60.0,99.5,64.6,75.6,86.7,40.2,57.6,65.6,61.1,37.5,84.3,82.0,44.8,9.8,65.3,47.3,69.3,29.1,20,40,65,45,15,
8448,Asia,3870,Taiwan,2005,60.8,99.5,63.7,79.0,86.1,40.4,57.6,66.8,61.2,39.4,84.3,82.2,44.8,9.8,68.2,51.9,69.3,29.1,20,30,70,60,8,
8449,Asia,3871,Taiwan,2006,61.0,99.5,63.9,79.0,85.5,42.6,57.6,67.0,60.8,41.1,84.3,82.2,45.9,9.8,68.2,51.7,69.1,29.1,18,20,75,45,15,
8450,Asia,3872,Taiwan,2007,61.5,99.5,62.1,78.9,84.0,51.7,57.6,67.7,61.1,42.1,84.3,82.2,47.4,9.8,68.0,51.4,69.1,29.1,20,40,65,55,8,
8451,Asia,3873,Taiwan,2008,61.5,99.5,61.7,79.3,84.0,51.2,57.6,67.0,61.1,42.3,84.3,82.2,48.2,9.8,67.2,51.2,69.1,29.1,25,40,70,45,10,
8452,Asia,3874,Taiwan,2009,61.0,99.5,61.2,79.6,87.0,50.2,57.6,66.9,61.4,42.7,84.3,70.8,49.7,9.8,67.3,50.9,69.1,29.1,18,33,75,50,10,
8453,Asia,3875,Taiwan,2010,62.2,99.5,61.7,80.3,87.1,49.2,57.7,67.8,61.9,43.6,84.3,86.3,50.5,9.8,68.0,50.7,69.1,29.1,25,32,65,60,6,
8454,Asia,3876,Taiwan,2011,62.1,99.5,62.1,80.6,86.6,45.7,57.7,67.5,62.0,46.3,84.3,86.6,50.5,9.8,68.3,50.5,69.2,29.1,18,30,80,60,5,
8455,Asia,3877,Taiwan,2012,62.3,99.4,62.2,81.3,81.6,44.9,57.7,66.0,62.1,51.7,84.3,86.1,51.9,9.8,69.0,52.6,70.8,28.3,18,33,65,58,10,
8456,Asia,3878,Taiwan,2013,62.9,99.4,61.8,80.7,81.2,48.5,57.8,66.1,62.2,59.4,84.3,84.2,52.1,11.1,69.1,52.5,69.7,28.7,30,36,65,58,7,
8457,Asia,3879,Taiwan,2014,63.8,99.6,64.6,80.9,85.6,48.2,57.8,66.9,66.5,60.4,84.3,84.4,50.8,9.8,68.2,54.7,72.2,28.8,30,38,45,40,8,
8458,Asia,3880,Taiwan,2015,64.4,99.5,64.5,81.5,91.9,50.5,57.8,66.8,67.5,63.0,84.3,82.0,50.9,9.8,69.2,54.4,72.4,29.1,25,35,80,60,10,
8459,Asia,3881,Taiwan,2016,64.8,99.6,64.0,83.7,91.7,50.3,57.9,67.3,67.6,64.6,84.3,85.2,49.8,9.8,70.8,54.2,71.8,29.0,25,40,75,60,10,
8460,Asia,3882,Taiwan,2017,66.0,99.6,64.5,85.0,91.2,57.6,57.9,68.9,66.1,74.0,84.3,83.3,49.6,9.8,71.4,56.0,70.9,31.0,25,35,70,57,15,
8461,Asia,3883,Taiwan,2018,67.4,99.7,64.6,85.1,91.2,58.5,57.9,69.1,66.2,78.4,100.0,82.5,49.5,9.8,72.1,56.6,73.1,30.8,25,38,70,62,15,
8462,Asia,3884,Taiwan,2019,69.5,99.7,64.7,86.5,98.2,74.6,57.9,69.2,66.0,81.9,100.0,84.5,49.3,9.8,72.8,56.4,74.3,35.0,18,38,80,63,15,
8463,Asia,3885,Taiwan,2020,69.6,99.6,64.8,85.0,97.1,76.6,58.0,69.2,64.1,85.0,100.0,84.0,49.3,9.8,72.7,56.2,73.7,38.6,20,38,75,70,7,
8464,Asia,3886,Taiwan,2021,69.9,99.6,64.8,86.2,98.7,73.5,58.0,69.2,63.5,87.5,100.0,85.4,51.9,9.8,72.7,55.9,73.5,38.8,20,38,78,65,8,
8465,Asia,3887,Taiwan,2022,69.7,99.7,64.8,86.2,98.2,74.3,58.0,69.2,63.7,88.3,100.0,85.4,51.9,9.8,72.7,55.5,70.4,37.1,18,37,78,60,5,
8466,Asia,3888,Tajikistan,2000,60.0,47.4,47.0,49.9,68.3,48.3,47.0,82.7,66.0,9.4,81.2,53.0,95.1,98.0,0.0,60.1,67.1,39.3,30,25,10,15,10,2.95
8467,Asia,3889,Tajikistan,2001,59.5,47.4,41.0,51.7,63.5,47.1,47.7,83.6,66.2,9.4,81.2,53.0,95.1,98.0,0.0,60.1,67.5,39.9,40,30,8,25,15,2.95
8468,Asia,3890,Tajikistan,2002,60.7,47.4,54.0,53.0,63.1,47.1,48.5,85.0,66.4,9.3,81.2,54.3,95.0,98.1,0.0,60.1,67.9,40.4,43,26,11,25,10,2.95
8469,Asia,3891,Tajikistan,2003,61.3,47.4,53.4,53.6,69.6,47.1,49.3,86.2,66.7,9.3,81.2,54.3,94.9,98.0,0.0,60.1,68.0,41.4,30,30,15,30,10,2.95
8470,Asia,3892,Tajikistan,2004,61.4,47.4,55.2,53.6,69.3,47.1,50.1,86.8,66.9,9.3,77.8,55.6,94.8,97.9,0.0,60.0,68.2,42.4,28,20,15,20,7,2.95
8471,Asia,3893,Tajikistan,2005,61.7,47.4,52.5,54.6,69.6,49.5,50.9,88.0,67.3,9.4,77.8,56.3,94.6,98.0,0.0,60.0,68.1,43.8,40,22,15,22,15,2.95
8472,Asia,3894,Tajikistan,2006,62.0,47.4,53.1,54.4,70.8,49.5,51.7,88.7,67.5,9.7,77.8,57.5,94.5,97.9,0.0,60.0,67.9,43.5,38,35,14,28,10,2.95
8473,Asia,3895,Tajikistan,2007,63.0,47.4,56.1,56.0,70.8,49.5,52.3,88.7,67.7,10.0,83.1,58.3,94.4,97.8,0.0,60.1,71.2,43.8,40,25,15,15,15,2.95
8474,Asia,3896,Tajikistan,2008,63.5,47.4,54.9,57.1,70.3,49.5,53.0,89.9,68.0,10.3,83.1,65.7,94.1,97.9,0.0,60.1,71.1,44.3,40,29,15,22,10,2.95
8475,Asia,3897,Tajikistan,2009,64.6,47.4,62.2,57.3,69.5,49.5,53.6,90.9,68.3,10.5,87.8,68.6,94.1,98.0,0.0,60.1,70.9,44.9,30,23,15,25,10,2.95
8476,Asia,3898,Tajikistan,2010,65.0,47.4,62.6,59.0,72.4,50.3,54.3,91.3,68.7,10.8,87.8,65.5,94.1,98.0,0.0,60.1,73.6,44.9,20,25,10,20,15,2.95
8477,Asia,3899,Tajikistan,2011,65.3,50.9,61.7,59.5,73.3,50.2,54.9,91.9,69.1,11.1,87.8,63.2,93.9,97.5,0.0,60.1,74.3,45.0,37,30,15,25,15,2.97
8478,Asia,3900,Tajikistan,2012,65.4,54.1,56.5,59.9,70.4,50.2,55.6,92.3,69.5,11.5,87.8,66.7,93.7,97.5,0.0,60.1,74.5,45.7,30,20,15,20,15,2.99
8479,Asia,3901,Tajikistan,2013,65.7,57.1,57.8,61.6,70.4,51.4,56.3,92.6,70.0,11.8,87.8,63.1,93.5,97.5,0.0,61.0,72.5,46.1,30,18,15,28,10,3.01
8480,Asia,3902,Tajikistan,2014,66.4,59.4,58.1,62.3,72.1,50.8,56.9,88.3,71.1,14.6,87.8,69.0,93.4,97.2,0.0,61.0,74.2,46.4,38,20,10,25,15,3.02
8481,Asia,3903,Tajikistan,2015,66.3,61.0,56.8,64.2,73.2,52.4,57.6,89.2,71.5,15.2,76.4,68.8,93.6,97.7,0.0,61.0,74.7,48.0,40,30,10,30,20,3.04
8482,Asia,3904,Tajikistan,2016,67.0,64.4,65.1,64.3,73.8,52.9,60.7,86.3,72.0,14.8,76.4,71.3,93.8,97.7,0.0,61.0,67.8,49.2,55,28,12,35,35,3.04
8483,Asia,3905,Tajikistan,2017,68.5,67.8,65.1,65.8,73.5,53.2,62.3,86.8,78.4,15.7,76.4,78.0,93.9,97.5,0.0,61.0,69.9,50.9,40,30,15,33,20,3.04
8484,Asia,3906,Tajikistan,2018,68.7,71.4,63.6,66.2,73.5,53.5,60.2,86.4,78.3,15.9,76.4,79.8,93.9,97.3,0.0,61.0,70.8,50.5,37,30,15,33,20,3.05
8485,Asia,3907,Tajikistan,2019,68.9,74.7,64.6,67.5,73.5,53.8,59.5,86.4,78.3,16.2,76.4,79.0,93.9,97.2,0.0,61.0,70.0,50.8,35,25,18,33,20,3.05
8486,Asia,3908,Tajikistan,2020,69.3,76.2,64.5,67.5,73.5,56.3,59.5,86.6,78.0,16.4,76.4,79.7,93.9,97.3,0.0,61.0,69.3,51.9,58,28,14,35,15,3.05
8487,Asia,3909,Tajikistan,2021,69.3,80.0,65.1,67.4,73.5,56.5,59.5,86.6,76.5,16.3,76.4,78.5,93.7,97.2,0.0,61.0,69.8,51.4,55,28,12,25,30,
8488,Asia,3910,Tajikistan,2022,69.2,83.0,65.3,67.2,73.5,56.5,59.5,86.6,76.1,16.3,76.4,79.7,93.7,97.2,0.0,61.0,68.0,50.8,40,30,18,30,20,
8489,Africa,3911,Tanzania,2000,49.1,21.0,54.4,18.8,17.4,54.3,40.0,28.2,61.1,13.5,64.4,43.6,95.4,99.2,71.9,59.9,47.6,43.8,20,60,15,35,5,60.59
8490,Africa,3912,Tanzania,2001,49.5,21.0,55.8,21.5,19.7,54.3,40.0,28.1,61.2,13.5,64.4,43.4,95.5,99.2,72.2,59.8,47.6,44.4,30,34,15,25,15,60.17
8491,Africa,3913,Tanzania,2002,50.3,21.0,55.7,24.8,27.8,54.4,39.9,27.9,61.1,13.5,64.4,44.5,95.4,99.2,72.1,60.2,47.6,44.8,20,33,15,20,5,59.75
8492,Africa,3914,Tanzania,2003,50.4,21.0,52.8,26.4,32.4,54.4,39.9,27.5,61.1,13.5,64.4,44.3,95.3,99.2,72.7,60.0,47.6,45.1,25,30,22,22,10,59.33
8493,Africa,3915,Tanzania,2004,51.2,21.0,55.3,27.3,34.9,54.8,40.1,26.9,61.1,13.5,64.4,45.4,95.3,99.2,74.9,60.1,47.5,48.2,30,60,15,20,7,58.91
8494,Africa,3916,Tanzania,2005,51.7,21.0,55.5,28.2,37.5,59.9,40.3,27.0,61.0,13.5,64.4,45.3,95.4,99.1,73.9,60.1,47.5,48.7,35,20,20,60,5,58.49
8495,Africa,3917,Tanzania,2006,51.9,21.0,56.9,29.1,40.7,60.3,40.6,26.3,61.0,13.6,64.4,46.3,95.4,99.1,72.1,60.6,47.5,47.9,25,38,15,23,10,58.07
8496,Africa,3918,Tanzania,2007,51.5,21.0,57.4,30.2,40.7,60.6,40.9,28.3,61.1,13.6,51.1,47.0,95.4,99.1,71.4,60.9,48.2,48.9,10,50,18,25,15,57.65
8497,Africa,3919,Tanzania,2008,51.9,21.0,57.2,31.8,41.9,61.0,41.4,27.3,61.3,13.6,51.1,50.0,95.4,99.1,72.0,60.8,47.2,49.7,30,40,15,58,10,57.23
8498,Africa,3920,Tanzania,2009,52.0,21.0,56.6,31.1,42.9,64.1,42.3,27.8,61.4,13.6,51.1,50.3,95.4,99.1,72.8,60.6,46.1,48.0,30,30,15,20,5,56.81
8499,Africa,3921,Tanzania,2010,51.9,21.0,57.2,35.4,37.6,64.5,43.2,28.4,61.1,13.9,51.1,45.7,95.4,99.1,72.7,60.5,47.6,47.5,40,45,18,20,15,56.39
8500,Africa,3922,Tanzania,2011,53.1,24.1,56.1,38.2,37.6,67.5,44.1,27.2,60.8,13.9,61.2,50.9,95.2,98.9,73.1,60.2,48.2,45.5,25,55,30,30,20,55.97
8501,Africa,3923,Tanzania,2012,54.0,22.3,56.4,41.5,49.2,67.8,45.0,26.7,61.0,16.8,61.2,47.9,95.2,99.0,73.4,60.1,47.8,46.0,30,40,17,30,15,55.55
8502,Africa,3924,Tanzania,2013,54.0,22.5,58.7,42.2,45.8,67.1,45.9,26.7,61.1,17.5,61.2,49.2,95.0,98.9,73.6,59.9,47.4,45.9,35,50,18,45,15,55.13
8503,Africa,3925,Tanzania,2014,54.6,22.6,59.8,41.1,44.9,67.2,46.8,29.2,65.1,17.4,61.2,50.1,95.0,98.9,75.2,59.6,46.8,46.7,20,35,22,33,10,54.71
8504,Africa,3926,Tanzania,2015,55.3,23.9,59.0,43.3,41.7,68.9,47.7,29.9,69.9,18.7,61.2,52.0,95.1,99.0,75.1,59.5,46.7,47.4,30,37,25,30,10,54.29
8505,Africa,3927,Tanzania,2016,56.0,23.6,58.9,41.8,43.1,69.5,48.7,32.5,69.9,22.5,61.2,56.5,95.1,99.1,75.0,59.3,46.2,48.7,30,55,18,35,5,53.76
8506,Africa,3928,Tanzania,2017,56.8,23.4,59.1,43.7,45.4,70.3,49.6,32.1,71.4,22.8,61.2,58.7,95.2,99.2,74.5,59.1,48.5,51.3,38,60,20,35,10,53.23
8507,Africa,3929,Tanzania,2018,56.5,24.7,60.4,44.4,45.3,70.7,50.6,33.0,73.1,23.0,50.4,63.4,95.2,99.1,74.1,58.5,47.4,48.0,40,60,20,36,10,52.7
8508,Africa,3930,Tanzania,2019,56.9,24.7,61.8,46.2,49.2,71.0,51.5,33.7,72.4,23.3,50.4,62.5,95.2,99.1,69.9,60.2,48.5,47.9,35,55,18,30,15,52.17
8509,Africa,3931,Tanzania,2020,56.9,24.1,61.9,47.0,47.6,70.2,51.7,34.3,71.8,25.3,50.4,63.9,95.2,99.1,69.9,60.0,46.6,48.8,37,65,30,30,30,51.64
8510,Africa,3932,Tanzania,2021,57.1,24.4,62.0,46.4,48.7,70.6,51.7,34.3,73.4,27.2,50.4,61.8,95.3,99.1,69.8,60.0,46.1,49.3,44,45,14,46,20,
8511,Africa,3933,Tanzania,2022,56.8,25.6,61.0,46.2,48.7,70.8,51.7,34.3,73.3,27.2,50.4,59.8,95.3,99.1,69.8,59.6,42.9,50.5,37,63,22,40,10,
8512,Asia,3934,Thailand,2000,66.9,95.8,58.4,65.9,91.4,64.0,72.6,55.2,75.2,24.8,39.9,78.4,81.1,86.1,65.6,63.4,60.2,58.6,15,30,18,35,8,37.19
8513,Asia,3935,Thailand,2001,67.2,95.8,59.2,66.8,91.4,66.8,72.8,57.0,75.1,25.1,39.9,78.7,81.0,85.6,64.1,63.3,60.2,58.9,40,35,25,22,12,37.4
8514,Asia,3936,Thailand,2002,67.4,95.8,59.3,67.0,91.4,67.3,73.0,58.2,75.6,25.4,43.8,79.0,80.8,85.3,62.5,63.2,60.4,57.5,35,30,20,60,10,37.61
8515,Asia,3937,Thailand,2003,67.5,95.8,59.5,67.6,91.4,67.7,73.2,59.3,75.7,25.8,43.8,79.2,80.5,85.0,61.9,63.0,59.7,59.0,40,20,20,23,10,37.82
8516,Asia,3938,Thailand,2004,67.4,95.8,59.3,67.5,91.4,67.9,73.4,59.7,75.7,26.1,40.2,79.6,80.5,84.5,62.0,62.9,60.6,59.4,30,35,20,18,15,38.03
8517,Asia,3939,Thailand,2005,67.9,95.8,60.0,70.4,91.5,68.5,73.6,60.8,75.8,26.8,40.2,79.8,80.4,84.3,62.6,62.7,60.4,60.4,25,18,30,25,10,38.24
8518,Asia,3940,Thailand,2006,68.3,95.8,60.2,70.7,91.5,67.3,73.8,63.5,75.9,27.4,44.1,80.3,80.5,84.3,63.4,62.6,60.0,60.2,40,45,30,20,7,38.45
8519,Asia,3941,Thailand,2007,69.0,95.8,61.2,71.0,91.2,69.3,73.9,62.8,75.9,27.7,53.5,81.4,80.3,84.1,61.7,62.6,60.2,59.4,40,35,17,20,20,38.66
8520,Asia,3942,Thailand,2008,68.9,95.8,61.3,71.3,90.9,69.6,74.1,64.1,75.9,27.7,51.2,78.7,80.3,84.3,62.9,62.7,60.4,60.0,38,45,20,24,15,38.87
8521,Asia,3943,Thailand,2009,69.3,95.8,60.4,71.7,91.1,70.9,74.3,65.5,75.7,28.2,54.2,81.8,80.2,83.9,62.3,62.9,60.3,59.5,35,30,35,35,15,39.08
8522,Asia,3944,Thailand,2010,69.7,95.8,60.6,75.2,90.4,71.2,74.5,65.9,76.2,28.7,54.9,83.6,79.8,83.4,62.5,62.7,59.8,60.0,40,35,20,25,15,39.29
8523,Asia,3945,Thailand,2011,70.8,97.4,61.5,76.1,90.9,72.4,74.7,66.3,76.1,29.5,63.0,84.0,79.7,82.4,62.4,62.6,62.1,63.2,35,40,23,30,10,39.29
8524,Asia,3946,Thailand,2012,69.9,97.0,60.1,75.8,90.2,70.5,74.9,67.3,76.2,31.0,55.6,82.6,79.5,80.9,62.5,62.5,62.1,60.4,47,40,27,30,15,39.28
8525,Asia,3947,Thailand,2013,70.7,97.8,59.9,76.1,91.8,69.8,75.1,67.2,76.2,37.5,62.1,81.5,79.5,80.3,62.6,62.4,59.8,62.0,35,30,25,25,20,39.28
8526,Asia,3948,Thailand,2014,71.6,97.9,60.6,78.0,91.6,64.9,75.2,68.2,77.0,44.6,65.2,81.2,79.8,81.4,63.2,62.3,64.4,61.7,40,45,15,20,10,39.27
8527,Asia,3949,Thailand,2015,72.4,98.4,60.0,77.8,91.5,65.1,75.4,68.0,77.6,46.9,68.9,85.5,80.1,81.4,63.1,62.1,66.5,62.3,42,33,25,23,15,39.27
8528,Asia,3950,Thailand,2016,72.3,98.3,60.3,77.9,91.9,65.2,75.5,70.1,77.6,48.0,65.8,83.9,80.0,82.0,63.1,62.0,65.0,61.7,30,43,30,40,10,39.19
8529,Asia,3951,Thailand,2017,72.7,98.3,60.4,78.3,96.2,64.5,75.7,70.4,75.8,55.3,67.2,83.0,79.7,81.9,63.1,61.9,64.6,60.0,38,35,28,35,15,39.12
8530,Asia,3952,Thailand,2018,73.2,98.3,60.7,78.9,96.4,64.7,75.8,71.5,77.3,58.2,67.6,86.7,79.6,81.4,64.1,58.5,64.6,59.9,40,45,25,35,10,39.05
8531,Asia,3953,Thailand,2019,73.8,98.5,58.6,79.4,97.0,70.8,75.9,72.5,76.8,59.4,73.4,86.8,79.5,81.2,63.5,58.4,63.8,59.4,40,55,25,40,20,38.97
8532,Asia,3954,Thailand,2020,73.8,98.5,58.4,79.4,97.5,70.7,76.0,72.7,75.0,63.1,73.2,82.5,79.5,81.6,63.5,58.2,63.0,61.3,46,40,22,35,20,38.9
8533,Asia,3955,Thailand,2021,74.3,98.5,58.6,79.0,96.5,70.8,76.0,72.7,77.1,67.4,73.2,82.1,80.6,81.6,64.2,60.5,62.3,61.6,38,45,28,35,10,
8534,Asia,3956,Thailand,2022,74.7,98.6,58.6,79.7,98.0,70.7,76.0,72.7,77.2,67.4,73.2,86.6,80.6,81.6,64.2,60.2,62.8,62.3,43,38,25,40,15,
8535,Asia,3957,Timor-Leste,2000,68.8,97.0,58.9,76.2,90.0,65.3,73.9,82.8,71.7,28.5,24.1,91.5,71.4,92.3,53.4,50.7,75.5,65.5,35,30,18,18,10,63.83
8536,Asia,3958,Timor-Leste,2001,69.0,97.0,56.8,77.2,90.0,65.4,73.9,84.7,70.4,28.6,24.1,91.5,71.5,92.5,54.8,50.7,75.5,67.6,30,50,18,25,35,63.73
8537,Asia,3959,Timor-Leste,2002,69.2,97.0,59.3,78.4,91.0,65.4,74.0,85.4,69.5,28.9,24.1,91.5,72.0,92.7,53.3,50.7,75.4,67.1,33,45,33,27,5,63.64
8538,Asia,3960,Timor-Leste,2003,69.3,97.0,60.4,78.1,91.4,65.5,74.0,85.4,69.5,29.7,24.1,91.5,71.8,92.7,53.0,50.7,75.6,67.4,30,55,15,22,5,63.54
8539,Asia,3961,Timor-Leste,2004,69.3,97.0,62.9,78.3,90.9,65.5,74.0,81.7,71.6,30.1,24.1,91.5,71.3,92.2,53.9,50.8,76.1,66.8,18,40,20,25,5,63.45
8540,Asia,3962,Timor-Leste,2005,69.6,97.0,63.5,79.4,90.2,65.1,74.1,83.6,72.1,30.8,24.1,91.6,71.7,92.1,55.6,50.8,76.1,65.5,28,40,20,25,10,63.36
8541,Asia,3963,Timor-Leste,2006,69.6,97.0,64.0,79.1,89.5,65.1,74.3,80.6,72.8,32.7,24.1,91.6,71.5,91.7,57.2,50.8,75.6,66.2,37,45,18,15,20,63.26
8542,Asia,3964,Timor-Leste,2007,70.0,97.0,64.6,79.0,88.0,65.7,74.4,86.0,73.6,33.7,23.4,92.1,71.6,92.0,55.4,50.8,76.2,66.1,20,45,18,22,5,63.17
8543,Asia,3965,Timor-Leste,2008,70.4,97.0,63.7,79.1,90.0,65.7,74.5,86.1,74.3,34.8,26.8,92.5,70.9,90.9,55.2,51.6,76.1,68.2,35,35,20,42,5,63.07
8544,Asia,3966,Timor-Leste,2009,70.8,97.0,63.9,80.3,90.9,66.8,74.7,86.8,74.5,35.5,24.6,94.1,71.7,91.0,55.3,51.8,75.8,68.5,15,65,18,33,20,62.98
8545,Asia,3967,Timor-Leste,2010,72.3,97.0,66.0,81.1,91.4,67.4,74.8,92.7,74.8,37.5,30.2,95.0,71.4,91.9,57.8,56.0,75.6,68.6,30,30,25,30,10,62.89
8546,Asia,3968,Timor-Leste,2011,72.9,97.8,65.6,81.9,90.9,65.9,74.9,90.4,75.2,39.9,42.5,91.9,70.9,90.4,55.9,56.1,76.7,72.2,30,38,20,28,15,62.79
8547,Asia,3969,Timor-Leste,2012,73.8,97.8,66.1,82.0,91.6,65.9,75.0,89.3,75.2,43.8,53.6,89.0,72.0,91.8,57.8,56.0,75.4,72.8,18,33,22,35,10,62.7
8548,Asia,3970,Timor-Leste,2013,74.0,98.0,64.1,81.3,91.6,67.8,75.1,92.1,75.2,46.3,50.3,87.0,71.8,92.4,60.0,56.0,75.6,73.7,22,20,25,35,10,62.6
8549,Asia,3971,Timor-Leste,2014,75.1,98.2,66.7,82.3,90.0,68.9,75.2,95.2,78.5,45.5,52.2,89.7,71.8,93.0,62.3,56.9,76.7,74.1,20,35,30,38,5,62.51
8550,Asia,3972,Timor-Leste,2015,75.8,97.7,67.0,83.3,91.7,70.6,75.4,96.8,78.1,50.4,52.2,88.2,72.2,94.1,64.5,57.8,74.0,74.4,30,33,28,35,10,62.41
8551,Asia,3973,Timor-Leste,2016,76.3,98.4,68.3,83.3,91.8,70.9,75.5,97.5,77.9,56.6,53.8,87.1,72.0,94.5,63.1,57.8,74.4,74.8,30,45,30,35,10,62.32
8552,Asia,3974,Timor-Leste,2017,76.6,98.5,66.8,84.1,90.8,73.2,75.6,98.0,82.1,56.3,55.2,89.1,71.6,94.1,58.9,57.7,73.9,76.4,30,30,32,35,10,62.23
8553,Asia,3975,Timor-Leste,2018,76.2,98.6,64.5,83.7,91.4,73.4,75.7,97.3,81.7,56.3,54.0,90.4,70.6,92.5,57.7,56.3,75.0,76.9,25,38,30,35,20,62.13
8554,Asia,3976,Timor-Leste,2019,77.3,98.5,67.1,85.1,95.9,73.1,75.7,97.5,81.4,57.3,53.7,92.5,70.5,92.6,59.6,58.0,79.3,76.3,25,33,22,45,30,62.04
8555,Asia,3977,Timor-Leste,2020,77.2,98.2,66.5,84.4,90.7,74.5,75.8,97.5,81.2,58.1,51.8,92.5,70.5,92.7,59.9,58.0,81.1,78.3,30,38,33,40,20,61.94
8556,Asia,3978,Timor-Leste,2021,77.9,98.3,67.5,84.4,90.7,76.2,75.8,97.5,83.5,59.9,51.8,93.3,70.8,92.5,60.0,59.1,80.8,82.2,20,43,30,38,10,
8557,Asia,3979,Timor-Leste,2022,77.7,98.5,67.6,84.7,90.7,76.4,75.8,97.5,84.2,59.9,51.8,92.5,70.8,92.5,60.0,59.1,78.1,81.5,25,38,35,40,10,
8558,Africa,3980,Togo,2000,48.5,15.1,55.4,24.9,56.5,26.0,41.2,6.0,67.0,10.5,43.0,43.6,96.4,98.8,68.0,82.8,45.0,43.9,25,40,8,12,5,23.32
8559,Africa,3981,Togo,2001,48.7,15.1,56.4,23.4,59.3,26.0,41.6,6.9,66.9,10.5,43.0,43.1,96.5,98.8,69.5,82.8,45.0,43.7,30,35,10,15,7,23.27
8560,Africa,3982,Togo,2002,49.0,15.1,56.8,25.0,60.8,26.0,42.1,8.4,66.9,10.5,43.0,43.6,96.5,98.8,69.0,82.8,45.0,43.3,30,35,15,15,8,23.21
8561,Africa,3983,Togo,2003,49.4,15.1,56.9,30.2,61.6,27.5,42.6,7.8,66.9,10.5,43.0,43.1,96.4,98.7,69.4,82.8,45.0,43.1,40,30,8,15,5,23.16
8562,Africa,3984,Togo,2004,49.7,15.1,57.5,30.7,63.0,27.0,43.0,9.5,66.9,10.5,43.0,43.6,96.5,98.7,69.2,82.8,45.0,42.8,20,35,12,15,7,23.1
8563,Africa,3985,Togo,2005,50.2,15.1,57.2,31.1,64.6,27.8,43.6,11.7,66.8,10.5,43.0,45.0,96.5,98.7,71.3,82.9,45.0,43.0,40,35,12,18,7,23.05
8564,Africa,3986,Togo,2006,50.9,15.1,57.4,31.3,66.1,28.6,44.1,17.6,66.9,10.5,43.0,45.5,96.6,98.8,71.7,82.9,45.0,44.7,25,55,15,20,10,23.0
8565,Africa,3987,Togo,2007,50.6,15.1,57.7,30.9,62.7,30.1,44.6,13.7,67.1,10.5,43.0,45.0,96.6,98.8,71.3,82.9,45.0,45.7,20,35,15,15,5,22.94
8566,Africa,3988,Togo,2008,50.1,15.1,58.1,30.1,63.8,30.2,45.1,10.7,67.4,10.6,43.0,41.0,96.7,98.8,71.4,82.9,43.1,44.5,20,60,11,20,8,22.89
8567,Africa,3989,Togo,2009,50.5,15.1,58.9,31.6,66.2,30.4,45.6,10.4,67.6,10.6,43.0,40.5,96.4,98.5,71.2,82.9,43.1,46.5,25,40,15,13,10,22.83
8568,Africa,3990,Togo,2010,50.6,15.1,59.5,31.4,66.2,29.2,46.1,9.8,67.9,10.7,43.0,41.1,96.5,98.5,70.7,82.9,43.1,48.9,40,40,12,20,10,22.78
8569,Africa,3991,Togo,2011,50.0,14.8,60.2,32.8,66.5,29.1,46.6,13.2,68.1,10.8,23.9,40.6,96.4,98.4,71.4,82.9,44.9,49.0,38,44,15,20,10,22.72
8570,Africa,3992,Togo,2012,50.4,15.0,59.7,34.5,66.5,29.1,47.1,13.5,68.1,14.9,23.9,41.3,96.5,98.6,69.1,82.9,44.9,50.5,50,38,20,20,10,22.67
8571,Africa,3993,Togo,2013,50.8,16.0,59.6,34.4,66.3,35.5,47.7,13.5,68.1,15.0,23.9,41.0,96.4,98.7,69.6,82.9,44.7,50.4,38,40,15,20,15,22.61
8572,Africa,3994,Togo,2014,51.4,17.0,59.6,35.7,66.2,37.4,48.2,16.2,69.3,13.1,23.9,42.2,96.4,98.8,70.4,82.9,44.6,51.9,30,38,15,18,5,22.56
8573,Africa,3995,Togo,2015,53.0,17.9,58.9,38.9,70.3,38.2,48.7,18.5,69.3,13.8,38.1,41.3,96.4,98.7,70.6,82.9,45.7,52.7,15,40,12,25,10,22.51
8574,Africa,3996,Togo,2016,53.3,21.0,58.2,39.7,69.6,38.9,49.2,18.7,68.8,17.3,38.1,48.1,96.3,98.7,71.8,82.9,43.8,45.7,35,38,18,20,5,22.45
8575,Africa,3997,Togo,2017,55.0,25.2,59.8,44.3,71.2,40.2,49.7,28.6,72.6,18.4,38.1,45.6,96.5,98.9,71.2,82.9,44.7,47.3,25,45,22,18,10,22.4
8576,Africa,3998,Togo,2018,54.7,29.0,59.8,43.4,72.8,40.8,50.3,21.7,72.6,19.7,41.6,40.6,96.3,98.9,70.8,77.6,43.7,49.7,50,40,15,18,7,22.34
8577,Africa,3999,Togo,2019,55.2,29.1,60.1,45.6,75.7,41.0,50.8,26.6,70.3,19.6,41.6,42.1,96.3,98.9,70.9,77.6,43.3,49.1,38,40,22,20,10,22.29
8578,Africa,4000,Togo,2020,55.8,28.3,60.7,45.3,78.9,42.1,50.9,27.2,70.6,22.5,41.6,42.5,96.3,98.9,70.9,77.6,43.4,50.2,30,38,15,20,5,22.23
8579,Africa,4001,Togo,2021,56.1,29.3,60.8,45.4,80.1,42.3,50.9,27.2,70.6,23.1,41.6,41.3,96.3,98.9,70.9,77.7,44.8,51.8,30,55,15,20,15,
8580,Africa,4002,Togo,2022,56.3,31.4,61.0,45.7,80.1,42.4,50.9,27.2,70.7,23.1,41.6,44.5,96.3,98.9,70.9,77.7,42.4,51.6,42,42,15,18,15,
8581,Oceania,4003,Tonga,2000,62.9,78.3,57.0,68.1,69.3,58.6,76.8,72.0,68.8,20.4,22.3,68.9,84.3,75.6,74.2,79.3,35.3,60.9,15,18,20,25,15,12.43
8582,Oceania,4004,Tonga,2001,63.1,78.3,56.4,66.5,71.5,58.8,76.7,71.0,69.4,20.6,22.3,68.9,84.0,73.9,75.5,82.3,35.5,61.3,15,20,20,30,8,12.43
8583,Oceania,4005,Tonga,2002,62.7,78.3,54.7,66.3,74.5,59.0,76.6,69.4,67.6,20.6,19.7,69.4,84.0,72.1,75.8,82.2,33.9,61.3,15,25,18,28,10,12.43
8584,Oceania,4006,Tonga,2003,63.0,78.3,55.4,67.3,74.1,59.2,76.6,68.8,67.3,21.0,21.0,69.4,84.6,72.6,77.3,82.1,33.9,61.8,15,10,20,35,15,12.43
8585,Oceania,4007,Tonga,2004,63.8,78.3,56.8,68.9,75.4,59.3,76.5,72.8,68.2,21.2,21.8,69.7,83.9,76.8,77.7,82.1,34.1,61.6,18,30,20,30,15,12.43
8586,Oceania,4008,Tonga,2005,63.9,78.3,58.6,69.9,76.0,63.4,76.5,72.5,70.7,21.9,19.0,69.6,82.7,75.8,75.5,82.3,34.1,59.7,20,15,12,30,5,12.43
8587,Oceania,4009,Tonga,2006,64.6,78.3,59.0,68.6,76.6,63.8,76.5,73.7,71.9,22.8,28.6,69.6,83.8,76.4,72.3,82.2,33.9,60.7,20,18,22,35,30,12.43
8588,Oceania,4010,Tonga,2007,64.9,78.3,58.7,65.5,79.4,64.3,76.5,74.7,72.6,23.1,28.6,73.4,83.0,77.6,71.4,82.1,34.9,59.3,15,20,20,25,40,12.43
8589,Oceania,4011,Tonga,2008,64.3,78.3,57.8,63.5,79.7,64.5,76.5,74.3,73.2,24.1,28.6,71.8,82.4,76.1,71.5,82.1,33.2,56.0,20,18,20,25,15,12.43
8590,Oceania,4012,Tonga,2009,65.5,78.3,58.1,69.6,80.7,64.0,76.5,74.2,73.2,25.2,28.6,75.6,82.1,76.3,72.8,82.0,33.0,63.3,8,25,15,30,15,12.43
8591,Oceania,4013,Tonga,2010,65.4,78.3,58.4,70.7,80.4,63.9,76.5,72.1,72.6,28.5,28.6,75.0,80.9,75.2,71.7,81.9,33.0,63.3,15,25,15,40,5,12.43
8592,Oceania,4014,Tonga,2011,65.7,79.0,58.3,69.1,81.5,64.0,76.5,73.4,72.8,30.4,28.6,75.0,81.1,76.2,70.8,81.9,33.2,64.4,18,20,25,35,15,12.43
8593,Oceania,4015,Tonga,2012,65.7,80.1,58.6,69.3,81.7,64.1,76.4,72.3,72.9,31.6,28.6,74.6,79.8,75.9,72.0,81.8,33.0,63.9,25,37,22,20,18,12.43
8594,Oceania,4016,Tonga,2013,65.4,80.1,60.2,68.6,82.6,65.6,76.4,73.5,72.3,32.5,28.6,70.2,79.2,74.1,71.3,81.7,31.7,62.4,20,30,20,35,10,12.43
8595,Oceania,4017,Tonga,2014,65.1,78.6,59.5,67.2,85.3,65.7,76.4,71.0,74.7,36.2,28.6,63.9,79.5,75.6,70.6,81.6,31.1,62.0,15,18,15,35,15,12.43
8596,Oceania,4018,Tonga,2015,63.2,76.2,56.6,67.4,87.0,65.7,76.4,74.3,72.3,36.1,28.6,60.3,76.2,59.3,74.6,81.6,30.7,51.0,15,30,30,35,15,12.43
8597,Oceania,4019,Tonga,2016,63.9,68.9,54.5,63.3,83.0,64.4,76.4,73.3,73.1,35.8,28.6,65.3,80.8,80.3,77.4,81.5,29.8,49.1,18,20,35,35,35,12.43
8598,Oceania,4020,Tonga,2017,63.4,61.0,51.6,63.2,81.2,67.9,76.3,73.8,76.1,36.0,28.6,56.6,79.6,81.3,80.1,81.5,30.6,52.8,15,15,20,55,18,12.43
8599,Oceania,4021,Tonga,2018,62.6,46.6,51.3,62.4,81.2,67.8,76.3,74.7,75.4,35.4,28.6,53.0,82.9,91.4,80.7,80.1,28.5,48.0,20,15,19,38,40,12.43
8600,Oceania,4022,Tonga,2019,61.6,28.3,51.1,63.2,81.2,67.6,76.3,75.3,75.4,34.9,28.6,54.4,82.6,92.3,80.9,80.1,27.9,46.5,18,15,30,42,40,12.43
8601,Oceania,4023,Tonga,2020,61.1,16.5,53.4,60.3,81.2,67.6,76.3,75.3,73.8,34.1,28.6,53.3,82.6,93.2,81.3,80.0,30.6,50.1,15,15,32,50,15,12.43
8602,Oceania,4024,Tonga,2021,61.5,16.2,52.4,61.4,81.2,67.8,76.3,75.3,76.1,35.1,28.6,53.3,82.6,92.9,81.3,80.8,32.6,51.0,12,18,20,25,8,
8603,Oceania,4025,Tonga,2022,62.9,19.7,52.4,62.8,81.2,68.1,76.3,75.3,76.6,34.8,28.6,71.2,82.6,92.9,81.3,80.7,32.5,52.2,18,15,20,30,10,
8604,North America,4026,Trinidad and Tobago,2000,61.2,98.4,60.3,66.7,83.7,53.9,67.1,52.7,65.4,21.0,0.0,76.9,62.9,45.4,55.8,55.2,65.0,48.0,25,58,20,40,15,46.13
8605,North America,4027,Trinidad and Tobago,2001,60.9,98.4,58.3,66.9,83.4,54.0,67.3,53.0,66.3,22.3,0.0,76.9,62.9,41.1,54.8,55.1,64.4,49.1,35,65,24,40,7,46.05
8606,North America,4028,Trinidad and Tobago,2002,61.1,98.4,57.7,67.5,81.0,58.3,67.4,51.5,66.7,23.7,0.0,76.9,62.9,40.9,54.9,55.0,64.1,50.7,38,55,30,40,5,45.97
8607,North America,4029,Trinidad and Tobago,2003,61.2,98.4,56.1,66.5,87.0,58.4,67.5,51.8,66.6,24.2,0.0,76.9,62.9,40.9,54.9,54.9,63.1,49.6,25,25,24,45,15,45.88
8608,North America,4030,Trinidad and Tobago,2004,61.2,98.4,54.9,67.9,85.9,58.5,67.6,51.6,68.3,24.7,0.0,76.9,62.9,40.9,54.1,54.9,62.5,49.5,30,55,30,40,15,45.8
8609,North America,4031,Trinidad and Tobago,2005,61.1,98.4,54.8,70.8,82.4,58.5,68.3,50.1,68.6,25.4,0.0,76.6,62.9,40.9,53.9,54.8,60.4,50.2,25,55,42,60,5,45.72
8610,North America,4032,Trinidad and Tobago,2006,61.1,98.4,54.8,70.2,82.4,58.6,68.5,50.0,69.9,25.1,0.0,76.6,62.9,40.9,53.7,54.7,60.7,49.5,30,42,60,60,5,45.63
8611,North America,4033,Trinidad and Tobago,2007,61.8,98.4,55.5,70.4,88.3,62.4,68.6,50.0,70.5,25.9,0.0,76.6,62.9,40.9,54.5,54.6,60.3,49.6,20,55,30,50,5,45.55
8612,North America,4034,Trinidad and Tobago,2008,61.8,98.4,55.6,71.2,87.8,62.5,68.7,50.0,71.2,26.0,0.0,79.8,62.9,40.9,53.4,54.6,57.2,49.3,38,45,38,38,5,45.47
8613,North America,4035,Trinidad and Tobago,2009,62.3,98.4,54.7,72.7,89.2,62.4,68.9,49.7,70.7,28.2,0.0,79.8,62.9,40.9,54.2,54.5,57.7,51.2,25,65,35,45,5,45.39
8614,North America,4036,Trinidad and Tobago,2010,62.4,98.4,54.5,74.6,85.5,63.5,69.0,50.1,71.7,28.6,0.0,80.1,62.9,40.9,54.4,54.5,58.3,50.8,30,45,45,60,18,45.3
8615,North America,4037,Trinidad and Tobago,2011,63.6,98.4,54.4,75.9,85.5,64.4,69.2,51.1,72.2,29.9,0.0,87.2,62.9,40.9,53.1,54.4,64.2,53.2,20,55,42,55,20,45.22
8616,North America,4038,Trinidad and Tobago,2012,63.6,98.4,53.7,75.4,85.5,64.4,69.4,52.3,72.0,30.6,0.0,88.0,62.9,40.9,52.8,54.3,62.8,53.8,38,45,55,60,20,45.14
8617,North America,4039,Trinidad and Tobago,2013,63.5,98.4,53.5,76.8,85.5,67.1,69.8,53.4,72.8,32.4,0.0,80.8,62.9,40.9,52.6,54.2,60.0,55.5,30,40,28,35,15,45.06
8618,North America,4040,Trinidad and Tobago,2014,63.7,98.4,54.6,77.0,85.5,67.3,70.0,52.7,72.9,34.8,0.0,81.7,62.9,40.9,51.2,54.1,59.4,56.1,15,38,30,40,10,44.97
8619,North America,4041,Trinidad and Tobago,2015,63.6,98.4,54.1,78.4,85.5,68.0,70.2,53.7,73.0,34.9,0.0,81.7,62.9,40.9,51.1,54.1,58.3,52.8,30,45,42,45,30,44.89
8620,North America,4042,Trinidad and Tobago,2016,64.0,98.3,54.5,78.6,85.5,68.6,70.4,55.8,72.4,37.7,0.0,82.0,62.5,40.9,50.6,54.0,57.0,54.8,25,45,35,40,15,44.81
8621,North America,4043,Trinidad and Tobago,2017,63.8,98.2,54.5,79.6,85.5,68.3,70.6,55.6,73.2,38.1,0.0,78.3,62.2,40.9,50.7,53.9,55.0,56.2,30,55,40,55,20,44.73
8622,North America,4044,Trinidad and Tobago,2018,64.1,98.2,54.6,80.2,85.5,68.1,70.6,56.0,74.6,37.8,0.0,78.5,62.0,40.9,50.8,53.8,56.5,58.3,30,40,37,38,10,44.65
8623,North America,4045,Trinidad and Tobago,2019,64.1,98.2,54.2,81.7,85.5,68.8,70.6,56.2,73.7,38.6,0.0,78.7,61.9,40.9,51.6,53.7,55.7,56.1,30,40,65,50,30,44.56
8624,North America,4046,Trinidad and Tobago,2020,64.4,98.0,54.1,81.5,85.5,66.6,70.6,56.2,74.6,39.6,0.0,78.7,61.9,40.9,51.5,53.6,57.7,59.2,38,55,25,45,15,44.48
8625,North America,4047,Trinidad and Tobago,2021,64.8,98.0,54.3,81.9,85.5,66.9,70.6,56.2,74.8,39.9,0.0,78.7,62.8,40.9,51.5,54.3,56.9,64.0,35,45,55,45,20,
8626,North America,4048,Trinidad and Tobago,2022,63.0,98.2,54.3,81.9,85.5,66.9,70.6,56.2,75.4,39.9,0.0,78.7,62.8,40.9,51.5,54.1,56.7,63.5,35,38,35,40,20,
8627,Africa,4049,Tunisia,2000,64.9,93.2,60.3,70.9,81.2,32.7,63.2,64.7,63.0,25.3,48.4,74.9,84.7,92.8,55.9,58.6,68.2,65.5,35,20,10,30,10,4.3
8628,Africa,4050,Tunisia,2001,65.2,93.2,61.4,71.1,82.5,33.3,62.2,65.8,63.3,25.7,48.4,75.0,84.8,92.7,56.6,58.8,68.2,65.6,30,22,10,60,10,4.31
8629,Africa,4051,Tunisia,2002,65.4,93.2,59.3,71.8,84.1,33.9,62.5,66.5,63.2,26.1,48.4,75.1,86.3,92.7,55.7,58.8,68.2,65.6,25,28,15,35,15,4.32
8630,Africa,4052,Tunisia,2003,65.7,93.2,63.1,71.6,83.9,34.4,62.8,67.0,63.3,26.9,48.4,75.2,86.6,92.7,54.5,58.8,68.2,67.0,20,28,15,40,18,4.34
8631,Africa,4053,Tunisia,2004,66.3,93.2,62.1,72.5,83.7,40.6,63.1,67.4,63.4,27.9,48.4,75.3,86.4,92.6,56.2,58.8,68.2,66.6,40,35,15,30,15,4.35
8632,Africa,4054,Tunisia,2005,67.3,93.2,62.2,73.9,83.2,41.1,63.4,67.9,64.2,28.5,62.1,75.7,86.3,92.5,56.9,58.8,68.1,65.8,30,20,20,22,12,4.36
8633,Africa,4055,Tunisia,2006,67.4,93.2,60.8,74.8,82.2,41.9,63.6,68.1,64.4,29.3,62.1,75.8,86.3,92.5,57.6,58.8,68.1,66.1,30,28,15,35,10,4.37
8634,Africa,4056,Tunisia,2007,67.9,93.2,61.7,75.0,82.7,42.6,63.9,67.6,64.4,30.3,62.1,75.9,85.6,92.4,59.7,61.9,68.0,66.7,35,28,15,30,5,4.39
8635,Africa,4057,Tunisia,2008,68.3,93.2,60.3,75.2,85.1,43.3,64.1,67.8,64.4,32.4,62.1,76.0,85.7,92.3,60.4,61.9,68.0,68.3,28,35,17,25,20,4.4
8636,Africa,4058,Tunisia,2009,69.0,93.2,62.5,75.5,89.1,46.5,63.9,68.2,63.9,34.3,62.1,76.1,86.3,92.4,60.1,61.9,68.1,68.6,30,23,15,35,10,4.41
8637,Africa,4059,Tunisia,2010,69.2,93.2,60.4,76.8,86.9,47.2,63.7,67.9,64.1,34.9,70.3,75.8,86.1,92.0,59.5,62.4,68.0,67.1,38,30,20,10,15,4.42
8638,Africa,4060,Tunisia,2011,69.1,94.5,61.7,76.4,86.9,47.6,63.4,68.4,61.1,36.9,70.3,71.8,86.3,92.3,59.9,62.4,62.4,73.2,40,45,30,10,5,4.43
8639,Africa,4061,Tunisia,2012,69.6,95.6,61.8,73.9,86.5,47.7,63.2,68.6,61.5,40.1,70.3,72.3,86.6,92.1,61.3,68.1,64.3,69.6,35,38,30,18,20,4.44
8640,Africa,4062,Tunisia,2013,69.8,96.4,60.1,74.9,85.1,49.5,63.1,68.7,62.4,43.1,70.3,70.3,86.7,92.5,61.6,69.5,61.4,71.8,30,30,40,30,20,4.45
8641,Africa,4063,Tunisia,2014,70.4,96.7,62.4,74.7,85.4,52.7,62.9,68.9,63.4,42.5,70.3,71.6,86.5,92.3,62.6,69.5,63.1,71.5,38,38,38,32,5,4.46
8642,Africa,4064,Tunisia,2015,71.0,97.7,60.3,75.7,85.0,53.7,62.8,68.8,63.0,45.1,80.8,70.6,86.5,92.4,63.3,69.5,61.7,69.7,38,45,35,33,40,4.47
8643,Africa,4065,Tunisia,2016,71.5,97.8,59.2,74.6,84.9,54.7,62.6,69.0,62.8,47.3,80.8,74.8,86.3,92.7,63.2,69.5,63.6,71.7,38,35,35,35,18,4.48
8644,Africa,4066,Tunisia,2017,71.7,97.8,59.9,74.9,86.1,55.3,64.2,69.1,64.5,49.3,80.8,71.7,86.4,92.9,63.0,69.5,63.5,70.8,32,38,45,42,40,4.49
8645,Africa,4067,Tunisia,2018,71.9,97.9,61.3,78.7,87.8,52.7,63.1,70.1,63.3,49.5,80.8,70.0,86.5,93.2,62.9,66.5,65.7,71.9,35,35,40,30,30,4.5
8646,Africa,4068,Tunisia,2019,71.9,98.0,62.6,79.2,87.8,48.9,63.5,70.2,63.9,51.1,80.8,70.9,86.5,93.3,62.7,66.5,65.1,71.5,32,40,32,35,20,4.51
8647,Africa,4069,Tunisia,2020,72.0,97.7,61.3,79.8,87.9,50.0,63.9,70.2,62.9,52.1,80.8,71.1,86.5,93.6,63.0,66.4,64.1,73.6,35,32,35,35,15,4.52
8648,Africa,4070,Tunisia,2021,72.9,97.8,61.5,79.3,93.1,50.8,63.9,70.2,62.5,54.7,80.8,69.1,86.7,93.1,63.3,71.0,65.9,76.3,35,45,30,24,35,
8649,Africa,4071,Tunisia,2022,72.5,97.9,61.5,78.9,93.1,51.0,63.9,70.2,62.5,55.9,80.8,65.4,86.7,93.1,63.3,70.9,60.6,76.7,30,33,22,20,30,
8650,Asia,4072,Türkiye,2000,66.2,95.5,66.6,68.6,73.6,27.5,72.6,72.5,71.4,41.1,49.5,69.5,82.3,87.1,61.2,54.2,62.2,69.8,20,42,20,35,15,26.18
8651,Asia,4073,Türkiye,2001,66.5,95.5,66.3,70.2,73.6,27.9,72.9,73.2,70.4,41.9,49.5,69.5,83.2,87.6,61.5,54.2,62.2,70.7,40,35,18,27,20,26.3
8652,Asia,4074,Türkiye,2002,66.6,95.5,67.1,69.5,73.6,28.4,73.3,73.0,69.3,43.2,49.5,69.9,83.0,87.5,62.2,54.2,62.2,71.3,35,40,18,18,10,26.42
8653,Asia,4075,Türkiye,2003,66.5,95.5,65.7,69.2,73.6,28.9,73.7,72.4,69.2,43.7,48.4,69.9,82.8,87.2,62.1,54.1,62.2,71.6,40,42,35,25,15,26.54
8654,Asia,4076,Türkiye,2004,66.7,95.5,66.1,71.4,73.6,29.3,73.9,72.9,69.0,44.6,49.6,70.3,82.8,87.1,60.4,54.1,61.4,71.7,38,30,17,28,15,26.67
8655,Asia,4077,Türkiye,2005,66.8,95.5,66.5,73.5,75.2,29.1,74.0,72.1,69.1,45.3,47.8,71.0,82.7,86.7,60.5,54.1,61.3,71.4,43,35,30,33,10,26.79
8656,Asia,4078,Türkiye,2006,67.0,95.5,66.1,74.1,74.9,29.2,74.1,71.5,70.2,46.0,52.0,71.4,82.5,86.3,59.8,54.1,60.4,71.3,30,38,30,20,10,26.91
8657,Asia,4079,Türkiye,2007,67.9,95.5,64.6,77.4,75.7,32.1,74.2,70.5,70.1,48.3,53.7,75.5,82.3,85.7,60.7,54.1,61.6,71.4,45,38,35,35,20,27.03
8658,Asia,4080,Türkiye,2008,68.0,95.5,65.7,77.5,76.8,34.9,74.3,70.6,69.6,49.3,52.9,73.5,82.7,85.8,58.6,54.1,62.2,71.7,42,50,35,35,10,27.15
8659,Asia,4081,Türkiye,2009,68.4,95.5,65.9,78.0,76.5,35.3,74.0,71.0,68.0,50.6,52.9,75.9,82.9,85.8,58.7,54.1,63.4,73.4,40,45,15,45,20,27.27
8660,Asia,4082,Türkiye,2010,69.3,95.5,65.8,79.9,78.7,35.5,73.9,71.9,69.1,52.3,53.1,78.8,82.6,85.9,59.2,54.1,66.8,74.3,45,40,17,35,5,27.39
8661,Asia,4083,Türkiye,2011,69.2,96.1,67.1,78.9,80.9,38.6,73.8,70.9,70.1,54.4,51.5,73.4,82.5,84.7,59.3,54.0,65.6,73.9,43,50,35,28,35,27.54
8662,Asia,4084,Türkiye,2012,69.6,96.5,65.5,79.4,81.9,38.9,73.7,71.2,70.5,59.4,52.1,76.1,82.5,86.1,54.8,54.0,66.9,74.0,38,38,25,40,15,27.68
8663,Asia,4085,Türkiye,2013,69.9,97.0,65.3,79.6,84.1,42.4,73.8,71.8,70.1,60.6,55.2,76.7,82.1,85.2,50.5,54.0,66.3,73.8,42,38,18,35,10,27.82
8664,Asia,4086,Türkiye,2014,69.5,97.3,63.8,80.7,84.2,42.6,73.9,70.3,69.3,60.7,51.3,75.2,82.2,85.3,50.3,54.0,66.1,73.4,42,30,15,35,10,27.96
8665,Asia,4087,Türkiye,2015,69.5,96.9,65.4,83.0,83.2,43.5,73.7,71.5,67.4,64.3,46.7,75.7,82.4,85.5,51.9,54.0,63.5,73.2,60,42,15,25,15,28.1
8666,Asia,4088,Türkiye,2016,69.6,97.6,64.1,83.2,82.6,44.3,72.9,71.5,67.0,67.4,48.2,75.2,82.2,85.7,54.5,54.0,59.3,74.3,60,55,30,18,15,28.26
8667,Asia,4089,Türkiye,2017,69.3,97.8,65.1,83.7,80.9,44.8,73.2,70.4,67.2,66.5,47.0,73.4,82.0,85.5,54.1,54.0,59.1,73.9,65,38,15,30,18,28.41
8668,Asia,4090,Türkiye,2018,70.1,98.0,65.4,83.7,83.8,47.0,73.0,70.7,67.7,66.1,50.3,73.7,82.3,86.9,53.4,53.9,61.0,74.8,55,50,18,35,10,28.56
8669,Asia,4091,Türkiye,2019,70.3,97.2,65.5,84.2,84.7,47.6,73.1,72.1,66.4,67.0,45.0,73.6,82.1,87.4,57.2,53.9,62.2,75.2,45,35,20,45,30,28.72
8670,Asia,4092,Türkiye,2020,70.6,97.3,65.8,84.1,89.4,46.7,73.3,72.1,68.0,69.1,45.0,72.4,82.1,87.3,58.0,53.9,61.8,73.7,61,45,20,25,30,28.87
8671,Asia,4093,Türkiye,2021,70.7,97.9,65.1,83.3,89.4,47.2,73.3,72.1,68.8,71.9,45.0,71.1,82.2,86.7,58.7,53.9,60.4,74.5,55,60,18,32,20,
8672,Asia,4094,Türkiye,2022,70.8,98.1,65.2,84.6,89.4,47.6,73.3,72.1,70.0,71.9,45.0,71.5,82.2,86.7,58.6,53.9,58.5,74.5,55,55,24,30,20,
8673,Asia,4095,Turkmenistan,2000,65.7,98.8,50.2,60.9,99.6,74.3,51.6,56.7,60.3,10.8,0.0,84.2,86.2,73.0,0.0,64.0,72.2,42.1,80,10,4,18,5,8.78
8674,Asia,4096,Turkmenistan,2001,66.0,98.8,51.0,61.1,99.6,74.3,51.8,57.7,60.8,10.8,0.0,84.1,85.2,76.1,0.0,64.0,72.3,42.1,75,8,6,20,7,8.78
8675,Asia,4097,Turkmenistan,2002,66.4,98.8,55.3,60.8,99.6,74.3,52.0,56.7,61.4,10.8,0.0,83.9,84.4,78.7,0.0,64.0,72.4,42.1,70,8,5,22,10,8.78
8676,Asia,4098,Turkmenistan,2003,65.9,98.8,56.6,60.5,99.6,74.2,52.3,54.7,61.9,10.8,0.0,83.8,83.2,73.8,0.0,64.0,72.5,42.1,65,15,6,22,5,8.78
8677,Asia,4099,Turkmenistan,2004,65.9,98.8,56.7,63.0,99.6,74.2,52.5,55.9,62.4,10.8,0.0,83.6,82.9,69.4,0.0,63.9,72.7,42.1,45,15,5,30,5,8.78
8678,Asia,4100,Turkmenistan,2005,65.8,98.8,57.2,64.6,99.6,69.1,52.8,56.5,62.9,10.8,0.0,83.8,82.4,70.2,0.0,63.9,72.6,42.1,75,5,5,28,10,8.78
8679,Asia,4101,Turkmenistan,2006,66.1,98.8,60.4,64.8,99.6,69.0,53.1,57.3,63.5,10.8,0.0,83.7,82.4,69.8,0.0,63.9,72.1,42.1,80,15,5,20,15,8.78
8680,Asia,4102,Turkmenistan,2007,65.8,98.8,55.4,64.9,99.6,69.1,53.5,57.0,64.1,10.8,0.0,83.6,82.6,70.2,0.0,63.9,72.1,42.1,55,15,5,20,5,8.78
8681,Asia,4103,Turkmenistan,2008,65.5,98.8,54.9,64.9,99.6,69.2,53.8,56.8,64.6,10.8,0.0,83.5,82.2,65.6,0.0,63.9,72.1,42.1,85,15,5,20,10,8.78
8682,Asia,4104,Turkmenistan,2009,66.2,98.8,56.6,65.1,99.6,69.7,54.1,59.9,65.2,10.8,0.0,83.4,82.8,69.2,0.0,63.9,72.1,42.1,75,18,5,35,8,8.78
8683,Asia,4105,Turkmenistan,2010,66.2,98.8,57.4,67.0,99.6,69.8,54.4,58.8,65.2,10.9,0.0,83.1,83.0,66.3,0.0,63.9,72.7,42.1,80,15,5,18,5,8.78
8684,Asia,4106,Turkmenistan,2011,65.9,98.9,56.6,66.1,99.6,69.9,54.8,58.1,65.1,11.3,0.0,82.7,82.8,63.2,0.0,63.9,72.8,42.1,75,16,6,20,20,8.78
8685,Asia,4107,Turkmenistan,2012,65.5,99.0,54.0,65.9,99.6,70.0,55.1,57.6,65.1,11.7,0.0,86.1,82.2,59.4,0.0,63.9,71.6,42.1,78,15,5,30,15,8.78
8686,Asia,4108,Turkmenistan,2013,65.6,98.9,54.9,65.7,99.6,70.0,55.4,58.3,65.0,12.0,0.0,85.0,82.0,58.0,0.0,63.9,72.0,42.6,78,10,5,30,10,8.78
8687,Asia,4109,Turkmenistan,2014,66.2,99.0,55.4,66.8,99.6,75.1,55.7,59.3,65.0,12.7,0.0,87.4,81.8,57.8,0.0,63.9,70.3,42.7,85,8,5,70,10,8.78
8688,Asia,4110,Turkmenistan,2015,66.8,99.0,57.9,68.1,99.6,77.3,56.1,60.4,65.1,13.2,0.0,87.0,81.9,59.0,0.0,63.9,71.0,42.8,80,18,5,28,15,8.78
8689,Asia,4111,Turkmenistan,2016,67.3,99.0,57.7,68.8,99.6,77.4,56.4,60.5,65.0,16.2,0.0,87.2,81.8,60.9,0.0,63.9,73.4,42.5,82,16,2,25,10,8.78
8690,Asia,4112,Turkmenistan,2017,67.1,99.0,56.6,68.4,99.6,77.5,56.7,60.7,70.9,17.0,0.0,77.4,82.0,61.6,0.0,63.9,72.3,42.9,80,18,7,30,5,8.78
8691,Asia,4113,Turkmenistan,2018,67.1,99.0,57.4,67.4,99.6,77.0,56.9,59.3,70.9,16.2,0.0,77.5,81.8,61.8,0.0,63.9,75.1,42.3,80,12,5,35,15,8.78
8692,Asia,4114,Turkmenistan,2019,67.6,98.9,58.6,69.5,99.6,78.4,57.1,57.8,70.9,16.1,0.0,82.8,81.7,61.7,0.0,63.9,74.9,42.5,70,10,5,80,20,8.78
8693,Asia,4115,Turkmenistan,2020,67.8,98.9,58.7,69.5,99.6,78.4,57.3,57.9,70.5,16.1,0.0,82.7,81.7,63.3,0.0,63.9,74.9,43.5,82,18,5,60,5,8.78
8694,Asia,4116,Turkmenistan,2021,67.6,98.9,58.5,69.4,99.6,78.4,57.3,57.9,70.5,16.1,0.0,82.7,81.7,59.3,0.0,63.9,74.9,44.1,75,10,3,35,15,
8695,Asia,4117,Turkmenistan,2022,68.5,98.9,58.6,69.4,99.6,78.4,57.3,57.9,70.1,16.1,0.0,82.7,81.7,59.3,0.0,63.8,74.9,45.3,76,15,5,80,10,
8696,Oceania,4118,Tuvalu,2000,52.0,31.3,44.4,26.7,60.1,57.1,56.1,34.3,60.4,13.8,37.0,68.6,93.6,96.9,0.0,70.6,42.7,38.0,10,12,10,35,10,33.33
8697,Oceania,4119,Tuvalu,2001,52.0,31.3,43.6,24.3,61.9,57.7,55.8,35.8,60.6,13.8,37.0,68.6,93.4,97.1,0.0,70.6,42.7,38.0,10,8,20,40,10,33.33
8698,Oceania,4120,Tuvalu,2002,52.0,31.3,40.9,24.2,60.5,57.8,55.3,37.0,60.7,13.8,37.0,68.4,93.3,97.2,0.0,74.0,42.6,38.0,10,15,18,25,10,33.33
8699,Oceania,4121,Tuvalu,2003,52.1,31.3,41.0,22.6,60.2,58.5,55.4,38.9,60.9,13.8,37.0,68.0,93.8,97.4,0.0,74.0,43.1,38.0,8,10,15,40,10,33.33
8700,Oceania,4122,Tuvalu,2004,52.5,31.3,45.8,22.1,60.2,59.1,55.5,39.9,61.1,13.7,37.0,67.8,93.8,97.5,0.0,74.0,43.3,38.0,8,8,12,60,10,33.33
8701,Oceania,4123,Tuvalu,2005,52.4,31.3,41.6,21.4,60.2,62.8,55.5,38.8,61.1,13.8,37.0,67.6,94.3,97.4,0.0,74.0,43.2,38.0,10,7,10,60,8,33.33
8702,Oceania,4124,Tuvalu,2006,52.5,31.3,42.8,20.3,60.2,63.7,55.4,38.8,61.0,13.8,37.0,67.4,94.8,97.4,0.0,74.0,44.5,38.0,8,10,18,40,10,33.33
8703,Oceania,4125,Tuvalu,2007,52.2,31.3,42.2,18.3,60.2,64.0,55.4,38.5,60.9,14.0,37.0,65.3,94.7,97.5,0.0,73.9,43.6,38.0,10,5,15,60,8,33.33
8704,Oceania,4126,Tuvalu,2008,51.9,31.3,40.2,17.9,60.2,64.2,55.1,39.7,60.8,14.0,37.0,62.7,94.9,97.8,0.0,73.9,43.2,38.0,10,10,10,25,15,33.33
8705,Oceania,4127,Tuvalu,2009,52.9,31.3,44.0,19.5,60.2,64.6,54.9,42.3,60.8,14.0,37.0,70.0,94.7,97.8,0.0,73.9,44.3,38.0,10,12,20,45,15,33.33
8706,Oceania,4128,Tuvalu,2010,53.8,31.3,43.5,24.8,60.2,65.2,54.6,40.1,60.7,15.1,37.0,71.0,94.7,97.7,0.0,73.9,44.9,45.9,12,8,12,35,8,33.33
8707,Oceania,4129,Tuvalu,2011,53.8,31.3,43.1,27.1,60.2,65.8,54.3,38.7,60.5,17.1,37.0,73.6,93.4,95.3,0.0,73.9,44.1,45.9,10,12,20,60,15,33.33
8708,Oceania,4130,Tuvalu,2012,55.8,39.8,45.9,29.5,65.4,66.3,54.1,41.4,60.6,20.2,37.0,71.3,93.6,94.9,0.0,73.8,45.7,53.0,10,15,10,25,8,33.33
8709,Oceania,4131,Tuvalu,2013,56.2,34.4,45.4,30.7,64.0,73.4,53.8,38.6,60.7,22.6,37.0,73.2,93.5,95.2,0.0,78.1,45.3,52.9,10,12,30,45,10,33.33
8710,Oceania,4132,Tuvalu,2014,56.3,31.0,46.1,33.2,63.5,74.1,53.5,36.6,59.7,23.6,37.0,74.0,93.7,95.4,0.0,78.0,46.5,54.3,10,12,18,20,10,33.33
8711,Oceania,4133,Tuvalu,2015,56.3,37.0,44.6,35.1,58.4,75.0,53.3,36.5,60.9,24.6,37.0,75.8,93.6,94.2,0.0,78.0,46.5,50.7,12,15,18,45,10,33.33
8712,Oceania,4134,Tuvalu,2016,56.1,29.1,43.7,36.9,60.8,75.8,53.0,37.6,60.6,25.4,37.0,76.1,93.5,94.8,0.0,78.0,46.2,48.6,10,10,20,55,10,33.33
8713,Oceania,4135,Tuvalu,2017,56.4,27.6,46.4,38.5,59.6,77.2,52.8,39.2,63.6,25.7,32.4,75.7,94.5,94.9,0.0,78.0,44.9,51.9,10,15,18,50,10,33.33
8714,Oceania,4136,Tuvalu,2018,55.9,26.4,46.6,39.8,57.9,76.7,51.6,40.6,63.8,23.5,32.4,79.2,94.6,94.1,0.0,76.4,45.5,45.6,10,10,20,45,10,33.33
8715,Oceania,4137,Tuvalu,2019,53.7,21.4,46.0,40.6,60.6,77.0,51.3,39.9,62.8,23.8,24.0,58.6,94.6,94.2,0.0,76.4,44.0,44.5,12,15,15,60,15,33.33
8716,Oceania,4138,Tuvalu,2020,54.3,20.1,47.2,41.5,62.0,77.0,51.1,41.6,62.9,25.4,24.0,60.0,94.6,94.3,0.0,76.4,44.6,46.0,15,10,12,60,10,33.33
8717,Oceania,4139,Tuvalu,2021,54.8,20.8,48.4,41.9,62.5,77.1,51.1,41.6,63.1,27.0,24.0,61.2,94.5,94.3,0.0,77.9,43.1,48.1,10,15,20,35,7,
8718,Oceania,4140,Tuvalu,2022,55.6,21.5,48.5,41.9,62.5,77.2,51.1,41.6,63.2,27.0,24.0,65.7,94.5,94.3,0.0,77.9,40.5,47.8,12,12,15,20,30,
8719,Africa,4141,Uganda,2000,46.5,21.7,61.7,16.6,38.6,41.0,41.4,29.6,63.5,13.0,27.6,35.2,96.5,99.4,0.0,66.1,45.4,46.0,5,55,10,20,10,15.77
8720,Africa,4142,Uganda,2001,46.8,21.7,62.2,17.7,38.6,44.9,41.5,30.0,63.5,13.0,27.6,35.1,96.4,99.4,0.0,66.0,45.4,46.1,30,60,14,18,10,15.57
8721,Africa,4143,Uganda,2002,47.0,21.7,62.2,18.7,38.8,45.2,41.5,30.1,63.5,12.9,27.6,35.8,96.4,99.4,0.0,65.9,45.4,46.3,38,33,15,22,15,15.36
8722,Africa,4144,Uganda,2003,47.2,21.7,62.1,20.1,39.0,48.0,41.5,30.5,63.4,12.5,27.6,35.6,96.4,99.4,0.0,65.8,45.4,46.3,35,35,20,30,12,15.16
8723,Africa,4145,Uganda,2004,47.8,21.7,61.3,21.6,38.9,50.4,41.6,30.7,63.9,12.6,27.6,36.3,96.4,99.4,0.0,65.6,45.6,50.3,35,40,18,30,5,14.95
8724,Africa,4146,Uganda,2005,48.4,21.7,61.3,22.8,38.9,53.2,41.6,29.0,64.4,12.4,39.1,36.6,96.6,99.4,0.0,65.5,45.6,46.3,35,55,15,35,15,14.75
8725,Africa,4147,Uganda,2006,49.0,21.7,60.2,24.6,41.0,58.3,41.6,26.8,64.2,12.8,39.1,37.3,96.5,99.4,0.0,68.2,46.0,45.6,35,55,18,30,12,14.54
8726,Africa,4148,Uganda,2007,49.6,21.7,60.0,28.6,41.5,61.6,41.7,28.7,63.9,13.4,39.1,40.0,96.5,99.4,0.0,68.0,44.7,45.4,30,65,20,18,10,14.33
8727,Africa,4149,Uganda,2008,50.0,21.7,59.6,29.4,42.0,64.3,41.7,29.8,63.7,13.1,39.1,42.3,96.1,99.4,0.0,67.8,45.7,44.6,37,65,16,20,10,14.13
8728,Africa,4150,Uganda,2009,49.3,21.7,61.8,31.0,42.4,60.2,41.8,28.0,63.4,13.0,32.2,42.2,96.1,99.4,0.0,67.7,44.2,43.9,40,60,20,18,10,13.92
8729,Africa,4151,Uganda,2010,49.2,21.7,62.1,32.7,42.8,56.4,41.9,28.2,63.4,13.5,32.2,41.2,96.1,99.4,0.0,67.5,44.4,44.4,35,60,15,22,15,13.72
8730,Africa,4152,Uganda,2011,50.0,23.8,62.3,37.2,44.2,57.9,42.4,28.3,63.5,13.7,32.2,43.0,96.0,99.3,0.0,67.4,43.0,45.1,30,60,20,35,5,13.51
8731,Africa,4153,Uganda,2012,50.6,26.5,62.6,37.7,42.0,54.4,42.9,28.6,63.5,14.5,47.9,39.8,96.2,99.4,0.0,67.3,42.4,44.3,40,50,18,28,10,13.3
8732,Africa,4154,Uganda,2013,51.1,24.4,62.7,37.9,43.7,56.7,43.5,28.4,64.4,14.9,47.9,42.7,96.3,99.4,0.0,67.1,42.7,44.5,40,50,20,22,5,13.1
8733,Africa,4155,Uganda,2014,51.5,23.1,63.8,39.1,42.8,57.1,44.0,30.4,67.9,14.9,47.9,43.4,96.2,99.4,0.0,67.0,42.9,44.5,40,63,18,28,10,12.89
8734,Africa,4156,Uganda,2015,51.5,24.5,62.5,41.7,37.3,60.2,44.6,29.2,66.5,15.6,47.9,43.7,96.3,99.4,0.0,66.8,42.1,44.9,35,60,18,30,15,12.69
8735,Africa,4157,Uganda,2016,51.8,23.0,64.5,44.6,38.9,61.5,45.1,32.6,66.3,18.4,39.4,43.4,96.3,99.4,0.0,66.7,43.3,44.9,42,63,18,30,15,12.48
8736,Africa,4158,Uganda,2017,52.9,21.7,65.3,46.0,37.6,62.7,45.7,34.1,69.2,29.0,39.4,41.4,96.3,99.4,0.0,66.6,46.1,46.5,40,60,23,32,55,12.28
8737,Africa,4159,Uganda,2018,53.3,23.1,66.3,46.9,40.2,63.9,46.3,37.4,69.2,27.5,39.4,43.0,96.3,99.4,0.0,62.3,46.0,46.1,50,55,20,30,40,12.07
8738,Africa,4160,Uganda,2019,53.6,23.8,66.9,49.2,40.2,64.9,46.8,38.0,68.2,27.7,39.7,43.9,96.3,99.4,0.0,62.1,44.9,45.3,10,63,17,20,30,11.86
8739,Africa,4161,Uganda,2020,53.5,23.4,66.6,49.3,40.2,65.5,47.4,38.2,67.9,27.6,39.7,42.1,96.3,99.4,0.0,62.0,43.8,46.8,35,65,18,40,5,11.66
8740,Africa,4162,Uganda,2021,54.6,24.3,66.5,49.0,40.8,67.8,47.4,38.2,69.3,32.2,39.7,46.2,96.3,99.4,0.0,64.4,44.2,48.2,40,60,22,35,15,
8741,Africa,4163,Uganda,2022,55.0,25.4,66.7,49.3,40.8,67.8,47.4,38.2,69.3,30.3,39.7,43.3,96.3,99.4,0.0,64.1,42.8,48.2,45,63,20,30,30,
8742,Europe,4164,Ukraine,2000,69.1,0.0,55.2,67.6,96.4,61.6,74.3,63.6,71.2,12.8,93.2,83.2,86.5,81.3,59.6,77.8,57.2,63.2,35,45,20,20,7,16.42
8743,Europe,4165,Ukraine,2001,69.4,0.0,58.6,66.8,97.3,62.1,74.6,63.9,71.5,13.5,93.2,83.0,86.5,80.3,59.3,77.8,57.0,64.4,10,30,18,20,10,16.42
8744,Europe,4166,Ukraine,2002,69.7,0.0,58.1,66.6,97.3,62.5,74.9,64.2,72.0,13.2,93.2,82.8,86.4,80.5,61.2,77.8,57.2,68.1,20,30,15,23,8,16.43
8745,Europe,4167,Ukraine,2003,69.4,0.0,56.2,66.4,92.8,61.8,75.1,63.7,72.6,13.9,94.1,82.5,86.2,79.8,60.2,77.8,57.4,69.9,25,30,10,20,10,16.44
8746,Europe,4168,Ukraine,2004,69.6,0.0,58.4,66.7,92.5,62.1,75.2,64.2,72.9,13.8,93.6,82.4,86.6,79.5,60.9,78.0,57.8,69.7,30,40,25,15,10,16.44
8747,Europe,4169,Ukraine,2005,70.0,0.0,58.1,65.9,92.6,62.1,75.3,64.7,73.7,13.8,93.2,82.2,86.6,79.2,62.0,78.0,58.1,75.0,38,30,35,35,10,16.45
8748,Europe,4170,Ukraine,2006,69.7,0.0,57.2,66.1,91.7,63.8,75.2,65.5,73.9,13.3,90.5,82.1,86.4,78.1,59.1,78.0,58.1,76.3,25,20,40,25,10,16.46
8749,Europe,4171,Ukraine,2007,69.7,0.0,55.7,65.9,91.0,63.6,75.1,65.8,74.1,13.3,98.6,79.9,86.0,77.8,58.7,78.1,58.1,74.0,25,23,35,24,10,16.46
8750,Europe,4172,Ukraine,2008,70.4,0.0,60.7,66.2,91.2,63.6,75.0,66.0,74.1,14.1,99.0,80.7,85.5,78.2,60.5,78.2,58.7,74.9,35,45,25,25,5,16.47
8751,Europe,4173,Ukraine,2009,69.9,0.0,59.6,66.0,76.2,63.5,75.0,66.6,72.8,15.3,100.0,83.7,86.3,80.8,60.5,78.2,57.9,76.7,30,33,30,23,8,16.48
8752,Europe,4174,Ukraine,2010,70.6,0.0,58.4,66.2,93.2,63.5,74.9,66.1,73.1,16.3,100.0,78.6,85.6,79.8,60.7,78.2,57.5,76.9,25,40,35,22,10,16.48
8753,Europe,4175,Ukraine,2011,71.0,0.0,62.5,66.7,94.7,63.5,75.1,66.8,73.3,17.0,100.0,78.9,85.1,78.4,61.8,78.2,59.2,75.5,25,35,15,25,8,16.52
8754,Europe,4176,Ukraine,2012,71.6,0.0,60.1,69.7,95.4,64.7,75.2,66.7,73.4,20.6,100.0,81.1,85.0,77.8,61.5,78.5,58.7,77.8,35,42,25,25,10,16.56
8755,Europe,4177,Ukraine,2013,71.7,0.0,63.2,70.0,94.6,63.6,75.5,67.4,73.6,22.0,100.0,81.1,84.6,78.6,61.0,78.9,57.4,76.0,38,45,15,14,8,16.6
8756,Europe,4178,Ukraine,2014,72.1,0.0,64.6,65.3,91.9,64.4,75.7,68.2,74.3,22.6,100.0,83.5,85.1,83.2,62.4,78.9,58.7,74.4,50,30,25,10,7,16.63
8757,Europe,4179,Ukraine,2015,72.4,0.0,64.3,66.7,91.9,64.4,76.2,68.6,75.3,23.0,100.0,79.5,85.5,85.9,64.2,78.9,58.6,76.3,50,40,30,15,7,16.67
8758,Europe,4180,Ukraine,2016,72.3,0.0,65.5,66.8,91.9,64.0,76.2,69.4,75.2,24.6,100.0,79.1,85.1,85.1,61.4,79.5,61.0,71.2,40,37,20,30,10,16.68
8759,Europe,4181,Ukraine,2017,73.4,0.0,64.2,70.5,91.9,63.9,76.0,70.1,76.7,33.4,99.6,83.0,84.8,85.3,62.2,79.5,59.8,73.1,38,38,40,22,7,16.69
8760,Europe,4182,Ukraine,2018,73.4,0.0,65.9,73.4,91.9,63.6,76.0,70.3,76.3,34.0,99.5,81.3,84.6,84.3,59.7,79.6,60.8,73.0,42,50,45,22,8,16.7
8761,Europe,4183,Ukraine,2019,74.3,0.0,66.3,75.7,91.9,67.6,76.0,70.7,76.2,41.1,98.7,78.4,84.5,84.8,61.8,79.6,61.9,73.4,42,45,60,30,8,16.72
8762,Europe,4184,Ukraine,2020,75.0,0.0,65.1,76.9,91.9,67.7,76.1,70.7,75.3,45.3,100.0,79.8,84.5,85.6,61.7,79.6,63.4,76.1,44,45,20,22,7,16.73
8763,Europe,4185,Ukraine,2021,75.7,0.0,67.6,76.6,91.9,67.7,76.1,70.7,78.4,50.4,100.0,80.2,84.5,85.8,61.4,79.6,63.8,77.3,35,38,55,20,10,
8764,Europe,4186,Ukraine,2022,76.5,0.0,67.9,75.4,91.9,67.7,76.1,70.7,78.4,49.9,100.0,80.2,84.5,85.8,61.4,79.6,62.8,76.8,50,35,15,6,10,
8765,Asia,4187,United Arab Emirates,2000,59.8,99.5,67.4,76.2,86.4,39.3,57.6,62.6,62.0,35.8,84.3,82.0,45.0,9.8,64.9,45.9,69.3,29.1,38,30,15,83,10,4.36
8766,Asia,4188,United Arab Emirates,2001,60.1,99.5,67.1,76.4,85.5,39.6,57.6,64.6,61.7,36.3,84.3,82.0,44.5,9.8,66.0,48.0,69.3,29.1,20,60,12,85,25,4.37
8767,Asia,4189,United Arab Emirates,2002,60.0,99.5,65.5,74.9,84.7,39.8,57.6,67.1,61.7,36.7,84.3,82.0,44.6,9.8,65.6,47.8,69.3,29.1,38,20,10,80,40,4.38
8768,Asia,4190,United Arab Emirates,2003,59.8,99.5,63.9,74.5,85.1,40.0,57.6,65.5,61.5,37.5,84.3,82.0,44.5,9.8,65.5,47.6,69.3,29.1,40,18,15,78,5,4.39
8769,Asia,4191,United Arab Emirates,2004,60.0,99.5,64.6,75.6,86.7,40.2,57.6,65.6,61.1,37.5,84.3,82.0,44.8,9.8,65.3,47.3,69.3,29.1,40,18,20,75,10,4.4
8770,Asia,4192,United Arab Emirates,2005,60.8,99.5,63.7,79.0,86.1,40.4,57.6,66.8,61.2,39.4,84.3,82.2,44.8,9.8,68.2,51.9,69.3,29.1,40,20,15,85,40,4.41
8771,Asia,4193,United Arab Emirates,2006,61.0,99.5,63.9,79.0,85.5,42.6,57.6,67.0,60.8,41.1,84.3,82.2,45.9,9.8,68.2,51.7,69.1,29.1,38,18,15,73,60,4.42
8772,Asia,4194,United Arab Emirates,2007,61.5,99.5,62.1,78.9,84.0,51.7,57.6,67.7,61.1,42.1,84.3,82.2,47.4,9.8,68.0,51.4,69.1,29.1,44,30,15,80,70,4.43
8773,Asia,4195,United Arab Emirates,2008,61.5,99.5,61.7,79.3,84.0,51.2,57.6,67.0,61.1,42.3,84.3,82.2,48.2,9.8,67.2,51.2,69.1,29.1,40,17,19,70,80,4.45
8774,Asia,4196,United Arab Emirates,2009,61.0,99.5,61.2,79.6,87.0,50.2,57.6,66.9,61.4,42.7,84.3,70.8,49.7,9.8,67.3,50.9,69.1,29.1,43,24,15,65,70,4.46
8775,Asia,4197,United Arab Emirates,2010,62.2,99.5,61.7,80.3,87.1,49.2,57.7,67.8,61.9,43.6,84.3,86.3,50.5,9.8,68.0,50.7,69.1,29.1,55,35,17,85,5,4.47
8776,Asia,4198,United Arab Emirates,2011,62.1,99.5,62.1,80.6,86.6,45.7,57.7,67.5,62.0,46.3,84.3,86.6,50.5,9.8,68.3,50.5,69.2,29.1,43,30,20,76,45,4.47
8777,Asia,4199,United Arab Emirates,2012,62.3,99.4,62.2,81.3,81.6,44.9,57.7,66.0,62.1,51.7,84.3,86.1,51.9,9.8,69.0,52.6,70.8,28.3,50,30,15,70,30,4.47
8778,Asia,4200,United Arab Emirates,2013,62.9,99.4,61.8,80.7,81.2,48.5,57.8,66.1,62.2,59.4,84.3,84.2,52.1,11.1,69.1,52.5,69.7,28.7,40,20,17,80,5,4.47
8779,Asia,4201,United Arab Emirates,2014,63.8,99.6,64.6,80.9,85.6,48.2,57.8,66.9,66.5,60.4,84.3,84.4,50.8,9.8,68.2,54.7,72.2,28.8,43,40,10,78,20,4.47
8780,Asia,4202,United Arab Emirates,2015,64.4,99.5,64.5,81.5,91.9,50.5,57.8,66.8,67.5,63.0,84.3,82.0,50.9,9.8,69.2,54.4,72.4,29.1,50,30,15,75,75,4.47
8781,Asia,4203,United Arab Emirates,2016,64.8,99.6,64.0,83.7,91.7,50.3,57.9,67.3,67.6,64.6,84.3,85.2,49.8,9.8,70.8,54.2,71.8,29.0,50,30,10,75,10,4.47
8782,Asia,4204,United Arab Emirates,2017,66.0,99.6,64.5,85.0,91.2,57.6,57.9,68.9,66.1,74.0,84.3,83.3,49.6,9.8,71.4,56.0,70.9,31.0,42,30,17,80,40,4.47
8783,Asia,4205,United Arab Emirates,2018,67.4,99.7,64.6,85.1,91.2,58.5,57.9,69.1,66.2,78.4,100.0,82.5,49.5,9.8,72.1,56.6,73.1,30.8,60,25,15,76,60,4.47
8784,Asia,4206,United Arab Emirates,2019,69.5,99.7,64.7,86.5,98.2,74.6,57.9,69.2,66.0,81.9,100.0,84.5,49.3,9.8,72.8,56.4,74.3,35.0,48,35,15,80,60,4.47
8785,Asia,4207,United Arab Emirates,2020,69.6,99.6,64.8,85.0,97.1,76.6,58.0,69.2,64.1,85.0,100.0,84.0,49.3,9.8,72.7,56.2,73.7,38.6,45,25,16,80,50,4.47
8786,Asia,4208,United Arab Emirates,2021,69.9,99.6,64.8,86.2,98.7,73.5,58.0,69.2,63.5,87.5,100.0,85.4,51.9,9.8,72.7,55.9,73.5,38.8,45,30,15,76,50,
8787,Asia,4209,United Arab Emirates,2022,69.7,99.7,64.8,86.2,98.2,74.3,58.0,69.2,63.7,88.3,100.0,85.4,51.9,9.8,72.7,55.5,70.4,37.1,52,30,15,79,60,
8788,Europe,4210,United Kingdom,2000,76.5,99.8,73.1,85.5,99.5,72.3,92.8,68.5,82.7,72.1,65.5,87.7,50.2,60.3,70.8,84.3,81.9,54.3,44,15,75,78,10,12.21
8789,Europe,4211,United Kingdom,2001,76.8,99.8,70.8,85.2,99.5,71.9,92.8,68.6,83.2,73.0,67.9,87.7,50.4,60.1,73.0,84.6,81.8,54.8,20,23,70,79,8,12.25
8790,Europe,4212,United Kingdom,2002,77.3,99.8,72.6,85.4,99.4,71.7,92.8,68.9,83.0,76.4,71.0,87.7,50.4,60.7,71.5,84.5,81.8,56.3,25,10,65,75,10,12.3
8791,Europe,4213,United Kingdom,2003,77.4,99.8,72.3,85.1,99.5,71.6,92.7,68.9,83.2,77.5,71.2,87.7,50.8,60.4,71.7,84.7,81.9,57.0,15,15,65,68,7,12.34
8792,Europe,4214,United Kingdom,2004,77.4,99.8,72.1,85.3,99.1,71.1,92.7,68.8,83.3,77.4,70.5,87.7,50.5,60.5,72.6,84.8,81.9,57.4,35,35,65,75,6,12.38
8793,Europe,4215,United Kingdom,2005,77.8,99.8,71.8,86.5,99.5,71.5,92.7,68.8,83.4,78.1,71.7,87.7,50.7,60.7,74.0,85.6,81.9,58.0,30,32,65,70,8,12.43
8794,Europe,4216,United Kingdom,2006,77.5,99.8,71.5,87.1,99.3,71.7,92.6,68.8,83.0,78.0,70.0,87.7,50.5,60.8,70.3,85.7,81.9,58.4,20,18,75,70,10,12.47
8795,Europe,4217,United Kingdom,2007,77.4,99.8,70.1,87.2,97.9,71.9,94.4,68.9,83.0,79.1,66.0,88.5,51.4,61.2,70.0,85.7,81.7,58.3,20,18,65,72,8,12.51
8796,Europe,4218,United Kingdom,2008,77.9,99.8,71.7,88.0,98.8,72.1,94.4,68.9,82.9,79.6,69.5,88.9,52.3,61.7,69.1,85.7,82.3,58.7,20,20,60,69,8,12.56
8797,Europe,4219,United Kingdom,2009,78.3,99.8,71.1,88.3,98.2,72.3,94.5,69.5,82.0,80.5,67.6,91.8,53.5,63.2,70.2,85.7,82.1,60.3,20,25,60,67,10,12.6
8798,Europe,4220,United Kingdom,2010,79.0,99.8,70.4,90.6,98.4,73.7,94.5,69.6,81.8,81.5,73.4,91.4,53.7,62.8,71.2,86.1,83.4,61.2,25,30,78,72,8,12.64
8799,Europe,4221,United Kingdom,2011,79.5,99.9,70.5,90.9,97.9,73.7,94.7,70.3,81.6,84.4,74.2,93.7,53.8,63.4,72.1,86.1,83.6,61.0,35,30,70,66,7,12.72
8800,Europe,4222,United Kingdom,2012,79.6,100.0,68.2,91.5,97.6,74.1,94.6,70.1,81.8,86.4,76.1,93.2,53.8,63.4,71.8,86.1,84.1,61.1,25,13,72,62,7,12.8
8801,Europe,4223,United Kingdom,2013,79.8,99.9,69.0,91.9,97.8,75.7,94.7,70.7,81.9,88.4,73.2,93.7,53.9,63.3,72.8,86.1,82.7,60.7,25,33,78,70,10,12.88
8802,Europe,4224,United Kingdom,2014,80.0,99.9,69.6,91.9,97.7,76.2,94.8,71.6,82.9,88.9,72.4,93.5,53.9,63.0,73.2,86.1,83.7,60.8,30,28,78,68,10,12.96
8803,Europe,4225,United Kingdom,2015,80.4,99.8,69.1,92.0,98.3,79.8,94.5,72.5,82.7,88.8,72.6,96.0,54.2,63.9,72.9,86.1,83.6,60.6,33,35,70,61,10,13.04
8804,Europe,4226,United Kingdom,2016,80.5,99.9,68.6,92.4,99.1,80.1,94.4,72.8,83.1,88.9,72.5,94.4,54.5,66.6,72.3,86.1,82.7,60.4,25,22,75,65,7,13.07
8805,Europe,4227,United Kingdom,2017,80.9,99.0,68.8,93.3,99.7,81.8,94.4,73.4,82.9,89.0,71.2,94.0,54.5,69.2,72.7,86.1,85.3,60.6,25,35,65,65,10,13.1
8806,Europe,4228,United Kingdom,2018,80.9,99.0,68.1,93.7,99.5,82.0,94.4,74.1,83.2,90.9,69.0,93.3,54.2,70.0,73.7,86.2,84.2,60.4,35,40,75,58,10,13.13
8807,Europe,4229,United Kingdom,2019,81.0,99.0,68.5,94.0,99.2,82.2,94.4,74.8,82.4,91.2,68.4,93.7,54.2,70.4,76.0,86.2,82.3,60.7,30,45,75,38,8,13.16
8808,Europe,4230,United Kingdom,2020,81.3,98.9,67.1,93.2,98.2,83.6,94.4,74.8,82.1,91.6,71.5,93.3,54.2,71.4,76.1,86.2,82.1,63.9,42,45,72,58,10,13.19
8809,Europe,4231,United Kingdom,2021,81.7,98.9,68.4,93.5,98.2,84.1,94.4,74.8,83.5,91.8,71.5,92.9,63.5,70.9,76.0,86.2,80.5,59.7,25,45,75,68,8,
8810,Europe,4232,United Kingdom,2022,81.7,99.0,68.4,93.1,98.2,84.1,94.4,74.8,84.0,91.8,71.5,91.3,63.5,70.9,76.1,86.2,81.1,59.9,35,40,68,75,12,
8811,North America,4233,United States,2000,71.5,98.6,69.0,84.3,94.2,70.5,82.9,69.8,84.5,74.3,53.5,86.1,51.3,42.7,57.3,56.4,71.5,69.5,35,20,80,75,8,33.18
8812,North America,4234,United States,2001,71.6,98.6,68.4,84.4,94.2,70.6,82.9,69.5,84.1,75.3,52.8,86.1,51.7,42.7,59.5,56.6,71.2,69.5,25,10,75,65,5,33.24
8813,North America,4235,United States,2002,71.6,98.6,67.1,84.5,94.2,70.5,82.9,69.7,83.5,76.3,53.1,86.1,52.0,42.7,59.0,56.6,71.4,69.5,30,20,50,71,6,33.3
8814,North America,4236,United States,2003,71.8,98.6,68.1,85.0,94.2,70.8,82.9,69.9,83.4,76.8,52.5,86.1,52.0,42.7,59.7,56.6,71.4,69.5,20,20,80,65,8,33.35
8815,North America,4237,United States,2004,72.0,98.6,70.1,85.3,94.2,71.2,82.8,70.1,83.6,77.0,53.2,86.1,52.0,42.7,58.7,56.6,71.6,69.5,10,15,70,75,7,33.41
8816,North America,4238,United States,2005,72.0,98.6,68.8,85.7,94.2,71.4,82.8,70.3,83.8,77.5,52.2,86.1,51.8,42.7,61.2,56.7,71.4,69.5,30,10,5,68,8,33.47
8817,North America,4239,United States,2006,72.2,98.6,68.0,85.8,94.2,72.3,83.0,70.7,84.1,77.8,51.7,86.1,51.7,42.7,60.0,60.0,71.5,69.5,40,18,65,68,10,33.52
8818,North America,4240,United States,2007,72.6,98.6,68.7,86.6,94.2,72.5,83.2,70.7,84.1,79.0,52.5,87.3,52.1,42.7,60.5,60.1,71.2,69.5,40,50,85,67,10,33.58
8819,North America,4241,United States,2008,72.4,98.6,68.6,86.7,94.2,72.6,83.4,71.1,83.4,79.4,52.5,83.2,53.2,43.6,59.3,60.4,71.8,69.5,40,28,75,55,10,33.64
8820,North America,4242,United States,2009,73.0,98.6,69.6,86.9,94.2,72.6,83.5,71.5,81.5,83.7,52.8,87.7,54.5,46.3,56.0,60.3,71.5,69.5,20,20,85,68,5,33.69
8821,North America,4243,United States,2010,73.4,98.6,69.6,88.1,93.7,72.6,83.7,71.6,81.3,86.4,53.6,88.2,54.2,45.5,58.7,60.5,72.0,69.5,20,40,50,78,10,33.75
8822,North America,4244,United States,2011,73.7,98.6,68.4,88.2,93.6,72.6,83.7,72.2,81.6,88.7,52.4,90.1,54.3,47.1,60.8,60.5,71.8,69.2,20,40,70,75,8,33.78
8823,North America,4245,United States,2012,73.8,98.6,66.4,88.0,93.6,73.1,83.6,72.4,82.1,90.8,52.4,88.7,53.9,47.9,63.0,60.5,71.5,68.7,40,18,65,75,7,33.81
8824,North America,4246,United States,2013,73.8,98.7,68.6,88.8,91.8,70.9,83.6,72.6,82.5,91.7,52.7,88.8,54.2,48.0,63.2,60.6,69.6,68.7,43,15,70,78,7,33.84
8825,North America,4247,United States,2014,74.1,98.4,68.6,88.9,92.7,71.7,83.5,72.6,84.0,92.3,52.5,89.3,54.3,48.1,61.0,60.7,71.9,69.1,40,30,65,66,8,33.87
8826,North America,4248,United States,2015,74.0,98.5,68.3,88.5,93.6,71.6,83.5,72.6,81.9,92.7,54.1,88.6,54.4,49.1,61.9,60.7,70.3,67.5,35,35,60,74,8,33.9
8827,North America,4249,United States,2016,74.4,98.7,68.7,88.3,95.2,71.5,83.5,73.0,82.2,94.6,53.7,89.2,54.2,50.0,62.7,60.7,70.4,67.4,42,60,85,50,10,33.89
8828,North America,4250,United States,2017,74.7,98.5,68.5,88.8,94.8,72.2,83.6,73.2,82.5,95.0,53.8,90.4,54.3,50.2,65.7,60.7,70.2,67.1,40,30,55,64,10,33.89
8829,North America,4251,United States,2018,74.4,98.7,68.7,88.9,94.4,74.3,83.6,73.3,82.1,95.6,52.6,86.8,54.4,50.3,63.7,60.5,69.9,67.3,35,35,60,72,8,33.88
8830,North America,4252,United States,2019,74.9,98.8,68.7,88.8,94.1,74.4,83.6,73.5,82.3,96.4,51.8,92.2,54.3,51.0,65.7,60.4,69.1,67.5,40,33,58,70,10,33.87
8831,North America,4253,United States,2020,75.6,98.8,68.7,89.2,93.9,76.5,83.6,73.5,79.7,97.7,56.8,92.6,54.3,53.9,65.7,60.4,69.3,70.5,42,42,75,55,10,33.87
8832,North America,4254,United States,2021,76.0,98.8,68.6,89.2,93.9,76.6,83.6,73.5,81.5,97.8,57.5,90.6,59.9,52.5,65.7,60.5,69.3,72.5,45,55,62,48,10,
8833,North America,4255,United States,2022,75.9,98.9,68.6,88.7,93.9,76.8,83.6,73.5,81.9,97.8,57.5,89.3,59.9,52.5,65.7,60.4,68.6,72.9,45,40,65,60,5,
8834,South America,4256,Uruguay,2000,68.8,97.0,58.9,76.2,90.0,65.3,73.9,82.8,71.7,28.5,24.1,91.5,71.4,92.3,53.4,50.7,75.5,65.5,18,25,55,60,10,7.82
8835,South America,4257,Uruguay,2001,69.0,97.0,56.8,77.2,90.0,65.4,73.9,84.7,70.4,28.6,24.1,91.5,71.5,92.5,54.8,50.7,75.5,67.6,15,20,60,20,8,8.03
8836,South America,4258,Uruguay,2002,69.2,97.0,59.3,78.4,91.0,65.4,74.0,85.4,69.5,28.9,24.1,91.5,72.0,92.7,53.3,50.7,75.4,67.1,10,30,50,40,10,8.24
8837,South America,4259,Uruguay,2003,69.3,97.0,60.4,78.1,91.4,65.5,74.0,85.4,69.5,29.7,24.1,91.5,71.8,92.7,53.0,50.7,75.6,67.4,20,20,65,65,5,8.44
8838,South America,4260,Uruguay,2004,69.3,97.0,62.9,78.3,90.9,65.5,74.0,81.7,71.6,30.1,24.1,91.5,71.3,92.2,53.9,50.8,76.1,66.8,10,23,60,65,10,8.65
8839,South America,4261,Uruguay,2005,69.6,97.0,63.5,79.4,90.2,65.1,74.1,83.6,72.1,30.8,24.1,91.6,71.7,92.1,55.6,50.8,76.1,65.5,20,15,60,60,12,8.86
8840,South America,4262,Uruguay,2006,69.6,97.0,64.0,79.1,89.5,65.1,74.3,80.6,72.8,32.7,24.1,91.6,71.5,91.7,57.2,50.8,75.6,66.2,15,20,70,70,10,9.06
8841,South America,4263,Uruguay,2007,70.0,97.0,64.6,79.0,88.0,65.7,74.4,86.0,73.6,33.7,23.4,92.1,71.6,92.0,55.4,50.8,76.2,66.1,20,28,65,70,10,9.27
8842,South America,4264,Uruguay,2008,70.4,97.0,63.7,79.1,90.0,65.7,74.5,86.1,74.3,34.8,26.8,92.5,70.9,90.9,55.2,51.6,76.1,68.2,12,28,75,75,8,9.48
8843,South America,4265,Uruguay,2009,70.8,97.0,63.9,80.3,90.9,66.8,74.7,86.8,74.5,35.5,24.6,94.1,71.7,91.0,55.3,51.8,75.8,68.5,18,40,65,66,7,9.69
8844,South America,4266,Uruguay,2010,72.3,97.0,66.0,81.1,91.4,67.4,74.8,92.7,74.8,37.5,30.2,95.0,71.4,91.9,57.8,56.0,75.6,68.6,18,30,80,65,10,9.89
8845,South America,4267,Uruguay,2011,72.9,97.8,65.6,81.9,90.9,65.9,74.9,90.4,75.2,39.9,42.5,91.9,70.9,90.4,55.9,56.1,76.7,72.2,10,23,80,70,8,10.11
8846,South America,4268,Uruguay,2012,73.8,97.8,66.1,82.0,91.6,65.9,75.0,89.3,75.2,43.8,53.6,89.0,72.0,91.8,57.8,56.0,75.4,72.8,15,30,75,65,7,10.32
8847,South America,4269,Uruguay,2013,74.0,98.0,64.1,81.3,91.6,67.8,75.1,92.1,75.2,46.3,50.3,87.0,71.8,92.4,60.0,56.0,75.6,73.7,15,40,82,72,10,10.54
8848,South America,4270,Uruguay,2014,75.1,98.2,66.7,82.3,90.0,68.9,75.2,95.2,78.5,45.5,52.2,89.7,71.8,93.0,62.3,56.9,76.7,74.1,15,30,75,75,10,10.75
8849,South America,4271,Uruguay,2015,75.8,97.7,67.0,83.3,91.7,70.6,75.4,96.8,78.1,50.4,52.2,88.2,72.2,94.1,64.5,57.8,74.0,74.4,15,30,85,75,15,10.97
8850,South America,4272,Uruguay,2016,76.3,98.4,68.3,83.3,91.8,70.9,75.5,97.5,77.9,56.6,53.8,87.1,72.0,94.5,63.1,57.8,74.4,74.8,10,40,80,72,10,11.1
8851,South America,4273,Uruguay,2017,76.6,98.5,66.8,84.1,90.8,73.2,75.6,98.0,82.1,56.3,55.2,89.1,71.6,94.1,58.9,57.7,73.9,76.4,15,25,75,75,7,11.22
8852,South America,4274,Uruguay,2018,76.2,98.6,64.5,83.7,91.4,73.4,75.7,97.3,81.7,56.3,54.0,90.4,70.6,92.5,57.7,56.3,75.0,76.9,18,30,75,75,15,11.35
8853,South America,4275,Uruguay,2019,77.3,98.5,67.1,85.1,95.9,73.1,75.7,97.5,81.4,57.3,53.7,92.5,70.5,92.6,59.6,58.0,79.3,76.3,18,30,78,63,10,11.48
8854,South America,4276,Uruguay,2020,77.2,98.2,66.5,84.4,90.7,74.5,75.8,97.5,81.2,58.1,51.8,92.5,70.5,92.7,59.9,58.0,81.1,78.3,18,31,75,63,8,11.6
8855,South America,4277,Uruguay,2021,77.9,98.3,67.5,84.4,90.7,76.2,75.8,97.5,83.5,59.9,51.8,93.3,70.8,92.5,60.0,59.1,80.8,82.2,18,30,75,68,10,
8856,South America,4278,Uruguay,2022,77.7,98.5,67.6,84.7,90.7,76.4,75.8,97.5,84.2,59.9,51.8,92.5,70.8,92.5,60.0,59.1,78.1,81.5,20,35,75,60,5,
8857,Asia,4279,Uzbekistan,2000,60.9,17.9,48.5,63.3,69.8,69.8,52.8,59.0,67.2,16.3,68.5,87.1,94.2,90.9,0.0,64.7,50.5,54.1,44,35,10,40,15,6.96
8858,Asia,4280,Uzbekistan,2001,61.2,17.9,50.5,64.1,69.8,70.1,53.4,59.1,67.8,16.2,68.5,86.9,94.4,90.9,0.0,64.7,50.5,54.1,60,30,6,23,7,7.05
8859,Asia,4281,Uzbekistan,2002,62.1,17.9,52.5,64.6,71.0,70.4,54.0,59.1,68.4,16.0,79.2,86.8,94.5,90.6,0.0,64.6,50.5,54.1,40,35,15,40,15,7.14
8860,Asia,4282,Uzbekistan,2003,61.8,17.9,52.5,64.8,70.7,70.5,54.6,59.4,69.0,15.9,71.5,86.7,94.5,90.9,0.0,64.6,50.7,54.1,55,28,10,27,15,7.24
8861,Asia,4283,Uzbekistan,2004,62.3,17.9,55.3,64.6,69.3,75.9,55.2,59.7,69.5,16.0,71.5,86.5,94.6,91.0,0.0,64.6,50.7,54.1,55,20,10,20,15,7.33
8862,Asia,4284,Uzbekistan,2005,62.6,17.9,57.2,65.1,68.8,76.0,55.8,60.5,70.1,16.0,71.5,86.7,94.5,91.7,0.0,64.6,50.7,54.1,65,30,10,15,10,7.42
8863,Asia,4285,Uzbekistan,2006,63.1,17.9,62.7,65.9,70.3,76.0,56.4,59.4,70.7,16.4,71.5,86.6,94.3,91.6,0.0,64.5,50.8,54.1,75,35,10,30,5,7.51
8864,Asia,4286,Uzbekistan,2007,63.3,17.9,64.2,66.4,70.6,76.1,56.9,59.8,71.3,16.5,71.5,86.5,94.1,91.6,0.0,64.5,50.9,54.1,50,19,7,33,15,7.6
8865,Asia,4287,Uzbekistan,2008,63.2,17.9,64.6,67.3,69.5,76.2,57.4,58.2,71.3,16.6,71.5,85.8,93.9,91.5,0.0,64.5,50.1,54.1,55,28,13,23,12,7.69
8866,Asia,4288,Uzbekistan,2009,63.7,17.9,66.2,67.4,68.7,78.6,57.7,61.2,71.3,17.1,71.5,86.5,93.7,92.7,0.0,64.5,50.1,54.1,65,33,15,30,10,7.78
8867,Asia,4289,Uzbekistan,2010,64.3,17.9,67.3,70.8,69.9,78.7,57.9,62.5,71.1,18.6,71.5,86.2,93.9,92.9,0.0,64.5,51.1,54.1,40,32,14,40,10,7.87
8868,Asia,4290,Uzbekistan,2011,64.7,20.4,68.2,71.7,70.8,78.7,58.1,61.7,71.3,19.4,71.5,85.2,93.6,92.3,0.0,64.5,52.8,54.1,40,33,15,30,10,7.97
8869,Asia,4291,Uzbekistan,2012,65.1,22.1,69.3,72.8,71.2,78.8,58.4,61.6,71.4,18.6,71.5,85.9,93.5,92.1,0.0,64.5,53.6,56.7,45,30,12,60,5,8.06
8870,Asia,4292,Uzbekistan,2013,65.1,23.7,69.6,72.6,71.4,78.9,58.6,62.4,71.4,19.3,71.5,86.3,93.3,92.5,0.0,64.4,53.2,52.9,55,33,15,33,5,8.16
8871,Asia,4293,Uzbekistan,2014,65.6,25.2,67.5,73.3,71.7,79.0,58.7,63.0,74.1,19.4,71.5,87.2,93.2,92.7,0.0,64.4,56.5,52.0,20,45,12,55,15,8.25
8872,Asia,4294,Uzbekistan,2015,66.3,37.0,67.2,74.6,71.4,76.0,58.7,63.4,74.0,23.1,71.5,86.3,93.1,93.2,0.0,64.4,56.2,50.7,55,35,14,55,5,8.34
8873,Asia,4295,Uzbekistan,2016,67.4,47.6,66.5,74.9,71.8,75.8,58.8,63.4,74.0,28.2,71.5,86.9,93.1,93.0,0.0,64.8,57.7,50.1,60,30,12,35,10,8.41
8874,Asia,4296,Uzbekistan,2017,67.7,51.7,67.3,76.5,72.6,76.0,58.8,63.6,72.2,29.3,71.5,86.8,93.1,93.2,0.0,64.8,55.8,49.5,55,32,10,60,20,8.48
8875,Asia,4297,Uzbekistan,2018,68.3,55.0,66.1,76.4,74.0,76.2,58.8,63.2,70.2,31.4,71.5,87.0,93.0,92.8,0.0,64.8,56.7,56.3,65,45,28,60,10,8.54
8876,Asia,4298,Uzbekistan,2019,69.4,56.4,67.2,77.0,77.2,76.4,58.8,63.4,69.9,36.3,71.5,87.3,93.0,92.8,0.0,64.8,58.8,59.0,42,32,18,60,5,8.61
8877,Asia,4299,Uzbekistan,2020,70.5,55.9,67.2,76.4,83.7,84.6,58.8,63.3,70.8,39.3,71.5,84.8,93.0,92.9,0.0,64.8,58.7,61.5,60,41,15,37,10,8.67
8878,Asia,4300,Uzbekistan,2021,71.3,59.1,67.3,77.5,85.1,85.0,58.8,63.3,72.6,40.8,71.5,87.3,93.0,92.8,0.0,64.7,59.4,63.1,35,28,18,60,10,
8879,Asia,4301,Uzbekistan,2022,71.1,61.6,67.5,77.2,85.1,85.1,58.8,63.3,72.5,40.8,71.5,87.3,93.0,92.8,0.0,64.7,59.8,63.2,50,33,19,40,20,
8926,South America,4348,"Venezuela, RB",2000,62.9,78.3,57.0,68.1,69.3,58.6,76.8,72.0,68.8,20.4,22.3,68.9,84.3,75.6,74.2,79.3,35.3,60.9,10,30,10,17,15,55.72
8927,South America,4349,"Venezuela, RB",2001,63.1,78.3,56.4,66.5,71.5,58.8,76.7,71.0,69.4,20.6,22.3,68.9,84.0,73.9,75.5,82.3,35.5,61.3,5,25,12,15,15,55.54
8928,South America,4350,"Venezuela, RB",2002,62.7,78.3,54.7,66.3,74.5,59.0,76.6,69.4,67.6,20.6,19.7,69.4,84.0,72.1,75.8,82.2,33.9,61.3,25,25,12,15,10,55.35
8929,South America,4351,"Venezuela, RB",2003,63.0,78.3,55.4,67.3,74.1,59.2,76.6,68.8,67.3,21.0,21.0,69.4,84.6,72.6,77.3,82.1,33.9,61.8,35,20,15,15,8,55.16
8930,South America,4352,"Venezuela, RB",2004,63.8,78.3,56.8,68.9,75.4,59.3,76.5,72.8,68.2,21.2,21.8,69.7,83.9,76.8,77.7,82.1,34.1,61.6,40,30,15,15,5,54.98
8931,South America,4353,"Venezuela, RB",2005,63.9,78.3,58.6,69.9,76.0,63.4,76.5,72.5,70.7,21.9,19.0,69.6,82.7,75.8,75.5,82.3,34.1,59.7,40,40,15,15,5,54.79
8932,South America,4354,"Venezuela, RB",2006,64.6,78.3,59.0,68.6,76.6,63.8,76.5,73.7,71.9,22.8,28.6,69.6,83.8,76.4,72.3,82.2,33.9,60.7,40,30,15,20,15,54.6
8933,South America,4355,"Venezuela, RB",2007,64.9,78.3,58.7,65.5,79.4,64.3,76.5,74.7,72.6,23.1,28.6,73.4,83.0,77.6,71.4,82.1,34.9,59.3,40,50,12,15,15,54.42
8934,South America,4356,"Venezuela, RB",2008,64.3,78.3,57.8,63.5,79.7,64.5,76.5,74.3,73.2,24.1,28.6,71.8,82.4,76.1,71.5,82.1,33.2,56.0,55,30,8,15,15,54.23
8935,South America,4357,"Venezuela, RB",2009,65.5,78.3,58.1,69.6,80.7,64.0,76.5,74.2,73.2,25.2,28.6,75.6,82.1,76.3,72.8,82.0,33.0,63.3,45,38,12,15,10,54.04
8936,South America,4358,"Venezuela, RB",2010,65.4,78.3,58.4,70.7,80.4,63.9,76.5,72.1,72.6,28.5,28.6,75.0,80.9,75.2,71.7,81.9,33.0,63.3,60,55,15,15,5,53.86
8937,South America,4359,"Venezuela, RB",2011,65.7,79.0,58.3,69.1,81.5,64.0,76.5,73.4,72.8,30.4,28.6,75.0,81.1,76.2,70.8,81.9,33.2,64.4,50,40,12,20,10,53.67
8938,South America,4360,"Venezuela, RB",2012,65.7,80.1,58.6,69.3,81.7,64.1,76.4,72.3,72.9,31.6,28.6,74.6,79.8,75.9,72.0,81.8,33.0,63.9,50,40,10,13,10,53.48
8939,South America,4361,"Venezuela, RB",2013,65.4,80.1,60.2,68.6,82.6,65.6,76.4,73.5,72.3,32.5,28.6,70.2,79.2,74.1,71.3,81.7,31.7,62.4,65,45,12,15,15,53.3
8940,South America,4362,"Venezuela, RB",2014,65.1,78.6,59.5,67.2,85.3,65.7,76.4,71.0,74.7,36.2,28.6,63.9,79.5,75.6,70.6,81.6,31.1,62.0,68,40,12,15,7,53.11
8941,South America,4363,"Venezuela, RB",2015,63.2,76.2,56.6,67.4,87.0,65.7,76.4,74.3,72.3,36.1,28.6,60.3,76.2,59.3,74.6,81.6,30.7,51.0,62,55,12,12,12,52.93
8942,South America,4364,"Venezuela, RB",2016,63.9,68.9,54.5,63.3,83.0,64.4,76.4,73.3,73.1,35.8,28.6,65.3,80.8,80.3,77.4,81.5,29.8,49.1,65,45,15,11,8,52.82
8943,South America,4365,"Venezuela, RB",2017,63.4,61.0,51.6,63.2,81.2,67.9,76.3,73.8,76.1,36.0,28.6,56.6,79.6,81.3,80.1,81.5,30.6,52.8,74,45,11,8,10,52.72
8944,South America,4366,"Venezuela, RB",2018,62.6,46.6,51.3,62.4,81.2,67.8,76.3,74.7,75.4,35.4,28.6,53.0,82.9,91.4,80.7,80.1,28.5,48.0,73,30,9,11,15,52.62
8945,South America,4367,"Venezuela, RB",2019,61.6,28.3,51.1,63.2,81.2,67.6,76.3,75.3,75.4,34.9,28.6,54.4,82.6,92.3,80.9,80.1,27.9,46.5,70,20,15,12,10,52.52
8946,South America,4368,"Venezuela, RB",2020,61.1,16.5,53.4,60.3,81.2,67.6,76.3,75.3,73.8,34.1,28.6,53.3,82.6,93.2,81.3,80.0,30.6,50.1,68,50,15,11,15,52.41
8947,South America,4369,"Venezuela, RB",2021,61.5,16.2,52.4,61.4,81.2,67.8,76.3,75.3,76.1,35.1,28.6,53.3,82.6,92.9,81.3,80.8,32.6,51.0,68,55,12,11,10,
8948,South America,4370,"Venezuela, RB",2022,62.9,19.7,52.4,62.8,81.2,68.1,76.3,75.3,76.6,34.8,28.6,71.2,82.6,92.9,81.3,80.7,32.5,52.2,68,45,11,14,10,
8949,Asia,4371,Vietnam,2000,63.5,81.9,59.5,61.0,83.6,67.3,61.0,48.5,72.8,25.7,64.9,57.2,91.6,97.3,56.2,39.2,59.2,52.2,25,25,14,25,8,38.0
8950,Asia,4372,Vietnam,2001,63.7,81.9,60.3,61.4,82.4,67.5,61.7,49.9,72.5,25.7,64.9,57.7,91.6,97.2,55.5,41.0,59.2,52.9,35,30,15,75,5,38.52
8951,Asia,4373,Vietnam,2002,64.2,81.9,60.2,61.5,82.4,68.4,62.3,50.6,72.9,25.7,64.9,59.5,91.4,97.0,55.5,45.2,59.2,52.9,37,40,15,35,8,39.04
8952,Asia,4374,Vietnam,2003,64.5,81.9,59.0,64.0,82.4,68.5,62.9,51.2,72.8,25.9,64.9,60.0,91.3,96.9,55.6,45.6,59.2,55.0,35,38,12,60,10,39.56
8953,Asia,4375,Vietnam,2004,64.8,81.9,59.4,63.9,82.4,68.7,63.5,51.6,72.9,26.5,66.4,61.8,91.0,96.6,54.9,45.9,59.2,54.9,40,30,15,45,10,40.07
8954,Asia,4376,Vietnam,2005,65.3,81.9,60.3,64.6,85.4,68.9,64.1,54.1,72.9,27.2,66.4,61.9,91.3,96.5,54.4,45.8,59.2,55.2,35,35,16,55,10,40.59
8955,Asia,4377,Vietnam,2006,66.0,81.9,61.7,64.5,86.6,69.0,64.8,56.0,72.9,27.9,70.2,63.7,91.3,96.5,53.6,46.1,59.2,55.8,30,35,15,45,8,41.11
8956,Asia,4378,Vietnam,2007,65.8,81.9,61.6,63.5,86.6,68.4,65.5,56.6,72.9,28.5,70.2,62.2,91.1,96.4,52.9,46.0,57.9,56.3,30,40,15,60,8,41.63
8957,Asia,4379,Vietnam,2008,66.7,81.9,64.4,64.8,89.3,68.5,66.2,57.2,73.0,29.0,70.7,66.0,91.2,96.2,52.3,45.8,60.3,56.5,30,40,15,65,7,42.14
8958,Asia,4380,Vietnam,2009,66.8,81.9,64.1,65.1,91.1,68.7,66.9,58.7,73.1,29.4,70.7,66.9,90.5,96.0,51.6,45.7,60.5,55.4,35,30,15,35,10,42.66
8959,Asia,4381,Vietnam,2010,66.5,81.9,67.8,66.1,91.1,70.9,67.6,59.3,73.4,30.0,55.7,68.7,90.6,95.8,50.9,45.5,57.6,57.9,35,25,15,72,7,43.18
8960,Asia,4382,Vietnam,2011,66.8,85.3,67.4,68.0,89.7,70.4,68.3,61.7,73.5,31.6,55.7,66.5,90.7,95.6,50.5,46.3,58.4,56.4,40,45,15,72,10,43.61
8961,Asia,4383,Vietnam,2012,68.3,88.1,68.6,67.5,88.9,70.7,69.0,63.8,73.5,33.1,70.4,70.9,90.7,95.9,49.8,46.4,58.4,56.2,35,38,15,40,10,44.05
8962,Asia,4384,Vietnam,2013,68.3,89.1,68.2,62.9,90.5,69.4,69.7,64.7,73.3,34.4,70.4,71.5,90.4,95.6,49.4,46.7,57.4,57.3,30,38,15,60,15,44.48
8963,Asia,4385,Vietnam,2014,69.6,90.3,70.5,68.1,95.8,69.6,70.5,65.6,74.8,39.4,74.0,70.7,90.3,94.9,50.4,48.2,56.7,54.0,40,43,15,60,10,44.92
8964,Asia,4386,Vietnam,2015,70.6,92.1,69.7,69.2,98.4,69.6,71.2,70.1,75.2,41.4,74.0,75.4,89.7,94.3,49.4,48.2,57.2,55.2,38,45,15,70,15,45.35
8965,Asia,4387,Vietnam,2016,70.5,93.2,69.7,68.8,98.0,71.1,71.9,69.3,75.2,41.2,72.1,74.3,89.6,94.1,48.6,48.0,57.5,55.4,35,42,17,65,7,45.73
8966,Asia,4388,Vietnam,2017,70.9,93.9,70.5,68.9,98.2,71.2,72.5,71.6,74.5,42.5,72.1,74.9,89.5,93.9,47.7,47.8,58.5,56.4,44,37,18,75,10,46.1
8967,Asia,4389,Vietnam,2018,71.3,94.5,71.7,66.6,97.5,71.1,73.1,70.3,76.2,50.0,70.4,82.6,89.2,93.0,47.6,42.0,59.5,57.2,38,44,15,70,10,46.48
8968,Asia,4390,Vietnam,2019,71.4,95.5,72.2,68.5,97.9,71.3,73.7,68.6,75.6,50.4,70.4,83.0,89.1,91.9,47.4,41.8,60.4,56.8,40,35,18,50,10,46.85
8969,Asia,4391,Vietnam,2020,71.8,95.4,73.1,69.6,97.8,71.7,74.3,69.0,75.7,52.4,70.4,83.1,89.1,92.1,47.6,41.6,60.4,57.9,42,35,18,65,15,47.23
8970,Asia,4392,Vietnam,2021,72.3,95.6,73.5,68.5,97.4,74.1,74.3,69.0,75.8,53.7,70.4,81.1,90.2,92.2,47.7,44.9,61.6,59.4,41,40,18,65,10,
8971,Asia,4393,Vietnam,2022,73.3,97.0,73.6,69.9,97.4,74.4,74.3,69.0,76.2,58.1,70.4,87.8,90.2,92.2,47.7,44.6,64.4,59.4,52,37,18,75,10,
8972,Asia,4394,"Yemen, Rep.",2000,46.8,42.6,33.8,37.6,29.8,8.3,27.7,29.5,54.6,11.1,73.1,50.3,94.4,97.3,50.8,43.2,46.0,65.9,55,20,10,10,40,1.04
8973,Asia,4395,"Yemen, Rep.",2001,46.9,42.6,33.7,38.6,29.8,8.3,27.8,29.5,54.5,11.1,73.1,50.3,94.3,97.1,52.0,43.0,46.0,65.3,65,20,10,20,60,1.04
8974,Asia,4396,"Yemen, Rep.",2002,47.0,42.6,32.5,38.3,29.8,8.3,28.0,31.2,54.4,11.1,73.1,51.0,94.1,97.2,54.3,42.8,46.0,64.9,55,40,12,20,20,1.04
8975,Asia,4397,"Yemen, Rep.",2003,47.6,42.6,30.8,39.0,33.2,8.3,28.5,31.0,54.3,11.1,73.1,51.2,94.1,97.1,61.1,42.7,46.1,65.1,65,35,10,12,5,1.04
8976,Asia,4398,"Yemen, Rep.",2004,47.7,42.6,28.4,41.0,34.7,8.3,29.1,30.0,54.2,11.1,73.1,52.0,93.8,97.0,63.6,42.5,46.2,64.1,70,30,10,15,15,1.04
8977,Asia,4399,"Yemen, Rep.",2005,48.5,42.6,31.4,42.0,35.5,8.3,29.5,31.6,54.1,11.1,73.1,53.1,93.8,96.9,65.7,42.3,49.5,63.4,50,23,15,15,20,1.04
8978,Asia,4400,"Yemen, Rep.",2006,48.9,42.6,32.9,42.6,35.5,8.3,30.0,32.4,54.0,11.1,73.1,54.0,93.6,96.8,67.6,42.2,50.8,63.4,70,30,15,17,10,1.04
8979,Asia,4401,"Yemen, Rep.",2007,49.0,42.6,32.6,44.0,35.5,8.3,30.5,35.3,53.9,11.5,73.1,54.1,93.6,96.9,65.5,42.0,49.6,63.2,65,35,8,15,75,1.04
8980,Asia,4402,"Yemen, Rep.",2008,49.6,42.6,32.8,44.1,35.6,8.3,31.0,36.6,53.8,11.8,73.1,55.0,93.8,96.8,72.5,50.9,50.0,54.2,65,30,10,15,70,1.04
8981,Asia,4403,"Yemen, Rep.",2009,49.4,42.6,32.7,44.3,35.6,8.3,31.4,35.9,53.7,12.3,73.1,54.7,93.4,96.7,72.4,50.7,47.5,53.6,80,30,12,11,40,1.04
8982,Asia,4404,"Yemen, Rep.",2010,49.6,42.6,32.8,45.8,38.6,8.3,31.9,39.3,53.6,12.6,73.1,52.2,93.9,96.9,72.5,50.6,46.8,51.6,70,37,14,14,40,1.04
8983,Asia,4405,"Yemen, Rep.",2011,49.2,40.5,32.4,44.7,38.6,8.3,32.3,38.7,53.3,13.0,73.1,44.2,94.4,97.4,75.8,50.4,45.9,52.9,70,25,15,5,65,1.04
8984,Asia,4406,"Yemen, Rep.",2012,49.4,38.4,30.9,45.3,41.1,8.3,32.8,39.2,53.3,15.2,73.1,44.8,94.4,97.2,76.1,50.2,45.1,54.1,75,35,15,15,68,1.04
8985,Asia,4407,"Yemen, Rep.",2013,49.1,36.2,26.7,47.4,41.6,7.0,33.2,44.2,53.3,15.8,73.1,44.9,94.3,96.7,76.4,50.1,40.0,53.6,70,45,10,10,70,1.04
8986,Asia,4408,"Yemen, Rep.",2014,48.1,35.3,26.8,46.5,41.6,7.0,33.6,40.6,53.1,11.5,66.3,47.1,94.3,96.8,76.6,49.9,37.5,53.1,78,30,12,9,70,1.04
8987,Asia,4409,"Yemen, Rep.",2015,47.3,21.3,26.5,44.9,41.6,7.0,34.0,46.6,52.9,11.9,66.3,42.0,94.9,98.4,76.3,49.7,37.5,52.3,84,30,10,5,70,1.04
8988,Asia,4410,"Yemen, Rep.",2016,47.3,15.9,24.3,45.7,41.8,7.0,34.5,46.9,53.2,12.0,66.3,50.1,94.8,98.7,75.9,49.6,35.0,52.3,78,50,5,5,72,1.04
8989,Asia,4411,"Yemen, Rep.",2017,47.3,12.0,25.5,44.2,41.8,7.0,34.9,48.2,53.3,12.3,66.3,49.9,94.9,98.8,75.7,49.4,35.7,54.2,75,35,7,5,73,1.04
8990,Asia,4412,"Yemen, Rep.",2018,46.4,11.0,27.2,43.7,41.8,7.5,35.4,33.9,53.4,13.9,66.3,47.1,95.9,98.8,75.3,49.3,35.5,52.6,80,56,8,5,60,1.04
8991,Asia,4413,"Yemen, Rep.",2019,47.0,10.4,27.9,45.0,41.8,13.1,35.8,36.6,53.5,14.0,66.3,48.8,96.0,98.6,75.0,49.1,35.5,51.7,82,40,10,10,60,1.04
8992,Asia,4414,"Yemen, Rep.",2020,46.8,5.7,28.5,45.2,41.8,13.1,36.2,36.9,53.0,14.1,66.3,48.9,96.0,98.7,75.0,48.9,36.0,51.1,78,30,12,11,10,1.04
8993,Asia,4415,"Yemen, Rep.",2021,46.6,4.4,28.6,45.5,41.8,13.1,36.2,36.9,52.8,14.2,66.3,48.9,96.0,98.7,74.9,48.7,35.7,49.9,60,40,8,6,10,
8994,Asia,4416,"Yemen, Rep.",2022,46.8,4.6,28.8,44.5,41.8,13.1,36.2,36.9,53.2,14.2,66.3,53.0,96.0,98.7,74.9,48.4,35.9,50.1,78,55,10,8,75,
8995,Africa,4417,Zambia,2000,47.1,6.7,54.9,19.2,26.5,44.2,45.0,38.5,56.6,5.3,43.0,60.0,95.5,98.5,0.0,70.6,40.6,49.3,15,30,15,22,15,63.3
8996,Africa,4418,Zambia,2001,47.2,6.7,53.7,19.8,27.4,44.6,45.4,39.6,56.2,5.3,43.0,59.8,95.2,98.5,0.0,70.6,40.6,49.2,20,42,20,32,10,63.25
8997,Africa,4419,Zambia,2002,47.5,6.7,52.3,20.3,33.9,46.1,45.8,39.1,55.9,5.3,43.0,60.0,95.0,98.5,0.0,70.6,40.6,47.5,20,35,12,20,10,63.2
8998,Africa,4420,Zambia,2003,47.7,6.7,53.6,21.2,33.9,46.6,46.3,39.6,55.6,5.3,43.0,59.8,95.1,98.5,0.0,70.6,40.6,46.3,25,35,15,30,8,63.15
8999,Africa,4421,Zambia,2004,46.5,6.7,53.4,22.0,43.0,47.1,46.7,40.4,55.2,5.4,12.3,60.0,95.2,98.5,0.0,70.6,40.6,47.7,25,40,20,20,10,63.1
9000,Africa,4422,Zambia,2005,47.1,6.7,54.0,22.9,50.8,47.9,47.1,41.4,54.9,5.4,12.3,60.4,95.3,98.5,0.0,70.6,40.6,45.1,30,40,20,30,7,63.06
9001,Africa,4423,Zambia,2006,47.3,6.7,55.3,23.6,49.6,49.4,47.5,41.9,56.4,5.4,11.8,60.7,95.1,98.5,0.0,70.6,40.6,44.1,15,40,30,30,10,63.01
9002,Africa,4424,Zambia,2007,47.4,6.7,55.6,23.8,52.0,52.5,47.9,40.5,57.9,5.5,11.8,57.2,95.5,98.5,0.0,70.6,39.9,42.9,20,55,20,25,15,62.96
9003,Africa,4425,Zambia,2008,48.4,6.7,55.8,26.5,58.5,53.1,48.3,41.8,59.4,6.5,11.8,61.9,95.6,98.5,0.0,70.6,37.1,41.8,40,50,20,23,15,62.91
9004,Africa,4426,Zambia,2009,48.3,6.7,56.5,28.5,55.5,53.0,48.7,41.9,57.9,6.5,11.8,58.9,95.4,98.4,0.0,70.6,38.8,43.1,10,38,20,30,15,62.86
9005,Africa,4427,Zambia,2010,49.2,6.7,58.2,30.0,66.7,53.6,49.1,40.8,56.4,6.6,10.4,59.0,95.2,98.4,0.0,70.6,38.9,46.0,35,50,18,30,15,62.81
9006,Africa,4428,Zambia,2011,50.0,7.5,58.3,30.6,68.3,53.0,49.5,42.6,57.9,6.7,10.4,62.9,95.1,98.1,0.0,70.6,39.7,49.4,40,48,30,25,15,62.56
9007,Africa,4429,Zambia,2012,50.1,8.7,59.3,31.4,68.4,53.7,49.9,42.9,59.4,6.8,10.4,56.3,94.8,97.8,0.0,70.6,41.5,49.5,35,45,30,30,10,62.31
9008,Africa,4430,Zambia,2013,50.4,9.5,57.6,33.0,66.3,58.4,50.3,43.2,59.3,6.9,10.4,55.2,94.6,97.5,0.0,70.6,44.3,49.4,40,60,25,25,5,62.06
9009,Africa,4431,Zambia,2014,51.6,10.2,57.5,34.9,66.3,58.8,50.7,42.1,61.5,11.3,10.4,61.0,94.7,97.7,0.0,70.6,45.4,53.1,35,55,30,35,12,61.8
9010,Africa,4432,Zambia,2015,51.6,10.4,57.2,38.6,66.3,60.7,51.1,42.9,62.3,12.4,8.3,52.7,94.7,97.8,0.0,70.6,47.6,52.9,30,55,18,33,10,61.55
9011,Africa,4433,Zambia,2016,52.2,10.5,56.3,39.6,66.3,64.0,51.5,43.2,62.2,14.9,8.3,59.8,94.8,98.1,0.0,70.6,44.7,50.7,30,50,25,42,10,61.3
9012,Africa,4434,Zambia,2017,52.5,10.6,57.0,39.8,64.0,64.6,51.8,44.0,64.1,17.2,8.3,58.8,94.7,97.9,0.0,70.6,45.9,51.2,35,58,30,35,15,61.04
9013,Africa,4435,Zambia,2018,53.4,10.7,57.9,41.8,66.1,66.3,52.2,44.1,66.8,19.3,8.3,59.2,95.0,97.9,0.0,68.9,44.9,55.6,30,58,25,30,15,60.79
9014,Africa,4436,Zambia,2019,53.4,10.4,58.7,42.8,66.1,65.9,52.6,44.5,66.4,18.9,8.3,57.1,94.9,97.9,0.0,68.9,45.4,55.3,35,60,30,45,20,60.54
9015,Africa,4437,Zambia,2020,53.6,9.4,59.1,45.9,66.7,66.2,52.9,44.7,65.3,19.8,8.3,56.9,94.9,98.0,0.0,68.9,44.4,55.2,30,55,25,35,30,60.28
9016,Africa,4438,Zambia,2021,53.2,9.7,59.4,44.9,66.7,65.1,52.9,44.7,65.1,20.2,8.3,54.5,94.9,98.0,0.0,68.4,43.9,55.2,38,48,32,30,10,
9017,Africa,4439,Zambia,2022,54.3,9.9,59.5,45.6,66.7,65.1,52.9,44.7,65.1,20.2,8.3,58.1,94.9,98.0,0.0,68.4,44.1,54.9,35,65,20,43,5,
9018,Africa,4440,Zimbabwe,2000,52.0,31.3,44.4,26.7,60.1,57.1,56.1,34.3,60.4,13.8,37.0,68.6,93.6,96.9,0.0,70.6,42.7,38.0,73,40,12,15,7,47.48
9019,Africa,4441,Zimbabwe,2001,52.0,31.3,43.6,24.3,61.9,57.7,55.8,35.8,60.6,13.8,37.0,68.6,93.4,97.1,0.0,70.6,42.7,38.0,60,20,10,15,10,47.36
9020,Africa,4442,Zimbabwe,2002,52.0,31.3,40.9,24.2,60.5,57.8,55.3,37.0,60.7,13.8,37.0,68.4,93.3,97.2,0.0,74.0,42.6,38.0,70,20,15,14,8,47.24
9021,Africa,4443,Zimbabwe,2003,52.1,31.3,41.0,22.6,60.2,58.5,55.4,38.9,60.9,13.8,37.0,68.0,93.8,97.4,0.0,74.0,43.1,38.0,55,30,10,15,8,47.12
9022,Africa,4444,Zimbabwe,2004,52.5,31.3,45.8,22.1,60.2,59.1,55.5,39.9,61.1,13.7,37.0,67.8,93.8,97.5,0.0,74.0,43.3,38.0,40,15,10,10,5,47.0
9023,Africa,4445,Zimbabwe,2005,52.4,31.3,41.6,21.4,60.2,62.8,55.5,38.8,61.1,13.8,37.0,67.6,94.3,97.4,0.0,74.0,43.2,38.0,60,30,8,13,7,46.88
9024,Africa,4446,Zimbabwe,2006,52.5,31.3,42.8,20.3,60.2,63.7,55.4,38.8,61.0,13.8,37.0,67.4,94.8,97.4,0.0,74.0,44.5,38.0,65,37,12,15,5,46.76
9025,Africa,4447,Zimbabwe,2007,52.2,31.3,42.2,18.3,60.2,64.0,55.4,38.5,60.9,14.0,37.0,65.3,94.7,97.5,0.0,73.9,43.6,38.0,75,60,12,11,8,46.64
9026,Africa,4448,Zimbabwe,2008,51.9,31.3,40.2,17.9,60.2,64.2,55.1,39.7,60.8,14.0,37.0,62.7,94.9,97.8,0.0,73.9,43.2,38.0,75,45,7,12,10,46.52
9027,Africa,4449,Zimbabwe,2009,52.9,31.3,44.0,19.5,60.2,64.6,54.9,42.3,60.8,14.0,37.0,70.0,94.7,97.8,0.0,73.9,44.3,38.0,69,25,12,25,10,46.4
9028,Africa,4450,Zimbabwe,2010,53.8,31.3,43.5,24.8,60.2,65.2,54.6,40.1,60.7,15.1,37.0,71.0,94.7,97.7,0.0,73.9,44.9,45.9,50,25,10,15,5,46.28
9029,Africa,4451,Zimbabwe,2011,53.8,31.3,43.1,27.1,60.2,65.8,54.3,38.7,60.5,17.1,37.0,73.6,93.4,95.3,0.0,73.9,44.1,45.9,55,40,10,18,5,46.17
9030,Africa,4452,Zimbabwe,2012,55.8,39.8,45.9,29.5,65.4,66.3,54.1,41.4,60.6,20.2,37.0,71.3,93.6,94.9,0.0,73.8,45.7,53.0,30,40,14,25,15,46.05
9031,Africa,4453,Zimbabwe,2013,56.2,34.4,45.4,30.7,64.0,73.4,53.8,38.6,60.7,22.6,37.0,73.2,93.5,95.2,0.0,78.1,45.3,52.9,50,40,12,20,8,45.93
9032,Africa,4454,Zimbabwe,2014,56.3,31.0,46.1,33.2,63.5,74.1,53.5,36.6,59.7,23.6,37.0,74.0,93.7,95.4,0.0,78.0,46.5,54.3,55,40,15,23,10,45.81
9033,Africa,4455,Zimbabwe,2015,56.3,37.0,44.6,35.1,58.4,75.0,53.3,36.5,60.9,24.6,37.0,75.8,93.6,94.2,0.0,78.0,46.5,50.7,43,55,15,26,10,45.69
9034,Africa,4456,Zimbabwe,2016,56.1,29.1,43.7,36.9,60.8,75.8,53.0,37.6,60.6,25.4,37.0,76.1,93.5,94.8,0.0,78.0,46.2,48.6,38,45,10,25,15,45.57
9035,Africa,4457,Zimbabwe,2017,56.4,27.6,46.4,38.5,59.6,77.2,52.8,39.2,63.6,25.7,32.4,75.7,94.5,94.9,0.0,78.0,44.9,51.9,40,55,15,30,15,45.45
9036,Africa,4458,Zimbabwe,2018,55.9,26.4,46.6,39.8,57.9,76.7,51.6,40.6,63.8,23.5,32.4,79.2,94.6,94.1,0.0,76.4,45.5,45.6,35,43,18,25,5,45.33
9037,Africa,4459,Zimbabwe,2019,53.7,21.4,46.0,40.6,60.6,77.0,51.3,39.9,62.8,23.8,24.0,58.6,94.6,94.2,0.0,76.4,44.0,44.5,40,40,15,25,15,45.21
9038,Africa,4460,Zimbabwe,2020,54.3,20.1,47.2,41.5,62.0,77.0,51.1,41.6,62.9,25.4,24.0,60.0,94.6,94.3,0.0,76.4,44.6,46.0,55,58,15,22,0,45.09
9039,Africa,4461,Zimbabwe,2021,54.8,20.8,48.4,41.9,62.5,77.1,51.1,41.6,63.1,27.0,24.0,61.2,94.5,94.3,0.0,77.9,43.1,48.1,50,38,22,28,15,
9040,Africa,4462,Zimbabwe,2022,55.6,21.5,48.5,41.9,62.5,77.2,51.1,41.6,63.2,27.0,24.0,65.7,94.5,94.3,0.0,77.9,40.5,47.8,38,50,15,33,10,
