Item ID,continent,index,iso3,country,year,sdg_index_score,goal_1_score,goal_2_score,goal_3_score,goal_4_score,goal_5_score,goal_6_score,goal_7_score,goal_8_score,goal_9_score,goal_10_score,goal_11_score,goal_12_score,goal_13_score,goal_14_score,goal_15_score,goal_16_score,goal_17_score,discrimination_level_judge_score,ethnic_fractionalization_level_judge_score,media_freedom_score_judge_score,political_stability_judge_score,religiosity_level_judge_score,forest_share_pct,gdp,population,gdp_per_capita
4579,Asia,1,AFG,Afghanistan,2000,36.0,28.8,27.3,19.2,1.6,20.8,32.4,21.0,38.5,5.2,0.0,25.8,94.7,99.4,0.0,51.9,39.2,34.2,90,12,5,5,20,1.85,418236762600.0,20130327.0,16377032684.0049
4580,Asia,2,AFG,Afghanistan,2001,36.3,28.8,30.6,19.4,1.6,20.8,32.4,22.3,38.5,5.2,0.0,25.8,94.5,99.4,0.0,51.9,39.2,34.2,85,72,5,5,85,1.85,378788779600.0,20284307.0,15166333854.9981
4581,Asia,3,AFG,Afghanistan,2002,36.3,28.8,30.7,19.7,1.6,20.8,32.7,21.5,38.4,5.2,0.0,26.1,94.1,99.4,0.0,51.8,39.2,34.2,78,63,13,12,10,1.85,487122375000.0,21378117.0,19806995164.3761
4582,Asia,4,AFG,Afghanistan,2003,36.7,28.8,32.5,19.9,1.6,20.8,33.0,24.5,38.4,5.2,0.0,26.5,94.4,99.4,0.0,51.8,39.2,34.2,75,64,12,11,15,1.85,530146376400.0,22733049.0,21981995255.8636
4583,Asia,5,AFG,Afghanistan,2004,37.1,28.8,32.1,21.1,1.6,20.8,33.3,28.0,38.5,5.2,0.0,26.8,94.8,99.4,0.0,51.8,39.2,34.2,70,65,7,17,40,1.85,537643271700.0,23560654.0,22892320780.0904
4584,Asia,6,AFG,Afghanistan,2005,37.5,28.8,35.9,22.6,1.6,20.8,33.6,27.4,38.4,5.2,0.0,26.9,95.7,99.4,0.0,51.8,39.2,34.2,70,70,10,12,10,1.85,598019077900.0,24404567.0,26261445894.5918
4585,Asia,7,AFG,Afghanistan,2006,37.6,28.8,36.5,22.7,1.6,20.8,33.9,27.5,38.5,5.2,0.0,27.3,95.9,99.3,0.0,51.8,39.2,34.7,75,66,8,12,10,1.85,630057371400.0,25424094.0,28521625037.4871
4586,Asia,8,AFG,Afghanistan,2007,38.0,28.8,39.5,24.4,1.6,21.0,34.6,27.6,38.5,5.2,0.0,27.6,96.2,99.3,0.0,51.8,39.2,34.8,85,72,9,8,8,1.85,717171116900.0,25909852.0,33344679966.8373
4587,Asia,9,AFG,Afghanistan,2008,37.3,28.8,37.8,25.9,1.6,21.0,35.7,14.2,38.5,5.2,0.0,28.0,96.3,99.2,0.0,51.8,39.2,36.0,75,70,10,9,10,1.85,745319967200.0,26482622.0,35321124705.4034
4588,Asia,10,AFG,Afghanistan,2009,38.3,28.8,43.0,28.1,1.6,20.8,36.9,15.4,38.5,5.4,0.0,30.3,96.6,99.1,0.0,53.0,39.9,36.7,70,78,14,11,10,1.85,904747846400.0,27466101.0,43140953896.0125
4589,Asia,11,AFG,Afghanistan,2010,38.8,28.8,43.2,31.4,1.6,21.0,38.0,15.2,38.5,5.5,0.0,29.9,96.3,99.0,0.0,53.0,43.8,36.6,75,68,12,14,15,1.85,1034691726300.0,28284089.0,49936634725.4957
4590,Asia,12,AFG,Afghanistan,2011,38.4,27.9,42.0,30.6,1.6,21.0,39.2,15.7,38.5,5.6,0.0,25.9,96.0,98.8,0.0,53.0,43.0,36.9,80,70,8,11,15,1.85,1039103183900.0,29347708.0,51184181904.4289
4591,Asia,13,AFG,Afghanistan,2012,39.7,30.5,44.3,30.4,1.6,21.0,40.4,23.9,38.5,6.5,0.0,31.4,96.1,98.9,0.0,53.0,43.5,35.3,78,72,15,13,5,1.85,1171612605100.0,30560034.0,60766467131.1993
4592,Asia,14,AFG,Afghanistan,2013,39.7,31.0,44.2,29.6,1.6,21.3,41.6,24.5,38.5,6.6,0.0,28.9,96.0,99.0,0.0,53.0,44.3,35.6,73,70,10,14,7,1.85,1237231635500.0,31622704.0,67458857272.9888
4593,Asia,15,AFG,Afghanistan,2014,40.8,30.7,44.3,30.9,1.6,21.8,42.9,31.6,38.7,5.8,0.0,33.6,96.3,99.1,0.0,53.0,45.3,36.0,75,63,12,14,10,1.85,1270940547900.0,32792523.0,72946664022.0665
4594,Asia,16,AFG,Afghanistan,2015,41.6,30.1,45.0,33.4,17.5,22.4,44.1,26.6,39.1,6.4,0.0,31.3,96.6,99.1,0.0,53.0,44.3,35.5,82,63,11,11,85,1.85,1289385894400.0,33831764.0,77274315044.0326
4595,Asia,17,AFG,Afghanistan,2016,44.7,29.8,44.3,34.4,37.4,24.8,45.4,36.5,38.5,8.0,0.0,36.0,96.5,99.2,0.0,56.5,45.7,38.2,78,63,15,11,10,1.85,1318530066900.0,34700612.0,76798750471.4042
4596,Asia,18,AFG,Afghanistan,2017,45.6,29.6,43.5,35.1,38.9,27.1,46.6,38.3,39.9,8.8,0.0,33.6,96.6,99.1,0.0,60.9,45.5,40.1,75,63,12,9,10,1.85,1353431600000.0,35688935.0,83362066704.4832
4597,Asia,19,AFG,Afghanistan,2018,46.3,29.1,47.8,36.9,40.2,29.0,47.9,35.4,40.8,9.5,0.0,32.8,96.7,99.0,0.0,60.9,45.6,42.1,78,66,11,10,75,1.85,1369526989300.0,36743039.0,89369237677.5116
4598,Asia,20,AFG,Afghanistan,2019,46.4,29.4,47.0,36.5,42.0,30.8,49.2,35.6,40.6,9.7,0.0,29.8,96.7,99.0,0.0,60.9,46.1,42.0,75,65,20,12,20,1.85,1423097453800.0,37856121.0,97800733345.013
4599,Asia,21,AFG,Afghanistan,2020,47.3,27.9,46.0,37.6,42.0,30.2,50.4,35.9,41.1,9.8,0.0,30.2,96.7,99.0,0.0,73.2,45.3,44.1,80,55,10,7,60,1.85,1389639000000.0,39068979.0,100094011602.726
4600,Asia,22,AFG,Afghanistan,2021,46.3,20.0,46.7,37.5,34.4,32.9,50.4,35.9,39.5,9.7,0.0,29.4,96.7,99.0,0.0,73.2,44.6,45.3,91,70,10,5,70,,1101444000000.0,40000412.0,85767546197.7544
4601,Asia,23,AFG,Afghanistan,2022,49.0,12.4,46.9,37.5,34.4,32.9,50.4,35.9,39.5,9.7,0.0,24.5,96.7,99.0,0.0,73.2,44.8,45.3,85,75,11,6,75,,1032712000000.0,40578842.0,86148711748.6848
4602,Europe,24,ALB,Albania,2000,65.9,96.4,47.0,73.6,81.7,36.7,68.8,75.0,61.2,17.6,84.4,74.8,84.3,90.0,35.2,66.7,66.1,60.0,12,42,22,14,5,28.08,809106839400.0,3089027.0,12284832047.454
4603,Europe,25,ALB,Albania,2001,65.9,96.4,46.2,74.7,82.8,37.3,69.0,73.4,61.5,17.6,84.4,74.6,84.4,89.9,36.0,66.5,65.4,60.0,25,25,23,20,10,28.12,880823890400.0,3060173.0,13620831625.4925
4604,Europe,26,ALB,Albania,2002,65.7,96.4,45.4,74.6,82.8,37.4,69.3,71.9,61.8,17.6,84.4,75.2,83.9,89.4,35.5,66.4,65.4,59.1,15,25,18,15,5,28.17,921591907000.0,3051010.0,14767949791.1299
4605,Europe,27,ALB,Albania,2003,65.7,96.4,43.7,74.2,81.2,37.5,69.6,72.8,62.3,17.6,84.4,75.0,83.8,88.9,37.3,66.3,65.8,59.5,10,30,25,35,7,28.22,970742838800.0,3039616.0,15714336013.2424
4606,Europe,28,ALB,Albania,2004,66.2,96.4,44.1,75.0,80.8,38.0,69.9,74.8,62.7,17.7,84.4,75.5,83.1,89.0,38.2,69.6,65.7,60.2,15,25,24,20,8,28.26,1021864697500.0,3026939.0,16937390277.8523
4607,Europe,29,ALB,Albania,2005,66.5,96.4,44.2,74.9,80.8,38.5,70.2,75.8,62.9,18.2,88.1,75.4,83.2,88.9,38.0,70.2,65.0,60.0,20,25,20,20,8,28.31,1074294755500.0,3011487.0,18112067040.7321
4608,Europe,30,ALB,Albania,2006,66.6,96.4,44.6,74.6,80.8,38.6,70.5,74.2,63.1,18.8,88.1,75.9,83.3,89.2,38.0,70.3,65.5,59.7,30,30,30,30,5,28.36,1138956355300.0,2992547.0,20212730164.5506
4609,Europe,31,ALB,Albania,2007,66.8,96.4,45.6,75.2,82.3,38.7,70.8,73.0,62.8,19.6,88.1,75.8,82.9,89.1,39.2,72.1,63.6,59.6,30,35,28,18,10,28.4,1212989573200.0,2970017.0,22527491884.8191
4610,Europe,32,ALB,Albania,2008,67.5,96.4,48.1,75.7,80.8,38.8,71.1,76.4,64.4,21.3,89.8,77.9,83.2,88.7,39.2,72.6,63.6,59.3,30,35,30,22,7,28.45,1296771518800.0,2947314.0,24961568935.6313
4611,Europe,33,ALB,Albania,2009,68.0,96.4,47.3,77.6,78.0,43.9,71.3,79.0,64.1,24.0,89.8,77.3,83.1,88.7,39.2,72.5,64.2,59.5,20,25,32,20,8,28.5,1331664418200.0,2927519.0,26423570170.6128
4612,Europe,34,ALB,Albania,2010,69.2,96.4,49.4,79.1,79.7,44.3,71.6,80.6,63.9,24.9,89.8,78.4,83.5,88.3,44.8,79.2,63.2,59.7,10,40,33,25,15,28.54,1371256857800.0,2913021.0,28419225351.3526
4613,Europe,35,ALB,Albania,2011,69.6,96.3,49.7,80.2,83.5,44.3,71.9,78.4,64.2,26.6,89.8,79.0,83.2,87.3,44.8,79.8,65.2,58.6,33,32,32,20,5,28.59,1405038001400.0,2905195.0,29846424480.4471
4614,Europe,36,ALB,Albania,2012,70.7,95.9,50.5,81.2,87.7,46.1,72.1,81.9,64.3,30.9,93.6,78.4,83.3,89.1,44.8,80.4,64.0,57.8,35,35,34,25,8,28.65,1418865400200.0,2900401.0,30348654006.3871
4615,Europe,37,ALB,Albania,2013,70.6,94.3,50.8,80.1,90.2,48.3,72.4,83.9,62.9,33.1,93.6,72.0,83.3,88.7,46.5,80.6,61.9,58.4,10,35,34,25,15,28.7,1443088672100.0,2895092.0,30653691163.574
4616,Europe,38,ALB,Albania,2014,69.6,92.0,50.3,80.4,93.1,49.5,72.6,81.1,63.2,34.0,75.1,76.5,83.0,88.2,44.6,80.5,60.4,59.5,25,40,40,20,8,28.75,1475417133500.0,2889104.0,32696809829.5528
4617,Europe,39,ALB,Albania,2015,70.9,96.7,50.2,80.7,93.6,51.5,72.8,83.2,61.6,35.8,81.5,76.5,82.4,91.1,43.1,80.4,63.1,60.5,30,45,35,33,10,28.8,1508285061100.0,2880703.0,33840534295.4171
4618,Europe,40,ALB,Albania,2016,71.1,96.5,49.5,80.9,96.5,53.7,73.0,84.7,62.6,35.0,78.5,75.8,82.0,91.0,44.5,80.3,63.3,61.1,40,44,40,42,20,28.8,1567242951500.0,2876101.0,35112520544.852
4619,Europe,41,ALB,Albania,2017,71.9,96.7,56.9,81.7,93.8,55.5,73.3,81.5,64.3,37.0,81.0,77.5,81.8,89.9,45.1,80.1,62.6,62.8,30,40,40,33,8,28.8,1618698294900.0,2873457.0,37368669301.9669
4620,Europe,42,ALB,Albania,2018,73.5,97.4,57.6,82.5,96.1,56.1,73.5,84.6,65.6,38.7,90.5,80.6,81.8,90.3,45.4,80.2,64.1,65.4,25,35,20,28,5,28.8,1678127496200.0,2866376.0,39259416336.6027
4621,Europe,43,ALB,Albania,2019,73.7,98.5,58.3,82.6,95.2,57.4,73.6,84.2,66.1,39.3,88.1,78.1,81.7,90.3,49.4,80.1,63.4,65.7,25,50,35,25,8,28.79,1712740183100.0,2854191.0,42219281243.0817
4622,Europe,44,ALB,Albania,2020,73.7,98.4,59.0,82.7,94.3,57.3,73.7,84.3,65.1,41.3,88.1,76.6,81.7,90.5,50.3,79.9,63.5,65.9,40,35,44,39,10,28.79,1655984146200.0,2837849.0,41182971627.7157
4623,Europe,45,ALB,Albania,2021,73.7,98.5,59.1,82.1,86.8,60.7,73.7,84.3,66.1,43.6,88.1,77.4,81.7,90.6,50.2,79.8,63.6,66.1,43,40,30,46,15,,1804518905900.0,2811666.0,45345719391.0897
4624,Europe,46,ALB,Albania,2022,73.5,98.6,59.3,81.9,86.8,60.8,73.7,84.3,66.2,43.6,88.1,77.4,81.7,90.6,50.2,79.6,60.7,66.1,35,45,40,46,5,,1891617549900.0,2777689.0,54015565957.2178
4625,Africa,47,DZA,Algeria,2000,65.3,95.4,48.7,69.4,71.5,29.6,60.9,58.1,59.3,19.2,97.0,71.7,89.8,89.2,66.1,54.5,64.5,65.6,35,30,20,23,8,0.66,4453987378700.0,30903893.0,283908375690.268
4626,Africa,48,DZA,Algeria,2001,66.1,95.4,51.2,70.0,73.5,30.4,60.5,59.6,59.3,19.3,97.0,71.5,89.8,89.2,69.1,60.3,64.5,63.4,20,40,17,20,10,0.68,4587607000000.0,31331221.0,299010145324.46
4627,Africa,49,DZA,Algeria,2002,66.0,95.4,45.6,70.4,75.9,32.5,59.9,59.6,59.3,19.8,97.0,71.3,89.3,89.0,69.3,60.3,64.5,63.3,10,38,20,35,10,0.69,4835337778000.0,31750835.0,320054211340.025
4628,Africa,50,DZA,Algeria,2003,66.6,95.4,48.1,70.9,76.4,33.2,59.4,59.9,60.5,19.2,97.0,71.1,89.5,89.0,69.8,62.3,64.5,65.5,50,45,25,40,5,0.71,5149634733600.0,32175818.0,347587339467.358
4629,Africa,51,DZA,Algeria,2004,67.2,95.4,47.4,71.0,77.1,33.8,59.0,61.4,63.9,19.6,97.0,70.9,89.4,89.2,69.9,69.3,64.5,64.2,35,25,25,35,7,0.72,5381368296600.0,32628286.0,372996309553.193
4630,Africa,52,DZA,Algeria,2005,67.7,95.4,47.4,72.0,80.3,34.5,58.6,60.0,65.3,19.4,97.0,71.0,89.7,88.3,71.4,69.6,64.5,67.1,10,37,35,18,5,0.73,5671962184600.0,33109249.0,405464777070.416
4631,Africa,53,DZA,Algeria,2006,68.4,95.4,53.7,73.2,79.3,35.4,58.2,61.3,67.0,19.8,97.0,70.8,89.6,88.7,71.4,69.6,64.6,67.1,30,40,30,20,10,0.75,5836449087900.0,33623506.0,430089739623.741
4632,Africa,54,DZA,Algeria,2007,68.3,95.4,52.8,73.4,77.7,36.6,57.7,61.7,66.1,20.2,97.0,70.6,89.4,88.4,71.0,69.6,64.7,68.0,35,45,20,40,20,0.76,6017379009700.0,34189416.0,455435983850.628
4633,Africa,55,DZA,Algeria,2008,68.3,95.4,51.3,73.3,77.8,37.0,57.3,62.7,67.5,20.4,97.0,70.4,89.1,88.4,70.5,70.9,64.6,67.8,53,50,30,45,10,0.78,6167813484900.0,34816961.0,475816185949.483
4634,Africa,56,DZA,Algeria,2009,68.8,95.4,54.1,73.9,80.8,37.5,57.4,61.3,68.1,20.8,97.0,70.3,89.2,88.0,69.0,72.7,64.7,69.8,40,30,20,52,15,0.79,6241827246700.0,35490445.0,484495939553.449
4635,Africa,57,DZA,Algeria,2010,69.0,95.4,54.6,76.0,79.6,37.9,57.5,63.4,68.2,21.0,97.0,70.4,89.4,88.2,65.0,72.7,67.4,69.0,10,40,18,48,10,0.81,6541434954600.0,36188236.0,513922383993.713
4636,Africa,58,DZA,Algeria,2011,69.4,96.1,54.6,75.9,81.8,38.5,57.6,64.3,68.2,21.4,97.0,70.2,89.0,88.0,63.3,73.3,68.7,71.8,8,40,25,18,10,0.81,6737678003200.0,36903376.0,540260920347.765
4637,Africa,59,DZA,Algeria,2012,71.2,96.4,55.5,76.8,90.8,51.8,57.7,64.4,67.7,21.8,97.0,71.9,89.2,87.8,63.6,73.3,68.8,75.5,30,30,30,35,10,0.81,6899382275300.0,37646166.0,543660681589.814
4638,Africa,60,DZA,Algeria,2013,71.2,96.8,56.0,77.3,86.4,53.0,57.8,64.4,68.3,22.6,97.0,71.6,89.1,87.4,65.5,73.3,69.5,74.8,63,40,20,35,5,0.81,7078766214500.0,38414171.0,552043162307.88
4639,Africa,61,DZA,Algeria,2014,71.8,97.0,53.9,78.6,84.6,53.0,57.8,64.4,70.7,30.0,97.0,72.9,88.9,86.8,66.6,73.3,69.5,75.6,47,42,25,55,10,0.82,7368995629200.0,39205031.0,576084364271.011
4640,Africa,62,DZA,Algeria,2015,72.2,97.2,55.1,79.4,83.6,54.1,57.8,64.6,70.2,34.3,97.0,72.2,89.0,87.5,65.1,73.3,69.2,77.0,40,30,28,52,15,0.82,7604803489400.0,40019529.0,552563707134.997
4641,Africa,63,DZA,Algeria,2016,71.9,97.3,54.3,77.3,84.5,54.9,57.9,65.1,70.8,39.0,97.0,65.3,89.1,88.0,64.9,73.3,68.0,75.2,35,38,25,60,5,0.82,7901390825500.0,40850721.0,548945698735.394
4642,Africa,64,DZA,Algeria,2017,72.0,97.3,54.2,77.0,84.6,52.3,57.9,65.6,69.5,43.5,97.0,68.6,89.2,88.0,63.2,73.3,68.5,74.6,45,30,30,30,10,0.82,8019911687800.0,41689299.0,562537088659.901
4643,Africa,65,DZA,Algeria,2018,71.7,97.4,57.1,75.8,88.1,49.4,58.0,65.2,69.5,44.7,97.0,68.7,89.3,88.4,63.5,61.8,69.2,75.8,65,33,30,35,5,0.82,8132190451500.0,42505035.0,583471998103.511
4644,Africa,66,DZA,Algeria,2019,70.8,97.5,58.0,75.8,76.9,49.9,58.0,65.4,69.2,47.9,97.0,62.2,89.2,88.3,64.8,62.1,64.0,77.0,10,30,25,28,10,0.82,8205380165500.0,43294546.0,601470923945.205
4645,Africa,67,DZA,Algeria,2020,71.3,97.1,57.6,77.0,77.0,49.8,58.0,65.5,66.8,49.9,97.0,67.1,89.2,88.7,64.8,62.0,66.2,77.8,30,35,25,37,7,0.82,7795111157300.0,44042091.0,558300141593.952
4646,Africa,68,DZA,Algeria,2021,71.0,97.3,57.5,76.8,69.3,40.9,58.0,65.5,67.4,53.2,97.0,64.7,89.2,88.6,64.8,67.1,67.7,81.3,35,28,25,32,15,,8091325381200.0,44761099.0,648895630480.26
4647,Africa,69,DZA,Algeria,2022,70.8,97.7,57.6,77.3,70.1,41.0,58.0,65.5,67.5,53.9,97.0,62.6,89.2,88.6,64.8,67.1,65.3,81.1,45,35,18,50,10,,8382613095000.0,45477389.0,720184226953.646
4671,Africa,93,AGO,Angola,2000,47.8,55.1,44.4,21.9,35.6,37.4,43.6,14.1,63.5,5.3,15.5,50.6,94.3,93.8,68.5,67.1,39.6,62.4,15,40,15,25,15,62.33,561760112000.0,16194869.0,53876764896.2744
4672,Africa,94,AGO,Angola,2001,47.7,55.1,45.2,21.9,35.6,37.9,44.3,13.1,63.5,5.3,15.5,50.6,94.1,93.8,65.0,67.1,39.6,64.0,35,55,12,19,15,61.89,585387734200.0,16747208.0,57406983088.1413
4673,Africa,95,AGO,Angola,2002,47.4,55.1,45.9,22.7,35.6,38.3,45.0,14.9,63.6,5.3,15.5,50.6,94.3,93.4,67.7,67.1,39.6,51.6,40,66,15,20,10,61.44,665385000000.0,17327699.0,66266055980.4367
4674,Africa,96,AGO,Angola,2003,47.8,55.1,46.9,22.9,35.6,38.8,45.6,15.2,63.6,5.3,15.5,51.0,94.2,94.0,67.9,67.1,39.6,54.4,55,60,15,35,10,61.0,685280011500.0,17943712.0,69594829726.7681
4675,Africa,97,AGO,Angola,2004,47.7,55.1,47.4,23.1,35.6,39.1,46.3,15.5,63.6,5.3,15.5,51.4,94.2,92.7,67.4,67.1,39.6,52.8,20,60,20,18,12,60.55,760318172800.0,18600423.0,79291855043.3756
4676,Africa,98,AGO,Angola,2005,47.8,55.1,48.4,23.3,35.6,39.5,46.9,17.8,63.6,5.3,15.5,51.9,94.1,92.7,66.7,67.1,39.6,48.9,20,35,10,38,5,60.11,874593994100.0,19291161.0,94069250793.3624
4677,Africa,99,AGO,Angola,2006,48.6,55.1,48.2,23.8,35.6,40.0,47.5,19.8,63.7,5.3,15.5,50.6,94.2,92.4,66.1,67.1,39.6,62.4,30,63,10,20,8,59.66,975609600400.0,20015279.0,108170250183.937
4678,Africa,100,AGO,Angola,2007,49.0,55.1,48.3,25.9,35.6,40.5,48.0,20.3,63.7,5.3,15.5,51.0,93.8,92.2,66.5,67.1,39.6,64.0,10,40,18,33,5,59.21,1112292505500.0,20778561.0,126666092623.102
4679,Africa,101,AGO,Angola,2008,51.4,55.1,48.7,26.3,35.6,52.3,48.6,24.9,63.6,5.3,39.4,49.7,93.4,92.2,68.2,67.1,39.6,64.3,10,47,10,25,7,58.77,1236535578300.0,21578655.0,143527785551.207
4680,Africa,102,AGO,Angola,2009,50.9,55.1,52.5,26.7,35.0,53.5,49.1,24.2,63.7,5.3,39.4,50.1,93.3,92.1,67.9,67.1,39.6,51.1,30,60,12,30,10,58.32,1247169784300.0,22414773.0,145654989373.802
4681,Africa,103,AGO,Angola,2010,51.8,55.1,55.1,29.6,35.3,53.9,49.7,25.3,60.5,5.4,39.4,49.4,93.7,92.1,68.8,67.1,39.6,60.6,35,60,15,32,8,57.88,1302025000000.0,23294825.0,153909425850.932
4682,Africa,104,AGO,Angola,2011,52.5,55.0,57.3,31.2,36.1,54.1,50.2,25.3,61.7,5.7,39.4,49.8,93.6,91.5,67.5,67.1,43.3,64.1,30,66,15,45,8,57.43,1347232000000.0,24218352.0,162538811659.181
4683,Africa,105,AGO,Angola,2012,52.4,54.5,55.1,30.7,36.1,52.5,50.8,26.4,61.3,12.0,39.4,48.4,93.7,91.9,67.5,67.1,41.8,60.8,35,43,18,35,10,56.99,1462314000000.0,25177394.0,185178296910.381
4684,Africa,106,AGO,Angola,2013,53.1,53.1,57.6,31.1,36.1,52.3,51.3,31.8,60.8,13.3,39.4,48.1,93.5,91.8,66.8,67.1,45.5,62.9,42,55,15,35,6,56.54,1534766000000.0,26165620.0,197839278641.871
4685,Africa,107,AGO,Angola,2014,52.0,53.7,55.4,32.0,38.5,54.2,51.9,27.0,58.9,12.5,39.4,44.8,93.4,90.4,65.8,67.1,42.9,56.1,35,50,18,35,15,56.1,1608781000000.0,27160769.0,217021998765.783
4686,Africa,108,AGO,Angola,2015,52.2,49.7,58.4,33.1,38.5,53.6,52.4,34.1,58.9,12.8,39.4,45.4,93.7,91.7,69.7,67.1,42.2,46.4,30,58,17,40,10,55.65,1623961000000.0,28157798.0,200475818990.044
4687,Africa,109,AGO,Angola,2016,52.1,47.6,58.1,32.7,42.2,53.1,52.9,34.9,58.9,13.1,39.4,44.2,94.1,94.4,68.6,67.1,42.6,42.6,20,50,18,40,12,55.21,1582062000000.0,29183070.0,199721223732.138
4688,Africa,110,AGO,Angola,2017,52.1,44.2,57.5,33.0,42.2,49.9,53.5,36.5,58.9,13.6,39.4,44.5,94.0,94.9,69.3,67.1,42.6,43.8,20,63,18,20,7,54.76,1579733000000.0,30234839.0,211424030475.15
4689,Africa,111,AGO,Angola,2018,50.9,38.4,57.1,34.4,42.2,49.9,54.0,41.3,59.0,12.8,16.5,43.2,94.1,96.0,67.4,66.2,43.0,50.3,25,55,18,30,7,54.32,1558938000000.0,31297155.0,229965233516.952
4690,Africa,112,AGO,Angola,2019,50.7,34.1,56.2,35.3,42.2,49.8,54.1,43.1,57.6,13.6,16.5,43.2,94.1,96.2,67.7,66.2,42.6,49.8,10,40,15,40,7,53.87,1547990000000.0,32375632.0,243736138717.595
4691,Africa,113,AGO,Angola,2020,50.8,31.1,55.1,35.1,42.2,49.8,54.3,43.6,58.7,13.5,16.5,43.2,94.1,96.3,67.5,66.2,44.0,51.9,25,58,15,33,10,53.43,1460711000000.0,33451132.0,215784887951.053
4692,Africa,114,AGO,Angola,2021,51.0,32.8,54.9,35.2,44.6,49.7,54.3,43.6,58.8,13.7,16.5,43.2,94.1,96.3,67.4,66.3,44.4,50.8,20,59,15,40,7,,1478228000000.0,34532429.0,255820605533.992
4693,Africa,115,AGO,Angola,2022,50.8,33.2,54.8,35.2,44.6,49.7,54.3,43.6,59.0,13.7,16.5,43.2,94.1,96.3,67.4,66.3,41.6,50.4,40,60,21,60,8,,1523236000000.0,35635029.0,282403642417.848
4717,South America,139,ARG,Argentina,2000,66.2,96.3,67.9,76.6,94.5,71.6,75.2,68.3,66.8,24.8,16.8,76.0,78.6,89.0,60.9,53.6,53.1,55.8,30,30,30,21,5,12.2,479956106900.0,37213984.0,427960175928.847
4718,South America,140,ARG,Argentina,2001,66.1,96.3,68.2,76.6,94.6,71.6,75.4,69.9,65.6,25.2,13.7,76.1,78.9,89.4,59.7,53.8,53.1,56.0,15,30,24,6,8,12.08,458795611600.0,37624825.0,418303583400.374
4719,South America,141,ARG,Argentina,2002,66.3,96.3,68.7,78.3,94.5,73.8,75.6,70.3,64.3,25.4,13.0,76.3,79.6,89.9,59.9,54.0,52.8,53.9,30,20,17,9,8,11.97,408812193300.0,38029349.0,378523791536.921
4720,South America,142,ARG,Argentina,2003,66.7,96.3,67.8,79.1,93.2,73.8,75.8,70.1,66.7,25.6,17.0,76.4,78.9,89.5,61.2,54.6,53.2,55.3,20,25,50,35,5,11.85,444939093600.0,38424282.0,420107758525.601
4721,South America,143,ARG,Argentina,2004,67.0,96.3,68.7,79.2,92.5,75.3,76.0,69.2,67.7,26.3,20.6,76.7,78.4,88.6,61.2,54.8,53.7,54.8,20,15,25,30,10,11.73,485115195200.0,38815916.0,470358838992.398
4722,South America,144,ARG,Argentina,2005,67.8,96.3,68.8,79.9,92.9,76.5,76.2,69.7,68.8,26.6,21.5,76.7,78.4,88.5,66.3,55.2,53.8,55.6,20,40,40,18,7,11.62,528055942500.0,39216789.0,528046724347.489
4723,South America,145,ARG,Argentina,2006,67.9,96.3,67.2,79.1,92.2,75.9,76.4,69.9,69.6,27.5,23.5,77.0,78.1,88.0,67.2,55.2,54.4,56.7,30,28,30,50,5,11.5,570549404200.0,39622115.0,588133949216.688
4724,South America,146,ARG,Argentina,2007,68.1,96.3,68.0,78.3,91.7,78.5,76.6,69.3,70.5,28.3,23.7,76.2,77.5,88.1,67.2,55.2,53.7,58.3,30,43,45,45,7,11.39,621942502600.0,40016763.0,658480356265.582
4725,South America,147,ARG,Argentina,2008,68.3,96.3,67.9,78.1,92.2,78.5,76.7,69.1,70.8,28.8,27.5,74.9,78.0,87.6,65.2,55.5,53.0,60.2,25,35,34,45,7,11.27,647176159700.0,40424148.0,698398185512.872
4726,South America,148,ARG,Argentina,2009,69.3,96.3,65.0,79.7,92.6,77.7,76.9,70.1,70.4,30.4,34.2,80.6,79.5,88.0,63.0,56.8,53.1,64.3,30,30,45,35,5,11.16,608872876400.0,40854831.0,661115953562.315
4727,South America,149,ARG,Argentina,2010,69.9,96.3,68.8,80.0,93.4,77.7,77.1,70.5,70.9,32.0,34.7,83.0,78.7,87.8,61.7,56.8,54.3,64.2,30,32,30,42,10,11.04,670523679400.0,41288694.0,736904550750.838
4728,South America,150,ARG,Argentina,2011,70.3,97.3,68.8,80.4,93.8,77.1,77.3,70.7,71.1,34.9,39.6,81.9,78.1,86.5,60.6,56.8,56.1,63.9,20,50,35,30,8,10.96,710781597200.0,41730660.0,797263881242.037
4729,South America,151,ARG,Argentina,2012,70.7,97.3,67.4,80.5,93.8,77.1,77.5,70.9,71.2,37.1,46.4,80.1,78.5,86.8,60.1,57.1,55.2,65.6,30,10,30,40,7,10.88,703485989500.0,42161721.0,819219854484.205
4730,South America,152,ARG,Argentina,2013,71.1,97.5,68.3,80.7,95.0,76.1,77.6,71.3,71.2,39.8,48.0,79.5,78.3,86.6,61.4,57.0,54.7,66.2,15,35,35,33,7,10.8,720407105300.0,42582455.0,848625298160.51
4731,South America,153,ARG,Argentina,2014,71.9,97.3,68.4,81.7,96.2,76.3,77.7,71.9,73.8,42.9,45.5,84.4,78.4,87.5,61.6,57.1,54.9,66.9,30,35,30,40,8,10.71,702306046000.0,43024071.0,838428063163.02
4732,South America,154,ARG,Argentina,2015,72.9,97.4,68.2,81.4,96.7,76.5,77.8,71.8,75.8,47.0,45.5,85.3,78.4,86.6,67.5,57.2,58.0,68.3,15,37,25,36,7,10.63,721487146600.0,43477012.0,865155580188.784
4733,South America,155,ARG,Argentina,2016,72.1,97.3,68.7,81.3,96.2,76.3,77.9,72.0,75.5,47.4,43.1,81.7,78.1,87.4,62.2,57.3,58.8,65.1,30,38,35,40,10,10.59,706477848600.0,43900313.0,882649216798.351
4734,South America,156,ARG,Argentina,2017,72.9,97.5,69.9,80.1,95.5,77.7,77.9,72.6,74.5,52.4,47.5,82.9,78.2,87.3,60.9,57.3,61.3,66.2,30,43,35,40,10,10.56,726389947800.0,44288894.0,1035699067575.93
4735,South America,157,ARG,Argentina,2018,73.0,96.8,68.1,80.8,95.9,78.7,77.9,72.8,74.2,53.7,46.6,83.1,78.3,88.9,61.2,59.1,62.7,62.9,35,38,40,40,18,10.52,707377443000.0,44654882.0,1090043170151.08
4736,South America,158,ARG,Argentina,2019,73.0,96.1,69.5,81.5,97.2,79.6,77.9,73.0,74.0,53.0,38.2,85.7,78.1,89.0,61.4,59.2,64.1,63.5,25,35,48,35,15,10.48,693223803600.0,44973465.0,1057633159930.82
4737,South America,159,ARG,Argentina,2020,72.7,95.9,68.9,80.0,97.9,80.0,77.9,73.0,73.0,52.8,41.1,80.9,78.1,89.4,61.5,59.1,62.5,64.1,45,45,45,40,7,10.44,624591286200.0,45191965.0,1011999397129.76
4738,South America,160,ARG,Argentina,2021,73.4,96.5,68.7,80.3,97.9,82.1,77.9,73.0,78.0,54.1,41.1,81.7,78.1,88.8,61.7,60.0,61.5,66.2,35,38,33,40,5,,689809934000.0,45312281.0,1191725417699.43
4739,South America,161,ARG,Argentina,2022,73.7,96.8,68.7,81.0,97.9,82.6,77.9,73.0,79.2,54.6,41.1,83.4,78.1,88.8,61.7,60.0,61.7,66.2,41,38,50,35,7,,726162087500.0,45407904.0,1343969240640.99
4740,Asia,162,ARM,Armenia,2000,66.9,88.8,49.4,63.9,68.6,47.2,67.1,69.0,68.0,19.1,70.6,80.0,91.7,94.6,0.0,59.3,76.8,56.1,10,30,18,28,10,11.68,1767867741800.0,3221100.0,8151779326.30288
4741,Asia,163,ARM,Armenia,2001,67.2,88.8,52.2,64.7,68.5,47.3,67.9,69.0,68.0,19.4,70.6,80.1,91.8,94.5,0.0,59.3,76.8,56.2,5,10,20,18,5,11.68,1937583045000.0,3211800.0,9135524003.17559
4742,Asia,164,ARM,Armenia,2002,67.4,88.8,50.4,64.8,68.5,47.4,68.1,71.1,68.1,19.4,72.5,80.3,91.5,94.7,0.0,59.8,77.0,55.4,25,10,20,20,10,11.67,2193344006900.0,3199800.0,10502118179.3831
4743,Asia,165,ARM,Armenia,2003,67.8,88.8,50.0,65.6,67.3,48.2,67.1,72.3,68.2,20.2,78.6,80.3,91.4,94.5,0.0,59.8,77.0,55.4,5,10,17,25,5,11.66,2500412167900.0,3182500.0,12208787869.163
4744,Asia,166,ARM,Armenia,2004,67.1,88.8,55.1,65.3,68.5,48.7,64.9,72.5,68.4,20.1,62.2,80.5,91.1,94.4,0.0,59.7,77.3,56.2,30,30,15,20,15,11.65,2762955445500.0,3164900.0,13853487621.1931
4745,Asia,167,ARM,Armenia,2005,67.5,88.8,52.8,65.3,72.5,48.4,63.8,71.6,68.5,20.4,67.8,80.6,90.9,94.0,0.0,59.6,77.4,57.8,30,38,20,25,5,11.65,3147006252400.0,3146400.0,16273869613.1272
4746,Asia,168,ARM,Armenia,2006,68.9,88.8,47.9,65.7,75.5,48.5,63.8,72.2,68.6,20.3,90.2,80.8,90.3,94.0,0.0,59.5,77.9,58.3,30,25,18,25,10,11.64,3562411077700.0,3127100.0,18990125434.4095
4747,Asia,169,ARM,Armenia,2007,69.0,88.8,54.3,67.3,76.7,50.5,63.1,71.7,68.7,20.5,85.9,74.0,90.0,93.6,0.0,59.4,79.8,60.2,20,15,25,25,15,11.63,4050461395400.0,3107400.0,22176749551.127
4748,Asia,170,ARM,Armenia,2008,69.5,88.8,54.6,66.9,75.2,50.2,63.9,71.1,68.5,20.5,92.4,78.6,90.2,93.3,0.0,59.3,77.6,61.5,20,30,25,20,15,11.63,4329943231700.0,3087100.0,24163709284.131
4749,Asia,171,ARM,Armenia,2009,70.4,88.8,53.2,66.6,78.1,50.7,66.0,72.7,68.6,22.4,96.2,79.0,90.1,93.9,0.0,61.0,76.4,62.7,10,38,20,20,8,11.62,3719421236000.0,3066000.0,20884649142.4407
4750,Asia,172,ARM,Armenia,2010,70.6,88.8,52.9,69.4,77.2,54.4,67.8,74.4,68.2,24.9,89.3,76.9,90.5,94.0,0.0,61.0,77.7,61.8,35,30,20,22,10,11.61,3801248503200.0,3044800.0,21603503567.4249
4751,Asia,173,ARM,Armenia,2011,70.9,90.1,55.8,70.3,76.0,54.1,66.5,73.7,68.0,29.1,91.7,74.5,90.4,93.7,0.0,61.9,77.7,61.7,30,37,20,30,5,11.6,3979907182800.0,3027900.0,23085520248.3701
4752,Asia,174,ARM,Armenia,2012,71.1,90.5,55.2,70.8,76.7,55.3,64.4,72.9,67.7,30.9,90.7,76.9,90.0,93.8,0.0,61.9,78.6,60.8,35,30,35,30,10,11.6,4266460500000.0,3024100.0,27043423649.5481
4753,Asia,175,ARM,Armenia,2013,71.0,90.8,56.6,71.5,76.8,55.3,64.5,73.0,67.6,31.5,87.9,74.9,89.6,93.7,0.0,61.9,79.3,61.5,25,20,28,30,12,11.59,4407253696500.0,3022000.0,28572642912.7207
4754,Asia,176,ARM,Armenia,2014,71.1,90.6,58.5,71.8,75.5,55.3,65.1,73.2,67.4,34.0,84.4,76.7,89.7,93.7,0.0,61.9,79.1,61.4,15,35,20,35,10,11.58,4565914829600.0,3013800.0,29343064966.5336
4755,Asia,177,ARM,Armenia,2015,71.1,91.9,58.5,73.0,75.9,55.5,63.4,75.4,67.2,35.5,81.1,74.1,89.8,94.3,0.0,61.9,79.3,61.3,10,25,20,45,10,11.57,4712024104100.0,3004600.0,29315404012.9832
4756,Asia,178,ARM,Armenia,2016,71.0,91.3,55.8,73.7,71.8,55.4,63.9,76.3,67.0,37.5,81.6,77.6,88.2,94.3,0.0,61.9,78.0,61.0,35,30,20,23,5,11.57,4721448152300.0,2992300.0,31629425029.462
4757,Asia,179,ARM,Armenia,2017,71.1,91.4,52.7,74.4,73.3,59.2,65.5,76.0,72.1,38.8,76.9,77.0,88.7,93.5,0.0,61.9,75.8,61.0,35,25,22,35,15,11.56,5075556763800.0,2979400.0,35949453239.3726
4758,Asia,180,ARM,Armenia,2018,71.1,91.0,54.1,75.3,74.0,59.2,66.3,74.6,71.9,42.9,73.5,73.3,88.5,92.5,0.0,61.9,78.0,60.3,25,35,35,20,30,11.55,5339485715500.0,2969000.0,38233278956.681
4759,Asia,181,ARM,Armenia,2019,72.6,91.1,52.3,76.9,73.2,62.7,65.6,74.4,72.5,44.0,89.4,76.8,88.4,92.2,0.0,61.9,77.8,62.3,15,37,30,30,15,11.54,5745286629800.0,2962500.0,44365671088.179
4760,Asia,182,ARM,Armenia,2020,74.1,94.4,53.0,76.8,77.0,63.4,65.6,74.4,72.5,45.2,100.0,76.8,88.4,92.1,0.0,61.9,79.3,64.5,30,35,40,30,5,11.54,5331625992500.0,2961500.0,43552758696.8095
4761,Asia,183,ARM,Armenia,2021,73.7,95.0,53.6,76.8,66.7,68.4,65.6,74.4,73.6,46.7,100.0,75.2,88.4,91.9,0.0,61.9,76.0,64.7,30,18,28,25,10,,5640860300100.0,2962300.0,47164867556.762
4762,Asia,184,ARM,Armenia,2022,73.3,96.3,53.6,77.0,66.7,68.4,65.6,74.4,73.4,46.7,100.0,75.6,88.4,91.9,0.0,61.9,75.6,64.6,30,38,28,24,5,,6351608697900.0,2969200.0,56893939956.673
4763,Oceania,185,AUS,Australia,2000,70.7,99.7,63.3,90.5,71.7,72.2,93.8,70.6,85.6,77.6,80.9,82.2,47.0,3.4,52.7,59.3,85.1,66.2,10,40,50,75,5,17.16,1364719000000.0,19028802.0,505056094140.601
4764,Oceania,186,AUS,Australia,2001,70.9,99.7,62.9,91.0,74.5,72.2,93.8,71.1,85.4,78.5,80.9,82.2,47.5,3.1,51.4,59.2,85.2,66.2,15,20,60,70,10,17.13,1392356000000.0,19274701.0,532864799310.005
4765,Oceania,187,AUS,Australia,2002,71.4,99.7,63.4,91.2,74.5,73.5,93.8,71.0,85.6,79.1,80.9,82.2,46.5,3.1,56.5,60.1,85.1,66.6,15,8,65,70,5,17.1,1447766000000.0,19495210.0,565994508002.305
4766,Oceania,188,AUS,Australia,2003,70.9,99.7,57.3,91.7,73.9,73.6,93.8,70.4,85.8,79.1,80.9,82.3,45.8,2.8,57.1,60.1,85.2,66.5,15,30,70,79,7,17.07,1492513000000.0,19720737.0,594024458977.883
4767,Oceania,189,AUS,Australia,2004,71.4,99.7,63.0,91.8,74.2,73.3,93.8,70.3,86.0,79.5,81.5,82.4,45.1,2.0,59.4,60.1,85.3,66.8,18,25,62,79,5,17.04,1555561000000.0,19932722.0,633138917180.184
4768,Oceania,190,AUS,Australia,2005,71.5,99.7,61.0,92.1,74.7,73.4,93.8,69.9,86.2,81.0,81.5,82.5,45.1,2.1,60.9,60.0,85.3,66.7,15,20,75,75,7,17.01,1604626000000.0,20176844.0,666573991108.909
4769,Oceania,191,AUS,Australia,2006,71.7,99.7,62.6,92.3,74.8,73.7,93.8,69.9,86.3,82.7,81.5,82.6,45.0,2.0,60.3,60.2,85.3,66.4,15,30,70,65,10,16.98,1648839000000.0,20450966.0,712648996565.745
4770,Oceania,192,AUS,Australia,2007,71.5,99.7,56.1,92.4,75.0,74.8,93.8,70.1,86.4,83.3,81.5,82.3,44.7,1.9,62.5,60.8,84.5,66.6,20,28,58,70,5,16.95,1711055000000.0,20827622.0,763412360149.174
4771,Oceania,193,AUS,Australia,2008,71.5,99.7,57.8,92.6,75.0,75.1,93.9,69.7,86.5,84.4,78.2,81.6,45.2,2.2,61.4,60.9,84.7,66.7,30,20,68,70,8,16.92,1772418000000.0,21249199.0,797546165740.298
4772,Oceania,194,AUS,Australia,2009,71.8,99.7,59.4,92.7,75.2,75.6,93.9,69.9,85.9,84.8,78.2,81.7,45.8,2.6,61.6,61.6,84.9,67.9,10,25,65,65,6,16.89,1805962000000.0,21691653.0,874442486513.615
4773,Oceania,195,AUS,Australia,2010,72.2,99.7,58.9,94.0,75.3,74.5,93.9,70.4,85.9,84.9,79.2,84.6,45.1,3.3,62.2,61.7,85.1,68.4,18,15,75,79,10,16.86,1846054000000.0,22031750.0,867452812307.34
4774,Oceania,196,AUS,Australia,2011,72.2,99.7,59.9,94.1,74.0,74.6,93.9,70.7,85.8,88.5,79.2,82.5,44.5,3.0,62.9,62.0,84.8,67.9,15,40,70,70,8,16.96,1890490000000.0,22340024.0,938789002628.632
4775,Oceania,197,AUS,Australia,2012,72.5,99.6,60.6,94.0,74.2,74.7,93.9,70.6,85.8,90.8,79.2,84.4,44.5,3.3,63.1,62.2,84.9,67.4,12,30,65,77,5,17.05,1964535000000.0,22733465.0,974432428747.204
4776,Oceania,198,AUS,Australia,2013,73.7,99.6,58.4,94.4,89.7,77.5,93.9,71.1,85.6,91.7,79.2,85.0,44.9,4.4,63.0,62.7,83.9,67.6,15,33,65,75,2,17.14,2015656000000.0,23128129.0,1062294635632.22
4777,Oceania,199,AUS,Australia,2014,73.9,99.5,58.4,94.6,91.0,77.4,93.9,71.7,85.4,91.8,76.5,84.5,45.4,6.5,63.3,63.0,83.6,69.1,10,45,60,70,5,17.23,2067968000000.0,23475686.0,1101098183876.09
4778,Oceania,200,AUS,Australia,2015,74.5,99.6,57.8,95.2,92.9,78.1,93.9,71.3,84.8,90.9,76.5,86.7,46.4,11.1,64.2,62.9,85.1,69.9,33,30,65,75,5,17.32,2113260000000.0,23815995.0,1101816795436.34
4779,Oceania,201,AUS,Australia,2016,75.0,99.6,57.3,95.3,94.7,79.5,93.9,71.7,85.0,91.2,80.0,85.6,46.3,11.7,64.5,63.5,84.9,69.8,15,30,65,79,7,17.35,2171573000000.0,24190907.0,1143265965868.5
4780,Oceania,202,AUS,Australia,2017,75.3,99.5,60.4,95.6,92.8,79.7,93.9,72.0,86.6,91.0,80.0,87.7,46.1,10.5,65.3,63.6,84.9,70.1,15,20,60,55,7,17.37,2221076000000.0,24592588.0,1189571541596.14
4781,Oceania,203,AUS,Australia,2018,75.1,99.3,57.5,95.5,92.6,79.9,93.9,72.1,86.1,91.5,77.9,85.3,46.8,14.1,65.2,64.0,84.8,69.9,25,35,70,79,7,17.4,2285009000000.0,24963258.0,1252748396187.98
4782,Oceania,204,AUS,Australia,2019,75.2,99.3,57.0,95.6,91.0,81.0,93.9,72.2,85.9,91.8,77.9,87.0,46.7,14.6,65.8,64.2,84.4,70.4,20,33,75,65,7,17.42,2334629000000.0,25334826.0,1334462906706.38
4783,Oceania,205,AUS,Australia,2020,75.4,99.3,56.7,95.4,89.6,81.1,93.9,72.2,84.1,92.2,79.2,89.0,46.7,16.0,65.9,64.1,83.7,71.9,20,45,75,75,7,17.44,2331837000000.0,25649248.0,1384652202439.55
4784,Oceania,206,AUS,Australia,2021,76.0,99.3,58.4,95.4,89.6,81.7,93.9,72.2,85.7,92.2,79.2,89.4,52.3,16.9,65.9,62.9,82.9,73.2,15,45,72,75,8,,2381066000000.0,25685412.0,1494437295625.78
4785,Oceania,207,AUS,Australia,2022,75.9,99.3,58.4,95.2,89.6,82.0,93.9,72.2,86.7,92.2,79.2,88.2,52.3,16.9,65.9,62.6,83.1,72.6,15,40,63,75,7,,2482080000000.0,26014399.0,1713614547048.26
4786,Europe,208,AUT,Austria,2000,78.6,99.7,71.6,83.9,98.2,69.9,92.2,81.8,82.9,67.3,95.0,86.2,47.1,55.5,0.0,70.3,90.6,64.9,15,8,78,45,7,46.51,303484886000.0,8011566.0,234055806855.059
4787,Europe,209,AUT,Austria,2001,78.8,99.7,72.9,84.7,97.5,70.2,92.2,81.2,83.3,69.3,95.0,86.2,47.8,54.7,0.0,70.6,90.6,64.9,15,10,75,70,8,46.54,307481744000.0,8042293.0,237701257456.157
4788,Europe,210,AUT,Austria,2002,78.5,99.7,72.6,84.9,96.0,70.5,92.2,80.7,82.8,69.3,95.0,86.2,45.3,54.4,0.0,70.7,90.7,64.9,10,20,35,70,5,46.57,312045907000.0,8081957.0,250154113650.079
4789,Europe,211,AUT,Austria,2003,78.7,99.7,71.9,85.3,95.7,74.4,92.2,79.1,82.8,70.7,94.1,86.2,48.4,53.3,0.0,70.7,90.7,64.8,10,10,75,60,7,46.6,315608114000.0,8121423.0,259584438571.858
4790,Europe,212,AUT,Austria,2004,79.1,99.7,76.2,85.0,95.9,74.7,92.2,79.7,82.2,72.3,93.6,86.2,47.8,53.4,0.0,71.6,90.7,64.7,18,20,70,75,10,46.63,323704268000.0,8171966.0,273948983717.384
4791,Europe,213,AUT,Austria,2005,79.3,99.7,74.4,86.5,96.4,75.0,92.2,80.3,82.4,73.7,95.2,86.1,47.2,53.2,0.0,71.6,90.7,64.6,10,10,75,73,7,46.66,331215389000.0,8227829.0,286136493567.015
4792,Europe,214,AUT,Austria,2006,79.4,99.7,73.3,87.4,96.5,74.0,92.2,81.4,82.6,74.4,93.9,86.1,47.5,53.8,0.0,71.9,90.6,64.5,10,20,68,70,7,46.69,342043933000.0,8268641.0,309214389032.941
4793,Europe,215,AUT,Austria,2007,79.6,99.7,73.6,87.6,96.6,74.2,92.2,82.8,82.6,75.5,92.5,86.1,48.1,54.4,0.0,72.0,90.9,64.4,15,12,50,80,8,46.72,354956860000.0,8295487.0,325131802424.247
4794,Europe,216,AUT,Austria,2008,79.7,99.7,76.6,88.4,96.4,71.0,92.2,83.3,83.0,77.2,93.1,82.8,48.8,54.5,0.0,72.2,91.4,65.0,15,20,70,79,5,46.75,360115468000.0,8321496.0,341570699090.85
4795,Europe,217,AUT,Austria,2009,79.8,99.7,74.3,87.8,96.6,72.4,92.2,84.5,82.7,80.0,90.3,81.7,49.5,55.8,0.0,72.2,90.7,66.2,15,20,75,68,8,46.78,347200774000.0,8343323.0,339285440340.572
4796,Europe,218,AUT,Austria,2010,80.4,99.7,73.0,89.7,96.8,72.7,92.2,84.2,82.9,81.3,93.6,86.2,49.2,54.9,0.0,72.5,91.4,66.1,8,15,55,70,5,46.82,353481575000.0,8363404.0,349089444117.312
4797,Europe,219,AUT,Austria,2011,80.6,99.5,76.4,90.8,96.9,72.8,92.2,84.2,82.9,83.4,92.5,85.0,49.0,53.8,0.0,72.8,92.1,65.7,10,15,75,78,10,46.86,363829635000.0,8391643.0,370671977954.567
4798,Europe,220,AUT,Austria,2012,80.8,99.4,72.5,91.3,97.3,72.9,92.2,86.2,82.8,87.1,93.9,83.9,49.0,54.6,0.0,72.8,92.1,65.7,10,15,60,75,10,46.9,366115381000.0,8429991.0,389098738029.221
4799,Europe,221,AUT,Austria,2013,81.5,99.6,71.9,92.3,96.1,79.3,92.2,86.0,82.6,89.1,92.5,87.7,49.1,55.9,0.0,73.0,91.0,65.8,22,15,70,60,10,46.95,365197433000.0,8479823.0,402959936317.639
4800,Europe,222,AUT,Austria,2014,81.6,99.6,74.7,92.0,96.9,79.0,92.2,86.5,82.2,87.9,93.6,88.0,48.8,54.5,0.0,73.0,90.6,65.8,10,25,70,60,5,46.99,367957591000.0,8546356.0,413263298435.022
4801,Europe,223,AUT,Austria,2015,81.5,99.3,72.0,92.4,96.6,78.3,92.2,86.0,82.7,88.8,93.9,89.6,49.1,54.8,0.0,73.0,89.4,65.8,20,15,45,60,8,47.03,372754004000.0,8642699.0,428354580959.906
4802,Europe,224,AUT,Austria,2016,81.6,99.2,73.9,91.7,98.2,78.6,92.2,86.1,82.5,84.4,92.2,92.2,49.6,57.7,0.0,73.0,89.0,65.8,20,25,75,75,10,47.08,380646025000.0,8736668.0,457782737463.172
4803,Europe,225,AUT,Austria,2017,82.6,99.5,71.8,93.1,99.0,80.8,92.2,85.8,82.7,94.5,95.0,91.1,49.8,58.6,0.0,73.0,89.3,65.9,22,18,55,60,10,47.12,389295254000.0,8797566.0,473923403470.153
4804,Europe,226,AUT,Austria,2018,82.6,99.4,71.5,92.7,98.8,81.0,92.2,85.8,83.0,95.6,92.9,90.7,49.5,56.8,0.0,73.6,91.5,66.3,15,18,75,65,5,47.16,398966209000.0,8840521.0,500696126093.052
4805,Europe,227,AUT,Austria,2019,83.1,99.5,73.0,92.9,98.2,83.8,92.2,86.0,83.4,96.0,94.6,92.5,49.6,56.6,0.0,73.6,91.7,66.4,15,30,72,78,7,47.21,405967971000.0,8879920.0,535946931732.608
4806,Europe,228,AUT,Austria,2020,83.1,99.4,73.1,92.8,97.9,84.0,92.2,86.0,82.6,96.3,94.6,90.9,49.6,57.8,0.0,73.6,90.5,68.4,18,30,70,71,7,47.25,380317879000.0,8916864.0,521841933098.152
4807,Europe,229,AUT,Austria,2021,83.1,99.4,73.1,92.6,97.9,84.5,92.2,86.0,82.5,97.0,94.6,93.0,49.6,57.3,0.0,73.6,88.0,68.9,18,20,78,75,10,,398555372000.0,8955797.0,563937063927.258
4808,Europe,230,AUT,Austria,2022,82.3,99.5,73.1,92.5,97.9,84.6,92.2,86.0,83.3,97.0,94.6,92.5,49.6,57.3,0.0,73.6,87.9,71.1,28,25,72,72,10,,419590704000.0,9041851.0,639574811164.391
4809,Asia,231,AZE,Azerbaijan,2000,62.3,100.0,49.1,54.8,51.6,47.3,52.9,60.0,67.1,14.7,66.7,63.1,88.2,82.2,0.0,60.7,71.5,67.5,28,20,14,25,10,11.94,6757580900.0,8048600.0,27680297877.1662
4810,Asia,232,AZE,Azerbaijan,2001,63.7,100.0,56.2,55.8,61.0,47.5,54.8,61.2,67.7,14.7,66.7,63.4,88.2,82.4,0.0,60.7,71.6,66.8,40,33,15,30,5,12.0,7426581388.19903,8111200.0,31105625930.0004
4811,Asia,233,AZE,Azerbaijan,2002,66.4,100.0,58.2,56.6,65.2,47.7,55.6,62.6,68.3,15.1,99.3,65.4,88.0,82.3,0.0,60.6,71.6,66.1,30,20,14,30,5,12.05,8127570192.53036,8171950.0,34570665515.3766
4812,Asia,234,AZE,Azerbaijan,2003,66.5,100.0,58.9,56.6,63.3,47.8,55.8,63.4,68.8,15.3,97.5,65.7,87.3,82.2,0.0,63.2,71.6,66.4,30,20,12,25,5,12.11,8957256941.39443,8234100.0,38851951591.1894
4813,Asia,235,AZE,Azerbaijan,2004,66.9,100.0,60.9,57.7,63.2,48.0,56.0,63.9,69.6,15.3,97.3,67.7,87.2,81.9,0.0,63.7,71.6,66.8,10,15,15,30,5,12.16,9786143703.03529,8306500.0,43588677309.3803
4814,Asia,236,AZE,Azerbaijan,2005,67.0,100.0,61.2,56.4,62.7,49.4,56.3,64.1,70.1,15.4,97.5,68.3,87.3,81.6,0.0,63.8,71.4,66.1,40,35,18,33,10,12.22,12522500000.0,8391850.0,57525596305.9818
4815,Asia,237,AZE,Azerbaijan,2006,67.2,100.0,59.3,56.8,64.7,49.8,56.9,65.2,70.5,15.7,97.5,70.3,87.1,80.7,0.0,64.6,71.5,65.3,20,30,15,20,5,12.27,16838531067.5813,8484550.0,79737913230.3882
4816,Asia,238,AZE,Azerbaijan,2007,67.6,100.0,59.2,57.6,64.7,50.0,58.0,66.5,70.6,16.3,97.5,70.6,87.4,82.5,0.0,64.6,70.3,65.4,35,30,15,30,10,12.33,21126162588.7389,8581300.0,102752139842.818
4817,Asia,239,AZE,Azerbaijan,2008,67.9,100.0,59.8,58.9,64.1,50.1,59.5,65.9,70.9,16.7,97.5,75.0,87.2,81.6,0.0,64.9,69.7,65.1,20,40,14,18,7,12.38,23363726852.0367,8763400.0,115824486185.483
4818,Asia,240,AZE,Azerbaijan,2009,68.3,100.0,58.0,59.6,65.7,49.8,60.9,66.3,71.0,18.8,97.5,73.3,87.6,82.4,0.0,65.2,70.0,66.9,30,10,19,28,7,12.44,25552791889.9279,8947243.0,127457981878.843
4819,Asia,241,AZE,Azerbaijan,2010,68.6,100.0,56.3,61.8,65.4,52.3,62.0,67.4,71.1,21.9,97.5,70.6,87.4,82.7,0.0,65.2,70.8,65.9,12,20,15,25,15,12.49,26776472346.2193,9054332.0,135184889342.106
4820,Asia,242,AZE,Azerbaijan,2011,69.0,100.0,58.0,63.4,66.4,52.4,62.7,67.1,71.2,22.9,97.5,72.4,87.3,81.5,0.0,65.2,70.4,65.2,35,40,15,20,10,12.6,26355279073.2031,9173082.0,135803575412.212
4821,Asia,243,AZE,Azerbaijan,2012,69.7,100.0,58.9,65.0,69.0,52.3,63.0,67.3,71.4,27.9,97.5,74.9,87.4,81.7,0.0,65.2,69.2,64.9,15,30,12,30,10,12.71,26935869800.4424,9295784.0,148678132524.431
4822,Asia,244,AZE,Azerbaijan,2013,70.7,100.0,61.5,67.5,70.0,53.3,64.0,67.4,71.5,32.5,97.5,77.9,87.1,81.8,0.0,65.2,68.5,65.4,35,36,19,40,5,12.82,28509844662.0936,9416801.0,162604723251.662
4823,Asia,245,AZE,Azerbaijan,2014,71.3,100.0,60.4,67.7,70.5,53.4,65.3,67.7,74.1,37.0,97.5,77.7,87.2,81.9,0.0,65.2,68.7,65.8,35,32,12,30,5,12.93,29307431923.6267,9535079.0,167470430285.624
4824,Asia,246,AZE,Azerbaijan,2015,71.4,100.0,61.4,70.0,70.1,54.2,66.0,67.7,74.1,37.4,97.5,79.5,87.1,82.3,0.0,65.2,67.6,61.8,40,40,14,30,15,13.04,29615027010.9481,9649341.0,145466446321.067
4825,Asia,247,AZE,Azerbaijan,2016,71.6,100.0,61.3,71.2,71.2,54.1,66.0,67.8,74.1,37.1,97.5,80.4,87.0,82.9,0.0,65.2,67.9,62.1,42,37,14,42,15,13.17,28707741501.4334,9757812.0,141837623390.756
4826,Asia,248,AZE,Azerbaijan,2017,72.5,100.0,62.1,71.8,80.4,53.9,66.0,68.0,74.0,37.4,97.5,81.4,86.7,82.9,0.0,65.2,68.9,63.5,40,42,15,38,10,13.3,28751840797.1124,9854033.0,141069643128.845
4827,Asia,249,AZE,Azerbaijan,2018,72.9,100.0,61.8,72.4,81.3,53.9,66.2,68.0,74.0,38.2,97.5,79.0,86.5,83.2,0.0,65.7,68.6,69.5,55,41,15,42,5,13.43,29183233907.2245,9939771.0,151909515454.013
4828,Asia,250,AZE,Azerbaijan,2019,73.2,100.0,62.4,73.1,80.8,53.8,66.1,67.8,74.1,38.9,97.5,82.2,86.3,82.7,0.0,65.7,69.5,71.0,33,42,18,30,10,13.56,29906922349.0142,10024283.0,167158106107.002
4829,Asia,251,AZE,Azerbaijan,2020,73.9,100.0,62.4,71.7,87.9,54.1,66.3,67.8,72.6,41.0,97.5,82.2,86.3,82.8,0.0,65.7,68.8,75.2,50,37,19,33,10,13.69,28651142405.3918,10093121.0,153047750160.236
4830,Asia,252,AZE,Azerbaijan,2021,74.1,100.0,62.7,72.9,87.7,54.7,66.3,67.8,73.4,41.2,97.5,82.2,86.3,82.7,0.0,65.7,68.8,76.0,45,42,16,25,15,,30260316704.864,10137750.0,203884098954.124
4831,Asia,253,AZE,Azerbaijan,2022,73.5,100.0,62.7,72.9,87.7,54.7,66.3,67.8,73.8,41.2,97.5,82.2,86.3,82.7,0.0,65.7,67.1,76.0,35,41,23,25,0,,31686993919.043,10141756.0,228717780540.74
4832,North America,254,BHS,"Bahamas, The",2000,56.5,0.0,55.6,72.7,57.8,69.2,46.5,69.7,66.7,22.7,0.0,90.7,56.4,58.0,60.2,43.6,61.8,15.1,10,20,35,30,5,50.94,10868200000.0,323835.0,8232404551.30512
4833,North America,255,BHS,"Bahamas, The",2001,56.9,0.0,56.0,73.9,57.8,69.3,46.7,70.1,67.1,23.6,0.0,90.7,56.4,58.6,59.3,43.6,65.5,15.3,0,10,10,55,5,50.94,11153600000.0,327836.0,8638824315.07493
4834,North America,256,BHS,"Bahamas, The",2002,57.0,0.0,55.2,75.5,57.8,69.4,46.9,70.2,65.5,24.6,0.0,90.7,56.4,58.3,59.9,44.3,64.6,15.1,10,6,40,55,5,50.94,11455300000.0,331614.0,9010378920.27252
4835,North America,257,BHS,"Bahamas, The",2003,57.2,0.0,56.0,76.2,57.8,72.0,47.0,70.4,64.1,25.0,0.0,90.7,55.3,58.2,60.0,44.3,64.9,15.4,15,40,40,55,5,50.94,11310400000.0,335618.0,9072048169.55721
4836,North America,258,BHS,"Bahamas, The",2004,57.3,0.0,57.5,74.5,57.8,72.1,47.2,70.3,64.6,25.2,0.0,90.7,55.1,58.5,60.9,44.2,65.6,15.4,20,30,45,55,5,50.94,11410200000.0,339782.0,9398205460.89875
4837,North America,259,BHS,"Bahamas, The",2005,57.5,0.0,57.5,75.2,58.8,72.2,47.4,70.9,64.5,26.1,0.0,90.9,54.9,59.3,60.8,44.1,64.8,15.5,5,20,18,45,5,50.94,11797700000.0,343894.0,10022060354.5234
4838,North America,260,BHS,"Bahamas, The",2006,57.4,0.0,56.5,77.4,55.4,72.3,47.5,71.1,66.4,26.0,0.0,90.9,55.2,59.7,58.8,44.1,63.9,15.6,7,10,45,50,10,50.94,12094600000.0,348375.0,10591116604.2273
4839,North America,261,BHS,"Bahamas, The",2007,57.4,0.0,56.2,78.1,58.7,68.4,47.7,71.5,66.2,26.8,0.0,90.9,55.5,59.7,57.5,44.0,62.2,16.9,12,30,60,25,8,50.94,12269500000.0,353334.0,11035364907.0718
4840,North America,262,BHS,"Bahamas, The",2008,57.5,0.0,57.8,77.8,59.2,68.4,47.8,70.1,66.2,27.1,0.0,90.9,57.4,59.6,56.0,44.0,62.8,17.9,10,30,45,50,5,50.94,11984400000.0,358120.0,10986620781.6859
4841,North America,263,BHS,"Bahamas, The",2009,57.5,0.0,59.4,78.6,59.2,68.5,48.0,71.5,61.4,28.0,0.0,90.9,56.6,59.6,57.4,43.9,61.5,18.5,10,40,48,55,10,50.94,11484000000.0,362810.0,10592816282.8435
4842,North America,264,BHS,"Bahamas, The",2010,57.4,0.0,62.7,79.8,56.1,68.5,48.2,69.6,61.4,29.3,0.0,90.8,57.4,60.0,57.5,43.9,57.4,18.3,10,10,48,60,5,50.94,11660700000.0,367478.0,10886517826.6701
4843,North America,265,BHS,"Bahamas, The",2011,57.6,0.0,62.8,79.2,56.1,68.6,48.3,71.1,61.2,33.4,0.0,90.4,56.3,63.0,57.6,43.8,54.2,18.0,10,25,45,50,7,50.94,11732200000.0,371729.0,11179248735.1189
4844,North America,266,BHS,"Bahamas, The",2012,57.8,0.0,62.5,79.9,56.6,69.2,48.5,70.5,61.7,37.5,0.0,91.3,53.3,63.7,57.6,44.1,52.2,17.8,30,28,40,48,8,50.94,12262510000.0,375469.0,11652886944.3095
4845,North America,267,BHS,"Bahamas, The",2013,57.5,0.0,62.9,80.4,53.8,68.5,48.6,68.1,60.0,39.2,0.0,91.6,52.8,64.6,57.4,44.0,51.4,18.6,10,30,53,50,8,50.94,11911400000.0,378953.0,11480182878.3561
4846,North America,268,BHS,"Bahamas, The",2014,58.3,0.0,63.5,81.9,56.1,68.6,48.7,69.4,61.7,44.9,0.0,92.4,52.3,60.9,57.4,44.0,54.2,17.9,20,18,55,60,8,50.94,12131440000.0,382298.0,12128852901.2596
4847,North America,269,BHS,"Bahamas, The",2015,58.8,0.0,63.5,82.2,53.8,68.6,48.8,70.4,63.2,46.3,0.0,92.2,53.4,63.9,59.5,47.3,52.0,16.9,10,30,55,50,7,50.94,12252360000.0,385346.0,12384087314.253
4848,North America,270,BHS,"Bahamas, The",2016,59.1,0.0,63.4,81.7,54.7,68.6,48.8,70.9,62.6,47.0,0.0,93.0,52.8,64.1,59.5,47.2,54.5,18.1,10,30,50,25,8,50.94,12110690000.0,388055.0,12528462792.3855
4849,North America,271,BHS,"Bahamas, The",2017,59.5,0.0,63.5,82.3,58.0,68.6,48.8,70.5,64.5,50.6,0.0,93.1,52.9,63.2,59.2,47.0,49.1,21.3,20,25,58,60,8,50.94,12518970000.0,390485.0,13386673556.9062
4850,North America,272,BHS,"Bahamas, The",2018,59.9,0.0,63.4,82.1,55.1,68.8,48.8,71.0,64.6,50.9,0.0,93.5,53.1,67.3,60.0,42.2,53.7,23.9,10,40,45,50,8,50.94,12819240000.0,392717.0,13834540972.566
4851,North America,273,BHS,"Bahamas, The",2019,60.3,0.0,63.4,80.9,58.0,68.9,48.8,70.8,66.1,54.7,0.0,93.8,52.9,68.1,59.1,42.1,53.1,23.1,12,20,50,50,7,50.94,12711680000.0,394675.0,14254082379.9356
4852,North America,274,BHS,"Bahamas, The",2020,60.6,0.0,63.4,81.7,58.0,68.8,48.8,70.8,64.0,56.3,0.0,93.8,52.9,69.7,59.0,41.9,54.0,25.8,18,25,40,40,8,50.94,10157960000.0,395863.0,10769304826.4195
4853,North America,275,BHS,"Bahamas, The",2021,61.1,0.0,63.4,80.7,58.0,71.7,48.8,70.8,64.8,57.0,0.0,93.8,52.9,68.8,59.5,44.8,52.4,29.1,10,30,70,60,10,,11944430000.0,396373.0,12313201284.2481
4854,North America,276,BHS,"Bahamas, The",2022,60.9,0.0,63.4,80.7,58.0,72.0,48.8,70.8,66.4,57.0,0.0,93.8,52.9,68.8,60.1,44.5,52.4,29.4,10,20,48,55,7,,13243680000.0,397538.0,14625921166.6018
4855,Asia,277,BHR,Bahrain,2000,57.5,0.0,68.0,76.2,87.0,32.4,67.8,68.9,78.4,30.1,0.0,68.2,58.7,21.5,51.7,50.7,71.4,31.8,10,20,12,30,5,0.48,5980143100.0,637582.0,29129541486.3927
4856,Asia,278,BHR,Bahrain,2001,57.7,0.0,68.0,75.4,84.9,32.3,67.8,70.6,78.4,31.5,0.0,68.2,59.9,22.7,52.6,50.4,71.4,31.8,10,20,15,25,15,0.5,6129105400.0,661316.0,30527388692.4569
4857,Asia,279,BHR,Bahrain,2002,57.6,0.0,68.0,75.5,85.4,33.3,67.8,70.3,78.4,31.6,0.0,68.2,58.0,21.5,52.2,50.2,71.5,31.8,40,20,17,25,5,0.52,6334341600.0,710553.0,32039893083.1749
4858,Asia,280,BHR,Bahrain,2003,57.9,0.0,67.9,76.3,84.7,34.3,67.8,70.1,78.4,33.2,0.0,68.2,58.7,21.5,53.8,49.9,71.5,31.8,40,30,15,20,10,0.54,6733179700.0,764517.0,34729663754.4617
4859,Asia,281,BHR,Bahrain,2004,58.0,0.0,67.8,77.2,85.0,35.3,67.8,69.9,78.3,33.3,0.0,68.2,59.1,21.5,53.8,49.7,71.5,31.8,40,20,15,35,10,0.56,7203220400.0,823741.0,38153235357.4752
4860,Asia,282,BHR,Bahrain,2005,57.8,0.0,67.7,77.7,82.9,36.3,67.9,70.3,78.3,33.6,0.0,69.6,57.2,21.5,51.2,49.4,71.5,31.8,40,15,20,40,10,0.58,7690806200.0,888822.0,42013080198.8788
4861,Asia,283,BHR,Bahrain,2006,57.9,0.0,67.7,77.2,84.1,38.0,67.9,70.8,78.3,34.8,0.0,69.6,58.4,21.5,49.6,49.2,71.5,29.9,45,20,18,20,7,0.6,8188170600.0,960424.0,46109468096.963
4862,Asia,284,BHR,Bahrain,2007,58.2,0.0,67.6,79.0,84.1,39.1,67.9,69.4,78.3,35.3,0.0,69.6,60.8,21.5,50.2,48.9,71.8,28.8,40,20,14,20,10,0.62,8867294300.0,1039295.0,51286604420.6927
4863,Asia,285,BHR,Bahrain,2008,58.2,0.0,67.5,80.1,84.4,40.1,67.9,69.1,78.1,37.9,0.0,69.6,62.6,21.5,44.8,48.7,71.7,28.4,43,20,18,25,10,0.64,9421057800.0,1103496.0,55539312164.1959
4864,Asia,286,BHR,Bahrain,2009,59.0,0.0,67.4,80.7,84.2,41.2,67.9,69.3,78.3,38.2,0.0,69.6,64.8,21.5,48.6,48.5,71.5,33.8,40,20,17,20,8,0.66,9660341900.0,1178415.0,57301203503.1051
4865,Asia,287,BHR,Bahrain,2010,59.3,0.0,67.3,83.5,82.7,42.3,67.9,69.5,78.3,39.0,0.0,70.8,65.6,21.5,45.3,48.4,74.5,32.7,37,30,13,20,10,0.68,10079050000.0,1228543.0,60511365801.66
4866,Asia,288,BHR,Bahrain,2011,58.3,0.0,67.2,82.2,84.9,45.9,67.9,69.7,78.1,43.1,0.0,61.3,64.2,19.5,45.0,48.1,66.0,31.7,70,40,15,20,10,0.7,10273390000.0,1195020.0,62950607636.3072
4867,Asia,289,BHR,Bahrain,2012,58.9,0.0,67.0,82.8,82.3,45.7,67.9,70.0,77.8,54.0,0.0,66.2,62.4,9.0,52.8,47.9,66.1,30.9,37,30,15,19,10,0.72,10664090000.0,1208964.0,68563454589.6353
4868,Asia,290,BHR,Bahrain,2013,58.2,0.0,66.8,85.6,85.6,48.1,67.9,69.6,77.9,56.9,0.0,56.4,61.0,7.4,46.5,47.6,65.4,30.7,40,25,18,18,5,0.74,11228500000.0,1253191.0,70567575887.0546
4869,Asia,291,BHR,Bahrain,2014,59.4,0.0,66.5,85.4,89.8,46.7,67.9,69.8,81.8,56.4,0.0,62.3,62.4,9.8,48.2,47.4,66.3,30.9,44,30,15,18,5,0.76,11712320000.0,1314562.0,71379476259.9094
4870,Asia,292,BHR,Bahrain,2015,60.8,0.0,66.3,85.6,92.3,46.5,67.9,69.8,82.0,58.8,0.0,69.1,65.4,13.6,48.2,47.1,66.7,32.8,45,30,15,30,5,0.78,12006050000.0,1370322.0,65822385264.1269
4871,Asia,293,BHR,Bahrain,2016,60.9,0.0,66.1,86.6,92.1,46.4,67.9,70.0,81.9,60.9,0.0,68.0,64.8,11.6,50.7,46.9,66.3,32.6,60,30,18,22,10,0.81,12464080000.0,1423726.0,67525760773.3312
4872,Asia,294,BHR,Bahrain,2017,60.4,0.0,66.2,86.6,89.3,46.3,67.9,69.9,81.7,60.4,0.0,68.2,65.3,15.1,48.3,46.6,63.3,30.7,50,18,16,30,20,0.83,13081530000.0,1501116.0,75332756767.7388
4873,Asia,295,BHR,Bahrain,2018,60.9,0.0,66.2,87.1,86.4,52.5,67.9,71.1,82.1,59.5,0.0,67.8,66.5,14.6,48.2,46.4,62.9,34.3,55,10,15,40,10,0.86,13350040000.0,1503091.0,78150406940.0445
4874,Asia,296,BHR,Bahrain,2019,60.7,0.0,66.3,88.4,85.2,52.3,67.9,71.4,82.1,58.8,0.0,64.1,66.3,14.6,47.9,46.2,64.3,34.0,42,25,17,33,35,0.88,13624100000.0,1483756.0,83979879528.4482
4875,Asia,297,BHR,Bahrain,2020,61.0,0.0,66.3,86.8,85.2,51.9,67.9,71.4,81.7,59.2,0.0,65.7,67.4,14.6,47.9,46.0,64.3,38.5,60,30,15,31,15,0.91,12818730000.0,1472204.0,78668739612.8244
4876,Asia,298,BHR,Bahrain,2021,61.3,0.0,66.4,86.8,85.2,52.1,67.9,71.4,81.8,63.7,0.0,65.7,67.4,14.6,47.9,45.8,64.3,38.3,60,33,20,40,5,,13376350000.0,1504365.0,82671890844.1512
4877,Asia,299,BHR,Bahrain,2022,63.7,0.0,66.4,86.8,85.2,52.6,67.9,71.4,81.9,63.7,0.0,65.7,67.4,14.6,48.0,45.3,64.7,38.1,40,20,15,25,10,,14203030000.0,1524693.0,94039487080.4043
4878,Asia,300,BGD,Bangladesh,2000,55.6,52.5,57.3,38.0,60.5,36.1,59.6,25.6,73.0,17.7,77.7,40.6,96.7,98.9,59.8,57.2,53.5,40.1,20,15,15,20,8,14.75,8291521224200.0,134544304.0,203418206731.376
4879,Asia,301,BGD,Bangladesh,2001,54.8,52.5,56.6,38.5,45.3,36.3,60.0,26.0,72.8,17.7,77.7,40.6,96.5,98.9,61.1,57.0,53.4,40.0,5,40,12,20,10,14.73,8712505617700.0,136805810.0,218559239143.377
4880,Asia,302,BGD,Bangladesh,2002,54.7,52.5,57.1,38.5,45.7,32.6,60.4,27.1,72.6,17.7,77.7,40.8,96.5,98.9,61.9,56.8,53.5,39.9,37,20,20,15,10,14.7,9046466756300.0,138933658.0,230463472736.244
4881,Asia,303,BGD,Bangladesh,2003,54.9,52.5,57.7,38.8,45.7,32.4,60.8,27.9,72.4,17.7,77.7,40.9,96.6,98.8,62.7,56.6,53.5,40.0,40,5,23,18,10,14.68,9475230145500.0,140970351.0,246152172425.973
4882,Asia,304,BGD,Bangladesh,2004,54.8,52.5,55.8,39.9,44.3,32.3,61.1,29.0,72.4,17.7,77.7,41.1,96.6,98.8,63.3,56.4,53.4,39.8,40,35,15,25,15,14.65,9971687947300.0,142902856.0,266015461711.794
4883,Asia,305,BGD,Bangladesh,2005,55.4,52.5,57.4,41.3,43.7,38.8,61.5,30.3,72.5,17.7,78.4,39.8,96.6,98.8,63.9,56.2,53.5,39.7,20,10,15,20,10,14.63,10623431981000.0,144715786.0,292288029438.599
4884,Asia,306,BGD,Bangladesh,2006,55.8,52.5,59.6,41.4,43.4,38.8,61.9,32.4,72.8,17.7,78.4,40.0,96.5,98.7,63.6,56.0,53.7,40.1,40,35,17,24,14,14.61,11332217269000.0,146405973.0,321404279211.061
4885,Asia,307,BGD,Bangladesh,2007,55.6,52.5,57.5,42.2,42.8,38.9,62.3,31.3,72.5,17.7,78.4,40.5,96.5,98.7,63.9,55.8,53.9,40.3,33,30,25,18,10,14.58,12132113084000.0,147989278.0,353413232026.431
4886,Asia,308,BGD,Bangladesh,2008,55.9,52.5,58.0,45.4,42.3,34.4,62.7,34.0,72.3,17.8,78.4,44.0,96.6,98.7,64.2,55.6,54.0,39.9,38,5,18,30,10,14.56,12861712858000.0,149474264.0,381885501594.424
4887,Asia,309,BGD,Bangladesh,2009,56.3,52.5,58.0,45.8,43.0,40.5,63.1,35.0,72.0,17.9,78.4,40.8,95.9,98.6,65.4,56.3,53.9,39.7,35,30,15,15,10,14.53,13510602323000.0,150873714.0,403626330533.373
4888,Asia,310,BGD,Bangladesh,2010,56.9,52.5,58.7,47.6,43.5,40.4,63.5,34.5,72.9,18.1,82.4,42.2,95.8,98.6,67.0,57.1,52.1,39.8,45,28,20,30,15,14.51,14263384467000.0,152201981.0,431294060080.085
4889,Asia,311,BGD,Bangladesh,2011,57.8,54.9,59.2,49.6,53.1,42.3,63.9,36.2,72.7,18.2,82.4,41.1,95.6,98.4,65.6,56.9,52.5,40.5,35,38,24,28,15,14.5,15185423715000.0,153591076.0,468647816773.515
4890,Asia,312,BGD,Bangladesh,2012,58.3,55.8,61.9,49.6,53.0,45.4,64.3,38.4,72.5,18.4,82.4,40.3,95.9,98.4,63.7,56.7,53.2,40.9,35,15,20,24,5,14.49,16175734863000.0,155070101.0,532553859722.85
4891,Asia,313,BGD,Bangladesh,2013,59.3,57.3,65.6,51.6,59.5,48.2,64.7,37.8,72.3,18.7,82.4,42.5,95.7,98.3,64.4,56.5,52.5,40.7,35,50,18,21,12,14.48,17148479770000.0,156532141.0,577776460458.473
4892,Asia,314,BGD,Bangladesh,2014,59.5,58.0,63.3,53.3,59.5,48.2,65.1,38.2,72.2,18.9,82.4,43.0,95.4,98.1,66.2,56.3,52.3,40.7,35,35,20,28,10,14.48,18187859308000.0,157964929.0,627516703644.248
4893,Asia,315,BGD,Bangladesh,2015,60.0,59.7,62.4,55.3,60.6,49.1,65.5,41.8,72.0,19.4,82.4,44.1,95.3,97.8,66.5,56.0,51.9,39.5,40,15,25,32,10,14.47,19379644230000.0,159383179.0,671359529456.477
4894,Asia,316,BGD,Bangladesh,2016,61.2,59.8,63.2,56.8,65.5,49.3,65.9,42.9,72.0,25.1,81.3,50.2,96.0,97.7,66.1,55.8,51.9,40.3,50,30,20,36,20,14.47,20758211000000.0,160811932.0,736379109928.489
4895,Asia,317,BGD,Bangladesh,2017,61.8,62.5,64.1,60.0,64.9,51.1,66.2,46.6,73.2,26.0,81.3,46.8,95.9,97.5,66.6,55.6,50.6,41.1,42,35,22,40,50,14.47,22126229000000.0,162186147.0,791891204668.818
4896,Asia,318,BGD,Bangladesh,2018,63.0,67.0,70.3,59.9,68.5,51.7,66.6,48.0,72.9,31.7,81.3,48.7,95.7,96.4,66.6,54.8,50.3,40.5,50,40,20,34,30,14.47,23745739000000.0,163523103.0,897767805988.755
4897,Asia,319,BGD,Bangladesh,2019,63.6,69.0,69.8,62.5,69.2,53.8,67.0,48.2,73.5,34.6,81.3,51.5,95.6,96.3,65.2,54.6,48.6,40.2,55,30,25,33,15,14.47,25617358000000.0,164913055.0,997249695284.319
4898,Asia,320,BGD,Bangladesh,2020,63.9,69.8,70.1,63.4,69.0,54.1,67.3,49.7,73.6,37.9,81.3,50.1,95.6,96.3,65.2,54.4,47.6,41.5,24,20,20,25,7,14.47,26500649000000.0,166298024.0,1104316059486.83
4899,Asia,321,BGD,Bangladesh,2021,65.5,73.4,70.5,61.7,89.7,54.3,67.3,49.7,74.3,39.0,81.3,47.7,95.6,96.3,65.2,53.9,49.1,43.9,35,35,17,25,15,,28339444000000.0,167658854.0,1247561124482.2
4900,Asia,322,BGD,Bangladesh,2022,65.9,79.1,70.8,60.5,89.7,54.5,67.3,49.7,74.6,41.0,81.3,49.3,95.6,96.3,65.2,53.6,47.6,44.2,55,30,22,28,8,,30351496000000.0,169384897.0,1431395376250.57
4901,North America,323,BRB,Barbados,2000,67.6,0.0,58.0,76.2,95.1,65.4,46.2,74.7,69.1,22.7,0.0,86.3,56.4,88.8,60.6,68.5,78.1,67.6,7,10,40,60,5,14.65,10044521200.0,262063.0,3950848949.62105
4902,North America,324,BRB,Barbados,2001,67.8,0.0,57.4,76.7,94.6,65.4,46.4,73.9,68.6,25.5,0.0,86.3,56.4,88.4,60.5,68.4,77.5,70.9,9,18,60,65,5,14.65,9806921600.0,262425.0,3944249543.33907
4903,North America,325,BRB,Barbados,2002,67.8,0.0,58.4,76.9,91.4,65.4,46.5,73.6,68.2,28.7,0.0,86.3,56.4,88.4,60.3,68.3,77.5,71.0,18,5,50,60,8,14.65,9884141500.0,264148.0,4037082697.19863
4904,North America,326,BRB,Barbados,2003,68.2,0.0,57.7,77.4,93.0,66.8,46.6,73.0,67.5,31.9,0.0,86.3,56.4,88.0,60.5,68.2,76.7,73.2,10,20,65,60,8,14.65,10099169100.0,265776.0,4206347334.0997
4905,North America,327,BRB,Barbados,2004,68.4,0.0,55.9,76.5,92.5,66.8,46.8,73.0,68.9,35.0,0.0,86.3,56.4,87.8,60.6,68.2,77.9,74.0,10,20,60,65,8,14.65,10241728800.0,267298.0,4380433118.68128
4906,North America,328,BRB,Barbados,2005,68.9,0.0,57.4,82.1,92.1,66.8,50.5,73.1,69.4,34.2,0.0,86.3,56.4,87.4,60.4,68.1,77.1,72.1,10,30,65,60,10,14.65,10646836000.0,268706.0,4696478447.7666
4907,North America,329,BRB,Barbados,2006,69.0,0.0,57.0,81.3,93.8,66.8,50.6,73.1,69.7,35.7,0.0,86.3,56.4,87.2,60.9,68.1,76.5,71.8,15,25,55,70,8,14.65,11293157100.0,270002.0,5135204147.06954
4908,North America,330,BRB,Barbados,2007,68.9,0.0,56.5,79.4,95.0,66.8,50.8,73.0,71.0,35.8,0.0,86.3,56.4,87.1,60.6,68.0,77.7,69.9,15,20,60,60,10,14.65,11527962600.0,271288.0,5383993121.508
4909,North America,331,BRB,Barbados,2008,68.8,0.0,56.2,81.7,95.4,65.0,50.9,71.5,70.3,36.8,0.0,86.3,56.4,84.8,60.6,67.9,78.4,69.8,15,15,55,60,10,14.65,11600987700.0,272714.0,5522489627.30581
4910,North America,332,BRB,Barbados,2009,68.6,0.0,57.5,82.2,94.9,65.0,51.1,71.6,68.4,37.4,0.0,86.3,56.4,85.0,60.5,67.9,74.4,71.0,8,20,55,60,8,14.65,11018934200.0,274123.0,5277763798.8087
4911,North America,333,BRB,Barbados,2010,68.9,0.0,56.6,81.9,95.2,65.0,51.2,71.9,67.8,37.0,0.0,86.4,56.4,86.3,60.8,67.8,76.8,72.4,10,15,20,60,5,14.65,10774566100.0,275243.0,5223435779.82793
4912,North America,334,BRB,Barbados,2011,68.5,0.0,56.8,82.4,91.7,65.0,51.4,69.7,67.3,38.4,0.0,85.7,56.4,85.9,60.1,67.7,77.0,71.8,8,35,8,65,8,14.65,10695757200.0,276139.0,5292206731.94635
4913,North America,335,BRB,Barbados,2012,69.1,0.0,56.3,81.0,91.7,65.0,51.5,70.0,66.9,47.4,0.0,87.2,56.4,86.4,60.1,67.7,77.2,72.2,10,18,60,80,10,14.65,10662246200.0,276938.0,4967435168.48394
4914,North America,336,BRB,Barbados,2013,69.4,0.0,54.6,81.3,91.7,69.4,51.6,69.1,66.9,48.7,0.0,87.7,56.4,86.7,61.3,67.6,77.2,70.9,10,15,50,60,10,14.65,10554516800.0,277665.0,4999266451.28791
4915,North America,337,BRB,Barbados,2014,70.2,0.0,55.5,83.7,95.6,70.4,51.8,70.0,66.3,49.9,0.0,88.3,56.4,87.9,61.2,67.6,77.1,71.9,10,30,65,60,7,14.65,10563214300.0,278348.0,4941377803.45956
4916,North America,338,BRB,Barbados,2015,70.2,0.0,55.0,83.2,97.7,70.7,51.9,69.9,68.7,52.1,0.0,88.6,56.4,87.9,59.5,67.5,73.9,70.0,10,25,55,60,8,14.65,10473839100.0,278990.0,4967346924.58039
4917,North America,339,BRB,Barbados,2016,70.1,0.0,55.0,84.7,95.4,70.4,52.1,70.1,70.2,51.5,0.0,89.4,56.0,87.8,60.1,67.4,72.9,68.4,15,25,50,75,10,14.65,10661523000.0,279598.0,5036587066.92182
4918,North America,340,BRB,Barbados,2017,70.4,0.0,55.8,83.9,97.0,70.1,52.2,71.3,71.4,51.7,0.0,89.6,55.7,88.8,61.5,67.4,72.4,67.3,10,30,40,60,5,14.65,10675217300.0,280171.0,5014752559.24251
4919,North America,341,BRB,Barbados,2018,70.4,0.0,56.4,83.4,97.1,71.5,52.2,71.5,68.2,54.6,0.0,90.1,55.3,88.1,62.5,65.3,70.2,69.5,10,15,65,60,10,14.65,10549883300.0,280711.0,5207517102.66114
4920,North America,342,BRB,Barbados,2019,69.6,0.0,56.5,83.9,96.2,72.2,52.4,70.7,67.1,51.9,0.0,90.5,55.0,89.1,63.4,65.3,65.9,64.2,10,20,55,65,8,14.65,10618730300.0,281207.0,5275547370.24394
4921,North America,343,BRB,Barbados,2020,69.8,0.0,56.7,83.4,90.4,72.1,52.4,70.7,66.9,53.1,0.0,90.5,55.0,90.5,63.9,65.2,70.0,66.1,10,15,50,60,8,14.65,9020148100.0,281698.0,4457727484.3495
4922,North America,344,BRB,Barbados,2021,70.8,0.0,56.7,82.5,92.1,72.3,52.4,70.7,67.5,60.0,0.0,90.5,55.8,89.6,63.9,63.2,70.4,73.6,10,25,70,60,15,,8997149800.0,282147.0,4425161020.06509
4923,North America,345,BRB,Barbados,2022,69.4,0.0,56.7,82.5,92.1,72.5,52.4,70.7,69.4,60.0,0.0,90.5,55.8,89.6,63.9,63.0,70.4,73.6,15,30,50,60,5,,10601599200.0,282318.0,5586046010.36701
4924,Europe,346,BLR,Belarus,2000,72.3,98.5,61.2,71.5,96.1,63.7,82.8,65.6,62.2,27.8,86.9,80.8,75.4,68.5,0.0,86.1,58.7,71.4,20,15,6,15,8,40.76,88287900445.276,9979610.0,57838349047.3859
4925,Europe,347,BLR,Belarus,2001,72.7,98.5,60.6,72.1,96.9,63.9,82.8,65.8,62.6,28.3,88.4,80.8,74.6,68.6,0.0,88.4,58.8,71.4,5,15,5,23,7,40.93,92459773938.0567,9928549.0,61935267888.0986
4926,Europe,348,BLR,Belarus,2002,72.7,98.5,62.1,70.4,96.6,64.0,82.8,66.6,63.0,28.7,89.2,81.2,74.6,68.6,0.0,88.5,58.7,69.5,20,20,5,25,0,41.11,97124616909.8056,9865548.0,66071097838.5282
4927,Europe,349,BLR,Belarus,2003,72.7,98.5,61.5,64.3,97.0,64.1,82.8,66.5,63.2,28.7,94.3,81.2,73.1,68.3,0.0,88.5,58.7,72.3,40,15,10,20,8,41.29,103965290642.946,9796749.0,72120938869.55
4928,Europe,350,BLR,Belarus,2004,74.4,98.5,64.0,71.3,96.3,74.0,82.9,67.5,63.4,28.8,99.5,81.7,73.1,67.7,0.0,88.6,59.1,73.3,35,30,7,19,7,41.46,115869049365.87,9730146.0,82540052109.454
4929,Europe,351,BLR,Belarus,2005,74.8,98.5,62.9,72.3,96.3,74.0,82.9,67.6,64.0,29.2,98.0,81.7,77.1,67.5,0.0,89.5,59.3,75.7,30,18,7,25,7,41.64,126760741774.062,9663915.0,93130096681.3365
4930,Europe,352,BLR,Belarus,2006,74.7,98.5,62.3,72.1,96.6,74.1,82.9,67.8,64.3,30.0,95.6,82.2,75.7,67.0,0.0,89.6,59.3,78.0,45,15,10,18,15,41.81,139436809256.231,9604924.0,105602279424.649
4931,Europe,353,BLR,Belarus,2007,74.5,98.5,63.5,71.5,96.7,74.2,83.0,68.2,64.4,31.8,91.3,81.1,73.3,67.2,0.0,89.6,60.9,77.4,35,20,10,28,8,41.99,151428384056.608,9560953.0,117791170660.995
4932,Europe,354,BLR,Belarus,2008,75.1,98.5,65.5,71.6,96.9,75.7,83.0,68.6,64.6,31.1,96.9,82.4,71.7,66.7,0.0,89.7,61.2,77.0,35,18,9,35,7,42.17,166874078504.206,9527985.0,132306851781.267
4933,Europe,355,BLR,Belarus,2009,75.0,98.5,64.4,72.7,96.9,75.8,83.1,68.0,65.5,31.5,97.0,82.1,73.6,67.1,0.0,89.7,61.6,71.7,25,18,10,20,8,42.34,167207818675.535,9504583.0,133389134344.402
4934,Europe,356,BLR,Belarus,2010,74.7,98.5,62.4,73.9,96.2,76.0,83.1,68.9,65.0,32.2,94.3,85.0,69.9,66.7,0.0,89.8,63.4,70.6,60,15,6,22,5,42.52,180166453159.398,9483836.0,145473507864.257
4935,Europe,357,BLR,Belarus,2011,74.9,98.6,63.0,74.3,96.1,76.1,83.1,68.3,65.0,34.5,98.5,81.5,69.5,69.0,0.0,89.9,64.2,66.6,44,15,7,35,8,42.52,190165645769.007,9461643.0,156715098657.899
4936,Europe,358,BLR,Belarus,2012,75.5,98.8,64.0,76.8,97.6,73.5,83.2,67.9,65.1,37.4,99.1,81.6,71.2,69.3,0.0,90.2,64.3,68.4,35,28,5,20,7,42.52,193413394637.253,9446836.0,171127080561.616
4937,Europe,359,BLR,Belarus,2013,75.1,98.9,63.0,78.1,98.7,74.1,83.2,68.0,64.9,40.3,98.8,82.8,70.9,60.2,0.0,90.3,61.6,68.5,40,20,5,33,10,42.53,195345051497.004,9443211.0,179553714196.485
4938,Europe,360,BLR,Belarus,2014,75.9,99.0,65.7,78.7,98.4,74.2,83.3,68.8,67.1,40.2,97.8,83.6,71.3,64.1,0.0,93.0,62.4,67.2,55,17,10,35,7,42.53,198570441863.675,9448515.0,179879739572.13
4939,Europe,361,BLR,Belarus,2015,76.9,98.9,64.9,80.9,98.5,74.7,83.3,69.2,66.9,41.5,100.0,86.0,71.9,68.2,0.0,93.9,62.4,69.1,45,16,7,40,10,42.53,190966046684.61,9461076.0,171562717858.933
4940,Europe,362,BLR,Belarus,2016,77.6,98.9,64.5,80.5,99.1,78.6,83.3,69.1,67.0,41.1,100.0,86.1,73.0,74.5,0.0,94.0,62.4,69.6,58,25,9,35,10,42.67,186141391805.086,9469379.0,168862491607.69
4941,Europe,363,BLR,Belarus,2017,77.9,98.9,64.8,81.6,98.1,78.5,83.3,69.4,66.5,47.1,100.0,85.3,72.3,73.7,0.0,94.0,63.2,69.3,40,30,10,32,8,42.8,190854833415.473,9458989.0,174175435650.665
4942,Europe,364,BLR,Belarus,2018,78.1,99.0,62.8,81.4,97.9,78.3,83.3,69.7,66.4,53.3,100.0,85.1,71.9,68.3,0.0,94.0,63.1,74.7,55,20,7,45,8,42.93,196865229236.948,9438785.0,189020934305.568
4943,Europe,365,BLR,Belarus,2019,78.3,99.0,63.5,83.5,96.4,78.9,83.3,70.3,67.2,53.3,100.0,84.5,71.7,68.3,0.0,94.1,64.6,73.9,50,25,5,20,10,43.06,199712797127.394,9419758.0,210075611346.388
4944,Europe,366,BLR,Belarus,2020,78.4,99.1,64.3,83.4,95.2,78.8,83.3,70.3,67.2,54.5,100.0,85.0,71.7,68.8,0.0,94.1,64.6,74.7,69,38,9,12,6,43.19,198369243363.225,9379952.0,233301042735.647
4945,Europe,367,BLR,Belarus,2021,78.4,99.1,63.6,83.6,94.9,79.0,83.3,70.3,66.9,55.8,100.0,85.0,71.1,68.6,0.0,94.2,63.2,75.9,73,26,6,11,7,,203207195705.213,9302585.0,256855349956.29
4946,Europe,368,BLR,Belarus,2022,77.5,99.1,63.6,83.6,94.9,79.0,83.3,70.3,66.6,55.5,100.0,85.0,71.1,68.6,0.0,94.3,61.2,76.0,78,18,9,14,7,,193741000000.0,9228071.0,262349397260.188
4947,Europe,369,BEL,Belgium,2000,73.1,98.9,72.1,84.3,99.1,70.7,61.8,69.0,84.7,68.9,92.1,89.5,43.9,46.0,54.7,74.2,81.6,51.5,20,10,70,40,7,22.04,362585200000.0,10251250.0,284862666666.667
4948,Europe,370,BEL,Belgium,2001,73.2,98.9,71.2,84.7,99.1,70.9,62.9,68.7,85.0,69.5,92.1,89.5,44.2,46.2,54.1,74.2,81.4,51.8,10,20,55,70,5,22.11,366572200000.0,10286570.0,296218031614.831
4949,Europe,371,BEL,Belgium,2002,73.5,98.9,71.6,85.3,98.9,71.0,64.0,69.2,84.5,71.2,92.1,89.5,44.1,46.2,54.7,74.7,81.4,51.8,10,45,75,30,8,22.19,372829200000.0,10332785.0,312900377877.018
4950,Europe,372,BEL,Belgium,2003,74.4,98.9,71.9,86.1,98.2,77.2,64.4,69.1,84.1,71.5,99.2,89.5,44.2,46.1,52.8,78.0,81.4,52.9,15,20,85,50,5,22.26,376699000000.0,10376133.0,320981343828.761
4951,Europe,373,BEL,Belgium,2004,74.3,98.9,72.1,86.6,97.1,77.0,64.7,69.2,84.2,72.0,95.8,89.5,44.0,46.1,53.7,78.0,81.4,53.2,10,45,80,60,7,22.34,390151700000.0,10421137.0,334143156430.084
4952,Europe,374,BEL,Belgium,2005,75.1,98.9,71.8,88.0,96.8,77.2,65.0,69.5,83.5,72.2,97.5,89.6,43.9,46.7,57.8,78.8,81.4,57.6,20,35,75,70,5,22.41,399210000000.0,10478617.0,347658412088.972
4953,Europe,375,BEL,Belgium,2006,75.1,98.9,71.8,88.9,93.7,77.2,65.3,69.5,83.5,72.9,99.2,89.6,44.8,47.1,56.6,78.8,81.4,57.5,20,45,80,70,7,22.48,409399200000.0,10547958.0,371910293569.293
4954,Europe,376,BEL,Belgium,2007,74.9,98.9,71.5,88.7,93.0,77.6,65.5,70.0,83.9,73.7,97.6,87.6,44.2,47.8,56.5,78.8,80.9,57.4,10,40,75,62,7,22.56,424452500000.0,10625700.0,391020785776.548
4955,Europe,377,BEL,Belgium,2008,75.1,98.9,71.6,89.0,92.4,77.6,65.7,70.0,84.1,74.2,98.7,89.6,43.8,47.9,55.0,78.8,80.4,59.2,5,45,75,65,7,22.63,426349400000.0,10709973.0,405729462246.522
4956,Europe,378,BEL,Belgium,2009,75.6,98.9,71.9,89.5,92.5,79.2,66.1,70.9,83.8,75.4,98.5,89.6,45.4,50.0,54.2,78.9,80.4,60.4,20,45,75,55,10,22.71,418221300000.0,10796493.0,409034917983.614
4957,Europe,379,BEL,Belgium,2010,75.8,98.9,71.3,90.5,94.4,80.3,66.2,71.5,83.6,76.9,98.7,88.2,46.0,49.0,53.3,78.9,81.2,60.2,10,20,60,35,8,22.78,429556400000.0,10895586.0,434128146075.674
4958,Europe,380,BEL,Belgium,2011,76.4,99.1,71.4,91.1,95.8,79.8,68.7,72.0,84.1,79.7,99.2,86.6,45.5,50.6,55.6,78.9,80.8,60.4,25,45,80,48,5,22.78,437851800000.0,11038264.0,455271537460.137
4959,Europe,381,BEL,Belgium,2012,76.7,99.3,71.1,91.3,96.0,79.9,68.1,72.3,84.1,82.0,100.0,87.8,46.1,51.1,54.8,78.9,81.5,60.3,15,25,80,60,7,22.78,438796700000.0,11106932.0,471861624035.897
4960,Europe,382,BEL,Belgium,2013,77.5,99.2,71.2,92.0,96.5,83.1,69.4,72.4,83.5,85.1,99.7,91.6,46.4,51.2,55.1,78.9,80.7,60.9,10,43,75,30,7,22.77,440137200000.0,11159407.0,489497572460.263
4961,Europe,383,BEL,Belgium,2014,77.5,99.4,71.2,91.8,96.4,84.1,70.2,72.4,83.7,86.5,99.2,91.5,46.6,52.2,47.6,79.4,84.0,60.9,10,45,75,50,8,22.77,447908000000.0,11209057.0,506062503280.372
4962,Europe,384,BEL,Belgium,2015,78.0,99.5,72.2,92.4,96.9,84.5,71.7,72.1,82.2,87.4,99.7,90.2,47.2,53.5,48.0,79.6,87.6,61.0,20,48,82,65,10,22.76,454510900000.0,11274196.0,519562781951.127
4963,Europe,385,BEL,Belgium,2016,77.9,99.4,71.2,92.8,97.1,84.5,71.2,73.2,82.5,88.6,99.9,88.8,46.6,51.9,47.4,81.8,87.2,61.1,30,32,80,65,7,22.76,459935500000.0,11331422.0,548605717461.086
4964,Europe,386,BEL,Belgium,2017,77.9,99.4,71.5,93.0,96.3,84.4,70.6,73.4,82.8,90.7,100.0,89.2,45.8,52.3,46.9,81.8,85.5,61.2,20,40,85,60,6,22.76,466717100000.0,11375158.0,571670659099.524
4965,Europe,387,BEL,Belgium,2018,78.2,99.5,71.2,93.2,95.6,85.1,70.6,72.9,83.7,91.6,100.0,86.8,44.9,52.1,49.7,81.9,87.0,63.4,25,45,75,60,10,22.76,475481900000.0,11427054.0,599540192091.147
4966,Europe,388,BEL,Belgium,2019,79.0,99.5,71.2,93.2,94.4,87.5,70.6,74.0,84.4,94.6,100.0,88.1,44.9,52.2,56.7,82.0,86.1,63.2,30,35,75,70,8,22.76,487097400000.0,11488980.0,651568428663.064
4967,Europe,389,BEL,Belgium,2020,79.4,99.4,71.2,93.2,95.3,87.2,70.6,74.0,84.5,96.4,100.0,90.2,44.9,53.6,56.7,82.0,85.4,65.7,25,35,75,65,10,22.76,463750900000.0,11538604.0,647547562363.422
4968,Europe,390,BEL,Belgium,2021,79.5,99.4,71.2,93.4,95.3,87.7,70.6,74.0,84.1,97.1,100.0,88.6,44.9,52.9,56.7,81.8,88.1,66.4,25,40,78,68,8,,492538700000.0,11586195.0,702925341289.817
4969,Europe,391,BEL,Belgium,2022,79.5,99.5,71.2,93.4,95.3,87.8,70.6,74.0,84.3,97.1,100.0,88.1,44.9,52.9,56.7,81.8,85.8,67.4,25,45,85,60,8,,513517700000.0,11680210.0,796097823446.673
4970,North America,392,BLZ,Belize,2000,61.4,57.9,65.9,64.6,67.5,52.6,63.4,69.9,71.4,15.3,0.0,65.7,70.1,93.2,59.3,50.6,66.5,48.4,20,45,22,20,10,63.98,2735300000.0,240799.0,1819268792.5366
4971,North America,393,BLZ,Belize,2001,61.2,57.9,66.3,64.8,67.9,52.6,63.6,64.7,72.6,15.2,0.0,66.0,69.6,92.9,59.3,50.6,64.2,50.8,15,40,30,20,8,63.68,2871900000.0,248379.0,1953132524.97571
4972,North America,394,BLZ,Belize,2002,61.0,57.9,61.8,65.1,67.9,52.7,63.9,66.4,72.0,15.6,0.0,66.3,68.0,93.1,60.3,50.6,62.0,51.4,30,50,35,30,7,63.38,3026900000.0,256009.0,2090535193.55517
4973,North America,395,BLZ,Belize,2003,61.3,57.9,62.3,67.0,70.3,50.8,64.2,67.9,71.8,15.9,0.0,66.5,68.0,93.2,60.3,50.6,64.3,50.5,15,35,35,35,7,63.08,3319500000.0,263780.0,2337883566.48037
4974,North America,396,BLZ,Belize,2004,62.0,57.9,63.2,67.8,71.4,52.6,64.5,69.6,71.6,16.7,0.0,66.8,72.0,93.5,60.4,50.6,63.3,50.6,20,35,40,30,5,62.79,3478200000.0,271688.0,2515527393.93269
4975,North America,397,BLZ,Belize,2005,62.6,57.9,67.4,67.5,71.1,52.6,64.8,68.9,71.4,18.5,0.0,66.7,73.0,93.4,61.7,50.5,63.4,52.0,20,40,35,35,5,62.49,3555400000.0,279731.0,2651984341.59973
4976,North America,398,BLZ,Belize,2006,63.5,57.9,63.6,71.0,71.9,52.8,65.1,76.1,72.4,20.0,0.0,67.0,74.9,93.4,63.4,50.5,62.6,52.8,10,40,30,40,10,62.19,3715800000.0,287878.0,2857099677.93355
4977,North America,399,BLZ,Belize,2007,63.1,57.9,63.0,70.4,70.3,51.2,65.4,72.0,73.0,19.4,0.0,67.3,75.6,93.3,63.3,50.4,62.4,54.8,10,45,35,25,5,61.89,3840400000.0,296100.0,3032907162.12651
4978,North America,400,BLZ,Belize,2008,63.3,57.9,60.1,70.9,69.8,50.3,65.7,73.7,73.2,19.8,0.0,67.5,77.5,93.6,63.4,50.4,62.1,56.6,10,40,30,35,5,61.59,3775800000.0,304361.0,3039342498.34301
4979,North America,401,BLZ,Belize,2009,63.6,57.9,67.6,75.1,71.5,50.4,65.9,70.9,73.2,20.8,0.0,67.8,76.9,93.2,63.4,50.3,55.1,57.4,30,40,40,40,8,61.3,3761100000.0,312614.0,3046182781.32742
4980,North America,402,BLZ,Belize,2010,64.2,57.9,64.6,77.5,72.2,50.5,66.2,77.7,73.2,21.0,0.0,68.0,78.4,93.2,64.0,50.2,53.2,60.0,25,35,25,55,7,61.0,3803000000.0,320245.0,3117550615.77091
4981,North America,403,BLZ,Belize,2011,65.0,58.0,66.6,77.1,73.8,50.5,66.5,82.6,73.2,21.1,0.0,67.9,78.0,92.8,67.8,50.3,53.9,59.6,10,40,20,20,5,60.49,3793700000.0,327298.0,3174088034.88961
4982,North America,404,BLZ,Belize,2012,65.6,59.1,65.6,76.3,76.1,51.5,66.8,86.7,73.2,21.4,0.0,69.2,76.9,93.2,70.4,50.6,53.5,58.6,10,40,15,18,5,59.97,3935500000.0,334414.0,3098710709.99168
4983,North America,405,BLZ,Belize,2013,64.9,60.8,63.6,75.0,78.5,54.7,67.1,82.0,73.1,22.3,0.0,69.0,75.9,93.2,57.2,50.5,56.4,59.1,20,30,30,30,7,59.46,4110800000.0,341627.0,3250377139.13507
4984,North America,406,BLZ,Belize,2014,65.8,61.4,65.4,74.1,80.1,54.9,67.4,77.8,73.2,24.6,0.0,74.3,75.0,92.5,65.1,50.5,56.2,60.3,20,35,40,40,8,58.95,4276500000.0,348923.0,3311260718.30445
4985,North America,407,BLZ,Belize,2015,65.5,62.1,62.8,74.4,78.1,52.8,67.7,73.9,73.6,25.9,0.0,74.5,75.1,90.2,69.4,50.4,55.9,60.7,25,30,15,60,5,58.43,4399500000.0,356333.0,3398772050.198
4986,North America,408,BLZ,Belize,2016,66.2,61.8,64.0,74.0,79.3,53.3,67.9,75.9,74.0,34.2,0.0,75.5,74.7,90.8,68.6,50.3,53.8,61.9,25,40,33,45,8,57.94,4401900000.0,364705.0,3428786070.73689
4987,North America,409,BLZ,Belize,2017,66.9,60.9,68.2,75.4,78.1,56.2,68.1,78.9,74.2,32.7,0.0,75.7,75.8,91.9,69.2,50.3,50.6,64.2,15,38,30,40,7,57.45,4322100000.0,373202.0,3404254285.09165
4988,North America,410,BLZ,Belize,2018,67.1,61.2,68.0,75.8,78.2,56.3,68.3,77.4,68.5,33.9,0.0,76.1,77.5,93.0,69.7,50.2,52.6,66.6,20,15,40,40,8,56.96,4370100000.0,380226.0,3622682735.48562
4989,North America,411,BLZ,Belize,2019,67.0,62.6,66.1,76.4,78.0,56.3,68.3,75.1,66.6,35.9,0.0,76.4,77.5,92.6,70.3,50.1,54.2,66.3,25,40,45,40,8,56.48,4556600000.0,385829.0,4063289991.47876
4990,North America,412,BLZ,Belize,2020,66.8,55.8,67.1,74.2,78.8,56.4,68.3,76.3,64.6,36.9,0.0,76.4,77.5,93.0,70.7,50.0,55.1,68.5,15,30,35,35,10,55.99,3923100000.0,390812.0,3758836239.11244
4991,North America,413,BLZ,Belize,2021,66.5,61.0,68.6,74.3,60.7,58.0,68.3,76.3,65.9,38.4,0.0,76.4,79.6,92.7,70.4,48.1,53.8,71.3,5,55,40,40,7,,4619300000.0,395346.0,4616637500.26857
4992,North America,414,BLZ,Belize,2022,64.6,62.1,68.7,74.3,60.7,58.2,68.3,76.3,66.0,38.4,0.0,76.4,79.6,92.7,70.1,48.0,53.4,71.4,25,40,43,50,8,,5065200000.0,402733.0,5423194808.06664
4993,Africa,415,BEN,Benin,2000,47.7,20.6,58.3,32.9,30.7,20.6,46.7,7.7,70.1,14.2,58.2,41.1,97.5,98.7,59.9,66.8,45.9,40.7,38,45,18,20,15,36.67,3676955000000.0,7221619.0,12069905284.8706
4994,Africa,416,BEN,Benin,2001,47.7,20.6,58.3,32.7,30.7,20.7,46.8,7.5,70.2,14.2,58.2,40.9,97.4,98.7,59.9,66.8,45.9,41.4,15,40,18,15,5,36.23,3873052000000.0,7445596.0,12999880781.759
4995,Africa,417,BEN,Benin,2002,47.6,20.6,58.3,32.5,29.5,20.9,46.9,7.6,70.2,14.2,58.2,40.7,97.3,98.6,60.0,66.8,45.9,41.3,20,35,18,18,10,35.79,4052879000000.0,7675426.0,13814866444.8602
4996,Africa,418,BEN,Benin,2003,47.7,20.6,58.7,32.9,29.5,21.1,47.0,7.7,70.2,14.2,58.2,40.5,97.3,98.5,59.9,66.8,45.9,41.3,30,40,18,15,15,35.34,4192443000000.0,7913070.0,14572733236.281
4997,Africa,419,BEN,Benin,2004,47.8,20.6,58.8,31.6,31.2,21.8,47.2,7.9,70.2,14.3,58.2,40.3,97.4,98.5,59.9,66.8,45.9,42.1,5,20,25,30,8,34.9,4378155000000.0,8159094.0,15627491674.7869
4998,Africa,420,BEN,Benin,2005,47.7,20.6,58.7,31.9,29.0,22.0,47.3,8.0,70.2,14.3,58.2,41.6,97.3,98.5,59.8,66.8,45.9,41.5,15,30,9,15,10,34.46,4453160000000.0,8426144.0,16393603609.2827
4999,Africa,421,BEN,Benin,2006,48.1,20.6,58.8,33.2,32.9,22.3,47.5,8.5,70.1,14.3,58.2,41.4,97.2,98.4,59.7,66.8,45.9,42.0,20,30,15,35,10,34.01,4628781000000.0,8693242.0,17565614139.7533
5000,Africa,422,BEN,Benin,2007,48.5,20.6,59.5,34.9,32.9,24.4,47.6,8.4,70.1,14.4,58.2,41.2,97.1,98.3,59.6,66.8,45.9,44.5,15,40,35,15,15,33.57,4905876000000.0,8953969.0,19121539964.5388
5001,Africa,423,BEN,Benin,2008,48.8,20.6,61.7,35.3,34.7,24.6,47.7,8.9,70.1,14.4,58.2,41.0,97.2,98.3,59.8,66.8,46.9,43.7,20,40,35,25,10,33.12,5146096000000.0,9228466.0,20444297274.8221
5002,Africa,424,BEN,Benin,2009,49.0,20.6,62.2,35.7,36.9,24.9,47.9,9.0,70.1,14.4,58.2,40.8,97.1,98.3,59.9,66.9,46.9,43.8,33,50,50,20,8,32.68,5265449000000.0,9509423.0,21047481282.7312
5003,Africa,425,BEN,Benin,2010,49.3,20.6,62.0,36.7,37.3,25.1,48.0,9.8,70.0,14.6,58.2,40.6,97.1,98.2,60.0,66.9,47.0,45.4,20,35,20,20,15,32.24,5376764000000.0,9797484.0,21753633405.3039
5004,Africa,426,BEN,Benin,2011,48.2,20.6,63.2,37.2,40.9,26.1,48.2,10.6,69.1,14.8,37.1,36.6,97.3,98.3,60.0,66.9,46.1,45.9,25,40,35,35,10,31.79,5536118000000.0,10093623.0,22860459982.9645
5005,Africa,427,BEN,Benin,2012,48.5,20.4,62.9,37.8,42.1,26.9,48.3,11.2,69.2,15.6,37.1,38.2,97.3,98.3,59.3,66.9,48.4,44.0,30,46,20,35,15,31.35,5802473000000.0,10397657.0,24393778410.0812
5006,Africa,428,BEN,Benin,2013,48.7,20.7,63.3,37.4,45.1,31.3,48.4,10.5,69.3,15.7,37.1,37.2,97.0,98.0,59.2,66.9,45.5,44.5,25,30,12,40,10,30.91,6219754000000.0,10708834.0,26896876069.4006
5007,Africa,429,BEN,Benin,2014,48.8,20.9,63.8,36.9,44.3,32.5,48.6,10.2,70.4,14.5,37.1,38.8,96.9,97.9,59.9,66.9,45.7,43.9,10,35,25,35,15,30.46,6615186000000.0,11030004.0,29454694903.9928
5008,Africa,430,BEN,Benin,2015,47.8,21.4,63.4,37.8,44.8,31.9,48.7,9.0,70.4,15.6,21.4,37.5,97.1,98.1,60.0,66.9,44.3,43.9,30,65,20,40,15,30.02,6732814000000.0,11360681.0,30961687093.8936
5009,Africa,431,BEN,Benin,2016,49.2,26.6,64.1,38.9,55.5,32.0,48.9,10.6,70.5,17.0,21.4,40.1,97.1,98.1,60.0,66.9,44.6,43.5,10,60,35,35,10,29.58,6957668000000.0,11697842.0,33245555033.1574
5010,Africa,432,BEN,Benin,2017,50.3,34.3,63.5,41.0,55.6,32.8,49.0,9.9,74.0,18.5,21.4,41.2,97.1,98.0,60.0,66.9,47.0,45.7,25,35,25,40,10,29.13,7352276451000.0,12039780.0,34745526935.4768
5011,Africa,433,BEN,Benin,2018,53.9,46.0,64.7,43.2,58.3,32.8,49.1,11.1,74.1,20.6,62.0,43.3,96.9,97.8,60.0,65.4,46.7,44.7,30,55,18,35,12,28.69,7844677051900.0,12383347.0,36720416644.3096
5012,Africa,434,BEN,Benin,2019,54.0,46.7,64.6,42.8,56.3,33.6,49.3,11.5,73.7,21.5,62.0,42.9,96.9,97.8,60.0,65.4,48.3,44.1,5,35,18,25,10,28.25,8383267995300.0,12726755.0,40076293090.6914
5013,Africa,435,BEN,Benin,2020,54.4,47.1,65.1,41.7,52.3,33.6,49.4,11.8,74.6,23.5,62.0,47.2,96.9,97.9,60.0,65.4,48.6,47.5,30,40,20,30,10,27.8,8705922576800.0,13070169.0,42407309934.6404
5014,Africa,436,BEN,Benin,2021,55.1,52.4,65.2,42.5,57.3,34.1,49.4,11.8,76.0,25.9,62.0,41.6,96.9,97.8,60.0,66.4,47.6,49.6,35,42,18,35,5,,9328870657100.0,13413417.0,46467947984.7692
5015,Africa,437,BEN,Benin,2022,55.1,57.2,65.4,42.0,57.3,34.2,49.4,11.8,76.0,25.9,62.0,39.1,96.9,97.8,60.0,66.4,46.0,49.6,20,45,20,35,20,,9912200000000.0,13759501.0,52893642973.6996
5016,Asia,438,BTN,Bhutan,2000,57.8,78.7,43.3,48.1,17.1,44.9,58.4,37.2,73.7,9.0,48.3,85.5,88.9,92.1,0.0,62.8,78.3,59.3,25,10,30,72,15,68.36,52366530600.0,596863.0,1858061640.01543
5017,Asia,439,BTN,Bhutan,2001,58.4,78.7,44.0,49.3,21.0,44.9,58.8,40.8,73.5,9.0,48.3,85.5,88.8,92.2,0.0,62.7,78.3,58.6,40,30,35,30,20,68.62,56204146000.0,610794.0,2039131169.07037
5018,Asia,440,BTN,Bhutan,2002,58.4,78.7,43.7,49.4,21.0,44.9,59.6,43.1,73.5,9.2,48.3,85.5,88.7,92.1,0.0,62.7,78.3,56.1,30,35,15,65,10,68.88,62073983200.0,624409.0,2287090949.69857
5019,Asia,441,BTN,Bhutan,2003,58.7,78.7,45.4,53.7,21.0,44.9,60.3,43.6,73.6,9.1,48.3,85.6,88.9,92.3,0.0,62.7,79.1,52.7,30,30,15,60,10,69.14,66907411400.0,637663.0,2513847013.57348
5020,Asia,442,BTN,Bhutan,2004,59.5,78.7,49.6,54.3,23.5,44.8,61.0,47.8,73.0,9.5,48.3,85.6,88.7,92.6,0.0,62.7,78.6,53.6,5,30,25,48,20,69.4,70357998800.0,650544.0,2714578404.78015
5021,Asia,443,BTN,Bhutan,2005,60.1,78.7,49.7,55.1,28.8,44.9,61.7,51.0,72.5,9.6,48.3,84.6,88.7,92.3,0.0,62.7,78.8,55.0,35,30,20,35,20,69.67,75237376300.0,661865.0,2993853472.10641
5022,Asia,444,BTN,Bhutan,2006,60.4,78.7,50.4,55.9,32.1,41.5,62.4,52.6,72.5,10.1,48.3,84.6,89.4,92.3,0.0,62.7,78.9,54.8,10,20,15,70,10,69.93,79481370100.0,670799.0,3260264370.77942
5023,Asia,445,BTN,Bhutan,2007,62.0,78.7,50.7,58.4,33.5,41.5,63.0,57.6,72.1,10.0,60.7,84.6,89.0,92.4,0.0,62.7,78.7,58.0,15,30,35,75,18,70.19,92281672800.0,678641.0,3887877075.97384
5024,Asia,446,BTN,Bhutan,2008,62.6,78.7,53.8,58.3,37.3,44.5,63.6,57.9,72.0,10.0,60.7,84.6,89.2,92.3,0.0,64.7,78.5,55.4,38,38,35,65,40,70.45,96461523900.0,686351.0,4142277505.58571
5025,Asia,447,BTN,Bhutan,2009,62.9,78.7,50.6,58.5,41.5,44.5,64.3,60.7,71.8,10.3,60.7,84.7,88.9,92.4,0.0,64.7,78.6,55.9,25,35,35,60,25,70.71,103857703900.0,693988.0,4487394036.54647
5026,Asia,448,BTN,Bhutan,2010,63.5,78.7,51.2,60.9,45.8,44.5,64.9,62.8,72.3,11.9,60.7,84.6,88.4,92.1,0.0,64.7,78.6,53.5,30,35,38,65,10,70.97,116249874100.0,701632.0,5083865945.59751
5027,Asia,449,BTN,Bhutan,2011,64.1,82.4,54.6,61.9,46.9,44.8,65.5,64.9,72.4,12.0,60.7,85.1,88.0,90.8,0.0,64.7,77.9,53.6,30,40,30,66,40,71.02,126118626400.0,709377.0,5629238206.58806
5028,Asia,450,BTN,Bhutan,2012,65.3,81.9,54.2,63.2,53.6,45.2,66.0,68.2,73.3,15.8,57.4,85.0,87.8,91.3,0.0,64.7,77.8,59.0,20,40,35,70,5,71.07,132632426600.0,717279.0,6152394144.3722
5029,Asia,451,BTN,Bhutan,2013,66.6,94.8,54.7,65.7,54.6,47.8,66.6,67.8,72.7,19.7,57.4,85.5,88.0,91.9,0.0,64.7,78.3,54.9,32,38,30,70,10,71.12,134935377000.0,725273.0,6285876277.6316
5030,Asia,452,BTN,Bhutan,2014,66.8,92.2,55.4,65.3,56.5,49.3,67.2,69.5,72.9,22.6,57.4,81.8,88.0,91.4,0.0,65.9,79.5,54.8,33,35,40,65,10,71.18,142871041900.0,733139.0,6835344112.57439
5031,Asia,453,BTN,Bhutan,2015,67.6,93.0,56.3,66.6,55.2,51.2,67.8,71.4,73.0,27.6,57.4,83.1,88.0,90.4,0.0,65.9,79.6,55.5,15,35,35,70,5,71.23,152387398100.0,740618.0,7564534468.08804
5032,Asia,454,BTN,Bhutan,2016,68.1,91.1,57.5,65.8,57.0,52.5,68.3,72.4,72.7,31.3,57.4,84.1,87.8,90.2,0.0,65.9,80.2,55.8,10,40,35,55,15,71.28,165303667700.0,747866.0,8430904600.97512
5033,Asia,455,BTN,Bhutan,2017,69.5,90.9,58.3,68.3,60.9,53.5,68.7,72.4,72.5,36.2,64.4,83.9,87.6,90.0,0.0,65.9,80.4,57.8,25,35,30,70,20,71.33,168753299400.0,754335.0,8808682290.34117
5034,Asia,456,BTN,Bhutan,2018,70.6,93.5,57.3,68.5,62.2,58.5,69.0,73.1,72.2,38.6,64.4,84.2,88.2,90.4,0.0,65.7,82.8,60.5,15,30,35,60,5,71.38,174662823700.0,759759.0,9093982075.92963
5035,Asia,457,BTN,Bhutan,2019,71.0,94.5,56.5,73.2,62.9,60.5,69.3,73.7,72.7,40.8,64.4,84.5,88.1,90.1,0.0,65.7,83.3,56.5,20,37,22,60,20,71.43,184714928600.0,764824.0,9873190251.01731
5036,Asia,458,BTN,Bhutan,2020,71.4,93.1,57.8,72.9,68.7,60.4,69.6,73.9,70.9,41.2,64.4,84.6,88.1,90.0,0.0,65.7,83.1,58.5,18,35,40,60,10,71.49,165840023100.0,770006.0,9605861812.92756
5037,Asia,459,BTN,Bhutan,2021,73.1,93.8,57.7,73.5,87.2,61.5,69.6,73.9,71.8,42.5,64.4,84.6,88.1,89.9,0.0,65.8,83.1,63.0,30,35,25,60,20,,173172419800.0,775442.0,10436528611.9245
5038,Asia,460,BTN,Bhutan,2022,72.3,94.8,57.9,73.5,87.2,61.6,69.6,73.9,72.1,42.5,64.4,84.6,88.1,89.9,0.0,65.7,80.0,63.2,35,35,45,65,35,,182201400900.0,780914.0,11763540572.3864
5039,South America,461,BOL,Bolivia,2000,59.2,79.4,56.0,52.9,82.6,44.2,57.8,50.4,71.0,12.7,2.0,69.7,92.7,95.4,0.0,69.3,49.9,60.4,35,50,18,20,5,50.86,22356265300.0,8606326.0,28909467542.1255
5040,South America,462,BOL,Bolivia,2001,59.9,79.4,56.7,53.2,84.0,44.4,58.3,53.5,71.0,12.8,7.9,69.6,93.1,95.5,0.0,69.2,49.9,59.7,10,60,17,30,10,50.68,22732699900.0,8752736.0,30058157187.8209
5041,South America,463,BOL,Bolivia,2002,60.2,79.4,56.3,54.3,85.5,48.4,58.8,51.0,71.0,12.9,5.2,70.2,92.8,95.5,0.0,70.5,49.9,60.9,38,60,20,30,10,50.49,23297736100.0,8900355.0,31283984731.6742
5042,South America,464,BOL,Bolivia,2003,60.5,79.4,56.6,55.2,86.3,48.9,59.3,52.8,71.0,12.9,5.2,70.1,92.9,95.2,0.0,70.5,49.9,61.3,40,40,24,17,5,50.31,23929416900.0,9050700.0,32766590619.5629
5043,South America,465,BOL,Bolivia,2004,61.2,79.4,55.5,55.4,87.5,49.8,59.8,54.7,71.0,13.1,11.3,70.7,92.8,95.2,0.0,70.5,49.9,62.5,30,60,20,22,15,50.12,24928062200.0,9204287.0,35051931465.3983
5044,South America,466,BOL,Bolivia,2005,61.0,79.4,56.1,57.0,87.7,49.2,60.3,52.4,71.0,13.2,6.3,69.8,92.5,95.1,0.0,70.7,49.9,64.7,35,56,20,25,5,49.93,26030239800.0,9360754.0,37749359760.9916
5045,South America,467,BOL,Bolivia,2006,61.2,79.4,57.0,56.1,87.0,49.7,60.8,53.5,70.9,13.4,8.9,70.4,92.4,95.0,0.0,70.7,49.1,64.9,40,60,22,20,5,49.75,27278912700.0,9521689.0,40780171855.7844
5046,South America,468,BOL,Bolivia,2007,61.8,79.4,56.0,58.3,86.3,49.5,61.3,57.9,70.9,14.1,12.0,70.7,92.3,94.9,0.0,70.9,49.7,65.0,30,58,22,20,5,49.56,28524027100.0,9685960.0,43796805026.6176
5047,South America,469,BOL,Bolivia,2008,62.5,79.4,56.0,59.2,87.3,49.4,61.9,58.5,70.9,14.4,17.2,71.7,92.3,94.8,0.0,70.9,50.3,65.0,38,62,24,25,5,49.38,30277826300.0,9850858.0,47385371261.035
5048,South America,470,BOL,Bolivia,2009,62.8,79.4,58.8,62.0,84.9,52.3,62.5,59.4,70.7,14.5,19.4,70.0,92.3,94.7,0.0,70.9,48.6,65.0,35,55,18,23,15,49.19,31294252800.0,10016275.0,49278173098.8451
5049,South America,471,BOL,Bolivia,2010,63.1,79.4,58.9,63.1,83.0,54.4,63.1,59.9,70.9,15.3,19.4,70.0,92.0,94.5,0.0,70.9,49.7,65.0,35,55,22,25,8,49.0,32585679800.0,10182345.0,51935331423.9941
5050,South America,472,BOL,Bolivia,2011,63.7,81.7,59.5,65.5,81.7,54.9,63.7,59.9,71.1,16.7,23.8,69.9,92.0,94.0,0.0,70.8,49.5,63.7,35,52,25,30,5,48.81,34281468700.0,10348929.0,55765337777.5774
5051,South America,473,BOL,Bolivia,2012,63.7,80.8,61.0,64.9,80.3,55.4,64.3,60.2,71.2,18.9,23.1,67.8,92.0,94.0,0.0,70.8,49.1,65.0,35,66,25,27,7,48.61,36037460000.0,10515807.0,61696072906.0143
5052,South America,474,BOL,Bolivia,2013,63.9,82.7,60.7,64.4,82.4,56.6,64.9,60.5,71.0,20.2,21.7,68.2,91.8,93.7,0.0,70.8,47.8,64.9,40,58,24,40,15,48.42,38486569900.0,10682608.0,70394877007.2335
5053,South America,475,BOL,Bolivia,2014,65.5,85.3,62.2,65.6,84.7,70.5,65.5,60.5,73.4,18.2,21.4,67.3,91.7,93.1,0.0,70.8,50.9,66.8,35,56,20,20,5,48.22,40588155800.0,10848888.0,76454300115.4351
5054,South America,476,BOL,Bolivia,2015,66.2,86.2,63.5,68.5,84.8,69.2,66.1,61.0,71.9,21.8,23.0,66.8,91.7,93.1,0.0,70.8,52.1,69.0,30,58,18,25,5,48.03,42559598500.0,11014705.0,78777661969.4082
5055,South America,477,BOL,Bolivia,2016,67.0,83.9,63.4,69.4,86.6,72.4,66.7,60.9,71.6,24.8,25.2,70.7,91.7,93.1,0.0,70.8,51.2,69.0,35,63,5,35,10,47.81,44374306100.0,11180020.0,84385715066.6074
5056,South America,478,BOL,Bolivia,2017,67.7,86.0,62.5,68.8,86.3,72.9,67.3,60.9,73.4,28.1,28.9,73.1,91.8,92.9,0.0,70.8,50.5,69.8,35,45,22,25,5,47.59,46235899800.0,11344587.0,96545462750.1116
5057,South America,479,BOL,Bolivia,2018,68.8,89.0,64.5,66.6,87.1,73.7,67.9,61.9,73.9,29.2,40.9,73.3,91.7,93.0,0.0,66.2,51.2,71.2,30,62,25,23,5,47.37,48188730200.0,11508368.0,103029675562.864
5058,South America,480,BOL,Bolivia,2019,69.8,93.0,64.2,66.7,89.1,72.1,68.5,63.8,73.9,30.1,45.8,75.9,91.7,93.1,0.0,66.2,52.7,69.6,35,55,18,16,15,47.15,49256932500.0,11671386.0,107078496355.74
5059,South America,481,BOL,Bolivia,2020,68.7,90.0,63.7,66.0,91.2,69.5,69.1,64.6,71.3,32.1,35.2,69.0,91.7,93.5,0.0,66.2,52.4,74.3,30,43,35,25,5,46.92,44952918700.0,11816299.0,98004280065.3528
5060,South America,482,BOL,Bolivia,2021,69.2,90.9,64.7,66.3,90.6,69.2,69.1,64.6,75.1,33.7,35.2,73.0,91.9,93.2,0.0,61.6,51.3,76.3,38,46,20,27,15,,47700159100.0,11937360.0,112858166789.685
5061,South America,483,BOL,Bolivia,2022,68.9,91.7,64.9,66.8,90.6,69.5,69.1,64.6,75.4,33.7,35.2,71.8,91.9,93.2,0.0,61.6,48.9,76.5,38,55,22,30,10,,49420074400.0,12077154.0,125263793321.541
5062,Europe,484,BIH,Bosnia and Herzegovina,2000,67.4,99.6,55.0,68.8,37.5,26.7,73.6,65.0,68.0,20.1,89.5,79.2,81.1,90.1,83.4,62.7,69.9,74.9,44,82,28,25,20,41.24,18827777000.0,4159771.0,17250728970.2581
5063,Europe,485,BIH,Bosnia and Herzegovina,2001,67.7,99.6,57.6,70.5,37.5,26.8,73.5,65.4,68.0,20.1,89.5,79.3,81.4,90.3,83.4,62.7,70.1,74.9,42,75,45,20,5,41.23,19284033000.0,4179438.0,18001354030.7797
5064,Europe,486,BIH,Bosnia and Herzegovina,2002,67.7,99.6,59.6,69.5,37.5,26.8,73.5,65.2,68.0,20.3,89.5,79.3,80.7,89.9,83.6,62.7,70.0,74.9,45,85,40,25,20,41.21,20253527000.0,4188002.0,19535710614.9456
5065,Europe,487,BIH,Bosnia and Herzegovina,2003,67.8,99.6,55.7,70.4,37.5,31.8,73.5,65.1,67.9,20.7,89.5,79.3,80.4,89.9,83.5,62.7,70.0,74.9,42,85,45,28,10,41.19,21036759000.0,4178523.0,20549407935.5108
5066,Europe,488,BIH,Bosnia and Herzegovina,2004,67.5,99.6,61.6,70.4,37.5,31.9,73.5,65.0,67.9,22.5,76.7,79.3,80.6,89.4,83.5,62.7,70.1,74.9,35,72,35,28,5,41.17,22367390000.0,4140987.0,22395126485.0637
5067,Europe,489,BIH,Bosnia and Herzegovina,2005,67.5,99.6,60.4,73.2,37.5,32.0,73.5,64.4,67.9,23.7,76.7,79.1,80.2,89.1,83.5,62.7,70.1,74.9,45,75,33,35,5,41.16,23239087000.0,4096493.0,24398053620.218
5068,Europe,490,BIH,Bosnia and Herzegovina,2006,67.8,99.6,63.6,73.0,37.5,30.9,73.5,63.1,67.9,24.3,76.7,79.2,80.3,88.5,83.4,62.7,70.1,77.7,42,75,45,35,5,41.14,24497252000.0,4063272.0,27916736800.9389
5069,Europe,491,BIH,Bosnia and Herzegovina,2007,68.2,99.6,59.7,73.9,37.5,30.0,73.5,60.6,67.9,25.0,80.4,79.2,80.3,88.4,83.4,71.1,70.1,78.3,38,70,38,33,10,41.12,25932087000.0,4013424.0,30848838159.0601
5070,Europe,492,BIH,Bosnia and Herzegovina,2008,68.9,99.6,63.9,73.3,37.5,30.4,73.4,60.9,69.3,26.2,80.4,78.5,80.2,87.2,83.4,79.6,70.1,77.5,43,70,50,35,10,41.1,27343786000.0,3947544.0,33896684161.9712
5071,Europe,493,BIH,Bosnia and Herzegovina,2009,69.2,99.6,62.2,74.4,37.5,34.4,73.4,62.3,69.0,27.0,80.4,78.5,80.1,86.8,83.4,79.6,70.1,76.9,38,85,35,30,30,41.09,26522254000.0,3879794.0,33729448496.7896
5072,Europe,494,BIH,Bosnia and Herzegovina,2010,69.1,99.6,60.0,74.5,37.5,33.5,73.4,63.5,68.0,28.6,80.4,78.6,80.2,86.4,83.4,79.6,70.2,78.1,42,70,25,40,10,41.07,26751849000.0,3811472.0,34633887612.8028
5073,Europe,495,BIH,Bosnia and Herzegovina,2011,69.0,99.5,59.6,75.6,37.3,36.3,73.4,59.2,68.0,29.6,80.8,76.8,79.5,84.8,83.4,79.6,70.3,78.6,40,60,35,35,10,41.29,27008536000.0,3741798.0,36525618036.5649
5074,Europe,496,BIH,Bosnia and Herzegovina,2012,69.1,99.5,58.8,75.8,36.6,36.4,73.3,59.6,68.0,35.4,80.8,72.4,79.6,86.0,83.3,79.6,70.3,79.3,38,75,45,35,10,41.52,26786570000.0,3670113.0,37145784899.7744
5075,Europe,497,BIH,Bosnia and Herzegovina,2013,70.3,99.6,62.3,76.2,45.6,38.8,73.3,63.0,68.0,37.8,80.8,72.9,79.5,85.9,83.3,79.7,70.1,78.1,38,75,42,33,20,41.75,27416016000.0,3610859.0,39027289744.1516
5076,Europe,498,BIH,Bosnia and Herzegovina,2014,70.5,99.6,60.8,76.0,51.9,39.6,73.2,65.3,67.4,36.7,80.8,77.4,78.9,86.6,73.8,79.7,71.6,79.2,38,72,45,33,10,41.97,27732356000.0,3564829.0,39811537889.8189
5077,Europe,499,BIH,Bosnia and Herzegovina,2015,70.7,99.7,60.5,75.6,54.9,40.0,73.2,66.1,67.1,38.4,80.8,75.6,78.8,87.3,73.8,79.7,71.4,78.3,40,75,40,33,10,42.2,28928938000.0,3518541.0,41689899626.6497
5078,Europe,500,BIH,Bosnia and Herzegovina,2016,71.0,99.7,64.8,74.1,56.1,40.1,73.2,65.2,67.4,40.7,80.8,78.7,78.7,85.3,73.5,79.7,71.2,77.8,40,65,22,35,15,42.3,29866888000.0,3473003.0,44798625490.3582
5079,Europe,501,BIH,Bosnia and Herzegovina,2017,70.9,99.7,60.6,74.8,58.8,41.1,73.2,62.0,69.8,42.8,80.8,76.2,78.3,84.4,73.7,79.7,70.9,78.7,10,85,45,35,5,42.41,30835800000.0,3428682.0,46722359237.752
5080,Europe,502,BIH,Bosnia and Herzegovina,2018,72.4,99.8,65.9,76.5,64.1,41.2,73.3,71.4,70.4,44.0,80.8,78.1,77.9,84.3,74.1,79.7,67.9,81.5,38,72,40,35,5,42.52,32016040000.0,3387000.0,50324993987.0851
5081,Europe,503,BIH,Bosnia and Herzegovina,2019,73.0,99.8,65.7,77.0,64.1,43.4,73.2,71.3,73.4,43.2,80.8,75.4,77.8,84.8,83.6,79.7,66.8,80.6,40,70,40,25,30,42.63,32940453000.0,3345533.0,54961732518.3234
5082,Europe,504,BIH,Bosnia and Herzegovina,2020,73.4,99.8,67.2,76.1,64.1,46.1,73.2,71.3,73.3,44.8,80.8,74.2,77.8,84.6,83.8,81.3,67.8,82.2,40,75,35,35,5,42.73,31947267000.0,3299349.0,54010125838.4267
5083,Europe,505,BIH,Bosnia and Herzegovina,2021,74.1,99.8,63.8,76.5,64.1,47.2,73.2,71.3,76.7,47.3,80.8,74.6,78.3,88.2,83.8,81.3,68.5,84.8,40,78,42,35,10,,34308158000.0,3244907.0,59338714265.9436
5084,Europe,506,BIH,Bosnia and Herzegovina,2022,74.0,99.9,63.8,76.9,64.1,47.1,73.2,71.3,76.9,47.3,80.8,74.6,78.3,88.2,83.7,81.3,66.2,84.7,43,63,40,38,20,,35758299000.0,3204802.0,67676711039.9018
5085,Africa,507,BWA,Botswana,2000,54.7,55.3,43.7,38.5,62.4,68.2,56.2,22.5,65.2,21.4,0.0,66.7,82.4,85.2,0.0,74.1,65.5,67.5,12,30,35,80,5,31.09,96255257300.0,1677382.0,15410718625.5464
5086,Africa,508,BWA,Botswana,2001,54.8,55.3,43.8,37.9,62.9,68.1,56.7,23.4,63.7,21.4,0.0,66.7,84.0,85.2,0.0,74.1,65.5,68.0,15,30,24,60,6,30.88,96496447900.0,1712254.0,15797204965.4712
5087,Africa,509,BWA,Botswana,2002,54.7,55.3,44.4,38.4,62.3,67.9,57.0,21.5,62.3,21.5,0.0,67.3,84.5,85.1,0.0,74.1,64.9,68.4,15,35,15,65,10,30.67,102353329600.0,1744763.0,17016408872.3546
5088,Africa,510,BWA,Botswana,2003,54.5,55.3,46.9,37.4,62.3,67.8,57.4,19.8,60.8,21.6,0.0,67.3,84.2,85.3,0.0,74.1,64.2,68.1,15,35,20,60,8,30.47,107088086900.0,1775736.0,18155068538.2803
5089,Africa,511,BWA,Botswana,2004,54.5,55.3,44.5,37.4,63.2,64.7,57.7,22.3,61.8,21.6,0.0,67.8,83.6,85.3,0.0,74.1,65.0,67.8,20,40,25,70,8,30.26,109985699600.0,1807146.0,19147727996.2952
5090,Africa,512,BWA,Botswana,2005,55.1,55.3,45.0,38.6,63.2,64.5,58.1,24.4,63.0,21.8,0.0,67.5,84.2,85.2,0.0,74.1,63.3,73.3,20,30,30,65,7,30.05,114997358200.0,1839877.0,20647947078.7024
5091,Africa,513,BWA,Botswana,2006,55.4,55.3,45.3,39.8,64.5,64.4,58.7,23.0,64.2,22.3,0.0,68.0,84.7,85.2,0.0,74.1,63.8,73.2,20,10,35,60,8,29.84,124615589000.0,1874516.0,23064920596.2806
5092,Africa,514,BWA,Botswana,2007,55.0,55.3,45.2,38.8,62.8,64.3,59.6,22.6,64.5,22.2,0.0,68.0,84.6,85.2,0.0,74.1,62.9,70.7,10,37,30,65,7,29.63,131834016500.0,1911201.0,25062054309.6832
5093,Africa,515,BWA,Botswana,2008,55.1,55.3,44.8,40.7,62.5,64.1,60.5,23.6,64.8,22.6,0.0,64.1,84.4,85.1,0.0,74.1,63.9,71.6,18,30,35,60,15,29.42,136121354900.0,1949970.0,26375667015.0451
5094,Africa,516,BWA,Botswana,2009,55.2,55.3,43.9,41.4,62.2,62.4,61.3,23.6,65.1,22.5,3.5,64.0,84.2,85.7,0.0,74.1,61.8,72.5,10,38,22,75,7,29.21,116868031100.0,1990673.0,22784700973.1915
5095,Africa,517,BWA,Botswana,2010,55.7,55.3,44.9,40.6,62.2,62.2,62.2,26.2,64.1,22.4,3.5,70.2,84.3,85.2,0.0,74.1,63.7,70.0,20,20,30,65,10,29.0,128694752509.601,2033111.0,25395370567.1216
5096,Africa,518,BWA,Botswana,2011,56.2,55.9,44.7,41.2,62.2,62.5,63.0,26.8,63.9,23.2,3.5,68.2,84.2,86.9,0.0,74.1,68.5,70.0,20,40,30,65,5,28.8,137495427978.942,2073535.0,27691773328.8192
5097,Africa,519,BWA,Botswana,2012,57.1,58.1,44.5,44.6,64.9,62.7,63.7,27.8,63.8,27.7,3.5,68.3,84.3,87.0,0.0,74.1,66.9,72.5,15,25,25,75,5,28.59,137260507255.249,2108617.0,26303970533.9321
5098,Africa,520,BWA,Botswana,2013,58.2,60.0,44.5,45.3,66.0,65.9,64.4,28.4,63.7,36.6,3.5,68.4,84.4,87.7,0.0,74.1,65.2,73.7,20,45,45,60,7,28.38,152500413555.902,2140682.0,28558577959.6258
5099,Africa,521,BWA,Botswana,2014,59.1,59.2,41.8,45.1,67.3,67.1,65.1,40.8,66.9,34.8,3.5,68.9,84.5,87.2,0.0,74.1,65.8,73.4,10,35,35,75,5,28.17,161188582052.699,2172044.0,32587870647.0545
5100,Africa,522,BWA,Botswana,2015,60.0,59.1,43.3,46.4,67.3,67.5,65.7,46.6,62.7,36.8,13.7,72.0,84.6,88.7,0.0,74.1,64.8,66.7,20,40,35,60,10,27.96,153368800000.0,2203273.0,31162419272.1222
5101,Africa,523,BWA,Botswana,2016,60.3,59.5,42.6,46.6,67.3,67.7,66.3,44.9,62.7,42.7,13.7,74.3,84.5,88.2,0.0,74.1,64.3,66.1,20,37,37,70,10,27.75,164418139800.0,2234776.0,36266220081.5912
5102,Africa,524,BWA,Botswana,2017,60.9,59.3,43.7,48.3,66.8,67.9,66.9,46.0,65.3,43.5,13.7,74.4,85.1,89.1,0.0,74.1,61.4,69.6,18,42,22,60,15,27.54,171182924493.12,2266747.0,35589435395.4775
5103,Africa,525,BWA,Botswana,2018,61.0,61.0,44.0,48.6,65.8,68.1,67.5,46.6,64.8,47.6,13.7,74.6,84.8,88.4,0.0,74.3,61.8,64.6,15,25,20,72,10,27.33,178353250624.346,2299141.0,36293825138.6309
5104,Africa,526,BWA,Botswana,2019,61.7,61.6,44.1,50.6,65.8,69.0,68.0,48.0,65.2,50.1,13.7,74.6,84.7,89.0,0.0,74.3,63.2,65.2,10,38,32,65,15,27.13,183760516982.774,2332083.0,37220081094.0541
5105,Africa,527,BWA,Botswana,2020,62.2,62.0,44.9,49.9,65.8,69.0,68.1,48.8,63.3,52.6,13.7,74.6,84.7,89.4,0.0,74.3,65.1,68.5,20,35,20,66,5,26.92,167720277536.593,2365894.0,36179872025.3284
5106,Africa,528,BWA,Botswana,2021,62.4,62.7,45.0,51.4,65.8,69.2,68.1,48.8,63.8,53.8,13.7,74.6,84.6,89.3,0.0,74.4,64.3,68.8,15,40,45,60,10,,187706282700.0,2401441.0,43131382324.765
5107,Africa,529,BWA,Botswana,2022,62.7,64.8,45.1,51.3,65.8,69.4,68.1,48.8,64.0,53.5,13.7,76.2,84.6,89.3,0.0,74.4,62.4,68.8,17,40,30,55,15,,198003881400.0,2439892.0,48741318383.3474
5108,South America,530,BRA,Brazil,2000,67.9,82.5,66.8,72.4,81.2,62.8,80.4,83.5,75.2,40.5,6.5,75.2,85.4,93.2,58.3,62.3,58.7,69.2,30,52,30,48,7,65.93,2706891619700.0,174018282.0,1582133937103.64
5109,South America,531,BRA,Brazil,2001,68.1,82.5,68.3,72.8,81.2,63.4,80.7,83.0,75.2,40.9,6.5,75.3,85.5,93.1,59.4,62.4,58.5,69.1,40,40,35,34,10,65.46,2744514608900.0,176301203.0,1640243857269.07
5110,South America,532,BRA,Brazil,2002,68.3,82.5,68.1,72.8,81.2,63.1,81.0,84.1,75.2,41.5,6.9,76.3,85.5,93.2,59.1,62.7,58.3,69.2,40,40,50,40,7,64.99,2828317315700.0,178503484.0,1716595685835.45
5111,South America,533,BRA,Brazil,2003,68.6,82.5,70.2,73.5,81.2,64.2,81.3,85.6,74.9,42.2,7.6,76.3,85.2,93.2,59.1,62.8,58.2,68.9,20,40,55,35,5,64.52,2860583579800.0,180622688.0,1770456746628.16
5112,South America,534,BRA,Brazil,2004,69.0,82.5,69.8,73.6,82.0,64.2,81.6,85.9,75.5,43.0,9.2,77.3,85.1,93.1,59.8,62.8,58.6,69.2,35,40,35,50,5,64.04,3025352182400.0,182675143.0,1922785831214.13
5113,South America,535,BRA,Brazil,2005,69.3,82.5,69.5,74.7,82.8,64.2,81.9,86.6,75.2,43.6,9.4,77.5,85.1,93.1,60.2,63.0,58.8,69.9,40,55,50,50,5,63.57,3122227954600.0,184688101.0,2046574552605.84
5114,South America,536,BRA,Brazil,2006,69.6,82.5,70.0,75.3,83.2,64.3,82.2,87.4,75.7,45.0,10.4,78.5,85.0,93.1,60.0,63.3,56.6,70.8,40,55,55,55,5,63.1,3245930273700.0,186653106.0,2193273153846.69
5115,South America,537,BRA,Brazil,2007,69.9,82.5,70.6,75.2,83.2,64.4,82.5,88.2,75.9,45.9,11.4,80.2,84.6,93.0,59.5,63.4,56.2,70.9,40,42,40,38,7,62.63,3442954041300.0,188552320.0,2389430239836.93
5116,South America,538,BRA,Brazil,2008,70.3,82.5,71.4,76.2,83.2,64.4,82.8,88.4,76.5,46.8,12.7,78.3,84.4,92.8,61.0,63.7,59.1,71.4,40,45,35,60,10,62.15,3618344849300.0,190367302.0,2559535104826.96
5117,South America,539,BRA,Brazil,2009,70.3,82.5,70.7,77.2,81.1,64.3,83.0,89.8,75.8,48.2,13.1,77.2,84.6,93.0,61.2,63.7,56.7,72.1,30,45,48,60,8,61.68,3613792537200.0,192079951.0,2572081759748.52
5118,South America,540,BRA,Brazil,2010,70.6,82.5,71.5,77.7,80.9,64.2,83.3,89.0,76.6,49.6,13.1,80.5,84.1,92.6,61.8,63.9,56.7,72.2,40,55,50,55,5,61.21,3885847000000.0,193701929.0,2799325235367.12
5119,South America,541,BRA,Brazil,2011,70.7,83.7,71.1,78.1,79.9,64.2,83.6,88.7,76.8,52.0,14.2,76.9,83.9,92.1,61.6,63.9,58.2,72.2,30,44,38,55,5,61.02,4040287000000.0,195284734.0,2970630762031.72
5120,South America,542,BRA,Brazil,2012,70.9,85.6,71.6,77.7,78.5,64.2,83.9,88.0,77.0,54.2,13.5,78.5,83.9,92.0,62.3,63.8,57.5,72.7,35,45,52,55,10,60.84,4117908023600.0,196876111.0,2992140131462.41
5121,South America,543,BRA,Brazil,2013,71.3,87.4,71.5,78.8,82.3,65.7,84.1,87.6,77.1,59.3,14.5,76.8,83.8,91.6,63.3,63.9,52.9,72.2,35,63,45,28,15,60.66,4241643857400.0,198478299.0,3120542014211.78
5122,South America,544,BRA,Brazil,2014,71.7,88.6,71.3,78.3,83.5,66.5,84.4,87.2,79.2,63.2,15.5,75.4,83.8,91.8,62.3,63.9,53.3,71.5,35,58,60,35,7,60.47,4263019865100.0,200085127.0,3166808963772.23
5123,South America,545,BRA,Brazil,2015,72.6,87.3,72.2,79.0,83.0,66.8,84.7,88.2,78.9,65.7,15.6,79.6,84.1,93.0,62.1,63.9,55.6,73.8,40,58,55,34,7,60.29,4111863267300.0,201675532.0,2989121457677.6
5124,South America,546,BRA,Brazil,2016,71.5,85.3,69.7,78.2,85.1,66.9,84.9,89.3,77.1,53.0,13.7,79.2,84.0,93.7,62.2,63.9,55.1,74.5,35,55,45,33,7,60.11,3977162043300.0,203218114.0,2907889886422.24
5125,South America,547,BRA,Brazil,2017,72.0,84.6,71.7,79.0,85.2,67.8,85.2,89.2,74.1,63.6,13.7,80.1,83.8,93.6,62.7,63.9,52.8,72.7,30,55,33,37,5,59.94,4029774689200.0,204703445.0,2980287463645.1
5126,South America,548,BRA,Brazil,2018,72.0,84.3,70.9,79.1,85.5,70.2,85.5,90.0,73.1,64.1,12.8,79.9,83.7,93.9,63.2,59.2,55.3,73.9,35,59,45,45,15,59.77,4101652440900.0,206107261.0,3187189640213.37
5127,South America,549,BRA,Brazil,2019,72.4,84.7,70.8,78.2,86.1,70.5,85.8,90.5,72.1,64.8,13.4,80.9,83.5,93.9,63.7,59.2,58.1,74.7,38,55,55,40,15,59.59,4151724504300.0,207455459.0,3333775621511.96
5128,South America,550,BRA,Brazil,2020,72.9,92.6,70.1,78.4,85.8,69.2,86.1,90.6,70.7,66.7,19.9,76.4,83.5,94.2,63.8,59.2,58.4,73.9,42,58,44,40,10,59.42,4015682506400.0,208660842.0,3359777233364.89
5129,South America,551,BRA,Brazil,2021,73.4,93.0,68.7,77.2,85.9,70.0,86.1,90.6,73.6,68.8,19.9,78.4,83.5,93.9,63.8,61.7,57.9,74.6,35,59,45,34,5,,4206933577300.0,209550294.0,3787769507585.78
5130,South America,552,BRA,Brazil,2022,73.7,93.3,68.7,77.7,85.9,70.4,86.1,90.6,76.0,69.0,19.9,80.9,83.5,93.9,63.8,61.7,56.9,74.6,40,65,44,35,5,,4333843905000.0,210306415.0,4180229770180.59
5131,Asia,553,BRN,Brunei Darussalam,2000,61.1,0.0,50.1,76.1,98.7,53.7,59.2,67.5,70.3,36.3,0.0,99.8,48.2,19.2,39.0,68.0,67.4,62.3,15,10,13,60,10,75.33,17610326743.7932,326424.0,23857328686.0901
5132,Asia,554,BRN,Brunei Darussalam,2001,61.2,0.0,49.7,75.6,98.7,53.6,59.2,67.6,70.3,36.6,0.0,99.8,48.2,20.6,40.9,67.9,67.4,62.2,10,18,10,75,10,75.01,17868504790.0841,333345.0,24752160201.7369
5133,Asia,555,BRN,Brunei Darussalam,2002,62.1,0.0,50.3,76.7,98.7,53.4,59.2,68.6,69.8,36.6,0.0,99.8,48.2,21.7,51.2,67.9,67.4,62.2,15,10,10,70,5,74.69,18576354728.5151,340099.0,26132586771.4691
5134,Asia,556,BRN,Brunei Darussalam,2003,62.4,0.0,50.9,78.5,98.7,53.3,59.2,69.3,70.1,37.9,0.0,99.8,48.2,21.1,51.4,67.8,67.5,62.3,20,17,15,60,5,74.36,19242025197.2082,346637.0,27603457273.8332
5135,Asia,557,BRN,Brunei Darussalam,2004,62.3,0.0,50.0,78.0,98.7,53.2,59.2,68.8,70.0,39.7,0.0,99.8,48.2,19.6,52.4,67.8,67.5,62.2,35,18,14,70,5,74.04,19262140510.206,352911.0,28375370613.6455
5136,Asia,558,BRN,Brunei Darussalam,2005,62.5,0.0,51.1,79.5,98.7,53.0,59.2,68.7,70.1,40.5,0.0,99.7,48.2,20.0,51.6,67.8,67.3,61.7,18,15,15,65,5,73.72,19261384434.8395,358916.0,29263918756.1241
5137,Asia,559,BRN,Brunei Darussalam,2006,62.6,0.0,50.7,80.7,98.4,53.3,59.2,68.8,69.8,41.9,0.0,99.7,48.2,21.0,52.0,67.8,67.2,61.2,35,20,15,60,10,73.4,20050795443.3354,364663.0,31402712554.2805
5138,Asia,560,BRN,Brunei Darussalam,2007,61.2,0.0,50.6,79.3,98.6,53.5,59.0,64.2,69.6,42.1,0.0,99.7,48.2,9.0,47.5,67.7,67.2,61.3,10,20,15,80,0,73.07,19296158998.9646,370873.0,31039593166.7671
5139,Asia,561,BRN,Brunei Darussalam,2008,61.3,0.0,50.7,81.5,98.6,53.7,59.0,62.8,69.7,42.7,0.0,99.7,48.2,9.0,47.6,67.7,67.4,61.3,18,18,10,65,10,72.75,18543471636.8823,377793.0,30403543327.2196
5140,Asia,562,BRN,Brunei Darussalam,2009,62.0,0.0,51.4,81.9,99.1,53.9,59.0,65.3,69.5,43.3,0.0,99.7,48.2,9.0,52.2,67.7,67.2,62.3,18,18,10,60,10,72.43,18191098600.9867,384952.0,30009758595.6517
5141,Asia,563,BRN,Brunei Darussalam,2010,61.7,0.0,51.9,83.8,99.0,54.2,59.0,65.4,69.4,44.4,0.0,99.6,48.2,9.0,47.0,67.7,67.8,58.5,18,15,18,80,15,72.11,18689782890.2058,392332.0,31207137896.5988
5142,Asia,564,BRN,Brunei Darussalam,2011,61.4,0.0,52.6,82.5,98.6,54.7,59.0,63.4,69.0,45.9,0.0,99.6,48.2,0.0,50.8,67.7,67.8,60.5,20,12,12,60,7,72.11,19389604314.5155,399389.0,33043605269.3591
5143,Asia,565,BRN,Brunei Darussalam,2012,62.5,0.0,52.2,84.0,99.5,55.2,59.0,64.0,68.9,61.3,0.0,99.6,48.2,0.0,50.7,67.7,67.5,59.4,60,20,14,65,7,72.11,19566657640.7755,405557.0,35387298719.9512
5144,Asia,566,BRN,Brunei Darussalam,2013,63.3,0.0,52.5,84.3,98.7,58.8,59.0,67.2,68.7,62.8,0.0,99.9,48.2,2.3,50.8,67.6,68.8,59.5,15,13,15,65,10,72.11,19150908589.1215,411202.0,34227281358.4521
5145,Asia,567,BRN,Brunei Darussalam,2014,63.6,0.0,53.5,84.9,99.6,59.8,59.0,66.1,68.9,66.7,0.0,99.9,48.2,0.0,49.6,67.6,68.8,60.7,20,18,20,70,10,72.11,18670625400.8087,416750.0,33850747328.2802
5146,Asia,568,BRN,Brunei Darussalam,2015,64.7,0.0,55.0,84.6,98.4,60.9,59.0,67.5,68.4,69.0,0.0,99.9,48.2,6.7,54.8,67.6,68.3,61.8,30,15,17,65,25,72.11,18597364949.642,422212.0,26475996782.3664
5147,Asia,569,BRN,Brunei Darussalam,2016,64.3,0.0,54.0,84.7,95.5,61.6,59.2,66.9,67.9,73.9,0.0,99.9,48.1,9.4,49.5,67.6,61.9,64.5,30,15,18,62,20,72.11,18136537539.6949,427564.0,24234121680.0571
5148,Asia,570,BRN,Brunei Darussalam,2017,64.7,0.0,54.6,85.4,96.6,64.1,59.2,64.9,67.3,74.5,0.0,99.9,48.3,6.3,54.6,67.6,62.9,63.9,20,18,17,80,18,72.11,18377522522.558,432772.0,26683717610.5579
5149,Asia,571,BRN,Brunei Darussalam,2018,64.1,0.0,55.5,85.7,97.2,62.8,59.2,65.1,67.5,74.7,0.0,99.9,48.3,1.3,48.6,67.6,63.9,64.2,23,13,18,75,20,72.11,18387147024.8892,437810.0,28522807708.9669
5150,Asia,572,BRN,Brunei Darussalam,2019,63.6,0.0,55.6,85.3,92.4,61.5,59.2,62.9,68.9,74.7,0.0,99.9,48.4,1.3,49.7,67.6,63.2,63.7,20,18,16,82,20,72.11,19098517089.5482,442680.0,30701487003.3544
5151,Asia,573,BRN,Brunei Darussalam,2020,64.1,0.0,57.5,85.3,96.9,61.5,59.2,62.9,68.5,74.8,0.0,99.9,48.4,1.3,49.7,67.6,63.8,64.1,35,19,15,75,40,72.11,19315012800.226,447404.0,31223413949.8832
5152,Asia,574,BRN,Brunei Darussalam,2021,64.4,0.0,57.5,85.6,97.0,61.7,59.2,62.9,68.5,76.3,0.0,99.9,48.5,1.3,49.7,68.2,63.7,65.5,40,18,20,85,10,,19007756823.4471,451721.0,35346624879.392
5153,Asia,575,BRN,Brunei Darussalam,2022,65.7,0.0,57.6,85.6,97.0,62.0,59.2,62.9,68.8,76.4,0.0,99.9,48.5,1.3,49.7,68.2,61.7,65.7,18,19,18,65,5,,18698247524.0019,455370.0,37250061034.253
5154,Europe,576,BGR,Bulgaria,2000,68.8,100.0,61.8,70.9,93.7,56.1,65.3,63.5,72.6,28.2,72.2,75.9,79.3,86.3,51.9,59.8,65.7,65.5,10,30,30,45,5,31.09,66444598000.0,8170172.0,52475293539.858
5155,Europe,577,BGR,Bulgaria,2001,69.3,100.0,64.5,71.0,93.7,64.3,65.8,63.0,70.5,28.5,72.2,76.0,78.7,85.5,50.7,61.1,65.8,67.2,15,33,32,35,8,31.42,68985243000.0,8009142.0,55751957574.1368
5156,Europe,578,BGR,Bulgaria,2002,70.5,100.0,64.0,71.8,92.9,64.6,64.5,64.2,71.6,28.9,72.2,76.0,78.6,86.0,63.1,66.5,65.9,67.8,0,45,18,40,10,31.76,73036009000.0,7837161.0,61023440831.8326
5157,Europe,579,BGR,Bulgaria,2003,70.5,100.0,60.1,72.4,93.0,65.0,64.6,63.9,74.0,29.7,72.2,76.0,78.1,85.0,62.1,66.5,65.9,69.1,20,35,33,50,7,32.09,76861017000.0,7775327.0,65448587463.2394
5158,Europe,580,BGR,Bulgaria,2004,70.7,100.0,66.0,72.6,93.4,65.4,64.8,64.2,74.9,30.9,72.2,76.1,78.0,85.2,59.9,66.5,66.0,65.8,15,30,30,56,8,32.42,81864996000.0,7716860.0,71008537317.7107
5159,Europe,581,BGR,Bulgaria,2005,70.7,100.0,63.1,72.4,92.5,63.9,64.9,64.7,76.1,31.6,72.2,76.4,78.0,84.9,60.4,66.6,66.1,68.8,10,40,30,55,10,32.76,87641676000.0,7658972.0,78821895816.2094
5160,Europe,582,BGR,Bulgaria,2006,70.8,100.0,64.6,72.0,93.3,64.5,65.0,64.9,76.6,32.4,72.2,76.4,78.1,84.5,59.2,66.7,67.1,66.8,15,35,20,35,6,33.09,93603579000.0,7601022.0,86712835345.0697
5161,Europe,583,BGR,Bulgaria,2007,72.4,100.0,59.2,72.4,95.2,64.7,65.1,63.3,77.8,34.5,68.5,76.5,77.3,83.6,65.0,93.1,67.5,67.3,10,45,35,60,5,33.42,99832324000.0,7545338.0,96748685896.1293
5162,Europe,584,BGR,Bulgaria,2008,74.0,100.0,66.1,72.6,95.4,65.2,64.7,64.5,78.4,35.3,79.8,76.5,77.3,83.9,67.7,93.3,67.7,68.8,40,30,20,30,7,33.76,105951605000.0,7492561.0,107494842686.593
5163,Europe,585,BGR,Bulgaria,2009,73.9,100.0,63.3,72.5,95.1,65.4,65.2,66.3,77.8,37.1,79.6,73.3,77.7,85.7,69.3,93.3,69.1,65.6,40,35,23,35,10,34.09,102405255000.0,7444443.0,105567621819.823
5164,Europe,586,BGR,Bulgaria,2010,74.1,100.0,65.2,74.8,95.3,65.9,65.5,68.2,75.9,42.0,76.9,73.1,78.8,85.2,68.2,93.3,68.5,63.7,30,30,45,60,7,34.42,103998025000.0,7395599.0,110607955777.981
5165,Europe,587,BGR,Bulgaria,2011,73.9,100.0,64.4,75.1,95.1,66.3,64.8,67.3,75.3,42.6,76.4,75.0,75.9,83.1,71.1,93.3,68.3,62.5,35,42,45,35,10,34.6,106171766000.0,7348328.0,115717208524.997
5166,Europe,588,BGR,Bulgaria,2012,74.6,100.0,64.0,75.9,92.3,67.7,65.9,69.0,74.8,51.1,70.2,80.9,77.0,83.3,69.1,93.3,69.7,63.5,35,50,40,35,5,34.78,106966796000.0,7305888.0,119285335551.293
5167,Europe,589,BGR,Bulgaria,2013,74.8,100.0,67.4,76.0,90.1,69.5,66.3,71.0,74.4,52.8,70.0,78.1,76.6,85.5,67.7,93.3,66.2,66.5,30,40,45,29,10,34.95,106386232000.0,7160005.0,120959811960.839
5168,Europe,590,BGR,Bulgaria,2014,74.2,100.0,66.2,75.5,89.0,67.4,66.4,70.4,76.8,53.3,65.1,78.4,76.0,84.0,64.7,93.3,66.3,67.9,5,35,40,49,8,35.13,107396315000.0,7073572.0,127259409825.144
5169,Europe,591,BGR,Bulgaria,2015,74.4,100.0,64.7,77.4,87.1,67.9,66.0,70.6,77.7,56.1,61.2,82.7,76.8,84.8,61.9,93.3,69.0,67.3,30,23,45,50,8,35.31,111045162000.0,6984225.0,132010035906.559
5170,Europe,592,BGR,Bulgaria,2016,73.3,100.0,65.2,77.4,86.5,68.0,65.9,70.3,78.5,53.5,50.6,79.5,76.4,85.3,61.9,93.3,68.7,65.2,38,45,35,48,7,35.42,114406087000.0,6894139.0,143021674686.199
5171,Europe,593,BGR,Bulgaria,2017,73.9,100.0,67.3,78.2,82.1,70.1,65.9,69.6,80.9,55.6,52.8,81.1,76.0,84.5,61.6,93.3,70.5,67.6,30,38,35,54,6,35.53,117547594000.0,6803468.0,151832826641.707
5172,Europe,594,BGR,Bulgaria,2018,73.8,100.0,67.4,78.5,79.1,70.1,66.3,71.8,81.6,60.8,47.8,74.8,75.9,84.2,61.9,94.2,69.6,71.2,43,35,35,55,7,35.64,120544428000.0,6710798.0,161416529330.849
5173,Europe,595,BGR,Bulgaria,2019,74.6,100.0,67.7,79.2,79.5,71.4,66.3,71.4,81.0,63.5,51.0,77.2,75.7,84.5,65.3,94.2,68.9,72.1,35,40,40,48,10,35.75,125111676000.0,6616726.0,177424012151.293
5174,Europe,596,BGR,Bulgaria,2020,74.7,100.0,65.2,79.4,79.4,72.0,66.3,71.3,80.2,64.6,51.0,79.3,75.7,85.6,65.5,94.2,69.2,71.6,32,38,33,53,5,35.86,121088413000.0,6550696.0,179336952546.507
5175,Europe,597,BGR,Bulgaria,2021,74.9,100.0,68.2,79.3,79.5,70.8,66.3,71.3,81.7,66.5,51.0,80.4,75.1,84.2,65.6,94.2,68.0,71.9,44,35,40,49,7,,130509836000.0,6507301.0,201555151287.05
5176,Europe,598,BGR,Bulgaria,2022,74.6,100.0,68.2,79.3,79.5,71.6,66.3,71.3,82.3,66.2,51.0,73.4,75.1,84.2,65.7,94.1,68.5,71.9,37,35,32,30,10,,135780838000.0,6465097.0,231557092922.466
5177,Africa,599,BFA,Burkina Faso,2000,43.7,19.0,52.8,25.1,0.0,24.4,46.0,12.0,70.0,6.3,37.7,36.2,96.0,99.2,0.0,82.1,54.3,37.4,25,55,10,25,10,26.38,3019807772100.0,11925546.0,10690983443.7214
5178,Africa,600,BFA,Burkina Faso,2001,44.0,19.0,54.1,27.3,0.0,24.4,46.1,12.8,70.0,6.3,37.7,36.2,95.9,99.2,0.0,83.6,54.3,37.4,5,45,18,30,5,26.19,3219519912800.0,12295001.0,11654669659.5725
5179,Africa,601,BFA,Burkina Faso,2002,44.4,19.0,54.6,27.8,0.0,26.3,46.1,14.0,70.0,6.8,37.7,37.7,95.8,99.2,0.0,83.6,54.3,37.5,35,55,15,20,10,26.01,3359664450100.0,12680897.0,12350989938.8874
5180,Africa,602,BFA,Burkina Faso,2003,44.6,19.0,54.6,29.8,0.0,26.3,46.1,15.9,69.9,6.7,37.7,37.5,95.4,99.2,0.0,83.6,54.3,37.9,40,60,15,20,7,25.83,3621802063500.0,13082532.0,13577548764.0047
5181,Africa,603,BFA,Burkina Faso,2004,44.9,19.0,54.7,30.4,0.0,26.3,46.1,16.1,69.6,6.5,37.7,39.0,95.4,99.2,0.0,83.6,54.3,40.1,40,40,18,18,7,25.65,3784002735400.0,13500533.0,14567076341.3202
5182,Africa,604,BFA,Burkina Faso,2005,45.3,19.0,55.9,31.3,0.0,26.7,46.1,16.5,69.2,6.3,37.7,40.9,95.4,99.2,0.0,83.6,54.3,42.7,38,40,18,20,10,25.46,4111768255300.0,13932123.0,16325164677.7767
5183,Africa,605,BFA,Burkina Faso,2006,45.6,19.0,56.3,33.2,0.0,27.7,46.1,15.3,69.4,6.4,37.7,42.3,95.5,99.2,0.0,83.6,54.3,43.4,35,55,18,20,15,25.28,4368883895900.0,14373707.0,17880926557.468
5184,Africa,606,BFA,Burkina Faso,2007,45.4,19.0,54.9,34.2,0.6,28.1,46.1,15.0,69.6,6.1,37.7,41.0,95.6,99.2,0.0,83.6,52.2,44.1,20,60,16,15,10,25.1,4548505271700.0,14816307.0,19120436926.0912
5185,Africa,607,BFA,Burkina Faso,2008,45.9,19.0,56.3,34.4,3.9,28.1,46.0,15.6,69.6,6.4,37.7,42.4,95.6,99.1,0.0,83.6,52.7,43.3,35,50,23,35,15,24.91,4812318201800.0,15258093.0,20619182899.137
5186,Africa,608,BFA,Burkina Faso,2009,47.3,19.0,55.8,35.1,5.5,28.1,45.9,16.6,69.5,6.5,53.3,42.3,95.6,99.1,0.0,87.9,52.7,44.4,37,35,15,15,15,24.73,4954856702100.0,15710066.0,21360854972.6256
5187,Africa,609,BFA,Burkina Faso,2010,47.6,19.0,53.4,34.1,3.5,32.9,45.9,15.0,69.5,6.5,53.3,47.6,95.6,99.1,0.0,87.9,54.1,44.1,40,30,18,20,5,24.55,5373357850900.0,16176498.0,23446574734.3389
5188,Africa,610,BFA,Burkina Faso,2011,48.5,20.5,57.1,35.8,6.1,33.9,45.8,16.0,69.4,6.6,53.3,48.9,95.6,99.1,0.0,87.9,54.9,45.2,35,60,12,30,5,24.37,5729211839000.0,16661908.0,25515102554.621
5189,Africa,611,BFA,Burkina Faso,2012,49.1,24.0,58.4,34.9,7.3,34.9,45.7,16.3,69.3,10.1,53.3,48.4,95.5,98.8,0.0,87.9,55.8,45.5,35,63,18,18,15,24.18,6098899108900.0,17172287.0,26992067760.1929
5190,Africa,612,BFA,Burkina Faso,2013,49.7,26.1,60.9,33.3,8.3,34.8,45.6,16.6,69.2,11.3,53.3,53.3,95.4,98.9,0.0,87.9,52.5,48.2,40,40,18,23,18,24.0,6452183014400.0,17695409.0,29071648205.4878
5191,Africa,613,BFA,Burkina Faso,2014,51.5,26.3,61.6,34.9,12.2,33.7,45.5,18.7,69.3,11.3,70.9,59.1,95.5,99.0,0.0,87.9,51.3,47.1,35,63,20,20,15,23.82,6731359012200.0,18229461.0,30284926912.3411
5192,Africa,614,BFA,Burkina Faso,2015,51.0,25.9,59.6,42.5,13.8,33.7,45.4,19.1,67.1,12.2,70.9,50.7,95.5,99.1,0.0,87.9,47.2,45.7,30,63,30,35,10,23.63,6995311000000.0,18777487.0,31763609326.839
5193,Africa,615,BFA,Burkina Faso,2016,52.0,25.8,61.4,42.8,17.9,36.3,45.3,19.9,67.1,15.0,70.9,52.6,95.5,99.0,0.0,87.9,47.1,48.3,42,63,22,25,15,23.45,7412090000000.0,19334856.0,36383537964.2514
5194,Africa,616,BFA,Burkina Faso,2017,53.1,25.4,60.7,44.1,20.6,40.4,45.2,19.2,71.1,18.0,70.9,52.2,95.5,98.9,0.0,87.9,46.7,53.2,44,63,25,18,20,23.27,7871898218300.0,19894407.0,40632395597.0095
5195,Africa,617,BFA,Burkina Faso,2018,51.1,24.6,61.1,45.3,27.7,41.5,45.1,19.3,70.9,16.7,22.1,58.8,95.7,98.8,0.0,87.9,49.2,52.9,35,63,20,18,15,23.09,8391803173100.0,20438288.0,42375183591.2275
5196,Africa,618,BFA,Burkina Faso,2019,51.5,24.6,61.1,46.1,26.5,43.6,45.0,20.8,71.0,15.4,22.1,60.7,95.7,98.8,0.0,87.9,49.4,54.8,35,58,18,25,15,22.9,8886013662700.0,20961952.0,46790489892.5012
5197,Africa,619,BFA,Burkina Faso,2020,51.4,24.3,60.3,46.4,25.1,40.4,44.8,21.1,71.5,19.3,22.1,61.3,95.7,98.8,0.0,87.9,50.3,53.3,55,63,18,15,18,22.72,9064691192800.0,21478690.0,51134807594.6267
5198,Africa,620,BFA,Burkina Faso,2021,51.6,25.8,58.5,46.6,26.7,40.6,44.8,21.1,70.2,21.9,22.1,60.5,95.6,98.8,0.0,87.9,47.4,57.4,70,63,18,18,15,,9694009638300.0,21995243.0,54689652540.5665
5199,Africa,621,BFA,Burkina Faso,2022,52.4,26.9,58.6,46.6,26.7,40.7,44.8,21.1,70.2,21.9,22.1,60.5,95.6,98.8,0.0,87.9,45.5,57.2,35,63,18,15,15,,9839152203100.0,22509038.0,59465954759.397
5200,Africa,622,BDI,Burundi,2000,45.8,0.0,57.0,19.9,12.8,38.0,51.3,13.3,53.7,8.7,77.8,36.1,96.5,99.7,0.0,72.9,50.1,44.2,70,70,7,15,7,7.55,1084871791200.0,6470194.0,3358775149.08614
5201,Africa,623,BDI,Burundi,2001,46.2,0.0,57.4,20.7,12.8,38.6,51.5,17.4,53.7,8.7,77.8,36.3,96.4,99.8,0.0,72.9,50.1,45.0,70,65,14,15,15,7.55,1107174662600.0,6634365.0,3505009079.34156
5202,Africa,624,BDI,Burundi,2002,46.5,0.0,57.1,22.0,12.8,41.3,51.7,17.9,53.6,8.7,77.8,36.5,96.4,99.8,0.0,72.9,50.1,44.9,76,70,12,10,10,7.55,1156405398900.0,6824132.0,3717749557.01799
5203,Africa,625,BDI,Burundi,2003,46.6,0.0,57.1,22.6,12.8,42.0,52.0,18.3,53.6,8.7,77.8,36.7,96.4,99.8,0.0,72.9,50.1,44.6,78,40,10,14,10,7.55,1142254142700.0,7043154.0,3744756275.15687
5204,Africa,626,BDI,Burundi,2004,46.8,0.0,57.1,23.8,13.3,42.6,52.2,15.9,53.6,8.7,77.8,37.6,96.4,99.8,0.0,72.9,50.1,47.6,70,60,10,15,15,7.55,1197466798800.0,7310656.0,4031332237.01039
5205,Africa,627,BDI,Burundi,2005,47.7,0.0,56.5,27.5,15.0,49.3,52.4,18.3,53.5,8.7,77.8,38.2,96.5,99.8,0.0,72.9,50.1,46.8,60,50,15,15,10,7.55,1208244000000.0,7587299.0,4195152422.91806
5206,Africa,628,BDI,Burundi,2006,48.5,0.0,56.4,28.5,24.0,49.9,52.6,16.8,53.5,8.7,77.8,39.9,96.6,99.8,0.0,72.9,50.7,47.3,60,60,15,20,10,7.55,1273656000000.0,7865547.0,4558645467.73827
5207,Africa,629,BDI,Burundi,2007,48.8,0.0,56.3,29.3,28.0,50.5,52.8,17.6,54.0,8.7,77.8,40.1,96.6,99.8,0.0,72.9,49.6,47.5,62,55,12,15,7,7.55,1317621950000.0,8161874.0,4843776399.62099
5208,Africa,630,BDI,Burundi,2008,49.3,0.0,56.1,31.5,28.5,51.0,53.0,17.2,54.5,8.5,77.8,41.8,96.5,99.8,0.0,72.9,50.8,48.6,60,64,10,14,5,7.55,1381680992000.0,8505637.0,5177129800.90188
5209,Africa,631,BDI,Burundi,2009,50.1,0.0,56.1,33.7,27.5,51.1,53.2,19.1,54.6,8.5,77.8,47.6,96.6,99.8,0.0,72.9,51.8,51.1,75,63,12,18,5,7.55,1434360970000.0,8947646.0,5407669583.83517
5210,Africa,632,BDI,Burundi,2010,51.4,0.0,58.7,38.5,35.9,55.7,53.4,16.5,54.6,8.5,77.8,49.8,96.6,99.8,0.0,72.9,52.4,52.0,72,50,11,15,5,7.55,1507859921000.0,9376444.0,5753853444.3462
5211,Africa,633,BDI,Burundi,2011,51.4,0.0,58.2,37.7,36.1,54.5,53.6,15.2,54.6,8.5,77.8,47.0,96.5,99.7,0.0,72.9,54.4,55.3,63,63,15,15,5,8.22,1568665880000.0,9717978.0,6109378663.94635
5212,Africa,634,BDI,Burundi,2012,51.3,0.0,57.4,40.6,36.6,54.1,53.8,14.9,54.6,8.4,77.8,48.2,96.6,99.7,0.0,72.9,52.3,53.1,50,40,12,20,10,8.89,1638419845000.0,10071028.0,6434109700.67511
5213,Africa,635,BDI,Burundi,2013,50.3,0.0,58.1,41.7,37.7,53.7,54.0,16.3,54.6,8.4,58.4,48.9,96.5,99.7,0.0,72.9,54.6,49.7,40,60,18,25,10,9.55,1719098749500.0,10439341.0,7175647231.46992
5214,Africa,636,BDI,Burundi,2014,51.0,0.0,57.8,42.3,40.9,53.3,54.2,17.2,54.6,13.0,58.4,52.3,96.5,99.7,0.0,72.9,48.7,54.1,70,60,14,15,10,10.22,1791999714300.0,10799785.0,7822936123.43009
5215,Africa,637,BDI,Burundi,2015,51.3,0.0,57.7,44.2,43.1,56.7,54.4,16.6,54.6,13.9,58.4,52.6,96.5,99.7,0.0,72.9,48.3,51.3,75,63,11,8,5,10.89,1722111724000.0,11047580.0,8809630118.7088
5216,Africa,638,BDI,Burundi,2016,51.4,0.0,59.6,44.8,45.1,59.1,54.6,15.8,54.8,11.4,58.4,54.5,96.5,99.8,0.0,72.9,45.5,49.2,75,60,15,14,10,10.89,1711779038000.0,11239451.0,8676714933.88405
5217,Africa,639,BDI,Burundi,2017,52.1,0.0,58.3,45.8,51.6,59.4,54.8,17.3,54.8,12.0,58.4,54.8,96.5,99.7,0.0,72.9,44.4,52.6,75,63,15,18,5,10.89,1720337954800.0,11506762.0,8759744160.76216
5218,Africa,640,BDI,Burundi,2018,52.6,0.0,59.3,46.6,49.3,59.5,55.0,17.0,54.9,12.1,58.4,59.0,96.6,99.8,0.0,72.4,48.8,53.3,60,62,12,19,10,10.89,1748034284900.0,11859446.0,8935565006.18917
5219,Africa,641,BDI,Burundi,2019,52.9,0.0,59.5,48.4,49.6,59.5,55.2,19.2,55.0,12.0,58.4,59.3,96.6,99.8,0.0,72.4,49.7,52.0,72,40,15,25,6,10.89,1779718548200.0,12255336.0,9549333185.98183
5220,Africa,642,BDI,Burundi,2020,52.8,0.0,58.4,48.3,48.2,60.5,55.2,19.3,54.9,12.2,58.4,60.0,96.6,99.8,0.0,72.4,49.1,52.0,61,55,10,16,10,10.89,1785541020100.0,12617036.0,9923498550.19194
5221,Africa,643,BDI,Burundi,2021,53.0,0.0,58.8,48.5,50.2,60.5,55.2,19.3,54.9,12.1,58.4,60.0,96.6,99.8,0.0,72.2,51.1,51.2,60,55,15,20,15,,1840892791700.0,12965481.0,10847771568.5348
5222,Africa,644,BDI,Burundi,2022,53.9,0.0,59.5,48.5,50.2,60.5,55.2,19.3,55.0,12.1,58.4,60.0,96.6,99.8,0.0,72.2,50.7,52.2,50,59,15,20,5,,1874930889100.0,13321097.0,11836036574.1336
5223,Africa,645,CPV,Cabo Verde,2000,59.9,70.9,44.2,61.9,75.4,54.8,52.4,47.4,61.8,15.2,14.8,69.7,82.2,98.4,50.3,68.1,84.5,65.5,12,18,30,60,7,9.86,91787709900.0,453317.0,1416386647.12635
5224,Africa,646,CPV,Cabo Verde,2001,60.0,70.9,44.0,62.7,74.3,54.8,53.1,48.2,61.7,15.3,14.8,70.2,82.2,98.1,50.6,68.1,84.5,66.0,10,22,42,60,8,9.93,93836094500.0,460293.0,1480599872.93237
5225,Africa,647,CPV,Cabo Verde,2002,60.0,70.9,43.3,63.7,74.0,54.8,53.8,47.4,61.8,15.4,14.8,70.7,82.2,98.0,49.2,68.1,84.5,67.8,8,28,18,65,7,10.0,98763325700.0,467046.0,1582561152.10677
5226,Africa,648,CPV,Cabo Verde,2003,60.3,70.9,44.8,63.6,73.9,54.8,54.5,48.7,61.9,15.6,14.8,71.2,82.2,97.8,50.6,68.1,84.5,67.5,10,20,55,70,5,10.08,102887938300.0,473383.0,1681202608.62193
5227,Africa,649,CPV,Cabo Verde,2004,60.5,70.9,44.9,64.2,73.4,54.8,55.2,49.5,62.0,15.7,14.8,71.7,82.2,97.9,52.8,68.1,84.0,66.6,8,28,50,60,15,10.15,113379496100.0,479370.0,1902455066.32188
5228,Africa,650,CPV,Cabo Verde,2005,61.2,70.9,45.0,66.4,74.4,54.8,56.0,48.5,62.1,15.8,14.8,76.1,82.2,97.7,56.5,71.2,81.9,66.3,10,28,45,60,10,10.23,121216806100.0,485115.0,2097735410.67232
5229,Africa,651,CPV,Cabo Verde,2006,61.9,70.9,44.8,67.6,80.5,56.9,56.8,49.0,62.2,16.3,14.8,76.6,82.2,97.5,56.5,71.3,82.8,66.5,15,25,20,60,8,10.3,130894453400.0,490728.0,2335068852.97119
5230,Africa,652,CPV,Cabo Verde,2007,62.2,70.9,44.1,67.7,79.4,58.4,57.6,49.8,62.3,16.4,22.3,77.1,82.2,97.5,55.8,71.3,82.8,62.7,10,25,65,65,15,10.38,150752042500.0,496190.0,2762175353.74715
5231,Africa,653,CPV,Cabo Verde,2008,62.6,70.9,43.9,67.8,80.5,58.4,58.3,51.7,62.3,17.4,22.3,77.5,82.2,97.7,54.8,71.4,82.8,63.5,10,20,45,60,10,10.45,161363495800.0,501355.0,3013570387.84164
5232,Africa,654,CPV,Cabo Verde,2009,62.5,70.9,43.1,68.8,80.0,58.4,59.1,51.9,62.3,18.8,22.3,78.0,82.2,97.5,53.2,71.5,82.8,61.0,10,20,22,60,5,10.53,158937255700.0,506141.0,2986566391.01946
5233,Africa,655,CPV,Cabo Verde,2010,63.2,70.9,43.6,72.5,79.2,58.4,59.9,54.8,62.4,20.3,22.3,80.2,82.2,97.3,54.1,71.5,82.8,61.9,15,25,33,60,12,10.6,161856009900.0,509784.0,3078374146.42847
5234,Africa,656,CPV,Cabo Verde,2011,62.8,72.5,43.8,72.1,82.7,59.8,60.6,55.2,62.1,20.6,22.3,78.1,82.2,97.1,43.7,71.5,82.8,61.3,12,28,65,60,15,10.67,168208402200.0,511447.0,3265194483.4151
5235,Africa,657,CPV,Cabo Verde,2012,63.7,74.5,43.8,72.4,83.0,59.8,61.3,57.4,61.8,24.5,22.3,77.8,82.2,97.6,47.0,71.5,82.8,62.5,15,30,40,50,5,10.75,170031190000.0,511955.0,3234562963.9147
5236,Africa,658,CPV,Cabo Verde,2013,64.2,75.9,43.3,72.6,83.2,64.7,62.0,58.7,61.5,28.4,22.3,78.8,82.2,97.7,46.1,71.5,81.0,61.5,10,20,70,60,10,10.82,171106019600.0,512225.0,3261480004.77418
5237,Africa,659,CPV,Cabo Verde,2014,64.5,77.1,45.2,73.6,82.0,65.2,62.7,59.4,61.2,30.3,22.3,79.6,82.2,97.8,47.1,71.5,79.9,59.7,10,20,65,65,10,10.9,172298058500.0,512326.0,3287510389.45475
5238,Africa,660,CPV,Cabo Verde,2015,66.4,79.1,44.8,74.1,81.6,65.5,63.6,60.1,60.9,33.6,41.6,75.8,82.2,97.8,53.4,71.6,78.9,64.2,15,30,40,60,5,10.97,173910814000.0,512394.0,3470693995.24233
5239,Africa,661,CPV,Cabo Verde,2016,67.2,79.7,44.7,74.6,83.7,67.6,64.5,60.4,60.6,34.9,41.6,79.5,81.9,97.6,55.1,71.6,78.8,65.8,20,25,50,60,10,11.05,181355440000.0,512554.0,3767658154.16819
5240,Africa,662,CPV,Cabo Verde,2017,67.6,82.2,45.1,75.1,83.5,68.1,65.3,61.0,60.3,36.9,41.6,79.1,81.6,97.4,55.6,71.6,80.5,64.8,15,20,65,60,7,11.12,189609497000.0,512893.0,4070196657.81328
5241,Africa,663,CPV,Cabo Verde,2018,67.6,82.3,45.6,75.6,78.5,67.9,66.0,60.5,60.4,36.4,41.6,79.1,81.5,97.4,59.7,70.9,80.3,64.8,15,28,52,66,5,11.2,196638253900.0,513415.0,4064409366.40188
5242,Africa,664,CPV,Cabo Verde,2019,67.7,84.2,46.1,75.4,79.0,67.9,66.7,61.0,60.4,38.7,41.6,79.0,81.3,97.3,56.8,70.9,80.6,63.9,15,35,65,65,5,11.27,210300338300.0,514104.0,4444817983.52976
5243,Africa,665,CPV,Cabo Verde,2020,67.7,78.8,44.8,75.3,79.0,68.4,67.4,61.9,56.9,39.1,41.6,79.5,81.3,97.3,56.9,70.9,80.3,71.4,12,32,65,60,10,11.34,166546772700.0,514679.0,3526877323.02085
5244,Africa,666,CPV,Cabo Verde,2021,68.7,82.3,44.9,75.5,79.2,75.9,67.4,61.9,58.1,41.0,41.6,79.5,81.3,97.1,57.0,71.6,80.3,73.3,10,25,30,60,5,,178260890100.0,516649.0,3970664151.46117
5245,Africa,667,CPV,Cabo Verde,2022,68.8,84.9,45.0,75.5,79.2,76.2,67.4,61.9,58.7,41.0,41.6,79.5,81.3,97.1,57.0,71.6,79.3,73.0,15,25,65,60,10,,206503967400.0,519741.0,4927702546.11045
5246,Asia,668,KHM,Cambodia,2000,47.6,0.0,45.6,28.5,39.4,33.0,43.6,17.3,58.1,11.3,0.0,45.4,94.9,98.2,67.9,38.8,51.5,40.7,35,40,15,18,10,61.08,29439688732500.0,12462336.0,15648212291.0836
5247,Asia,669,KHM,Cambodia,2001,47.6,0.0,44.2,30.1,39.4,33.3,44.7,16.1,58.0,11.3,0.0,45.9,94.9,98.1,66.8,39.2,51.8,40.6,35,30,8,32,10,60.97,31615196546300.0,12658484.0,17182956708.0688
5248,Asia,670,KHM,Cambodia,2002,48.5,0.0,45.3,31.2,41.1,33.6,45.8,21.9,58.0,11.3,0.0,48.1,94.9,98.1,66.6,39.1,51.8,40.9,35,20,17,30,7,60.86,33595911627400.0,12855241.0,18543232821.8267
5249,Asia,671,KHM,Cambodia,2003,49.4,0.0,48.1,34.3,45.3,35.2,47.0,21.8,58.0,11.3,0.0,48.7,94.8,98.1,66.4,39.0,51.6,40.8,20,20,15,22,8,60.75,37050808111400.0,13050968.0,20853910301.2724
5250,Asia,672,KHM,Cambodia,2004,50.0,0.0,48.5,36.5,46.2,35.5,48.1,24.8,58.0,11.3,0.0,50.8,94.8,98.1,66.6,38.8,51.6,40.6,30,25,15,35,10,60.64,40554960467600.0,13244731.0,23440026263.0214
5251,Asia,673,KHM,Cambodia,2005,50.9,0.0,56.8,40.1,44.6,38.4,49.1,24.3,58.0,11.3,0.0,51.1,94.4,98.1,66.0,38.7,51.8,40.4,20,10,15,20,7,60.53,45950122245600.0,13439202.0,27391055614.7192
5252,Asia,674,KHM,Cambodia,2006,51.4,0.0,56.9,40.9,43.7,38.9,50.1,29.3,57.9,11.4,0.0,53.2,94.4,98.1,65.7,38.6,51.9,40.0,40,25,15,30,8,60.42,50978609574700.0,13639028.0,31325690955.1289
5253,Asia,675,KHM,Cambodia,2007,52.4,0.0,58.4,43.2,45.4,44.4,51.0,31.3,57.9,11.4,0.0,53.8,94.3,98.0,63.9,38.5,53.7,40.8,35,40,18,35,7,60.31,56279598931900.0,13841770.0,35520024828.2326
5254,Asia,676,KHM,Cambodia,2008,53.0,0.0,59.5,45.9,50.7,43.2,51.9,28.6,58.1,11.4,0.0,57.6,94.3,98.0,62.9,38.3,53.1,42.0,38,40,15,31,10,60.21,60487267768700.0,14053479.0,38911165513.9601
5255,Asia,677,KHM,Cambodia,2009,53.5,0.0,60.7,46.7,50.6,46.1,52.9,27.8,58.3,11.4,0.0,63.3,94.2,97.9,59.9,38.2,53.1,41.0,40,20,15,23,10,60.1,62951989954600.0,14276810.0,40746485215.2719
5256,Asia,678,KHM,Cambodia,2010,53.5,0.0,60.7,52.7,47.4,49.6,53.8,18.2,58.2,11.4,0.0,65.1,94.2,97.8,60.3,38.1,53.4,41.5,25,25,15,45,10,59.99,66148011136100.0,14500726.0,43335477862.6357
5257,Asia,679,KHM,Cambodia,2011,54.2,0.0,61.6,53.5,48.6,50.1,54.8,25.1,58.3,11.7,0.0,63.8,94.1,97.6,60.0,38.0,54.3,41.4,40,38,22,33,12,58.01,70967990573200.0,14722584.0,47452391312.3707
5258,Asia,680,KHM,Cambodia,2012,55.3,0.0,62.8,54.8,50.3,51.1,55.7,32.6,58.3,13.1,0.0,65.8,94.0,97.4,60.1,37.8,53.5,42.7,40,30,15,33,7,56.04,76397223940800.0,14945085.0,53555447530.5541
5259,Asia,681,KHM,Cambodia,2013,55.5,0.0,63.4,54.6,50.0,49.7,56.6,37.9,58.3,13.7,0.0,64.5,93.9,97.2,59.6,37.7,51.1,43.7,50,43,15,30,10,54.07,82400135625100.0,15170208.0,59026496728.1017
5260,Asia,682,KHM,Cambodia,2014,57.0,0.0,65.6,57.3,53.8,52.2,57.5,42.4,60.4,20.5,0.0,64.3,94.1,97.3,58.0,37.6,47.4,45.8,40,37,15,32,15,52.09,88992410770400.0,15396772.0,63400653497.7179
5261,Asia,683,KHM,Cambodia,2015,58.0,0.0,66.0,59.7,55.3,53.2,58.5,45.8,61.1,23.2,0.0,66.5,93.7,96.9,59.0,38.0,46.6,46.4,20,33,15,40,8,50.12,95406124717500.0,15623251.0,69267932041.222
5262,Asia,684,KHM,Cambodia,2016,59.2,0.0,67.2,60.7,54.7,53.8,59.4,48.6,61.0,25.0,0.0,69.3,93.3,96.2,58.6,45.2,47.8,47.3,30,38,15,33,7,49.24,102948457015000.0,15852803.0,75271078913.0336
5263,Asia,685,KHM,Cambodia,2017,60.7,0.0,67.2,61.4,56.2,54.4,60.2,55.1,59.7,27.5,0.0,70.8,93.6,96.0,59.0,48.5,51.3,49.4,50,45,15,35,10,48.35,111261585228800.0,16073372.0,81171550322.3937
5264,Asia,686,KHM,Cambodia,2018,61.8,0.0,67.9,62.5,59.6,54.8,61.1,56.0,61.4,28.4,0.0,73.7,93.4,95.5,60.8,48.6,51.9,50.8,35,43,15,30,15,47.47,121026150909900.0,16274522.0,91413678746.1866
5265,Asia,687,KHM,Cambodia,2019,62.3,0.0,68.1,63.0,59.8,55.4,62.0,55.6,61.1,33.3,0.0,74.2,93.3,95.2,59.7,49.3,50.7,53.7,40,36,15,37,7,46.59,130631936159000.0,16481304.0,101425852442.976
5266,Asia,688,KHM,Cambodia,2020,62.9,0.0,68.3,62.2,66.5,55.4,62.9,57.3,60.7,33.8,0.0,72.7,93.3,95.1,59.8,49.2,52.6,53.0,40,20,18,32,15,45.71,125987027752100.0,16725474.0,99390356590.6425
5267,Asia,689,KHM,Cambodia,2021,63.2,0.0,68.8,62.5,66.5,56.3,62.9,57.3,62.2,34.8,0.0,72.7,93.6,95.1,60.0,49.1,51.8,54.8,40,45,6,30,8,,129879828910342.0,16974305.0,105674090069.142
5268,Asia,690,KHM,Cambodia,2022,64.8,0.0,69.0,62.0,66.5,56.3,62.9,57.3,62.2,34.8,0.0,76.8,93.6,95.1,60.0,48.8,49.2,55.1,30,45,17,36,10,,136542535692257.0,17201724.0,119015567874.092
5269,Africa,691,CMR,Cameroon,2000,47.9,37.2,50.4,17.7,37.3,32.8,51.7,36.1,60.8,11.1,42.7,36.4,96.1,98.5,66.4,59.3,36.4,43.1,38,60,20,30,10,45.69,10217433253000.0,14912631.0,31443201183.6588
5270,Africa,692,CMR,Cameroon,2001,48.2,37.2,49.9,18.5,37.3,33.1,51.9,38.0,60.9,11.1,42.7,36.1,96.1,98.5,66.3,61.1,36.0,44.4,30,60,20,22,17,45.54,10659261754000.0,15309490.0,33541506637.7022
5271,Africa,693,CMR,Cameroon,2002,48.4,37.2,50.9,19.5,37.3,35.1,52.0,33.3,61.3,11.2,42.7,36.8,96.1,98.5,68.9,61.1,35.6,44.5,40,63,15,20,15,45.39,11136479763000.0,15725528.0,35587737861.9363
5272,Africa,694,CMR,Cameroon,2003,48.7,37.2,51.2,21.2,37.3,35.4,52.3,34.2,61.7,11.2,42.7,36.6,96.1,98.5,69.4,61.1,35.7,45.4,30,60,20,30,10,45.25,11743769120000.0,16160340.0,38269320461.9491
5273,Africa,695,CMR,Cameroon,2004,48.6,37.2,51.2,22.4,33.7,35.6,52.5,36.0,62.2,11.3,42.7,37.3,96.1,98.5,68.6,61.1,35.7,45.1,10,60,15,20,10,45.1,12571571295000.0,16610487.0,42068507448.1673
5274,Africa,696,CMR,Cameroon,2005,49.2,37.2,53.3,23.0,33.7,35.8,52.7,36.4,62.6,11.3,42.7,39.5,96.1,98.5,70.8,62.9,35.7,44.7,30,45,15,30,8,44.95,12851699873000.0,17074594.0,44354338153.5252
5275,Africa,697,CMR,Cameroon,2006,49.6,37.2,52.9,24.8,32.5,36.3,53.0,38.8,63.0,11.4,42.7,40.2,96.2,98.5,72.2,62.9,35.7,44.5,5,50,20,28,15,44.8,13341296082000.0,17550407.0,47463977040.9871
5276,Africa,698,CMR,Cameroon,2007,49.9,37.2,53.6,26.3,36.6,39.3,53.2,38.2,63.3,11.5,39.2,42.4,96.1,98.3,69.4,63.5,35.8,45.0,38,63,18,35,5,44.66,13918652545000.0,18049896.0,50859594132.2503
5277,Africa,699,CMR,Cameroon,2008,50.0,37.2,54.1,28.0,38.5,39.8,53.4,39.7,63.1,11.6,39.2,37.4,96.3,98.4,69.9,63.5,35.7,44.3,40,65,18,35,10,44.51,14315010936000.0,18574056.0,53315733154.1031
5278,Africa,700,CMR,Cameroon,2009,50.6,37.2,55.3,28.6,39.5,40.2,53.6,39.2,62.9,11.7,39.2,40.8,96.4,98.3,71.3,64.5,36.8,44.8,40,40,20,30,5,44.36,14684231110000.0,19113974.0,55028202949.659
5279,Africa,701,CMR,Cameroon,2010,51.1,37.2,56.5,30.7,40.6,40.7,53.9,40.0,62.7,11.8,39.2,41.6,96.4,98.3,72.2,64.5,38.1,44.7,10,50,15,25,10,44.21,15109930600000.0,19668066.0,57311621819.4057
5280,Africa,702,CMR,Cameroon,2011,51.7,37.8,58.4,31.2,44.2,42.7,54.1,41.5,62.8,12.0,39.2,41.6,96.3,98.2,72.3,64.5,37.3,44.6,35,63,15,32,7,44.1,15620527080000.0,20232304.0,60470659956.2005
5281,Africa,703,CMR,Cameroon,2012,52.7,39.4,59.1,32.9,48.6,43.1,54.3,42.7,62.9,13.5,39.2,44.2,96.4,98.3,72.9,64.8,39.5,44.6,30,62,20,35,10,43.98,16343129339000.0,20809529.0,63669714457.3458
5282,Africa,704,CMR,Cameroon,2013,53.5,41.1,59.2,34.0,48.7,51.0,54.5,45.0,63.0,14.0,39.2,43.8,96.3,98.2,72.8,64.8,40.1,44.4,30,63,20,35,10,43.86,17159555131000.0,21402376.0,69319477137.6358
5283,Africa,705,CMR,Cameroon,2014,52.9,42.8,59.6,34.2,49.1,53.8,54.7,44.8,62.7,12.1,23.1,43.0,96.4,98.1,74.6,64.8,41.0,44.9,30,63,18,28,8,43.74,18141050479000.0,22059893.0,75494717689.7735
5284,Africa,706,CMR,Cameroon,2015,53.4,44.6,59.6,37.0,53.5,54.1,54.9,46.2,62.9,13.0,23.1,40.9,96.4,98.2,74.7,64.8,40.1,43.9,45,61,17,35,15,43.62,19169095281000.0,22763414.0,79618697991.1036
5285,Africa,707,CMR,Cameroon,2016,53.5,44.5,59.4,36.7,52.9,54.3,55.1,46.1,62.8,17.1,23.1,41.6,96.4,98.2,73.9,64.8,39.4,43.0,38,63,18,23,7,43.5,20038566000000.0,23454161.0,85068226004.8733
5286,Africa,708,CMR,Cameroon,2017,54.0,45.6,59.8,37.6,48.8,54.5,55.4,47.7,67.5,18.9,23.1,40.5,96.4,98.3,75.4,64.8,39.2,44.9,60,63,15,25,18,43.38,20748167000000.0,24128601.0,90902832851.2771
5287,Africa,709,CMR,Cameroon,2018,54.2,47.1,60.6,38.3,43.4,54.1,55.6,48.1,65.6,22.6,23.1,42.2,96.4,98.1,75.5,64.2,40.1,45.7,35,70,18,30,8,43.27,21568863700000.0,24806383.0,99492538001.3058
5288,Africa,710,CMR,Cameroon,2019,54.5,48.1,60.8,39.0,48.1,54.4,55.8,48.9,66.3,24.2,23.1,40.5,96.4,98.1,73.7,64.2,40.9,44.4,55,70,25,35,15,43.15,22318394651000.0,25506095.0,108174199180.862
5289,Africa,711,CMR,Cameroon,2020,54.7,46.9,61.0,40.2,48.2,55.8,56.0,49.1,66.4,29.6,23.1,40.0,96.4,98.1,73.7,64.2,38.1,43.9,70,66,20,30,15,43.03,22376407505000.0,26210558.0,114420802871.501
5290,Africa,712,CMR,Cameroon,2021,55.0,48.2,61.2,40.3,49.2,55.9,56.0,49.1,68.8,29.4,23.1,40.8,96.4,98.1,73.7,63.6,38.5,43.2,40,64,22,40,12,,23123523858900.0,26915758.0,129022200845.744
5291,Africa,713,CMR,Cameroon,2022,55.1,50.6,61.3,39.8,49.2,56.0,56.0,49.1,68.8,29.4,23.1,42.4,96.4,98.1,73.7,63.5,36.2,43.7,60,61,18,30,5,,23987600000000.0,27632771.0,143385827220.975
5292,North America,714,CAN,Canada,2000,74.5,99.5,65.2,88.8,96.0,76.0,86.3,80.3,83.3,75.5,81.8,89.3,49.2,23.4,57.0,57.7,87.6,69.3,15,40,50,70,5,38.25,1603173716000.0,30685730.0,900996986801.064
5293,North America,715,CAN,Canada,2001,74.5,99.5,63.1,89.1,96.0,76.1,86.3,80.0,83.1,77.5,81.8,89.3,49.2,24.1,57.6,57.8,87.6,69.0,15,25,70,80,7,38.24,1633234796000.0,31020855.0,937786776176.929
5294,North America,716,CAN,Canada,2002,74.6,99.5,62.1,89.0,96.0,76.1,86.3,80.3,82.9,77.5,81.8,89.3,49.9,24.2,58.0,58.0,87.6,69.3,10,18,70,75,5,38.24,1682219678000.0,31359199.0,971003788233.131
5295,North America,717,CAN,Canada,2003,74.7,99.5,64.0,89.6,96.0,76.2,86.3,79.7,82.9,77.9,81.8,89.3,48.9,23.6,59.1,58.1,87.6,69.6,15,50,65,78,5,38.23,1712607044000.0,31642461.0,1023682523002.92
5296,North America,718,CAN,Canada,2004,74.9,99.5,65.1,89.8,96.0,76.6,86.3,79.9,83.1,78.2,81.3,89.3,49.5,23.9,59.8,58.1,87.5,69.6,10,25,75,75,5,38.23,1765567085000.0,31938807.0,1083609294356.44
5297,North America,719,CAN,Canada,2005,75.2,99.5,65.0,90.7,96.0,76.7,86.3,80.2,83.3,79.0,82.5,89.2,49.4,24.5,60.9,59.1,87.1,69.2,12,20,80,79,7,38.22,1822249811000.0,32242732.0,1171326187910.13
5298,North America,720,CAN,Canada,2006,75.1,99.5,64.6,91.0,96.0,76.6,86.3,80.0,83.5,79.0,82.5,89.2,49.1,25.1,60.6,59.1,86.5,69.0,20,44,75,75,5,38.22,1870319736000.0,32571193.0,1241594039979.59
5299,North America,721,CAN,Canada,2007,74.9,99.5,63.2,91.4,96.0,77.0,86.3,80.1,83.6,78.9,82.1,88.4,48.4,24.1,60.2,59.1,86.2,69.2,10,30,75,65,5,38.21,1908659507000.0,32888886.0,1301593351698.17
5300,North America,722,CAN,Canada,2008,75.2,99.5,64.9,91.4,96.0,77.4,86.3,80.3,83.5,79.3,82.4,87.9,49.4,25.2,59.9,59.3,85.9,69.2,15,40,80,79,8,38.21,1927658424000.0,33247298.0,1342395839240.43
5301,North America,723,CAN,Canada,2009,75.5,99.5,64.2,91.6,96.0,77.5,86.2,80.6,82.4,80.0,82.4,89.6,51.3,27.2,59.5,59.4,85.9,70.9,10,35,75,65,10,38.2,1871465519000.0,33630069.0,1307000908301.48
5302,North America,724,CAN,Canada,2010,75.7,99.5,63.9,92.6,96.0,77.6,86.2,80.3,82.4,79.7,82.7,88.8,50.4,26.9,61.0,59.9,87.1,71.7,10,40,82,80,5,38.19,1929308894000.0,34005902.0,1363577286343.32
5303,North America,725,CAN,Canada,2011,75.8,99.4,63.4,92.4,96.0,79.0,86.2,80.5,82.6,81.2,83.3,90.8,49.7,26.7,59.6,59.9,86.8,71.2,15,35,68,70,10,38.19,1989835065000.0,34339221.0,1430806739876.64
5304,North America,726,CAN,Canada,2012,75.9,99.5,63.5,92.6,98.2,79.0,86.2,80.7,82.8,81.5,82.5,89.7,49.6,26.9,59.9,59.9,87.6,70.5,10,45,78,76,10,38.19,2024769829000.0,34713395.0,1468097961846.59
5305,North America,727,CAN,Canada,2013,76.2,99.3,66.5,93.4,98.2,80.8,86.2,80.9,82.9,83.0,82.1,89.4,50.1,27.0,59.7,59.9,85.9,70.2,15,38,60,80,7,38.18,2071862200000.0,35080992.0,1554125000000.0
5306,North America,728,CAN,Canada,2014,76.5,99.5,64.1,93.1,98.2,80.9,86.2,80.8,83.5,83.8,83.8,90.3,50.4,28.1,60.0,59.9,86.7,70.4,20,23,75,70,7,38.18,2131396472000.0,35434066.0,1621395561291.92
5307,North America,729,CAN,Canada,2015,76.8,99.5,64.2,93.9,98.3,81.2,86.2,80.9,83.8,85.2,82.2,90.8,50.9,31.0,59.8,60.0,87.6,70.8,15,45,68,78,10,38.17,2145249931000.0,35704498.0,1594900336857.89
5308,North America,730,CAN,Canada,2016,77.2,99.6,66.0,93.6,98.6,81.3,86.2,80.6,83.8,86.6,85.5,88.5,51.2,33.0,60.7,60.1,86.6,71.1,20,44,75,75,7,38.17,2167529444000.0,36110803.0,1678092366067.55
5309,North America,731,CAN,Canada,2017,77.6,99.6,65.7,94.3,98.6,81.6,86.1,80.7,85.2,87.1,84.3,91.0,51.8,36.7,58.9,60.4,85.3,71.2,35,45,75,70,8,38.16,2233288709000.0,36545075.0,1765762548007.76
5310,North America,732,CAN,Canada,2018,77.7,99.6,65.1,94.2,98.5,82.1,86.1,80.3,84.8,87.7,85.3,90.2,51.7,37.1,61.4,60.5,84.8,71.2,10,50,85,72,10,38.16,2294547002000.0,37072620.0,1852985933143.48
5311,North America,733,CAN,Canada,2019,77.8,99.6,65.3,94.2,98.9,83.0,86.1,80.3,84.6,87.8,86.2,90.6,51.7,37.4,61.8,60.5,83.9,71.4,15,50,76,78,10,38.16,2338336870000.0,37618495.0,1899695367283.6
5312,North America,734,CAN,Canada,2020,78.4,99.6,65.4,94.0,99.4,82.7,86.1,80.3,82.8,86.7,89.3,92.7,51.7,39.9,62.2,60.8,83.0,76.5,18,40,75,65,8,38.15,2220526000000.0,38028638.0,1847837502049.2
5313,North America,735,CAN,Canada,2021,78.3,99.6,63.5,93.9,99.4,83.6,86.1,80.3,83.6,87.3,89.3,89.4,51.7,39.6,62.2,60.8,83.0,78.7,15,45,75,65,7,,2352659022000.0,38239864.0,2179485548675.88
5314,North America,736,CAN,Canada,2022,78.5,99.6,63.5,93.9,99.4,83.9,86.1,80.3,84.6,87.3,89.3,90.6,51.7,39.6,62.1,60.8,81.8,79.9,18,55,80,65,8,,2451212762000.0,38935934.0,2475481278941.65
5315,Africa,737,CAF,Central African Republic,2000,38.4,5.3,35.3,5.9,7.1,25.8,48.2,14.3,53.0,6.2,9.6,30.5,94.8,99.5,0.0,89.9,52.7,36.4,60,43,10,10,10,36.76,644069000000.0,3833416.0,2452761381.77711
5316,Africa,738,CAF,Central African Republic,2001,38.4,5.3,35.1,6.7,7.1,25.8,47.8,15.2,53.0,6.2,9.6,30.1,94.8,99.5,0.0,89.9,52.7,36.1,70,63,13,8,15,36.72,672825000000.0,3919487.0,2619965169.22436
5317,Africa,739,CAF,Central African Republic,2002,38.4,5.3,34.6,7.2,7.1,25.9,47.4,15.2,53.0,6.2,9.6,29.8,94.8,99.5,0.0,89.9,52.7,35.8,42,65,10,14,10,36.67,697158000000.0,4006077.0,2756903876.95614
5318,Africa,740,CAF,Central African Republic,2003,38.4,5.3,34.0,7.8,7.1,26.2,47.0,15.7,53.0,6.2,9.6,29.5,94.9,99.6,0.0,89.9,52.7,36.0,78,75,10,9,10,36.62,659529000000.0,4103086.0,2659592507.39177
5319,Africa,741,CAF,Central African Republic,2004,38.6,5.3,33.9,8.5,7.1,26.4,46.6,18.5,53.0,6.2,9.6,29.1,94.8,99.6,0.0,89.9,52.7,36.0,75,65,13,15,15,36.57,699067000000.0,4192826.0,2894838239.10494
5320,Africa,742,CAF,Central African Republic,2005,38.8,5.3,34.1,9.0,7.1,28.3,46.1,18.9,53.0,6.2,9.6,30.1,94.8,99.6,0.0,89.9,52.7,35.4,75,60,12,15,15,36.52,705416000000.0,4288810.0,3012720151.35312
5321,Africa,743,CAF,Central African Republic,2006,38.7,5.3,33.2,9.9,7.1,28.7,45.6,18.8,53.0,6.2,9.6,29.8,94.8,99.6,0.0,89.9,52.7,35.3,45,63,15,15,15,36.47,739072000000.0,4377579.0,3253799664.32576
5322,Africa,744,CAF,Central African Republic,2007,38.7,5.3,33.6,10.0,8.1,29.1,45.2,18.3,53.0,6.2,9.6,29.5,94.7,99.6,0.0,89.9,52.7,35.2,50,50,12,15,10,36.43,773125000000.0,4462770.0,3495935180.53637
5323,Africa,745,CAF,Central African Republic,2008,39.0,5.3,34.6,10.3,12.8,29.4,44.7,18.3,53.1,6.2,9.6,29.1,94.7,99.6,0.0,89.9,52.7,34.4,72,68,15,14,10,36.38,789006000000.0,4558984.0,3636486380.86625
5324,Africa,746,CAF,Central African Republic,2009,39.0,5.3,35.0,10.5,12.8,29.3,44.2,18.3,53.0,6.2,9.6,28.8,94.6,99.6,0.0,89.9,52.7,34.2,65,65,15,15,15,36.33,856760000000.0,4529047.0,3973116132.62416
5325,Africa,747,CAF,Central African Republic,2010,39.0,5.3,40.7,10.1,6.9,29.7,43.8,18.2,52.9,6.2,9.6,31.6,94.6,99.6,0.0,89.9,51.2,33.7,72,60,13,12,10,36.28,896435000000.0,4492995.0,4207624657.26252
5326,Africa,748,CAF,Central African Republic,2011,38.8,5.2,41.2,11.0,5.6,31.6,43.3,18.4,52.9,6.2,9.6,27.2,94.4,99.6,0.0,89.9,50.6,33.4,75,70,12,6,5,36.23,934037000000.0,4565021.0,4474567487.04114
5327,Africa,749,CAF,Central African Republic,2012,39.0,7.0,40.4,11.7,6.9,32.0,42.9,18.4,52.9,6.3,9.6,25.8,94.5,99.6,0.0,89.9,50.6,35.2,78,68,10,7,5,36.19,981241000000.0,4610848.0,4897034572.03065
5328,Africa,750,CAF,Central African Republic,2013,38.2,0.0,36.9,10.4,6.9,31.8,42.5,16.9,52.9,6.3,9.6,26.1,94.5,99.7,0.0,89.9,50.4,36.9,83,79,10,5,10,36.14,624148000000.0,4642419.0,3295437288.55
5329,Africa,751,CAF,Central African Republic,2014,38.3,0.0,36.0,11.2,6.9,32.2,42.0,18.6,52.8,9.0,9.6,26.8,94.5,99.5,0.0,89.9,47.9,35.8,85,75,12,8,20,36.09,624654000000.0,4623182.0,3231436576.44185
5330,Africa,752,CAF,Central African Republic,2015,38.0,0.0,35.8,11.5,6.9,32.5,41.6,18.7,52.7,9.2,9.6,22.9,94.5,99.5,0.0,89.9,47.7,34.8,75,63,12,7,10,36.04,651746000000.0,4629320.0,3559349379.23233
5331,Africa,753,CAF,Central African Republic,2016,37.4,0.0,35.7,11.1,6.9,30.2,41.2,18.8,52.7,9.4,9.6,23.3,94.3,99.5,0.0,89.9,41.6,34.8,80,68,12,15,15,35.99,682706000000.0,4713663.0,3893548336.23769
5332,Africa,754,CAF,Central African Republic,2017,38.6,0.0,35.6,11.5,19.3,31.3,40.7,18.7,53.8,9.6,9.6,24.2,94.3,99.4,0.0,89.9,44.3,35.0,70,76,10,15,10,35.94,713614000000.0,4793511.0,4236556479.54651
5333,Africa,755,CAF,Central African Republic,2018,38.6,3.9,35.4,11.8,19.3,31.7,40.6,18.6,53.8,6.2,9.6,23.2,94.5,99.5,0.0,89.8,45.3,34.6,70,68,13,15,10,35.9,740656000000.0,4878657.0,4419174296.74199
5334,Africa,756,CAF,Central African Republic,2019,38.5,4.7,36.4,12.3,19.3,31.8,40.5,19.1,53.8,6.5,9.6,22.2,94.5,99.5,0.0,89.8,40.9,35.2,75,75,20,15,7,35.85,763616336000.0,4944703.0,4869757044.86639
5335,Africa,757,CAF,Central African Republic,2020,38.6,3.2,36.4,12.6,19.3,31.8,40.4,19.4,53.3,6.8,9.6,21.9,94.5,99.5,0.0,89.8,42.6,36.5,70,70,12,15,30,35.8,770488883000.0,5026628.0,5359843442.72162
5336,Africa,758,CAF,Central African Republic,2021,38.8,2.9,36.4,13.0,19.3,34.1,40.4,19.4,53.3,7.1,9.6,21.9,94.5,99.5,0.0,89.7,42.5,36.5,75,80,12,12,20,,778062172300.0,5112100.0,5769272621.61696
5337,Africa,759,CAF,Central African Republic,2022,40.4,3.2,36.5,13.0,19.3,34.2,40.4,19.4,53.4,7.1,9.6,21.9,94.5,99.5,0.0,89.7,42.3,36.5,63,75,13,12,10,,781593811139.364,5098039.0,6208645631.10986
5338,Africa,760,TCD,Chad,2000,38.6,24.1,32.0,17.1,0.0,18.2,39.9,1.2,62.5,4.0,53.4,20.4,93.0,98.6,0.0,78.6,29.6,45.4,30,70,10,12,7,5.05,2539454724699.98,8512093.0,8844656667.20478
5339,Africa,761,TCD,Chad,2001,38.7,24.1,33.0,17.3,0.0,18.2,39.9,2.4,62.5,4.0,53.4,20.4,93.0,98.6,0.0,78.6,29.6,44.4,30,20,15,15,10,4.98,2835507775990.33,8804124.0,10098150563.6444
5340,Africa,762,TCD,Chad,2002,38.8,24.1,33.3,17.5,1.2,18.2,39.9,2.9,62.4,4.0,53.4,20.3,92.3,98.6,0.0,78.6,29.6,44.9,35,40,14,18,10,4.91,3076276690683.18,9116192.0,11125855243.1315
5341,Africa,763,TCD,Chad,2003,38.8,24.1,33.9,17.5,2.1,20.0,40.0,0.1,62.4,4.0,53.4,20.3,92.3,98.5,0.0,78.6,29.6,44.1,10,65,12,20,10,4.85,3529155901456.51,9487833.0,13015763525.3083
5342,Africa,764,TCD,Chad,2004,38.7,24.1,31.5,18.1,2.1,20.3,40.2,0.1,62.5,4.0,53.4,20.4,92.4,98.5,0.0,78.6,29.6,42.7,20,20,10,15,10,4.78,4715988862810.57,9920036.0,17860592901.9846
5343,Africa,765,TCD,Chad,2005,38.7,24.1,32.3,18.3,2.1,20.3,40.3,0.1,62.4,4.0,53.4,21.6,92.5,98.5,0.0,78.6,29.6,41.8,18,30,15,10,10,4.72,5533389223400.0,10328092.0,21613361022.8607
5344,Africa,766,TCD,Chad,2006,38.7,24.1,31.9,18.5,2.1,20.3,40.4,0.1,62.4,4.0,53.4,21.9,92.4,98.5,0.0,78.5,29.6,40.9,20,65,10,15,8,4.65,5504531366600.0,10706424.0,22163687245.5824
5345,Africa,767,TCD,Chad,2007,38.7,24.1,31.2,19.7,2.1,19.6,40.5,0.1,62.4,4.0,53.4,21.9,92.3,98.5,0.0,78.5,29.6,40.9,45,70,10,20,8,4.59,5744320428800.0,11081660.0,23755813867.2929
5346,Africa,768,TCD,Chad,2008,39.4,24.1,31.0,20.7,2.1,19.6,40.6,0.1,62.4,4.0,53.4,27.8,92.2,98.5,0.0,78.5,34.6,40.4,35,30,8,20,10,4.52,5922874714600.0,11476296.0,24966163326.6281
5347,Africa,769,TCD,Chad,2009,38.9,24.1,31.1,19.2,2.1,19.6,40.7,0.1,62.4,4.0,53.4,25.3,92.1,98.5,0.0,78.5,29.6,42.1,30,35,12,20,10,4.46,5843597962500.0,11893754.0,24783920528.817
5348,Africa,770,TCD,Chad,2010,39.6,24.1,34.0,19.9,2.1,19.6,40.9,0.2,62.4,4.0,53.4,30.1,92.0,98.5,0.0,78.5,32.2,41.2,20,25,11,12,8,4.39,6649686592900.0,12312575.0,28545454708.5689
5349,Africa,771,TCD,Chad,2011,39.0,23.9,35.1,21.2,4.7,23.5,41.0,0.2,62.3,4.0,36.5,32.1,92.0,98.1,0.0,78.4,29.6,41.7,25,40,15,15,10,4.29,6952486083200.0,12754997.0,30461038960.1658
5350,Africa,772,TCD,Chad,2012,39.9,26.1,37.6,21.0,4.7,24.6,41.1,10.9,62.3,4.0,36.5,29.6,92.0,98.5,0.0,78.4,29.6,41.9,20,60,15,16,10,4.19,7581872417800.0,13210998.0,32170419375.9758
5351,Africa,773,TCD,Chad,2013,40.9,28.4,36.7,20.3,13.2,22.6,41.3,11.4,62.3,4.1,36.5,31.4,91.8,98.7,0.0,78.4,33.1,43.8,20,80,8,15,10,4.09,7794722256200.0,13691079.0,28891559089.8221
5352,Africa,774,TCD,Chad,2014,40.7,30.1,36.2,20.4,13.2,23.2,41.4,6.4,62.9,6.3,36.5,28.6,91.7,98.7,0.0,78.4,33.7,43.4,30,40,10,12,5,3.99,7955525893100.0,14188678.0,30267066736.3152
5353,Africa,775,TCD,Chad,2015,40.6,28.9,35.6,22.6,13.8,23.1,41.6,9.0,62.9,6.4,36.5,24.9,91.4,98.9,0.0,78.4,32.5,42.4,33,20,15,15,10,3.88,8218924260200.0,14647621.0,34824885498.1589
5354,Africa,776,TCD,Chad,2016,40.2,27.1,36.0,22.0,10.7,22.9,41.7,5.0,62.9,5.0,36.5,29.3,91.1,98.9,0.0,78.4,33.7,41.8,30,60,15,15,7,3.79,7879488575300.0,15114655.0,32044391367.1726
5355,Africa,777,TCD,Chad,2017,40.4,26.9,34.0,23.0,7.7,21.6,41.9,6.6,64.6,5.6,36.5,33.0,91.0,99.0,0.0,78.3,33.1,43.3,18,30,8,10,10,3.7,7751211000000.0,15622759.0,32763179281.538
5356,Africa,778,TCD,Chad,2018,42.1,26.8,34.1,23.1,11.1,22.7,42.1,7.4,64.6,7.7,63.0,31.2,91.0,99.0,0.0,75.2,31.3,42.7,30,69,20,18,10,3.61,8196217000000.0,16156531.0,35993735511.6899
5357,Africa,779,TCD,Chad,2019,42.1,26.3,33.5,24.5,10.8,21.8,42.2,8.0,64.6,7.6,63.0,28.0,91.0,99.1,0.0,75.2,32.4,46.2,52,65,12,20,10,3.52,8637882977600.0,16685223.0,39237861358.9551
5358,Africa,780,TCD,Chad,2020,42.7,25.3,37.2,25.6,10.8,22.1,42.4,8.7,64.2,8.1,63.0,28.0,91.0,99.1,0.0,75.2,31.6,50.5,40,65,15,35,10,3.43,8602563161000.0,17224679.0,37652981933.4921
5359,Africa,781,TCD,Chad,2021,43.7,24.9,36.7,26.9,13.3,30.8,42.4,8.7,64.3,9.6,63.0,28.0,91.0,99.1,0.0,76.2,31.2,53.0,40,40,20,18,10,,8627852904200.0,17828273.0,43413141699.6579
5360,Africa,782,TCD,Chad,2022,45.3,25.4,38.5,27.1,13.3,30.8,42.4,8.7,64.4,9.6,63.0,32.8,91.0,99.1,0.0,76.2,29.4,52.6,60,60,15,20,8,,9740553999400.0,18455316.0,52506266944.3359
5361,South America,783,CHL,Chile,2000,71.1,94.5,67.9,80.1,92.1,54.2,88.3,81.9,74.3,26.9,14.4,85.2,80.1,82.9,78.0,61.0,75.0,71.6,25,18,55,40,10,21.27,95613647416500.0,15503635.0,145355726570.147
5362,South America,784,CHL,Chile,2001,71.4,94.5,69.6,81.0,92.1,54.7,88.6,82.8,74.4,27.4,14.4,85.3,80.4,83.5,77.6,60.8,75.0,71.8,25,28,30,25,10,21.4,98629335248700.0,15683849.0,153318300830.111
5363,South America,785,CHL,Chile,2002,71.7,94.5,70.6,81.5,92.1,56.1,88.8,83.3,74.5,28.2,14.4,85.3,80.2,83.4,77.9,60.6,75.0,72.8,10,18,35,60,8,21.52,101788234745100.0,15857925.0,160694762437.77
5364,South America,786,CHL,Chile,2003,71.9,94.5,71.0,81.4,92.1,56.5,89.0,83.3,74.7,28.8,16.2,85.3,80.3,83.4,77.9,60.4,75.0,72.7,20,20,25,35,8,21.64,106595942726700.0,16024752.0,171606243155.843
5365,South America,787,CHL,Chile,2004,71.9,94.5,71.2,81.3,92.1,56.9,89.2,83.0,74.5,29.5,16.2,85.3,79.8,83.1,78.4,60.3,75.7,71.5,30,18,55,44,10,21.76,113710426877300.0,16187322.0,187973652899.487
5366,South America,788,CHL,Chile,2005,72.1,94.5,71.7,81.9,92.1,58.3,89.3,83.4,74.9,30.2,16.2,85.3,79.7,82.9,78.5,60.4,76.1,70.6,20,35,65,64,10,21.88,120347756481600.0,16348778.0,205184272361.174
5367,South America,789,CHL,Chile,2006,72.5,94.5,71.4,81.8,92.1,58.5,89.5,84.2,75.1,31.3,22.1,85.3,79.4,82.7,78.5,60.3,76.8,69.9,10,10,20,35,8,22.01,127628784707600.0,16509195.0,256070327750.926
5368,South America,790,CHL,Chile,2007,72.4,94.5,69.6,82.3,92.1,58.6,89.7,82.5,75.4,31.7,22.1,84.5,78.5,82.0,78.6,60.2,77.8,70.6,20,20,35,48,15,22.13,134224935105000.0,16671581.0,278373990855.263
5369,South America,791,CHL,Chile,2008,72.5,94.5,69.3,82.8,92.4,58.4,89.9,82.8,74.8,32.6,22.1,81.7,78.1,82.1,78.9,60.0,78.9,72.6,30,25,65,50,8,22.25,139311245140200.0,16838988.0,275754675658.211
5370,South America,792,CHL,Chile,2009,73.1,94.5,68.8,84.2,91.5,58.4,89.9,83.9,73.8,33.5,22.5,88.2,79.3,82.7,78.9,60.5,78.4,74.5,30,28,70,60,7,22.37,137753693545000.0,17009731.0,271327840689.37
5371,South America,793,CHL,Chile,2010,73.2,94.5,71.8,85.0,92.7,58.7,89.8,81.3,75.4,34.8,22.5,84.2,79.3,82.2,79.2,60.5,79.3,74.0,10,30,55,60,10,22.49,145814558961500.0,17181464.0,307855669989.43
5372,South America,794,CHL,Chile,2011,73.4,96.4,72.4,85.0,92.2,58.5,89.6,82.1,75.9,37.8,23.9,80.9,78.9,79.0,79.8,60.4,80.7,73.7,30,35,45,35,5,22.73,154889906608900.0,17351816.0,349147748338.746
5373,South America,795,CHL,Chile,2012,74.4,100.0,70.1,85.2,93.3,58.8,89.5,83.1,76.3,42.5,23.9,84.1,79.3,82.8,79.6,60.2,81.2,75.2,20,20,65,60,8,22.96,164423907015100.0,17519119.0,374316599654.072
5374,South America,796,CHL,Chile,2013,75.0,100.0,71.6,85.5,92.5,65.1,89.4,83.1,76.5,44.3,24.2,84.8,79.5,82.8,79.7,61.0,78.9,75.6,25,30,60,60,8,23.2,169863885538900.0,17687006.0,392670388758.784
5375,South America,797,CHL,Chile,2014,75.4,100.0,70.7,86.6,94.8,65.7,89.2,81.8,79.6,47.7,24.2,81.6,79.4,84.4,79.7,60.9,79.9,76.4,30,30,40,40,8,23.43,172908949585100.0,17864195.0,402902197372.116
5376,South America,798,CHL,Chile,2015,76.0,100.0,71.7,87.4,94.6,65.8,89.1,80.8,80.4,51.2,27.1,82.5,79.3,85.7,80.5,60.9,78.4,77.3,25,30,65,60,10,23.67,176629850757200.0,18047625.0,405311397644.144
5377,South America,799,CHL,Chile,2016,76.4,100.0,71.9,87.7,95.0,66.0,89.2,80.8,80.3,52.6,27.1,83.8,79.3,85.7,81.2,60.7,77.9,78.9,10,25,40,45,10,23.83,179726240483400.0,18267221.0,424831691025.604
5378,South America,800,CHL,Chile,2017,76.9,100.0,71.7,87.5,94.0,66.5,89.4,80.5,82.5,64.2,26.2,84.6,79.0,84.9,80.8,60.5,75.1,79.5,30,30,55,35,7,24.0,182166375335300.0,18558868.0,450891850914.83
5379,South America,801,CHL,Chile,2018,77.4,100.0,72.4,88.0,93.7,70.5,89.4,81.4,82.0,68.9,26.2,85.7,78.0,82.0,81.0,60.5,76.0,80.4,40,30,45,35,10,24.16,189434867410000.0,18893191.0,478093905184.167
5380,South America,802,CHL,Chile,2019,77.6,98.6,72.5,87.8,95.7,71.0,89.4,81.3,81.9,70.7,26.2,86.7,77.9,81.5,81.0,60.6,75.1,81.9,35,40,25,26,7,24.33,190636580706600.0,19197744.0,491687970151.703
5381,South America,803,CHL,Chile,2020,77.4,94.1,71.1,87.9,97.7,70.0,89.4,81.3,80.1,73.7,25.5,86.3,77.9,82.3,80.1,61.4,73.1,83.7,30,35,35,36,8,24.49,178924870426100.0,19370624.0,491062045094.545
5382,South America,804,CHL,Chile,2021,78.4,96.4,71.5,88.4,97.8,76.8,89.4,81.3,83.6,75.3,25.5,87.6,77.8,82.3,80.1,61.4,73.2,85.0,35,45,65,38,10,,199170077247900.0,19456334.0,565981846554.521
5383,South America,805,CHL,Chile,2022,78.2,96.4,71.5,88.4,97.8,77.7,89.4,81.3,84.1,75.3,25.5,85.5,77.8,82.3,80.2,61.1,69.8,85.8,35,25,45,48,10,,203460187889100.0,19553036.0,602631465819.443
5384,Asia,806,CHN,China,2000,62.2,61.2,75.0,63.4,98.0,71.2,57.2,48.9,75.1,41.9,29.6,64.2,89.3,91.5,57.9,50.0,53.4,29.8,68,10,10,70,7,18.78,19594565451400.0,1262645000.0,3741889349546.51
5385,Asia,807,CHN,China,2001,62.4,61.2,75.5,64.1,98.0,71.5,57.5,50.0,74.8,42.3,29.6,64.2,89.3,91.4,57.8,49.9,53.4,29.7,58,10,5,60,8,19.03,21223390915700.0,1271850000.0,4144198719283.08
5386,Asia,808,CHN,China,2002,62.5,61.2,75.5,64.5,98.0,71.8,58.3,50.4,74.5,43.0,29.6,64.3,89.1,90.6,57.9,50.1,53.4,30.0,50,20,10,60,10,19.28,23185152402500.0,1280400000.0,4597616734437.15
5387,Asia,809,CHN,China,2003,62.5,61.2,75.6,65.3,98.0,71.3,59.1,50.1,74.3,43.6,29.6,64.4,88.9,89.3,58.1,50.4,53.4,30.2,60,40,5,40,7,19.53,25531070838400.0,1288400000.0,5162768313736.27
5388,Asia,810,CHN,China,2004,62.7,61.2,76.9,66.1,98.0,71.6,59.8,50.7,74.4,44.4,29.6,64.4,88.6,88.6,57.9,50.4,53.4,30.3,68,20,7,72,10,19.78,28117727629200.0,1296075000.0,5838726336302.17
5389,Asia,811,CHN,China,2005,63.0,61.2,77.4,67.9,98.0,71.9,60.6,51.2,74.4,45.5,31.1,62.2,88.5,87.4,57.9,50.3,53.5,31.2,65,30,5,72,8,20.03,31339523909100.0,1303720000.0,6711788800929.8
5390,Asia,812,CHN,China,2006,63.2,61.2,78.0,69.7,98.0,72.2,61.1,52.0,74.4,46.2,31.1,62.3,88.2,86.3,57.6,50.9,53.6,31.4,70,25,12,75,10,20.28,35311706763000.0,1311020000.0,7795700957640.29
5391,Asia,813,CHN,China,2007,63.8,61.2,78.3,71.1,98.0,72.7,61.8,53.3,74.5,47.2,31.1,62.3,88.2,85.4,57.4,50.8,53.6,37.5,75,25,7,75,7,20.53,40308308147900.0,1317885000.0,9139882776535.16
5392,Asia,814,CHN,China,2008,63.8,61.2,79.6,72.1,99.0,73.3,62.3,54.0,74.3,48.8,28.2,62.4,88.2,84.6,57.4,50.6,53.7,34.8,73,15,12,80,7,20.78,44206220658300.0,1324655000.0,10216860129733.1
5393,Asia,815,CHN,China,2009,63.9,61.2,79.6,72.1,99.0,73.6,62.9,55.0,74.3,50.9,28.2,60.9,88.1,83.9,57.1,50.4,53.7,36.2,70,40,6,70,8,21.04,48362798847800.0,1331260000.0,11246461601887.2
5394,Asia,816,CHN,China,2010,64.4,61.2,80.2,75.0,99.1,73.8,63.5,56.0,74.4,52.5,27.2,63.3,88.0,82.7,57.6,50.3,54.6,35.9,75,35,8,82,7,21.29,53487452549000.0,1337705000.0,12589326651290.3
5395,Asia,817,CHN,China,2011,65.3,69.7,80.8,75.8,99.4,74.3,64.0,56.8,74.3,54.6,29.0,62.9,87.8,80.8,58.1,50.4,55.1,35.7,63,40,11,78,8,21.49,58548080092100.0,1345035000.0,14064750800821.1
5396,Asia,818,CHN,China,2012,66.2,73.8,81.0,76.5,99.4,74.7,64.5,58.2,74.3,57.5,29.3,65.9,87.7,80.5,59.2,50.2,55.5,36.9,55,35,7,60,8,21.7,63147719296200.0,1354190000.0,15465192010738.5
5397,Asia,819,CHN,China,2013,67.1,84.0,81.5,77.2,99.4,75.3,65.1,59.7,74.3,59.3,32.8,65.2,87.6,80.1,59.5,50.3,53.7,36.7,73,20,10,40,7,21.9,68059806152200.0,1363240000.0,16670208037942.1
5398,Asia,820,CHN,China,2014,68.0,87.1,81.8,77.8,99.4,75.8,65.8,61.1,76.6,63.2,33.5,67.6,87.7,80.0,54.5,50.1,53.4,40.7,75,20,11,82,10,22.11,73138361019600.0,1371860000.0,17754058548307.5
5399,Asia,821,CHN,China,2015,68.9,90.3,82.2,79.9,99.4,76.4,66.4,62.2,76.6,65.5,34.4,68.0,87.7,80.4,56.1,50.0,54.9,41.3,80,25,11,75,8,22.31,78242526350200.0,1379860000.0,18577514881891.3
5400,Asia,822,CHN,China,2016,69.4,92.4,82.1,80.3,99.4,76.6,67.0,63.6,76.6,68.1,34.5,70.9,87.5,80.7,54.3,49.9,55.4,40.8,80,18,7,75,10,22.52,83543892248100.0,1387790000.0,19647292057520.3
5401,Asia,823,CHN,China,2017,69.9,93.5,82.6,80.6,99.4,77.2,67.5,65.0,76.7,71.4,33.7,71.8,87.3,80.2,53.7,49.7,57.0,41.3,78,40,10,60,10,22.72,89301124392200.0,1396215000.0,20974552138879.6
5402,Asia,824,CHN,China,2018,70.8,95.2,82.8,80.9,99.5,77.8,68.0,66.2,77.2,74.3,34.5,76.5,87.2,79.5,53.7,49.8,59.6,41.8,80,15,6,82,10,22.93,95334949539700.0,1402760000.0,22862470132646.1
5403,Asia,825,CHN,China,2019,71.5,96.8,83.1,81.6,99.5,78.1,68.5,67.3,77.0,76.6,34.9,79.1,87.0,78.8,55.2,49.6,59.9,42.5,80,25,11,83,8,23.14,101120353193400.0,1407745000.0,24777565958500.9
5404,Asia,826,CHN,China,2020,71.6,96.5,83.3,83.1,99.5,78.0,69.0,67.7,76.6,78.4,34.9,79.5,87.0,78.5,55.5,49.4,59.8,40.8,80,20,7,79,7,23.34,103486760000000.0,1411100000.0,25777238693451.8
5405,Asia,827,CHN,China,2021,72.0,97.6,83.3,83.4,99.5,78.2,69.0,67.7,79.0,80.3,34.9,79.5,87.0,77.6,55.7,49.2,60.6,41.3,80,40,8,75,8,,112355663432000.0,1412360000.0,29438240129870.1
5406,Asia,828,CHN,China,2022,72.0,98.1,83.4,83.4,99.5,78.2,69.0,67.7,78.9,80.3,34.9,79.5,87.0,77.6,55.7,48.9,60.6,41.4,83,20,5,82,7,,115877102132300.0,1412175000.0,32525464028395.1
5407,South America,829,COL,Colombia,2000,62.2,74.0,63.8,70.0,80.0,60.6,73.2,70.1,60.3,15.0,6.1,86.9,87.8,90.8,52.6,54.4,54.1,58.0,30,40,15,25,10,56.54,430505835550000.0,39089934.0,264870681669.891
5408,South America,830,COL,Colombia,2001,62.7,74.0,64.0,70.9,78.9,60.6,73.5,71.4,63.4,15.1,7.7,86.9,87.9,90.9,53.1,54.3,54.1,58.7,5,40,20,20,8,56.37,437729285680000.0,39709262.0,275379079767.317
5409,South America,831,COL,Colombia,2002,64.0,74.0,64.1,71.2,81.1,60.6,73.9,71.5,63.0,15.5,9.9,87.2,87.9,90.9,68.7,54.2,54.1,59.5,30,42,15,14,5,56.2,448689941490000.0,40324680.0,286661049059.153
5410,South America,832,COL,Colombia,2003,63.8,74.0,64.8,73.3,81.1,60.6,74.2,72.2,63.8,16.0,13.2,87.2,87.8,90.9,51.0,54.2,54.1,65.9,35,40,24,25,8,56.02,466270833400000.0,40937429.0,303774557821.871
5411,South America,833,COL,Colombia,2004,63.9,74.0,65.0,73.6,82.0,62.0,74.5,73.6,64.1,16.3,11.3,87.6,88.0,91.0,50.1,54.1,54.1,65.1,35,35,32,22,10,55.85,491137159840000.0,41543171.0,328579327980.956
5412,South America,834,COL,Colombia,2005,65.4,74.0,63.7,74.9,85.1,62.4,74.8,73.8,65.1,16.6,12.8,87.3,87.8,90.8,68.9,54.5,54.6,65.2,35,30,25,30,8,55.68,514853000000000.0,42128977.0,355245575263.737
5413,South America,835,COL,Colombia,2006,65.6,74.0,62.9,75.4,85.8,60.7,75.2,73.8,65.6,17.4,12.8,87.6,87.6,90.8,68.9,55.2,55.4,65.4,10,33,25,35,6,55.5,549435000000000.0,42691084.0,390797993626.05
5414,South America,836,COL,Colombia,2007,65.8,74.0,64.0,76.5,86.4,60.8,75.5,74.5,66.0,18.5,12.8,85.2,87.6,90.9,69.7,55.6,54.4,65.7,35,33,25,30,5,55.33,586457000000000.0,43235374.0,428431872801.996
5415,South America,837,COL,Colombia,2008,65.5,74.0,63.8,76.9,87.2,60.8,75.8,74.5,65.8,19.4,10.8,86.0,87.7,90.7,64.4,56.6,54.3,64.9,5,40,30,22,5,55.15,605713000000000.0,43758808.0,451024877848.402
5416,South America,838,COL,Colombia,2009,65.7,74.0,63.5,77.5,89.0,62.5,76.1,74.4,65.4,20.2,12.3,86.0,87.5,90.5,59.5,57.8,54.3,66.4,35,35,24,35,7,54.98,612616000000000.0,44271541.0,458978514355.876
5417,South America,839,COL,Colombia,2010,66.2,74.0,62.9,78.8,89.2,64.7,76.4,74.1,65.6,21.4,11.8,84.7,87.4,90.4,64.2,57.8,54.5,66.7,30,35,35,38,5,54.81,640151000000000.0,44777319.0,485436645886.159
5418,South America,840,COL,Colombia,2011,66.6,77.5,62.7,79.9,89.0,64.4,76.7,74.7,66.1,22.8,13.4,82.3,87.4,89.7,62.7,59.8,55.1,67.5,40,30,30,35,10,54.69,684628000000000.0,45259614.0,529875186711.481
5419,South America,841,COL,Colombia,2012,67.0,78.3,63.9,80.2,87.9,64.4,77.1,74.6,66.3,26.5,14.6,83.1,87.5,89.1,61.8,59.9,54.4,69.3,40,45,35,45,10,54.56,711415000000000.0,45715810.0,552844741595.573
5420,South America,842,COL,Colombia,2013,66.9,80.2,64.3,80.9,84.3,66.4,77.4,75.1,66.7,28.7,14.6,82.0,87.7,88.9,55.5,60.4,55.1,68.9,38,38,28,42,8,54.44,747939000000000.0,46151584.0,589812009091.885
5421,South America,843,COL,Colombia,2014,68.0,81.8,66.0,80.4,85.0,70.4,77.7,75.4,68.2,30.4,14.6,82.1,87.6,88.4,63.1,60.7,56.3,67.9,35,40,35,38,8,54.32,781589000000000.0,46565429.0,621898180361.74
5422,South America,844,COL,Colombia,2015,68.8,84.1,67.0,81.6,85.5,71.4,78.0,76.2,68.6,30.7,16.9,80.8,87.7,89.3,63.1,63.2,56.6,68.6,44,45,33,33,8,54.2,804692000000000.0,46969940.0,626205847138.119
5423,South America,845,COL,Colombia,2016,69.0,84.0,67.0,81.4,84.9,71.4,78.3,75.5,68.4,31.6,17.5,81.5,87.8,89.6,66.6,63.5,56.1,68.7,40,35,25,25,5,54.02,821489000000000.0,47437512.0,665398390495.011
5424,South America,846,COL,Colombia,2017,69.5,85.3,64.8,82.4,85.9,70.8,78.6,77.5,71.9,40.6,18.7,83.1,87.7,90.3,56.9,64.5,54.9,67.7,35,44,35,40,7,53.84,832656000000000.0,48131078.0,693117074956.624
5425,South America,847,COL,Colombia,2018,70.1,84.9,64.8,82.5,90.5,70.3,78.9,76.9,71.2,42.8,17.7,83.5,87.7,90.3,63.6,63.3,55.3,68.1,5,58,40,33,10,53.66,854008000000000.0,49024465.0,747103674534.628
5426,South America,848,COL,Colombia,2019,70.3,83.3,64.9,84.2,92.1,70.4,79.1,77.3,70.7,45.1,16.5,85.7,87.7,89.8,57.0,64.5,56.1,71.4,38,35,40,45,15,53.48,881224000000000.0,49907985.0,807590595866.731
5427,South America,849,COL,Colombia,2020,69.4,72.5,65.0,82.6,92.4,69.0,79.4,77.6,66.9,46.6,12.4,85.7,87.7,90.3,57.2,64.5,57.9,72.2,40,50,38,40,10,53.31,817900000000000.0,50629997.0,785737564322.414
5428,South America,850,COL,Colombia,2021,69.9,75.9,65.2,81.7,92.3,69.3,79.4,77.6,69.3,48.4,12.4,83.7,87.7,90.1,57.4,65.1,56.3,76.3,40,55,32,35,7,,906243000000000.0,51188173.0,889808627041.398
5429,South America,851,COL,Colombia,2022,70.1,77.7,65.2,82.7,92.3,69.4,79.4,77.6,71.2,49.0,12.4,83.3,87.7,90.1,57.3,65.0,54.3,76.1,35,55,42,28,5,,972655000000000.0,51737944.0,1070755175690.69
5430,Africa,852,COM,Comoros,2000,45.3,42.1,37.0,38.0,30.8,27.4,51.6,11.3,49.0,6.5,10.0,55.1,95.9,99.5,58.6,32.1,64.3,60.3,10,22,15,8,7,22.41,246345000000.0,536080.0,921531120.268494
5431,Africa,853,COM,Comoros,2001,45.7,42.1,37.4,38.7,30.8,27.4,51.9,19.3,48.9,6.5,10.0,55.1,95.9,99.5,58.8,31.9,64.3,59.1,18,30,10,14,8,22.17,252092000000.0,547220.0,964263687.33722
5432,Africa,854,COM,Comoros,2002,46.0,42.1,36.7,39.7,30.8,27.4,51.7,21.6,49.0,6.5,10.0,54.9,95.9,99.5,58.8,31.5,64.3,60.7,20,35,8,20,7,21.94,257953000000.0,558923.0,1002015276.38258
5433,Africa,855,COM,Comoros,2003,45.8,42.1,36.3,39.7,31.9,27.4,51.6,19.0,49.1,6.5,10.0,54.9,95.9,99.4,58.8,31.3,64.3,60.4,25,30,12,16,8,21.7,263380000000.0,569798.0,1043295534.07544
5434,Africa,856,COM,Comoros,2004,46.1,42.1,36.0,41.3,32.8,27.4,51.4,22.1,49.1,6.5,10.0,54.8,95.9,99.4,58.8,31.0,64.3,60.2,10,28,15,16,10,21.47,268436000000.0,580704.0,1091916953.03253
5435,Africa,857,COM,Comoros,2005,46.1,42.1,36.6,40.8,32.8,27.4,51.1,24.2,48.7,6.6,10.0,54.9,95.9,99.4,58.8,30.8,64.3,59.8,20,40,15,15,8,21.23,276053000000.0,592677.0,1158108657.93692
5436,Africa,858,COM,Comoros,2006,46.1,42.1,36.9,41.1,32.8,27.4,50.9,23.6,48.2,6.5,10.0,54.8,95.9,99.3,58.8,30.6,64.3,59.7,20,33,20,15,12,21.0,283360000000.0,604753.0,1225422797.14619
5437,Africa,859,COM,Comoros,2007,46.7,42.1,37.1,41.4,39.1,27.4,50.7,28.9,47.7,6.7,10.0,54.8,95.9,99.6,58.8,30.4,64.3,59.4,18,30,20,15,8,20.76,285627000000.0,616927.0,1268692182.62383
5438,Africa,860,COM,Comoros,2008,47.2,42.1,37.3,43.6,39.1,27.4,50.4,29.1,47.3,6.7,10.0,54.6,95.9,99.6,58.8,30.0,64.3,66.2,20,20,10,15,10,20.52,296951000000.0,629307.0,1344404020.34772
5439,Africa,861,COM,Comoros,2009,47.0,42.1,37.8,44.8,39.1,26.4,50.2,26.4,46.8,6.8,10.0,54.7,95.9,99.5,58.8,29.7,64.3,66.0,25,33,12,20,8,20.29,316214000000.0,641947.0,1440444474.64267
5440,Africa,862,COM,Comoros,2010,49.6,42.1,38.3,45.8,39.1,27.4,49.9,27.7,46.3,7.1,10.0,53.9,95.9,99.4,61.4,68.8,64.6,66.0,25,32,25,15,8,20.05,331395618076.099,654836.0,1527947032.30466
5441,Africa,863,COM,Comoros,2011,48.9,44.3,38.8,47.1,39.1,27.4,49.6,33.2,45.9,7.3,10.0,48.1,95.9,99.5,50.1,68.6,64.3,62.6,25,25,30,15,10,19.82,350908698011.905,668056.0,1651294241.59917
5442,Africa,864,COM,Comoros,2012,49.0,46.3,41.3,50.4,35.2,27.4,49.3,32.5,45.4,8.6,10.0,54.4,95.9,99.4,44.6,68.3,62.6,61.8,30,40,35,18,7,19.58,373053281751.13,681630.0,1825883022.49138
5443,Africa,865,COM,Comoros,2013,49.3,47.8,41.9,50.9,43.3,26.3,49.0,29.5,45.0,8.9,10.0,54.5,95.9,99.3,44.1,68.1,62.6,60.1,30,43,20,15,5,19.35,406356753717.216,696192.0,1971983805.65452
5444,Africa,866,COM,Comoros,2014,50.5,48.0,42.2,51.1,43.4,26.2,48.7,31.2,44.4,11.5,25.6,54.2,95.9,99.4,45.8,67.8,62.1,61.0,33,45,12,35,10,19.11,422187166503.257,711503.0,2090119635.28651
5445,Africa,867,COM,Comoros,2015,50.5,46.9,42.5,52.8,43.4,26.3,49.0,30.8,44.4,11.6,25.6,54.4,95.9,99.4,46.0,67.5,62.1,60.1,15,32,22,18,10,18.88,430597407962.196,726682.0,2143329245.5437
5446,Africa,868,COM,Comoros,2016,50.4,47.6,43.0,53.1,38.9,26.4,49.0,30.3,44.5,12.3,25.6,54.5,95.9,99.3,46.3,67.2,61.8,60.4,10,38,22,14,8,18.64,442569000000.0,741741.0,2328363278.32792
5447,Africa,869,COM,Comoros,2017,51.5,48.8,43.4,55.4,39.1,28.0,49.0,34.3,44.6,22.5,25.6,54.5,95.8,99.1,46.1,66.9,62.4,60.8,25,40,30,15,20,18.41,467336000000.0,756669.0,2532916585.07953
5448,Africa,870,COM,Comoros,2018,52.2,48.9,43.8,55.7,38.1,28.2,49.0,35.3,44.6,22.2,25.6,60.2,95.8,99.0,45.3,72.8,61.8,61.1,25,33,30,30,5,18.17,486308000000.0,771590.0,2549756539.994
5449,Africa,871,COM,Comoros,2019,52.4,49.9,44.3,57.4,38.1,28.3,49.0,38.4,44.5,24.9,25.6,58.6,95.8,99.0,43.2,72.5,59.3,61.3,25,32,14,15,18,17.93,503955000000.0,786578.0,2605735931.66902
5450,Africa,872,COM,Comoros,2020,52.6,51.0,44.7,57.5,38.1,33.8,49.0,39.2,43.3,24.7,25.6,58.6,95.8,99.1,43.1,72.2,57.7,61.1,25,44,12,32,10,17.7,524140000000.0,802163.0,2616330804.01696
5451,Africa,873,COM,Comoros,2021,52.4,50.2,45.0,57.1,39.4,33.8,49.0,39.2,43.3,21.7,25.6,58.6,95.8,99.1,43.1,71.9,57.2,61.1,33,40,18,35,15,,538427000000.0,818174.0,2821917777.54899
5452,Africa,874,COM,Comoros,2022,51.7,51.8,45.2,55.3,39.4,33.9,49.0,39.2,43.5,21.7,25.6,52.1,95.8,99.1,43.1,71.2,52.5,61.1,20,33,10,22,15,,553602000000.0,834188.0,3108308931.75495
5453,Africa,875,COG,"Congo, Rep.",2000,45.1,26.7,52.1,19.2,18.0,45.9,44.6,8.1,51.3,0.4,22.1,43.2,95.9,92.0,63.6,76.1,52.4,55.7,43,55,14,13,13,64.99,2873294486200.0,3151345.0,11557321035.3433
5454,Africa,876,COG,"Congo, Rep.",2001,45.3,26.7,51.9,19.6,19.9,45.9,44.7,8.3,51.3,0.3,22.1,43.2,95.9,92.0,63.4,76.1,52.4,56.4,40,55,15,22,8,64.96,2982554436900.0,3272537.0,12266930679.6649
5455,Africa,877,COG,"Congo, Rep.",2002,45.2,26.7,52.4,20.0,17.1,45.9,44.9,9.0,51.3,0.4,22.1,43.0,96.0,92.0,65.8,76.0,52.4,53.9,43,50,12,22,15,64.92,3119211205700.0,3350771.0,13028347252.9641
5456,Africa,878,COG,"Congo, Rep.",2003,45.1,26.7,52.3,20.7,18.0,44.2,45.1,8.7,51.3,0.5,22.1,42.7,95.9,91.9,65.4,76.0,52.4,52.9,40,43,20,22,15,64.89,3144578629900.0,3445753.0,13393614579.1367
5457,Africa,879,COG,"Congo, Rep.",2004,45.7,26.7,50.6,23.7,22.0,44.2,45.6,9.1,51.3,0.5,22.1,43.4,95.8,91.9,68.8,76.0,52.4,53.1,50,38,15,25,5,64.85,3253904044900.0,3565554.0,14231948893.8471
5458,Africa,880,COG,"Congo, Rep.",2005,46.1,26.7,51.2,23.7,22.0,44.2,46.1,9.4,51.4,0.6,22.1,43.7,95.8,91.8,71.3,76.0,52.4,55.9,35,70,15,28,15,64.82,3506269000000.0,3696393.0,15816589849.5564
5459,Africa,881,COG,"Congo, Rep.",2006,46.5,26.7,49.6,25.4,22.8,44.1,46.5,9.8,51.4,0.7,22.1,45.2,95.7,91.8,71.1,76.0,52.4,59.6,60,55,20,35,12,64.78,3786288000000.0,3837409.0,17606451725.0369
5460,Africa,882,COG,"Congo, Rep.",2007,46.6,26.7,50.7,25.7,22.8,43.3,47.0,10.4,51.2,0.8,22.1,45.0,95.7,91.7,71.9,77.5,52.4,57.1,44,58,17,32,10,64.75,3535863108400.0,3980430.0,16887417171.3163
5461,Africa,883,COG,"Congo, Rep.",2008,47.1,26.7,51.0,27.9,23.7,43.2,47.5,10.8,51.3,1.0,22.1,46.5,95.6,91.7,70.8,77.5,52.4,60.5,44,63,15,35,15,64.71,3758847929300.0,4113517.0,18298291842.2703
5462,Africa,884,COG,"Congo, Rep.",2009,46.5,26.7,50.6,27.5,24.0,43.1,47.9,11.2,51.3,1.1,22.1,46.3,95.5,91.6,70.2,78.4,52.4,50.5,43,42,15,35,15,64.68,4196275920700.0,4281219.0,20553711138.7706
5463,Africa,885,COG,"Congo, Rep.",2010,48.7,26.7,50.8,31.2,40.5,42.9,48.4,12.3,51.2,1.3,22.1,48.2,95.5,91.5,72.0,78.4,52.4,62.3,45,55,15,29,15,64.64,4613019220600.0,4462290.0,22869548224.0282
5464,Africa,886,COG,"Congo, Rep.",2011,50.3,27.6,51.7,33.9,42.2,48.1,48.9,21.2,51.1,1.5,19.9,50.8,95.5,91.9,71.9,78.4,55.0,65.4,40,43,15,20,7,64.61,4714778704800.0,4609724.0,23856263885.5927
5465,Africa,887,COG,"Congo, Rep.",2012,50.7,27.2,53.7,38.7,45.3,48.7,49.3,25.4,51.2,1.6,19.9,52.8,95.5,91.5,71.7,79.0,54.4,55.8,40,60,18,30,15,64.57,5183764962900.0,4740450.0,28717951831.4077
5466,Africa,888,COG,"Congo, Rep.",2013,50.5,26.4,54.9,39.7,45.3,49.3,49.8,24.0,51.1,3.1,19.9,49.6,95.3,91.1,65.0,79.0,53.0,61.6,35,43,15,30,7,64.54,5146834035400.0,4857099.0,28335651923.6335
5467,Africa,889,COG,"Congo, Rep.",2014,50.4,27.3,54.9,40.1,45.3,51.4,50.3,26.2,52.2,5.3,19.9,46.1,95.3,90.6,63.5,79.0,53.1,55.8,50,63,16,30,8,64.5,5488895991900.0,4975880.0,28527635281.5358
5468,Africa,890,COG,"Congo, Rep.",2015,51.8,27.8,54.6,43.3,58.8,52.0,50.8,36.8,52.1,5.3,19.9,52.3,95.4,90.0,62.8,79.0,53.0,47.3,40,60,17,30,15,64.47,5511685507200.0,5097581.0,24035779100.7529
5469,Africa,891,COG,"Congo, Rep.",2016,52.4,26.7,54.0,40.8,58.8,52.1,51.3,38.4,52.0,11.1,19.9,48.9,95.3,90.5,70.9,79.0,51.0,50.5,55,63,20,20,10,64.43,5032982203300.0,5222536.0,20973960925.5018
5470,Africa,892,COG,"Congo, Rep.",2017,53.1,23.5,53.3,42.2,58.8,54.2,51.7,40.3,53.4,10.5,19.9,54.8,95.3,92.5,74.0,82.2,50.9,44.4,40,58,18,22,20,64.38,4751398237700.0,5351011.0,23783312191.5778
5471,Africa,893,COG,"Congo, Rep.",2018,52.4,24.0,53.2,44.1,47.2,54.4,51.8,40.3,53.4,6.6,19.9,52.9,95.3,92.3,73.9,83.0,50.1,47.9,45,55,18,30,15,64.34,4641910922300.0,5483118.0,30668141085.6866
5472,Africa,894,COG,"Congo, Rep.",2019,52.7,23.8,53.2,44.2,47.2,54.7,51.9,43.2,53.4,6.5,19.9,54.9,95.3,92.1,71.9,83.0,50.4,50.3,55,60,18,32,20,64.3,4694108000000.0,5616661.0,32125052982.7686
5473,Africa,895,COG,"Congo, Rep.",2020,52.1,21.2,52.8,43.9,47.2,54.6,52.0,44.1,52.3,6.3,19.9,49.2,95.3,92.1,71.9,83.0,50.6,49.7,55,58,30,30,15,64.26,4399892000000.0,5752791.0,27446361623.0188
5474,Africa,896,COG,"Congo, Rep.",2021,52.4,22.8,53.0,44.1,47.3,54.8,52.0,44.1,53.8,8.1,19.9,51.2,95.3,92.2,72.0,83.5,47.8,49.1,40,58,18,32,20,,4444554000000.0,5892183.0,36903988991.0873
5475,Africa,897,COG,"Congo, Rep.",2022,52.6,24.0,53.2,45.6,47.3,54.8,52.0,44.1,54.2,8.1,19.9,51.2,95.3,92.2,72.0,83.5,48.2,49.1,50,63,18,25,7,,4510127000000.0,6035104.0,40118334632.1584
5476,North America,898,CRI,Costa Rica,2000,68.5,94.2,58.9,80.1,79.5,62.3,71.8,81.5,75.7,26.2,22.0,87.7,79.8,92.1,55.6,66.2,76.6,54.0,30,30,75,60,5,55.96,17056831939500.0,3937739.0,31027327622.0157
5477,North America,899,CRI,Costa Rica,2001,68.3,94.2,59.0,80.4,79.2,62.0,72.0,80.9,75.2,26.8,16.2,87.7,79.7,92.1,57.9,66.2,76.6,54.9,20,25,70,60,10,55.99,17652314921100.0,4008947.0,32833574233.3864
5478,North America,900,CRI,Costa Rica,2002,69.0,94.2,58.1,82.7,79.5,70.5,72.2,80.8,75.0,28.4,15.8,88.0,79.4,91.9,57.5,66.1,76.6,56.0,10,10,80,60,5,56.01,18255472702000.0,4075705.0,34483122864.6207
5479,North America,901,CRI,Costa Rica,2003,68.9,94.2,55.9,82.3,79.5,70.4,72.4,80.8,74.8,28.2,19.3,88.0,79.4,91.8,55.8,66.1,76.4,56.0,15,25,70,60,6,56.04,19043594294000.0,4138784.0,36682018260.0044
5480,North America,902,CRI,Costa Rica,2004,69.1,94.2,55.7,82.4,82.0,70.6,72.6,82.2,74.9,28.6,20.6,88.3,79.3,91.7,53.6,66.0,76.6,54.7,20,25,75,55,7,56.07,19886197090300.0,4200078.0,39335107060.6758
5481,North America,903,CRI,Costa Rica,2005,69.3,94.2,56.7,83.8,83.3,70.8,72.8,83.3,74.9,28.9,21.8,88.3,77.5,91.8,52.8,66.0,76.8,54.9,10,30,70,66,10,56.09,20677004801900.0,4261240.0,42181713036.3585
5482,North America,904,CRI,Costa Rica,2006,69.4,94.2,58.1,83.3,83.2,73.2,72.9,83.1,75.3,29.6,19.3,88.6,76.5,91.7,52.4,65.9,76.3,55.6,25,35,75,60,5,56.12,22191945968300.0,4321340.0,46668360605.7584
5483,North America,905,CRI,Costa Rica,2007,69.4,94.2,56.2,84.2,83.4,72.0,73.1,83.7,76.0,29.9,19.3,90.3,76.3,91.4,53.1,65.8,75.5,56.2,15,25,75,60,8,56.15,24015043619300.0,4380248.0,51870463922.2846
5484,North America,906,CRI,Costa Rica,2008,69.6,94.2,56.0,83.2,83.8,72.2,73.2,84.1,75.8,30.5,20.3,88.1,76.4,91.4,56.3,65.8,74.0,57.6,12,28,70,55,5,56.18,25152918382900.0,4440056.0,55374923472.4127
5485,North America,907,CRI,Costa Rica,2009,69.6,94.2,56.6,83.8,82.9,72.0,73.4,84.8,74.2,31.4,17.5,87.8,76.5,91.6,57.9,65.7,73.4,59.5,18,28,75,78,10,56.2,24933218722500.0,4499791.0,55229806542.8
5486,North America,908,CRI,Costa Rica,2010,70.1,94.2,55.2,84.4,82.7,73.2,73.5,84.5,74.5,32.5,21.1,89.4,77.2,91.7,57.5,66.4,73.4,60.4,15,35,65,65,10,56.23,26269724898200.0,4555962.0,58897493038.2695
5487,North America,909,CRI,Costa Rica,2011,70.1,93.4,54.8,84.8,83.2,74.4,73.7,84.2,73.2,36.8,20.0,89.7,75.9,90.6,57.5,66.3,73.8,60.2,10,29,70,60,8,56.55,27426422717300.0,4609833.0,62759466861.9618
5488,North America,910,CRI,Costa Rica,2012,71.0,94.0,55.1,85.5,84.3,74.4,73.8,84.8,73.4,41.9,20.6,90.9,76.6,91.0,58.1,66.2,76.1,60.3,10,5,50,55,10,56.87,28765543151300.0,4663934.0,67457930827.6934
5489,North America,911,CRI,Costa Rica,2013,71.3,94.0,53.8,86.1,83.7,80.3,74.0,84.8,73.9,44.4,19.4,90.0,76.9,90.8,57.8,66.1,75.4,60.6,10,29,60,60,8,57.19,29483176173800.0,4716147.0,71836714968.5186
5490,North America,912,CRI,Costa Rica,2014,71.6,94.5,56.2,86.2,84.0,77.3,74.1,85.1,75.9,46.7,20.3,91.4,77.2,90.4,56.8,66.1,74.4,60.1,15,35,65,60,5,57.51,30527502669300.0,4767119.0,78151240953.9364
5491,North America,913,CRI,Costa Rica,2015,71.8,94.5,55.0,85.2,84.1,77.3,74.2,86.0,76.2,48.8,20.6,92.5,77.7,90.2,57.2,66.0,75.2,60.9,18,25,75,66,15,57.83,31642391784300.0,4818038.0,84436792703.7839
5492,North America,914,CRI,Costa Rica,2016,71.5,94.8,55.2,86.5,81.7,75.7,74.3,85.6,76.4,47.5,20.1,90.7,77.0,89.7,57.1,66.0,75.3,61.1,25,40,75,60,20,58.16,32972740219500.0,4866998.0,93454856085.3431
5493,North America,915,CRI,Costa Rica,2017,71.9,95.8,53.4,87.8,81.1,76.9,74.4,85.5,78.1,49.7,20.7,92.4,77.3,89.5,55.7,65.9,75.4,62.5,20,30,78,60,15,58.48,34343647497600.0,4913177.0,100716906502.792
5494,North America,916,CRI,Costa Rica,2018,72.5,94.7,54.1,87.8,89.4,80.4,74.5,85.7,75.7,53.2,21.1,91.6,77.1,89.6,54.7,64.2,75.5,62.6,15,30,75,65,5,58.8,35242044485100.0,4957818.0,106583345257.909
5495,North America,917,CRI,Costa Rica,2019,73.1,95.7,53.7,88.4,90.1,82.1,74.5,85.4,75.1,56.6,20.8,93.4,77.0,89.7,56.1,64.1,75.8,63.5,18,30,70,60,15,59.12,36094025075300.0,4999553.0,116687612853.574
5496,North America,918,CRI,Costa Rica,2020,72.3,92.8,53.5,87.6,89.7,81.3,74.5,85.5,71.0,57.3,19.3,88.8,77.0,90.0,56.3,64.1,76.2,64.8,15,28,85,60,7,59.44,34551599494900.0,5034320.0,111257806526.907
5497,North America,919,CRI,Costa Rica,2021,73.5,93.3,54.0,87.1,99.2,81.8,74.5,85.5,72.2,59.2,19.3,90.9,77.0,89.8,56.3,65.3,77.0,67.0,25,35,78,50,8,,37293532283500.0,5059988.0,120695515793.091
5498,North America,920,CRI,Costa Rica,2022,73.6,93.8,53.9,88.3,99.2,82.0,74.5,85.5,74.4,59.6,19.3,90.9,77.0,89.8,56.3,65.1,73.8,67.0,30,30,72,60,10,,38990944339700.0,5081765.0,131743438291.443
5499,Europe,921,HRV,Croatia,2000,72.6,100.0,70.4,79.8,89.5,50.9,86.3,79.0,78.9,34.0,82.2,83.8,75.5,83.6,65.1,59.8,68.5,47.1,15,20,28,35,10,33.68,38769364800.0,4468302.0,47686862824.6358
5500,Europe,922,HRV,Croatia,2001,73.0,100.0,72.9,80.3,91.4,51.6,86.3,79.7,79.0,34.5,82.2,83.8,75.3,83.1,65.2,60.0,68.6,47.1,15,30,40,45,8,33.75,39975570800.0,4299642.0,50108945961.1753
5501,Europe,923,HRV,Croatia,2002,73.3,100.0,73.9,80.7,93.2,52.3,86.3,78.2,79.4,36.4,82.2,83.8,73.9,82.6,68.5,60.0,68.6,47.1,15,30,35,62,7,33.81,42295484500.0,4302174.0,54958851071.7004
5502,Europe,924,HRV,Croatia,2003,73.0,100.0,68.6,80.3,92.7,53.0,86.3,78.0,80.1,38.4,82.2,83.8,73.7,82.1,65.8,60.0,68.7,47.6,15,35,35,45,5,33.87,44650654700.0,4303399.0,58927684075.8699
5503,Europe,925,HRV,Croatia,2004,73.5,100.0,72.2,81.7,92.7,54.2,86.3,79.5,80.2,40.3,82.2,83.8,73.5,82.1,64.5,60.0,69.0,47.6,15,20,35,58,5,33.93,46512803500.0,4304600.0,63226407781.0111
5504,Europe,926,HRV,Croatia,2005,73.7,100.0,71.8,82.0,93.8,54.9,86.3,79.0,80.8,41.7,82.2,83.7,72.9,81.9,63.7,60.0,68.8,48.7,20,32,45,55,7,34.0,48525448100.0,4310145.0,66595348751.1392
5505,Europe,927,HRV,Croatia,2006,73.8,100.0,70.6,82.2,94.8,55.5,86.3,78.4,81.6,41.8,82.2,83.7,72.0,81.8,64.8,60.5,69.0,48.7,15,30,65,65,7,34.06,50991252200.0,4311159.0,76026709345.8611
5506,Europe,928,HRV,Croatia,2007,73.7,100.0,67.9,82.3,94.5,55.7,86.3,76.4,82.2,44.3,82.2,83.7,71.7,81.3,65.1,60.5,69.0,49.9,10,38,43,65,8,34.12,53565742500.0,4310217.0,84354289621.5807
5507,Europe,929,HRV,Croatia,2008,74.3,100.0,72.2,82.0,94.1,56.3,86.3,77.6,82.9,45.9,82.2,83.7,71.7,81.8,66.5,60.5,69.2,50.5,10,38,60,55,10,34.19,54620232400.0,4309705.0,90589128468.1697
5508,Europe,930,HRV,Croatia,2009,74.9,100.0,73.7,82.2,91.4,58.2,86.3,79.8,82.7,48.2,82.2,83.3,73.8,82.4,68.0,60.5,69.9,51.1,10,40,40,60,10,34.25,50898433700.0,4305181.0,87608503059.0278
5509,Europe,931,HRV,Croatia,2010,75.2,100.0,70.4,84.3,93.1,58.8,86.3,82.3,81.3,49.0,83.5,84.0,74.4,82.7,67.3,60.5,70.1,50.8,25,35,38,60,5,34.31,50219407100.0,4295427.0,86526005710.7566
5510,Europe,932,HRV,Croatia,2011,75.6,100.0,69.2,84.1,96.0,59.6,86.3,79.3,80.2,54.9,83.6,80.0,73.8,82.9,70.0,66.2,69.4,50.0,10,38,38,40,8,34.32,50170316900.0,4280622.0,90731018430.1152
5511,Europe,933,HRV,Croatia,2012,76.6,100.0,67.2,85.6,97.9,60.2,86.3,80.6,78.9,62.8,83.0,80.6,75.5,86.6,69.6,66.2,69.9,51.2,20,40,55,48,10,34.32,49039605600.0,4260368.0,92110062159.0551
5512,Europe,934,HRV,Croatia,2013,78.7,100.0,71.0,85.7,96.8,62.2,86.3,84.2,78.2,65.5,84.6,78.2,75.8,86.9,78.3,86.7,69.0,49.3,25,44,50,60,7,34.33,48978085500.0,4233922.0,94976352914.9265
5513,Europe,935,HRV,Croatia,2014,79.0,100.0,70.7,85.2,96.9,63.3,86.3,84.6,77.8,63.4,84.0,83.1,75.8,87.0,78.1,88.2,67.8,50.2,10,38,47,60,12,34.34,48705204000.0,4201598.0,95410818004.3344
5514,Europe,936,HRV,Croatia,2015,79.2,100.0,69.5,84.6,97.4,59.6,86.3,83.1,77.0,64.5,87.5,84.4,75.9,87.5,81.9,88.2,69.4,50.2,10,25,37,56,10,34.35,49836711200.0,4151725.0,98640632987.7916
5515,Europe,937,HRV,Croatia,2016,79.8,100.0,75.4,85.1,95.9,58.7,86.3,83.1,78.8,66.0,88.0,88.5,75.5,87.0,82.0,88.2,69.2,49.8,10,32,35,58,10,34.41,51561624300.0,4106867.0,105974174461.382
5516,Europe,938,HRV,Croatia,2017,79.5,100.0,71.1,84.9,97.5,62.1,86.4,81.6,79.4,65.5,89.5,85.7,74.7,86.1,83.0,88.2,69.2,46.5,10,38,60,60,10,34.47,53253339600.0,4041407.0,112711335186.212
5517,Europe,939,HRV,Croatia,2018,80.2,100.0,74.3,86.0,96.7,63.0,86.4,84.2,80.5,70.7,91.7,81.4,72.8,83.7,83.3,88.2,72.5,48.5,25,38,55,62,18,34.53,54800179500.0,3988775.0,118820296677.403
5518,Europe,940,HRV,Croatia,2019,80.6,100.0,74.3,86.8,97.1,64.3,86.4,83.2,81.4,72.3,94.2,79.9,72.6,83.6,84.9,88.2,71.3,49.1,25,38,50,64,5,34.59,56499225700.0,3949390.0,130581473283.129
5519,Europe,941,HRV,Croatia,2020,81.6,100.0,74.2,88.1,95.6,69.5,86.4,83.2,81.2,74.8,94.2,82.0,72.6,83.9,84.8,88.2,73.4,55.3,20,40,55,65,8,34.65,51803212000.0,3914206.0,123673080238.848
5520,Europe,942,HRV,Croatia,2021,81.6,100.0,74.3,87.5,95.7,70.3,86.4,83.2,82.1,74.9,94.2,81.5,68.3,83.5,84.7,88.2,73.3,58.4,30,35,55,62,7,,58346838500.0,3878981.0,143260829579.288
5521,Europe,943,HRV,Croatia,2022,81.5,100.0,74.3,86.4,95.7,71.1,86.4,83.2,82.7,74.7,94.2,80.7,68.3,83.5,84.6,88.2,72.1,59.4,30,35,48,60,7,,62599119000.0,3855641.0,161780896899.541
5522,North America,944,CUB,Cuba,2000,71.8,0.0,63.6,78.4,97.2,68.2,72.3,74.1,89.5,23.7,0.0,64.2,86.7,90.6,70.4,43.6,60.7,94.1,30,18,7,30,5,23.41,28574300000.0,11109109.0,
5523,North America,945,CUB,Cuba,2001,73.5,0.0,64.2,78.9,93.6,68.4,72.4,74.8,90.8,24.2,0.0,64.3,86.7,90.8,75.7,60.1,60.7,96.8,35,30,7,60,10,23.89,29484400000.0,11144132.0,
5524,North America,946,CUB,Cuba,2002,74.2,0.0,65.7,79.8,94.7,68.6,72.4,75.6,91.6,24.4,0.0,64.3,87.6,90.7,76.3,61.1,60.5,100.0,42,10,10,35,12,24.36,29904500000.0,11177418.0,
5525,North America,947,CUB,Cuba,2003,74.5,0.0,66.9,77.1,95.0,73.0,72.5,76.4,92.5,24.4,0.0,64.4,88.1,90.7,74.5,61.1,60.5,100.0,70,35,7,40,8,24.84,31038700000.0,11209383.0,
5526,North America,948,CUB,Cuba,2004,74.6,0.0,65.7,79.4,95.6,73.1,72.5,77.1,93.0,25.0,0.0,64.4,88.0,90.8,73.7,61.0,60.5,100.0,35,20,12,40,7,25.32,32829800000.0,11238756.0,
5527,North America,949,CUB,Cuba,2005,74.3,0.0,63.1,81.3,97.4,73.2,72.6,73.6,92.9,25.3,0.0,64.5,87.9,91.0,71.1,60.9,60.4,100.0,35,35,6,75,7,25.8,36507281400.0,11262554.0,
5528,North America,950,CUB,Cuba,2006,74.1,0.0,62.5,81.9,96.3,73.3,72.7,72.3,92.9,25.5,0.0,64.3,88.0,91.0,69.2,60.9,60.8,100.0,35,25,10,35,5,26.28,40912200000.0,11278550.0,
5529,North America,951,CUB,Cuba,2007,74.2,0.0,62.4,82.5,96.1,73.4,73.1,71.7,93.0,25.5,0.0,64.3,87.8,91.1,70.5,60.8,60.8,100.0,20,25,10,50,8,26.75,43883300000.0,11287272.0,
5530,North America,952,CUB,Cuba,2008,74.4,0.0,60.3,82.4,96.3,77.2,72.6,71.7,93.1,25.9,0.0,64.1,87.3,90.2,71.5,62.1,61.1,100.0,35,20,11,72,10,27.23,45689900000.0,11291762.0,
5531,North America,953,CUB,Cuba,2009,74.5,0.0,60.0,82.5,96.3,77.3,72.5,72.1,93.1,26.9,0.0,64.2,87.7,90.2,72.5,62.0,60.9,100.0,40,30,6,55,10,27.71,46353000000.0,11294719.0,
5532,North America,954,CUB,Cuba,2010,74.8,0.0,59.2,83.4,96.3,77.5,72.7,69.2,92.3,26.9,0.0,63.9,88.2,88.9,72.9,70.0,61.1,100.0,30,18,6,78,10,28.19,47461000000.0,11297409.0,
5533,North America,955,CUB,Cuba,2011,74.9,0.0,60.2,83.8,92.7,78.6,72.5,72.5,91.6,25.9,0.0,63.7,88.2,89.5,73.1,70.0,61.0,100.0,35,25,7,80,10,28.67,48791000000.0,11301571.0,
5534,North America,956,CUB,Cuba,2012,74.0,0.0,61.7,84.2,94.2,78.7,72.4,73.1,91.4,28.4,0.0,64.0,88.3,89.5,74.0,73.0,60.6,76.9,35,20,6,65,7,29.16,50262000000.0,11303175.0,
5535,North America,957,CUB,Cuba,2013,74.6,0.0,61.5,84.3,94.0,83.0,72.3,73.3,91.5,29.7,0.0,64.1,88.1,89.6,74.2,72.9,60.0,80.5,40,25,9,65,10,29.64,51643000000.0,11298167.0,
5536,North America,958,CUB,Cuba,2014,75.3,0.0,60.4,84.3,94.6,83.3,72.4,76.0,92.1,27.9,0.0,64.4,88.0,90.4,75.3,72.8,60.3,86.5,35,25,13,65,8,30.12,52184000000.0,11285775.0,
5537,North America,959,CUB,Cuba,2015,75.4,0.0,61.4,84.5,93.6,83.5,72.6,75.1,92.4,29.1,0.0,64.6,88.2,89.6,75.3,72.8,60.4,88.6,40,35,12,70,10,30.61,54500100000.0,11275065.0,
5538,North America,960,CUB,Cuba,2016,75.6,0.0,61.7,84.8,93.6,83.3,72.7,74.7,92.8,32.4,0.0,64.7,88.3,90.2,75.3,72.7,60.6,86.5,50,25,15,45,10,30.72,54779600000.0,11265612.0,
5539,North America,961,CUB,Cuba,2017,76.0,0.0,61.2,84.6,95.4,83.3,72.8,76.8,93.1,34.8,0.0,64.7,88.4,91.1,75.5,72.7,60.8,84.1,38,25,8,60,10,30.83,55770996693.6018,11247829.0,
5540,North America,962,CUB,Cuba,2018,75.7,0.0,61.5,84.6,96.6,83.9,72.9,77.8,93.1,36.2,0.0,64.7,88.4,91.5,75.7,64.5,60.9,82.6,40,25,14,70,7,30.94,57024700000.0,11227118.0,
5541,North America,963,CUB,Cuba,2019,75.6,0.0,61.7,84.5,93.9,83.2,73.0,76.5,93.6,38.7,0.0,64.9,88.4,91.4,75.3,64.5,61.1,82.9,35,25,10,55,10,31.06,56931700000.0,11202846.0,
5542,North America,964,CUB,Cuba,2020,75.9,0.0,61.2,84.4,92.3,83.1,73.2,76.6,93.4,39.9,0.0,64.7,88.4,92.1,75.3,64.4,60.9,87.9,38,25,9,30,7,31.17,50698200000.0,11176354.0,
5543,North America,965,CUB,Cuba,2021,76.3,0.0,60.9,84.6,92.4,83.2,73.2,76.6,93.3,40.7,0.0,64.7,88.4,91.6,75.2,71.8,60.7,87.9,55,20,12,20,8,,51333800000.0,11122168.0,
5544,North America,966,CUB,Cuba,2022,74.1,0.0,60.9,84.6,92.4,83.4,73.2,76.6,93.4,40.4,0.0,64.7,88.4,91.6,75.2,71.7,60.5,87.9,50,30,8,25,8,,52245000000.0,11059820.0,
5545,Europe,967,CYP,Cyprus,2000,66.2,100.0,53.1,84.4,95.4,51.1,69.3,66.6,74.7,34.4,89.6,76.8,44.5,63.8,48.1,57.9,81.9,33.6,20,20,30,45,8,18.57,14399266000.0,947667.0,14776622059.5679
5546,Europe,968,CYP,Cyprus,2001,66.6,100.0,57.2,84.4,95.4,53.9,69.6,67.1,75.2,34.5,89.6,76.8,44.4,64.2,46.4,58.2,82.0,33.9,10,35,20,55,5,18.59,14968406000.0,964127.0,16043379008.738
5547,Europe,969,CYP,Cyprus,2002,67.1,100.0,57.6,84.4,98.5,54.2,69.0,67.6,75.6,37.2,89.6,76.8,44.2,64.0,46.6,58.3,82.1,35.2,20,30,30,50,8,18.6,15525676000.0,981440.0,16716296209.6722
5548,Europe,970,CYP,Cyprus,2003,67.0,100.0,56.8,84.7,97.4,54.5,69.0,67.4,75.2,37.6,89.6,76.7,43.9,63.3,45.5,58.4,82.1,36.9,15,40,45,50,10,18.61,15932961000.0,999590.0,17441292885.5986
5549,Europe,971,CYP,Cyprus,2004,67.2,100.0,54.2,83.7,98.3,58.5,69.0,68.2,75.0,39.8,89.6,76.7,44.4,63.0,46.8,58.7,81.3,35.6,25,40,45,40,10,18.63,16733795000.0,1017875.0,18887817587.4656
5550,Europe,972,CYP,Cyprus,2005,67.7,100.0,52.2,86.7,99.0,59.2,69.1,68.3,74.4,41.0,88.5,76.9,45.1,62.9,50.0,60.8,81.5,35.9,15,30,35,50,8,18.64,17545884000.0,1036151.0,20504236137.8258
5551,Europe,973,CYP,Cyprus,2006,67.8,100.0,52.3,87.6,99.0,58.4,69.1,68.6,74.7,42.2,85.4,76.9,45.4,62.6,51.6,60.8,81.6,36.1,10,30,40,55,10,18.65,18372959000.0,1054418.0,22540358370.8812
5552,Europe,974,CYP,Cyprus,2007,68.1,100.0,53.0,87.4,94.9,58.5,69.1,68.9,75.1,44.4,85.6,76.9,45.6,62.2,53.0,65.2,82.3,36.0,15,20,35,50,8,18.67,19309654000.0,1072714.0,25230042648.4843
5553,Europe,975,CYP,Cyprus,2008,68.6,100.0,48.8,87.8,98.8,58.6,69.2,69.4,75.0,46.0,83.4,76.9,46.0,62.2,55.6,69.7,81.6,37.1,15,40,30,50,5,18.68,20013875000.0,1091026.0,27398512545.3417
5554,Europe,976,CYP,Cyprus,2009,69.6,100.0,53.4,89.2,98.9,57.3,68.5,70.2,74.3,50.2,82.6,79.7,46.5,63.2,55.4,76.0,80.1,38.3,18,35,35,35,10,18.69,19610579000.0,1109371.0,27379234960.5441
5555,Europe,977,CYP,Cyprus,2010,69.8,100.0,54.3,89.9,97.4,57.5,68.0,70.7,73.9,51.8,85.0,78.4,46.8,64.5,55.2,76.0,80.0,37.6,15,25,40,55,7,18.71,20058224000.0,1127816.0,27791319507.7979
5556,Europe,978,CYP,Cyprus,2011,70.2,99.9,54.7,90.7,96.6,56.9,67.3,71.0,73.0,52.5,81.0,84.5,47.3,65.6,58.1,76.2,80.7,37.7,20,40,40,55,5,18.7,20141809000.0,1146493.0,28424626562.305
5557,Europe,979,CYP,Cyprus,2012,69.7,100.0,55.2,90.1,96.0,57.3,66.3,71.6,70.9,55.1,75.0,88.0,47.9,68.7,49.8,76.2,79.9,36.6,15,10,45,45,10,18.7,19447444000.0,1165397.0,27580570521.5998
5558,Europe,980,CYP,Cyprus,2013,69.6,99.9,53.4,89.3,96.8,63.0,67.8,72.5,68.6,55.8,64.2,86.1,48.7,71.8,50.9,76.8,79.6,37.8,5,40,30,50,15,18.7,18166348000.0,1183895.0,26247556263.9859
5559,Europe,981,CYP,Cyprus,2014,69.7,99.9,50.8,89.3,95.7,66.4,67.4,72.3,69.3,56.7,70.3,82.2,48.5,70.8,50.1,78.1,80.0,37.4,10,20,55,40,7,18.69,17843703000.0,1201801.0,25720924348.8721
5560,Europe,982,CYP,Cyprus,2015,70.6,99.9,57.1,90.0,96.4,66.9,67.0,73.0,70.0,59.5,75.8,83.1,48.3,70.3,48.4,78.1,79.6,37.0,25,20,45,60,7,18.69,18453765000.0,1219502.0,27066559062.761
5561,Europe,983,CYP,Cyprus,2016,71.1,99.9,50.6,91.1,96.0,70.6,67.4,73.0,71.1,64.2,79.9,82.2,48.2,68.3,51.1,78.8,79.1,36.6,30,20,35,60,8,18.69,19666840000.0,1237112.0,30552082853.6673
5562,Europe,984,CYP,Cyprus,2017,72.4,100.0,53.3,91.6,97.2,71.0,67.4,73.4,71.8,76.1,85.2,82.9,48.2,68.4,50.7,78.8,79.0,35.9,20,30,40,60,10,18.68,20797847000.0,1254275.0,33018000534.5873
5563,Europe,985,CYP,Cyprus,2018,71.9,99.9,51.7,92.2,97.7,71.1,67.7,74.0,73.3,71.8,80.1,83.4,48.2,68.1,49.3,78.2,77.8,38.2,15,40,55,60,8,18.68,22102218000.0,1270737.0,35607200077.1957
5564,Europe,986,CYP,Cyprus,2019,72.5,99.9,55.1,91.4,98.4,70.6,67.9,74.1,74.0,73.9,85.5,79.0,48.2,68.3,50.1,78.6,76.7,40.0,20,37,55,55,5,18.68,23400855000.0,1286671.0,39790089303.1683
5565,Europe,987,CYP,Cyprus,2020,72.7,99.9,54.5,91.8,93.9,71.2,67.9,74.1,73.7,75.1,85.5,81.1,48.2,68.6,50.1,78.6,76.7,45.9,10,30,35,55,5,18.67,22647200000.0,1302247.0,38672028566.7788
5566,Europe,988,CYP,Cyprus,2021,73.0,99.9,53.7,91.7,93.9,67.8,67.9,74.1,74.4,75.4,85.5,82.7,50.8,68.1,50.2,79.0,78.1,47.1,15,30,30,55,8,,25226306000.0,1317309.0,43923040810.4633
5567,Europe,989,CYP,Cyprus,2022,72.5,99.9,53.7,91.1,93.9,68.1,67.9,74.1,74.8,75.8,85.5,77.8,50.8,68.1,50.2,79.0,74.7,46.9,10,30,30,60,10,,27043828000.0,1331370.0,51062040030.0696
5568,Europe,990,CZE,Czechia,2000,73.7,99.5,59.1,82.3,92.8,63.0,82.2,68.7,80.8,40.7,98.8,84.3,59.8,64.8,0.0,75.1,76.5,50.5,18,23,35,62,10,34.16,3643915000000.0,10255063.0,167452851419.141
5569,Europe,991,CZE,Czechia,2001,74.0,99.5,60.6,83.0,92.8,63.4,82.6,69.1,81.3,42.1,98.8,84.3,59.5,64.8,0.0,75.1,76.6,50.8,10,18,60,60,7,34.18,3750216000000.0,10216605.0,180949719059.407
5570,Europe,992,CZE,Czechia,2002,74.5,99.5,60.6,83.0,92.8,64.9,83.0,70.0,81.9,44.0,98.8,84.4,60.1,65.3,0.0,75.1,76.6,51.7,20,23,35,60,7,34.21,3806974000000.0,10196916.0,187052563018.901
5571,Europe,993,CZE,Czechia,2003,74.5,99.5,58.9,83.0,92.6,65.3,83.0,70.2,81.5,46.6,98.8,84.4,59.8,64.8,0.0,75.1,76.6,52.4,15,25,60,65,5,34.24,3932636000000.0,10193998.0,199869532999.53
5572,Europe,994,CZE,Czechia,2004,75.6,99.5,64.6,83.5,92.7,65.7,82.9,70.7,81.1,47.7,98.8,84.5,59.1,64.7,0.0,85.0,76.9,51.9,18,23,65,70,8,34.26,4118899000000.0,10197101.0,214046662076.254
5573,Europe,995,CZE,Czechia,2005,75.7,99.5,61.5,83.9,92.8,66.1,82.9,70.6,81.2,49.0,99.7,84.5,58.5,65.1,0.0,87.4,77.3,51.5,18,25,45,65,5,34.29,4381480000000.0,10211216.0,225819370350.942
5574,Europe,996,CZE,Czechia,2006,76.1,99.5,59.3,84.7,95.7,65.7,82.8,70.8,81.6,52.6,99.7,84.6,58.5,65.0,0.0,87.4,77.5,51.8,25,23,78,60,7,34.31,4671673000000.0,10238905.0,244907365718.829
5575,Europe,997,CZE,Czechia,2007,76.4,99.5,59.8,84.9,93.6,65.8,82.8,71.2,82.5,54.2,100.0,87.0,58.6,64.8,0.0,87.4,78.6,50.8,18,20,60,78,5,34.34,4928093000000.0,10298828.0,270535436010.461
5576,Europe,998,CZE,Czechia,2008,76.9,99.5,63.0,85.2,93.6,67.4,82.7,71.6,83.0,55.5,99.7,87.1,58.9,65.7,0.0,88.4,78.7,50.8,20,20,65,60,7,34.37,5056828000000.0,10384603.0,290123393361.636
5577,Europe,999,CZE,Czechia,2009,77.6,99.5,62.0,85.6,93.9,67.6,82.9,72.6,81.9,56.0,100.0,87.9,59.4,67.1,0.0,92.1,79.5,53.0,25,20,40,10,5,34.39,4814185000000.0,10443936.0,289284605320.029
5578,Europe,1000,CZE,Czechia,2010,77.6,99.5,59.9,86.8,90.6,70.9,82.9,72.7,81.4,58.9,99.7,88.7,58.8,66.8,0.0,92.1,78.8,52.3,20,20,10,63,5,34.42,4944874000000.0,10474410.0,294927810202.591
5579,Europe,1001,CZE,Czechia,2011,78.1,99.5,63.2,87.2,90.9,71.1,83.1,73.6,81.7,61.3,100.0,88.5,58.4,66.5,0.0,92.1,79.3,52.8,25,18,62,55,10,34.45,5032516000000.0,10496088.0,306876088631.92
5580,Europe,1002,CZE,Czechia,2012,78.1,99.6,58.5,87.5,92.1,71.3,83.3,74.2,81.7,60.8,100.0,87.8,59.0,69.8,0.0,92.1,79.5,52.8,35,25,60,68,10,34.47,4993732000000.0,10510785.0,309706664288.31
5581,Europe,1003,CZE,Czechia,2013,78.7,99.5,61.6,88.5,95.2,70.3,83.9,74.8,81.7,62.7,99.7,87.2,59.0,71.1,0.0,92.1,78.6,53.5,30,25,76,72,7,34.5,4991644000000.0,10514272.0,326079204734.886
5582,Europe,1004,CZE,Czechia,2014,79.5,99.6,64.1,88.3,96.4,70.3,83.9,75.4,82.4,67.3,100.0,89.1,58.9,71.9,0.0,92.1,79.6,53.1,32,20,65,55,10,34.53,5103717000000.0,10525347.0,344636591853.555
5583,Europe,1005,CZE,Czechia,2015,80.3,99.5,62.2,89.0,96.2,71.0,84.1,75.1,84.2,68.1,100.0,91.8,58.8,72.8,0.0,92.1,84.1,55.5,25,23,65,63,10,34.56,5356798000000.0,10546059.0,359643570544.502
5584,Europe,1006,CZE,Czechia,2016,80.2,99.7,63.1,89.5,94.3,71.2,84.0,74.9,84.8,68.8,100.0,91.8,58.4,72.2,0.0,92.1,83.9,55.0,18,35,65,63,8,34.58,5495050000000.0,10566332.0,385090482980.625
5585,Europe,1007,CZE,Czechia,2017,80.5,99.8,61.3,90.1,92.5,72.5,84.0,75.1,85.9,77.5,100.0,91.8,58.2,71.7,0.0,92.1,83.4,52.9,15,30,75,65,15,34.61,5779340000000.0,10594438.0,416849081359.126
5586,Europe,1008,CZE,Czechia,2018,80.9,99.8,60.4,90.4,92.1,72.7,84.1,75.3,85.6,81.4,100.0,92.3,58.3,70.8,0.0,92.7,82.6,56.1,30,25,70,55,5,34.63,5942913000000.0,10629928.0,442610888485.238
5587,Europe,1009,CZE,Czechia,2019,81.1,99.9,61.2,90.4,92.3,73.1,82.9,76.0,85.9,82.4,100.0,92.5,58.2,71.6,0.0,92.7,81.7,56.7,15,23,65,60,10,34.65,6154824000000.0,10671870.0,486786860810.414
5588,Europe,1010,CZE,Czechia,2020,81.8,99.9,61.9,90.5,93.9,72.9,82.9,76.0,86.0,83.5,100.0,95.3,58.2,73.1,0.0,92.7,81.9,61.0,20,23,60,45,10,34.67,5828318000000.0,10697858.0,479686413475.523
5589,Europe,1011,CZE,Czechia,2021,82.5,99.9,62.1,90.5,93.9,74.2,82.9,76.0,87.8,84.7,100.0,94.9,62.8,72.2,0.0,92.5,83.0,62.5,17,20,60,66,8,,6063142000000.0,10505772.0,502134232985.641
5590,Europe,1012,CZE,Czechia,2022,81.9,99.9,62.1,90.2,93.9,74.3,82.9,76.0,88.0,83.8,100.0,94.5,62.8,72.2,0.0,92.5,84.2,68.6,22,35,72,45,7,,6235770000000.0,10672118.0,551853486423.138
5591,Africa,1013,COD,"Congo, Dem. Rep.",2000,44.4,0.0,46.7,20.1,24.9,33.6,43.1,33.5,58.4,8.5,42.5,32.5,97.8,99.6,77.9,66.0,38.3,30.8,68,70,10,6,10,63.47,4703668051600.0,50507442.0,21038841506.4747
5592,Africa,1014,COD,"Congo, Dem. Rep.",2001,44.4,0.0,46.6,20.4,24.9,33.8,43.0,33.6,58.4,8.5,42.5,32.6,97.8,99.6,77.9,66.0,38.3,30.8,70,78,15,13,10,63.18,4604882884000.0,52132646.0,21060769767.3983
5593,Africa,1015,COD,"Congo, Dem. Rep.",2002,44.4,0.0,46.1,20.1,24.9,34.0,42.9,33.5,58.4,8.5,42.5,32.7,97.9,99.6,77.9,66.0,38.3,30.8,75,80,12,15,7,62.88,4740624018400.0,53750524.0,22018522583.8712
5594,Africa,1016,COD,"Congo, Dem. Rep.",2003,44.3,0.0,45.7,20.2,24.9,34.2,42.9,33.2,58.5,8.5,42.5,32.9,97.8,99.6,77.9,66.0,38.3,30.8,55,75,12,15,10,62.58,5005047602600.0,55343867.0,23705639204.8127
5595,Africa,1017,COD,"Congo, Dem. Rep.",2004,44.5,0.0,45.6,22.1,24.9,34.4,42.8,33.4,58.5,8.5,42.5,33.0,97.8,99.6,77.9,66.0,38.3,30.8,65,78,15,14,6,62.29,5342306425600.0,56997741.0,25983434024.9635
5596,Africa,1018,COD,"Congo, Dem. Rep.",2005,44.5,0.0,45.7,23.3,24.9,34.6,42.7,33.5,58.5,7.7,42.5,33.1,97.8,99.6,77.9,66.0,38.3,30.8,70,70,18,25,10,61.99,5670065000000.0,58775724.0,28442238745.3675
5597,Africa,1019,COD,"Congo, Dem. Rep.",2006,44.6,0.0,45.6,24.0,24.9,32.9,42.6,34.0,58.3,7.7,42.5,33.1,97.8,99.6,77.9,67.3,38.3,30.8,60,72,20,18,15,61.69,5971768000000.0,60615908.0,30879427624.8673
5598,Africa,1020,COD,"Congo, Dem. Rep.",2007,44.9,0.0,49.9,26.5,22.1,33.1,42.5,35.3,58.2,8.0,42.5,33.2,97.8,99.6,77.9,67.3,38.3,30.8,60,72,18,20,7,61.4,6345569490100.0,62477752.0,33701289054.9784
5599,Africa,1021,COD,"Congo, Dem. Rep.",2008,44.9,0.0,49.9,26.0,22.1,33.3,42.3,34.2,58.1,7.7,42.5,33.1,97.8,99.6,77.9,69.2,38.3,32.0,72,78,15,15,7,61.1,6740637937300.0,64390664.0,36489248034.1968
5600,Africa,1022,COD,"Congo, Dem. Rep.",2009,45.1,0.0,49.9,26.9,22.1,33.4,42.2,34.7,57.9,7.7,42.5,33.2,97.8,99.6,77.9,69.2,38.3,34.1,45,75,10,20,8,60.8,6933087465100.0,66412044.0,37762523634.9432
5601,Africa,1023,COD,"Congo, Dem. Rep.",2010,45.4,0.0,51.7,28.3,22.1,33.9,42.1,34.7,57.8,7.7,42.5,33.6,97.8,99.6,77.9,69.2,38.3,34.4,75,80,15,18,8,60.51,7425889698100.0,68563038.0,40938218024.1018
5602,Africa,1024,COD,"Congo, Dem. Rep.",2011,45.4,0.0,51.7,29.5,22.1,34.5,42.1,34.7,57.7,7.7,42.5,34.7,97.8,99.5,77.9,69.2,36.5,34.3,72,85,15,18,8,60.02,7936395175500.0,70849311.0,44655249524.0653
5603,Africa,1025,COD,"Congo, Dem. Rep.",2012,46.4,0.0,51.2,30.3,32.9,35.3,42.2,34.5,57.5,5.7,43.0,39.8,97.6,99.6,77.9,69.2,38.5,33.1,68,70,15,15,8,59.53,8498839481600.0,73254618.0,46311721585.7762
5604,Africa,1026,COD,"Congo, Dem. Rep.",2013,45.9,1.7,51.5,31.6,34.7,33.1,42.3,32.9,57.5,6.0,43.0,33.2,97.5,99.5,77.9,69.2,35.7,32.9,65,85,15,18,15,59.05,9219707361000.0,75789395.0,53995321291.3452
5605,Africa,1027,COD,"Congo, Dem. Rep.",2014,46.3,4.1,51.6,32.8,38.0,34.7,42.4,31.3,59.0,5.9,43.0,34.6,97.5,99.4,76.7,69.2,35.0,32.6,67,70,15,15,5,58.56,10092840210000.0,78403242.0,63082984657.1439
5606,Africa,1028,COD,"Congo, Dem. Rep.",2015,47.0,5.9,51.4,33.2,38.0,34.5,42.6,33.1,59.0,7.3,43.0,38.7,97.6,99.5,76.7,69.1,37.0,32.9,70,75,15,18,15,58.08,10790877906000.0,81035531.0,69621148328.8482
5607,Africa,1029,COD,"Congo, Dem. Rep.",2016,47.1,5.5,51.0,34.5,37.4,35.2,42.7,33.8,59.0,9.6,43.0,39.6,97.7,99.6,76.7,69.1,34.6,32.0,70,60,16,15,15,57.59,11049794113000.0,83956415.0,76732432237.3181
5608,Africa,1030,COD,"Congo, Dem. Rep.",2017,47.4,5.1,52.3,34.9,37.4,40.0,42.8,27.8,60.3,10.3,43.0,41.3,97.7,99.6,76.7,70.6,35.4,30.7,65,70,10,15,7,57.1,11461614156000.0,87083398.0,87367059544.4283
5609,Africa,1031,COD,"Congo, Dem. Rep.",2018,47.7,4.6,52.3,35.7,37.4,40.9,42.9,28.4,60.3,11.4,43.0,41.2,97.7,99.6,76.7,69.4,35.5,33.4,63,85,15,17,10,56.62,12128808596000.0,90047644.0,96286291906.3743
5610,Africa,1032,COD,"Congo, Dem. Rep.",2019,47.8,5.9,52.0,36.6,37.4,41.5,43.1,28.9,60.5,12.7,43.0,41.4,97.7,99.6,77.9,69.4,34.3,31.3,65,72,15,20,10,56.13,12660599711000.0,92947442.0,108499465225.814
5611,Africa,1033,COD,"Congo, Dem. Rep.",2020,48.4,3.7,51.5,36.4,40.9,43.0,43.2,28.9,60.1,14.1,43.0,41.4,97.7,99.6,77.9,69.4,34.9,37.2,68,85,18,20,10,55.65,12880314640800.0,95989998.0,109045443618.14
5612,Africa,1034,COD,"Congo, Dem. Rep.",2021,48.8,4.5,51.6,35.9,42.7,43.1,43.2,28.9,60.4,14.4,43.0,41.4,97.7,99.6,77.9,69.8,35.7,39.7,58,78,20,18,10,,13678913985600.0,99148932.0,130243843399.282
5613,Africa,1035,COD,"Congo, Dem. Rep.",2022,48.6,8.2,51.7,34.2,42.7,43.2,43.2,28.9,60.5,14.4,43.0,35.7,97.7,99.6,77.9,69.8,36.2,39.3,70,75,15,15,20,,14899681530800.0,102396968.0,151981795496.983
5614,Europe,1036,DNK,Denmark,2000,81.6,99.3,75.6,89.5,99.2,84.3,91.7,72.3,87.6,71.7,100.0,90.6,34.7,56.0,71.4,92.5,92.7,77.7,7,15,85,79,10,13.61,1876432729000.0,5339616.0,152935674479.406
5615,Europe,1037,DNK,Denmark,2001,81.6,99.3,75.1,89.6,99.1,84.4,92.1,72.6,87.6,72.8,100.0,90.6,34.1,55.5,71.7,92.4,92.8,78.0,8,10,85,85,8,13.65,1894259445000.0,5358783.0,157881125433.367
5616,Europe,1038,DNK,Denmark,2002,82.0,99.3,75.7,89.9,99.1,84.7,92.4,73.4,87.7,76.3,100.0,90.6,34.1,55.7,71.2,92.4,92.8,78.0,7,15,80,81,7,13.68,1902907308000.0,5375931.0,164861508226.377
5617,Europe,1039,DNK,Denmark,2003,82.2,99.3,76.2,90.5,99.1,84.8,92.4,74.2,87.1,78.3,100.0,90.6,33.9,54.2,74.0,92.5,92.8,78.0,10,20,85,82,7,13.72,1911300861000.0,5390574.0,166396484113.45
5618,Europe,1040,DNK,Denmark,2004,82.3,99.3,75.7,91.0,98.0,84.9,92.5,74.9,87.1,78.7,100.0,90.6,33.5,55.9,74.3,92.5,92.8,78.0,10,15,80,85,8,13.75,1964365297000.0,5404523.0,178457226748.448
5619,Europe,1041,DNK,Denmark,2005,82.5,99.3,74.2,91.2,98.2,84.3,92.5,75.5,87.3,78.8,100.0,90.7,33.4,57.1,75.6,92.5,93.2,78.0,10,15,80,83,7,13.79,2010716634000.0,5419432.0,185552256869.12
5620,Europe,1042,DNK,Denmark,2006,82.2,99.3,73.5,91.1,98.4,84.3,92.8,75.6,87.9,79.4,100.0,90.7,33.5,54.7,73.2,92.5,93.0,78.0,10,15,85,79,8,13.83,2087455387000.0,5437272.0,203355644877.135
5621,Europe,1043,DNK,Denmark,2007,82.4,99.3,72.8,90.4,98.9,84.9,93.0,76.4,87.8,79.6,100.0,89.5,33.5,56.3,74.2,92.6,94.2,78.0,7,15,80,82,7,13.86,2108062200000.0,5461438.0,213605136245.018
5622,Europe,1044,DNK,Denmark,2008,82.1,99.3,73.4,90.6,98.8,85.0,92.1,76.7,87.7,82.5,100.0,86.2,32.9,57.4,70.3,92.6,92.3,78.0,10,15,80,82,10,13.9,2099267819000.0,5493621.0,227806103577.384
5623,Europe,1045,DNK,Denmark,2009,82.5,99.3,76.0,90.9,97.7,85.0,92.4,77.4,86.5,85.4,100.0,86.6,35.6,58.2,68.2,92.8,92.0,78.0,10,15,85,78,10,13.93,1994840181000.0,5523095.0,223703046979.697
5624,Europe,1046,DNK,Denmark,2010,82.8,99.3,73.2,92.1,97.8,85.0,91.4,78.6,85.7,90.1,100.0,89.5,35.6,58.1,68.0,92.8,91.8,78.0,10,15,85,79,7,13.97,2026416447000.0,5547683.0,238785561007.093
5625,Europe,1047,DNK,Denmark,2011,83.3,99.1,72.7,92.7,98.9,85.6,91.1,80.0,85.7,93.2,100.0,89.3,35.9,58.7,70.9,93.0,91.9,78.0,10,15,80,78,10,14.15,2052978790000.0,5570572.0,247576922067.284
5626,Europe,1048,DNK,Denmark,2012,84.0,99.2,74.6,93.2,98.0,85.6,91.9,81.3,85.7,95.0,99.6,89.4,36.2,61.4,72.6,92.9,92.9,78.0,10,13,85,83,10,14.33,2052867266000.0,5591572.0,250251713083.953
5627,Europe,1049,DNK,Denmark,2013,83.9,98.8,73.5,93.1,98.4,86.7,90.2,81.9,85.9,96.4,98.6,89.9,36.7,60.4,73.4,92.9,92.2,78.0,10,15,85,79,8,14.51,2081457003000.0,5614932.0,263167333211.328
5628,Europe,1050,DNK,Denmark,2014,83.9,99.0,74.1,93.1,96.7,85.1,90.3,83.6,86.1,96.4,98.7,89.4,36.4,61.4,73.0,92.9,91.4,78.0,18,15,80,75,8,14.69,2108058020000.0,5643475.0,270207300529.4
5629,Europe,1051,DNK,Denmark,2015,84.6,99.1,74.0,94.0,97.0,85.2,91.4,84.8,86.5,97.0,98.1,91.1,37.5,62.6,76.3,92.9,93.2,78.0,10,20,82,82,8,14.88,2152420300000.0,5683483.0,277981042931.118
5630,Europe,1052,DNK,Denmark,2016,84.7,99.1,72.1,94.4,98.6,85.7,90.9,84.5,86.7,96.9,98.7,92.1,37.6,61.7,76.8,92.9,93.2,78.0,12,18,85,80,8,14.89,2218565155000.0,5728010.0,296830932013.306
5631,Europe,1053,DNK,Denmark,2017,84.5,99.4,74.0,95.3,96.4,85.7,90.9,86.4,86.8,96.3,97.4,91.7,37.5,62.7,71.7,92.9,92.7,78.5,10,20,85,82,7,14.91,2286375094000.0,5764980.0,318639654733.581
5632,Europe,1054,DNK,Denmark,2018,84.3,99.3,68.3,95.1,98.3,85.7,89.6,86.0,87.0,96.8,98.4,92.6,37.2,59.2,72.3,92.8,93.9,81.1,15,12,85,75,7,14.93,2328901842000.0,5793636.0,331590779599.814
5633,Europe,1055,DNK,Denmark,2019,85.0,99.2,72.1,95.6,97.7,86.4,90.7,87.7,87.1,96.6,98.2,92.2,37.3,60.3,75.9,92.8,94.5,81.0,8,17,85,80,8,14.95,2368758690000.0,5814422.0,352324705726.531
5634,Europe,1056,DNK,Denmark,2020,85.1,99.2,72.1,95.3,99.3,86.8,90.7,87.7,86.7,96.6,98.2,91.8,37.3,61.1,76.1,92.8,93.2,81.3,10,18,85,80,10,14.97,2326592274000.0,5831404.0,365525756328.655
5635,Europe,1057,DNK,Denmark,2021,85.8,99.2,71.0,95.6,99.3,86.7,90.7,87.7,87.1,97.0,98.2,95.1,44.6,60.8,76.3,92.8,93.8,82.5,15,18,85,86,10,,2498342859000.0,5856733.0,408303200976.802
5636,Europe,1058,DNK,Denmark,2022,85.7,99.2,71.0,95.4,99.3,87.0,90.7,87.7,87.6,97.0,98.2,93.0,44.6,60.8,76.3,92.8,93.8,82.1,15,25,82,82,7,,2536821663000.0,5903037.0,456897040142.032
5637,Africa,1059,DJI,Djibouti,2000,46.0,38.8,34.6,29.2,0.0,3.5,53.1,29.9,53.7,15.0,52.6,78.1,86.4,93.6,57.2,41.2,56.5,58.2,30,35,10,18,10,0.24,,747318.0,
5638,Africa,1060,DJI,Djibouti,2001,45.9,38.8,34.4,31.1,0.0,4.0,53.1,29.8,53.7,15.0,52.6,78.3,86.9,93.6,57.2,41.0,56.5,53.7,35,40,6,18,10,0.24,,771313.0,
5639,Africa,1061,DJI,Djibouti,2002,46.1,38.8,34.7,33.9,0.0,4.5,53.2,27.7,53.7,15.0,52.6,78.5,87.3,93.5,57.2,40.8,56.5,55.3,35,65,10,20,7,0.24,,795574.0,
5640,Africa,1062,DJI,Djibouti,2003,46.8,38.8,35.2,35.5,0.0,11.7,53.2,29.1,53.7,15.0,52.6,78.7,87.8,93.5,57.2,40.7,56.5,56.7,30,32,10,20,8,0.24,,813519.0,
5641,Africa,1063,DJI,Djibouti,2004,47.1,38.8,36.4,36.4,0.0,12.6,53.2,30.1,53.7,15.1,52.6,78.8,87.9,93.6,57.2,40.5,56.5,57.4,36,20,10,15,7,0.24,,826124.0,
5642,Africa,1064,DJI,Djibouti,2005,47.4,38.8,38.8,37.5,0.4,13.4,53.5,31.4,53.7,15.1,52.6,79.6,88.5,93.6,57.2,40.3,56.5,55.3,30,25,10,24,8,0.24,,839167.0,
5643,Africa,1065,DJI,Djibouti,2006,47.6,38.8,38.7,40.4,1.1,14.3,53.8,31.9,53.7,15.1,52.6,79.8,86.4,93.6,57.2,40.2,56.5,55.9,35,35,15,20,8,0.24,,855764.0,
5644,Africa,1066,DJI,Djibouti,2007,48.0,38.8,39.8,41.4,1.5,17.0,54.1,32.4,53.7,15.2,52.6,79.9,87.0,93.5,57.2,40.0,56.5,56.2,20,20,10,20,10,0.24,,874528.0,
5645,Africa,1067,DJI,Djibouti,2008,48.3,38.8,42.0,41.3,1.9,17.6,54.4,32.3,53.7,15.1,52.6,80.1,87.6,93.5,57.2,39.9,56.5,56.4,35,35,12,18,7,0.24,,892734.0,
5646,Africa,1068,DJI,Djibouti,2009,48.0,38.8,43.6,42.8,5.7,18.2,54.6,33.1,53.7,15.5,52.6,72.7,82.3,93.5,57.2,39.8,55.6,56.5,35,43,10,18,5,0.24,,911527.0,
5647,Africa,1069,DJI,Djibouti,2010,47.6,38.8,44.6,44.2,5.7,18.7,54.9,32.9,53.6,15.9,52.6,72.7,81.7,93.5,57.2,39.6,55.3,47.7,15,30,15,20,5,0.24,,930251.0,
5648,Africa,1070,DJI,Djibouti,2011,48.6,42.1,45.5,44.4,16.6,19.3,55.2,33.7,53.6,16.0,52.6,72.5,85.3,92.8,57.2,39.5,52.1,48.3,30,35,15,25,10,0.24,,948558.0,
5649,Africa,1071,DJI,Djibouti,2012,46.9,43.5,46.8,46.1,15.7,19.8,55.5,33.3,53.5,11.0,27.1,72.7,82.2,90.5,57.2,39.2,52.1,51.9,40,50,18,35,10,0.24,,966747.0,
5650,Africa,1072,DJI,Djibouti,2013,46.6,42.3,44.0,47.1,13.9,23.6,55.8,34.3,53.4,11.5,31.7,72.6,77.2,87.3,57.3,39.3,52.1,48.0,25,45,18,28,5,0.24,363340000000.0,984824.0,3705185569.99916
5651,Africa,1073,DJI,Djibouti,2014,47.4,45.1,47.1,47.8,19.8,24.2,56.1,25.8,53.6,15.6,31.7,72.9,76.9,91.9,58.6,39.1,51.7,47.3,40,60,10,45,10,0.24,389475000000.0,1002717.0,3989155838.83044
5652,Africa,1074,DJI,Djibouti,2015,47.5,48.7,46.9,49.2,15.8,25.0,56.4,30.4,53.6,16.8,31.7,70.5,77.8,90.5,58.6,38.9,51.7,45.3,35,55,15,42,15,0.24,417941671800.0,1020313.0,4350576767.06687
5653,Africa,1075,DJI,Djibouti,2016,48.3,52.4,47.6,49.0,12.9,25.6,56.7,23.5,53.6,21.4,31.7,71.4,88.5,92.7,58.6,38.8,50.8,45.3,38,55,13,30,15,0.24,447713464000.0,1037653.0,4598427635.85082
5654,Africa,1076,DJI,Djibouti,2017,49.8,55.6,48.7,51.7,16.3,25.0,57.0,16.9,53.6,26.9,44.4,71.5,88.1,91.6,58.7,38.6,55.7,46.2,25,43,7,30,10,0.25,472150074600.0,1054841.0,4933188997.99709
5655,Africa,1077,DJI,Djibouti,2018,51.0,54.7,48.9,53.1,18.7,36.3,57.3,16.0,53.6,31.2,44.4,71.2,87.8,90.6,58.7,38.4,56.8,49.3,40,40,18,35,15,0.25,494692121400.0,1071882.0,5448494938.69266
5656,Africa,1078,DJI,Djibouti,2019,51.6,57.2,52.4,53.9,22.5,37.1,57.7,16.5,53.6,31.9,44.4,71.0,87.8,90.6,57.5,38.3,56.5,48.7,40,50,12,42,18,0.25,522123199300.0,1088709.0,5876851582.36168
5657,Africa,1079,DJI,Djibouti,2020,51.9,61.2,52.5,51.9,22.5,37.5,57.7,16.7,53.6,32.5,44.4,71.0,87.8,90.6,57.6,38.1,55.9,50.7,35,32,14,25,5,0.25,528399721500.0,1105188.0,6108376123.1385
5658,Africa,1080,DJI,Djibouti,2021,52.5,62.6,52.8,50.9,24.2,38.2,57.7,16.7,53.6,36.5,44.4,71.0,87.8,90.6,57.6,37.9,56.5,53.3,35,45,15,25,7,,551687125100.0,1121248.0,6682759257.72075
5659,Africa,1081,DJI,Djibouti,2022,52.7,64.7,53.0,50.9,24.3,39.3,57.7,16.7,53.6,36.5,44.4,71.0,87.8,90.6,57.6,37.6,56.5,53.2,35,55,13,35,15,,580190244700.0,1137096.0,7529088292.28275
5683,North America,1105,DOM,Dominican Republic,2000,62.0,84.2,66.0,60.5,69.6,61.0,66.3,60.4,75.5,21.2,16.2,76.5,83.3,92.6,72.0,48.7,53.5,46.1,35,15,20,35,5,40.83,1766738714800.0,8584190.0,56990534571.4268
5684,North America,1106,DOM,Dominican Republic,2001,62.4,84.2,69.4,59.7,69.6,61.0,66.4,62.5,75.1,21.4,18.3,76.5,83.3,92.6,72.0,48.6,53.9,47.0,40,32,35,22,10,41.04,1810366034800.0,8720283.0,59712780189.6312
5685,North America,1107,DOM,Dominican Republic,2002,62.7,84.2,67.5,61.1,74.2,61.7,66.4,63.5,75.3,21.8,18.7,77.1,82.0,92.3,71.8,48.5,53.4,46.8,35,23,25,33,10,41.25,1891588173400.0,8852235.0,63361361443.933
5686,North America,1108,DOM,Dominican Republic,2003,62.3,84.2,68.5,60.4,72.4,61.7,66.6,64.2,75.3,21.9,15.4,77.1,83.2,92.3,71.5,48.5,51.8,44.7,40,30,20,30,10,41.45,1866063887500.0,8980620.0,63740463047.6798
5687,North America,1109,DOM,Dominican Republic,2004,64.5,84.2,65.8,61.2,72.0,61.7,66.7,65.8,75.6,22.1,15.4,77.7,83.2,93.1,79.2,76.4,51.0,45.1,38,25,20,20,20,41.66,1914312213500.0,9104892.0,67146869673.662
5688,North America,1110,DOM,Dominican Republic,2005,65.0,84.2,67.9,62.7,73.6,61.7,66.8,65.9,75.5,22.6,18.3,77.5,82.6,93.0,79.1,76.3,50.6,46.4,40,25,33,30,5,41.87,2094866108400.0,9225034.0,75783953623.3001
5689,North America,1111,DOM,Dominican Republic,2006,65.1,84.2,70.3,62.8,72.9,62.9,66.6,65.7,76.0,23.2,15.5,78.1,82.3,92.9,79.3,76.2,51.0,46.8,38,23,35,15,5,42.08,2286990605300.0,9341183.0,85285645905.6986
5690,North America,1112,DOM,Dominican Republic,2007,65.9,84.2,70.0,63.7,78.5,63.7,66.4,67.5,76.3,23.6,19.9,76.1,82.3,92.8,79.5,76.2,51.6,48.6,35,30,18,30,15,42.29,2456648848500.0,9455658.0,94094500109.773
5691,North America,1113,DOM,Dominican Republic,2008,65.6,84.2,65.8,62.8,78.2,63.7,66.3,66.5,76.5,24.2,21.0,76.3,82.5,92.7,79.7,76.1,49.9,48.5,10,28,33,20,20,42.5,2536934263100.0,9573130.0,99041765879.8478
5692,North America,1114,DOM,Dominican Republic,2009,66.3,84.2,69.3,64.4,81.3,63.7,66.1,66.7,76.1,25.3,19.9,79.1,82.7,92.9,81.6,76.6,49.5,47.6,40,24,25,35,15,42.7,2562391204300.0,9695265.0,100652603689.509
5693,North America,1115,DOM,Dominican Republic,2010,66.7,84.2,70.9,64.1,81.9,64.3,65.9,67.7,76.2,26.2,22.1,78.6,82.8,92.8,81.6,76.6,50.2,47.5,45,33,40,35,45,42.91,2777661415400.0,9820175.0,110434557272.35
5694,North America,1116,DOM,Dominican Republic,2011,67.0,85.5,73.0,65.7,79.3,64.3,66.1,67.8,75.7,28.2,21.5,79.2,83.0,92.7,81.5,76.5,50.4,47.8,50,33,25,35,15,43.04,2866323319900.0,9945621.0,116310697708.575
5695,North America,1117,DOM,Dominican Republic,2012,67.3,85.3,73.4,63.6,77.3,64.3,66.3,68.3,75.4,32.3,23.8,80.2,82.9,92.6,81.5,76.4,51.2,49.5,40,33,50,40,10,43.17,2945883025300.0,10070411.0,118595431892.257
5696,North America,1118,DOM,Dominican Republic,2013,68.1,86.3,73.8,62.4,80.2,67.4,66.5,68.9,75.0,34.7,21.5,83.2,83.0,92.7,81.5,76.4,52.3,51.6,40,30,33,35,10,43.29,3091254487300.0,10193833.0,126545325604.148
5697,North America,1119,DOM,Dominican Republic,2014,69.5,89.3,75.7,63.8,80.4,67.1,66.7,68.8,77.8,36.1,32.0,80.8,83.0,92.6,83.0,76.9,55.6,51.9,35,40,20,35,15,43.42,3311080589300.0,10315528.0,138896444676.232
5698,North America,1120,DOM,Dominican Republic,2015,69.5,90.6,75.6,62.4,84.5,67.8,66.9,67.9,76.4,38.6,26.9,82.8,82.8,92.0,83.1,76.8,52.4,53.6,45,32,30,37,10,43.54,3542449342200.0,10434829.0,154478224941.033
5699,North America,1121,DOM,Dominican Republic,2016,69.8,91.3,75.2,62.3,86.5,71.1,67.1,68.8,76.6,39.5,24.4,85.8,82.6,91.7,83.4,76.7,51.6,51.9,50,30,35,42,15,43.71,3780492755500.0,10551430.0,171800387111.103
5700,North America,1122,DOM,Dominican Republic,2017,71.5,94.3,74.8,65.3,87.3,71.3,67.3,70.1,77.2,41.1,42.4,84.1,82.5,92.0,83.4,76.7,52.7,53.1,45,32,30,45,18,43.88,3929212114500.0,10666843.0,179695847689.553
5701,North America,1123,DOM,Dominican Republic,2018,71.0,94.9,75.1,65.7,88.4,71.4,67.4,69.5,76.0,44.0,34.8,82.2,82.5,92.2,83.7,74.2,52.8,52.1,35,35,40,30,15,44.05,4208088588800.0,10782053.0,194021299999.646
5702,North America,1124,DOM,Dominican Republic,2019,72.1,95.9,75.1,67.9,89.8,70.8,67.5,68.7,76.1,45.6,43.6,86.4,82.3,91.8,83.8,74.2,53.4,53.7,45,25,32,35,25,44.21,4414033711600.0,10894043.0,215339964553.46
5703,North America,1125,DOM,Dominican Republic,2020,72.8,94.6,75.3,65.8,92.2,70.5,67.6,69.1,75.4,46.7,54.7,84.3,82.3,92.2,83.8,74.1,54.2,55.1,40,28,28,40,5,44.38,4064042668200.0,11008300.0,209139062581.87
5704,North America,1126,DOM,Dominican Republic,2021,72.1,95.2,75.6,67.5,74.2,71.5,67.6,69.1,74.4,46.8,54.7,84.3,83.1,91.8,83.9,75.3,53.4,56.9,44,30,40,35,30,,4633513757800.0,11123476.0,245311121758.829
5705,North America,1127,DOM,Dominican Republic,2022,72.1,95.9,75.7,66.6,74.2,71.8,67.6,69.1,74.4,46.8,54.7,84.3,83.1,91.8,83.9,75.1,53.3,57.8,38,30,33,35,40,,4876215194200.0,11230734.0,276565908801.115
5706,South America,1128,ECU,Ecuador,2000,62.6,82.0,53.6,68.9,82.1,57.1,66.0,66.9,70.5,23.7,9.3,69.5,86.0,93.6,75.4,57.9,46.5,54.5,5,28,20,15,10,55.28,52158041000.0,12689206.0,72686975974.3864
5707,South America,1129,ECU,Ecuador,2001,62.5,82.0,52.2,69.2,82.8,57.2,66.5,65.6,70.8,23.8,9.3,69.7,85.2,93.4,75.4,57.7,46.9,55.0,20,38,22,20,15,55.0,54351950000.0,12910740.0,77449916534.0997
5708,South America,1130,ECU,Ecuador,2002,62.8,82.0,53.7,69.3,83.3,57.4,67.0,66.2,70.4,24.1,9.3,69.8,85.1,93.2,77.0,57.9,46.5,55.2,40,25,15,18,10,54.72,57030466000.0,13138472.0,82529602905.0081
5709,South America,1131,ECU,Ecuador,2003,63.1,82.0,53.7,70.9,83.3,58.2,67.4,65.3,70.0,24.1,13.4,70.0,85.4,93.0,75.8,57.6,46.5,55.7,35,37,18,22,10,54.44,58675510000.0,13372306.0,86586563566.9922
5710,South America,1132,ECU,Ecuador,2004,63.3,82.0,54.1,71.7,83.7,58.4,67.9,66.5,70.3,24.2,12.8,70.2,84.9,92.8,76.1,57.6,47.3,55.8,30,43,20,23,7,54.15,62684454000.0,13608701.0,94989974958.5495
5711,South America,1133,ECU,Ecuador,2005,63.4,82.0,53.8,72.7,83.7,58.5,68.4,65.7,71.0,24.4,13.9,70.2,85.3,92.7,75.9,57.4,46.6,55.7,30,42,20,18,15,53.87,66068551000.0,13846163.0,103257283379.247
5712,South America,1134,ECU,Ecuador,2006,63.9,82.0,51.7,72.8,84.5,63.3,68.9,66.5,71.2,24.9,15.1,70.4,85.2,92.9,77.5,57.1,46.6,55.9,30,40,20,18,12,53.59,68936674000.0,14086131.0,111062338431.439
5713,South America,1135,ECU,Ecuador,2007,64.3,82.0,53.3,72.4,86.3,63.4,69.4,68.1,71.4,25.5,13.5,71.8,85.4,92.4,78.6,56.9,46.6,56.3,35,55,18,25,10,53.31,70248145000.0,14328773.0,116241429373.079
5714,South America,1136,ECU,Ecuador,2008,64.6,82.0,52.2,72.9,83.9,63.7,69.9,69.9,70.9,27.0,18.6,70.8,85.2,93.0,78.9,56.6,46.4,56.4,35,40,28,20,10,53.02,74859880000.0,14575202.0,126259252159.8
5715,South America,1137,ECU,Ecuador,2009,65.7,82.0,55.1,73.9,91.1,67.4,70.4,67.9,70.6,28.6,20.4,71.1,85.1,92.7,77.4,56.4,45.2,62.2,30,38,18,32,15,52.74,75676611000.0,14825954.0,128423995876.255
5716,South America,1138,ECU,Ecuador,2010,66.1,82.0,56.8,74.9,92.8,67.3,70.9,67.6,70.8,29.2,20.0,70.9,84.6,92.5,75.5,58.6,46.0,63.2,25,40,25,35,15,52.46,78725726000.0,15076695.0,135221979010.463
5717,South America,1139,ECU,Ecuador,2011,66.8,85.2,56.0,74.9,93.1,67.4,71.4,68.3,71.2,29.5,24.1,74.4,84.7,92.2,73.1,58.4,47.8,64.0,25,38,18,33,10,52.29,85402830000.0,15326227.0,149717191250.669
5718,South America,1140,ECU,Ecuador,2012,67.7,86.1,57.8,76.0,93.3,69.4,71.9,69.6,71.3,33.3,23.8,73.3,84.7,92.2,75.4,58.4,49.5,64.4,35,38,20,30,5,52.12,90341857000.0,15572194.0,159529618331.811
5719,South America,1141,ECU,Ecuador,2013,68.2,87.9,55.3,77.0,95.6,75.0,72.4,69.0,71.4,35.0,22.7,69.2,84.6,91.8,75.6,58.2,53.0,65.7,35,37,18,25,8,51.95,96856622000.0,15807128.0,178551197058.881
5720,South America,1142,ECU,Ecuador,2014,69.8,89.1,60.2,76.4,98.0,76.1,72.9,69.1,72.6,36.1,27.2,72.7,84.4,91.5,79.0,58.0,56.2,66.6,37,46,20,35,10,51.78,100949846000.0,16035124.0,189785459977.46
5721,South America,1143,ECU,Ecuador,2015,69.9,88.2,62.9,76.9,98.4,77.6,73.4,70.5,72.4,37.7,23.9,69.9,84.9,92.2,79.3,57.8,56.3,66.5,35,43,20,37,10,51.62,101070675000.0,16266225.0,176939941130.612
5722,South America,1144,ECU,Ecuador,2016,70.8,87.6,59.7,78.5,98.2,79.1,73.9,71.9,71.8,40.5,27.4,74.9,85.0,92.8,82.2,57.7,57.0,65.6,40,38,20,22,15,51.36,100375355000.0,16505139.0,179600489638.442
5723,South America,1145,ECU,Ecuador,2017,71.4,88.4,59.2,78.2,97.5,77.5,74.3,73.5,73.7,42.3,29.0,76.3,84.9,92.7,82.6,59.4,57.9,66.4,33,43,18,35,20,51.1,106368164000.0,16759519.0,197653047823.802
5724,South America,1146,ECU,Ecuador,2018,71.4,88.3,59.6,79.3,95.9,78.2,74.6,72.9,73.7,45.2,25.0,77.6,84.7,92.8,80.2,58.7,59.4,67.7,35,45,40,35,5,50.84,107478961000.0,17049547.0,207780861915.153
5725,South America,1147,ECU,Ecuador,2019,71.1,87.5,58.0,80.0,93.6,78.5,75.0,74.5,73.6,45.5,24.4,77.1,84.7,92.7,80.0,58.4,57.7,66.7,35,55,23,35,10,50.58,107656736000.0,17340021.0,217496140458.277
5726,South America,1148,ECU,Ecuador,2020,70.2,81.1,56.8,78.1,92.4,78.6,75.3,74.4,72.8,47.9,22.1,74.5,84.7,93.3,80.1,58.3,57.9,65.1,20,43,35,20,15,50.32,97703767200.0,17546065.0,202250004868.163
5727,South America,1149,ECU,Ecuador,2021,70.5,83.3,57.8,77.5,90.5,79.2,75.3,74.4,75.5,48.9,22.1,76.1,86.3,92.7,80.2,58.5,54.5,65.5,38,45,22,25,15,,106909311300.0,17682454.0,238844767157.606
5728,South America,1150,ECU,Ecuador,2022,70.4,83.9,57.8,78.4,90.5,79.5,75.3,74.4,75.9,48.9,22.1,76.1,86.3,92.7,80.3,57.9,51.9,65.5,40,46,30,23,8,,113183202500.0,17823897.0,270888879826.819
5729,Africa,1151,EGY,"Egypt, Arab Rep.",2000,65.2,87.4,71.5,59.8,57.3,37.0,63.2,62.8,59.6,32.7,82.6,57.0,90.9,95.3,51.2,69.4,65.1,64.6,40,35,15,20,5,0.06,3105070776000.0,73083284.0,398414667935.3
5730,Africa,1152,EGY,"Egypt, Arab Rep.",2001,65.2,87.4,71.3,59.7,57.8,36.4,63.3,64.9,59.5,32.7,82.6,57.0,91.0,95.8,49.4,69.2,65.1,64.8,40,35,15,18,15,0.06,3214842851900.0,74652029.0,421787842946.805
5731,Africa,1153,EGY,"Egypt, Arab Rep.",2002,65.2,87.4,71.1,59.6,58.3,35.6,63.4,65.8,59.1,32.8,82.6,58.5,90.7,95.8,49.0,69.1,65.1,64.9,40,20,12,30,8,0.06,3291684155167.24,76239137.0,438580660855.344
5732,Africa,1154,EGY,"Egypt, Arab Rep.",2003,65.2,87.4,70.2,60.5,57.5,35.2,63.5,66.1,58.6,33.1,82.6,58.5,91.0,95.4,47.2,70.1,65.1,65.9,40,25,15,25,15,0.06,3396802598760.59,77853548.0,461522018276.761
5733,Africa,1155,EGY,"Egypt, Arab Rep.",2004,65.3,87.4,70.1,61.1,57.3,34.7,63.6,66.7,58.9,34.6,82.6,60.1,90.8,95.4,46.8,70.0,65.1,64.6,40,20,18,20,10,0.06,3535802193594.79,79477443.0,493326417151.093
5734,Africa,1156,EGY,"Egypt, Arab Rep.",2005,65.3,87.4,70.0,62.5,57.4,33.5,63.7,67.4,58.5,34.6,82.6,59.8,90.8,95.1,47.6,69.9,65.1,64.5,45,20,15,30,15,0.06,3693914232718.68,81101004.0,531546430157.557
5735,Africa,1157,EGY,"Egypt, Arab Rep.",2006,65.6,87.4,69.9,62.6,56.0,32.8,63.8,67.5,58.8,34.9,82.6,61.3,90.7,95.0,49.7,70.1,65.6,66.7,40,35,15,25,15,0.06,3946719745823.37,82700403.0,585438475442.19
5736,Africa,1158,EGY,"Egypt, Arab Rep.",2007,66.3,87.4,69.7,62.9,58.4,34.0,63.9,67.8,59.8,35.3,82.6,62.1,90.8,94.8,56.3,70.0,66.3,65.0,42,35,15,35,20,0.06,4226456430427.18,84276225.0,643918589101.344
5737,Africa,1159,EGY,"Egypt, Arab Rep.",2008,66.5,87.4,67.7,61.2,58.4,35.7,64.0,68.3,59.9,35.7,85.1,65.7,90.8,94.7,55.1,69.9,66.1,65.5,40,28,15,20,15,0.06,4528913637384.45,85864789.0,703293511346.066
5738,Africa,1160,EGY,"Egypt, Arab Rep.",2009,66.9,87.4,67.6,62.1,57.2,37.0,64.1,68.4,59.6,36.9,85.1,71.4,91.0,94.7,55.2,69.8,64.2,64.9,40,30,15,35,15,0.07,4740576936061.86,87501636.0,740703144634.656
5739,Africa,1161,EGY,"Egypt, Arab Rep.",2010,66.9,87.4,65.6,63.3,59.4,43.8,64.2,69.7,59.8,37.9,88.1,59.3,91.0,94.8,55.5,69.8,65.4,62.5,52,30,15,18,20,0.07,4984585564563.96,89196072.0,788293878691.105
5740,Africa,1162,EGY,"Egypt, Arab Rep.",2011,66.2,88.8,66.9,63.0,58.6,39.5,64.2,69.4,58.0,40.1,88.1,61.0,91.0,94.8,52.3,69.6,61.0,59.9,71,40,10,6,10,0.06,5072542163210.07,91093059.0,818754235836.905
5741,Africa,1163,EGY,"Egypt, Arab Rep.",2012,67.1,90.2,67.3,63.5,61.5,40.7,64.3,69.8,57.6,46.2,94.0,61.1,91.1,94.6,49.1,69.5,61.3,58.4,35,35,18,15,20,0.06,5185467086633.14,93161001.0,963511290996.558
5742,Africa,1164,EGY,"Egypt, Arab Rep.",2013,67.1,89.8,67.2,63.4,64.6,42.7,64.4,70.0,57.3,48.2,94.0,57.8,91.2,94.8,48.8,69.3,57.2,60.8,70,30,15,9,60,0.06,5298793709533.22,95333553.0,1002088457671.01
5743,Africa,1165,EGY,"Egypt, Arab Rep.",2014,68.1,89.7,66.2,66.3,67.3,43.9,64.5,69.9,58.0,48.6,94.0,65.7,91.1,94.6,49.3,69.2,59.4,59.8,64,30,13,15,30,0.05,5453301864798.64,97528654.0,1000296471586.54
5744,Africa,1166,EGY,"Egypt, Arab Rep.",2015,66.4,89.4,65.7,66.3,45.0,45.1,64.6,70.1,58.1,50.5,82.4,66.5,91.1,94.5,49.0,69.1,60.6,60.5,54,40,14,32,5,0.05,5691721262703.19,99597342.0,1085943366513.33
5745,Africa,1167,EGY,"Egypt, Arab Rep.",2016,66.2,86.3,65.1,67.3,46.5,53.0,64.7,70.1,58.5,38.5,82.4,67.5,91.3,95.0,51.1,69.0,58.3,60.7,62,30,10,25,10,0.05,5939120092476.88,101644589.0,1084107404691.64
5746,Africa,1168,EGY,"Egypt, Arab Rep.",2017,67.7,82.0,65.0,66.6,65.1,54.0,64.8,69.9,62.1,45.7,83.9,66.6,91.5,95.1,51.0,68.8,58.3,60.3,65,35,13,35,35,0.05,6187447828995.64,103696057.0,1153591166057.27
5747,Africa,1169,EGY,"Egypt, Arab Rep.",2018,68.1,81.7,64.6,67.3,65.4,52.7,64.9,70.0,64.7,45.5,83.9,69.7,91.2,95.0,52.2,68.8,61.0,59.8,50,33,15,35,5,0.05,6517307393499.94,105682094.0,1302980395024.57
5748,Africa,1170,EGY,"Egypt, Arab Rep.",2019,68.3,81.4,63.3,69.5,66.4,51.5,65.0,69.9,66.7,50.3,83.9,68.5,91.1,94.9,51.4,68.7,61.8,57.1,63,35,15,40,60,0.05,6879154365747.34,107553158.0,1437311654157.39
5749,Africa,1171,EGY,"Egypt, Arab Rep.",2020,69.2,83.6,65.1,69.9,66.4,57.4,65.1,69.9,65.8,57.1,83.9,67.3,91.1,95.2,51.4,68.6,60.7,57.9,55,28,15,25,40,0.05,7123375685182.79,109315124.0,1665073256894.19
5750,Africa,1172,EGY,"Egypt, Arab Rep.",2021,69.5,85.6,65.2,69.4,67.9,57.6,65.1,69.9,64.7,57.9,83.9,66.9,91.2,95.1,51.4,68.6,61.7,58.9,63,30,15,28,35,,7357780763088.61,110957008.0,1728601012503.64
5751,Africa,1173,EGY,"Egypt, Arab Rep.",2022,69.6,88.0,65.3,69.4,67.9,57.7,65.1,69.9,64.9,57.9,83.9,68.5,91.2,95.1,51.5,68.3,60.1,58.8,67,40,15,30,45,,7842500000000.0,112618250.0,1973837735890.74
5752,North America,1174,SLV,El Salvador,2000,58.9,79.8,54.9,68.4,76.2,50.1,66.2,63.5,66.7,18.5,16.2,74.0,85.4,95.5,28.8,46.6,56.2,54.6,30,10,15,30,10,32.52,17394000000.0,5943366.0,26284209878.3362
5753,North America,1175,SLV,El Salvador,2001,59.1,79.8,54.1,68.0,76.6,49.7,66.3,64.2,66.7,18.5,16.3,74.1,85.3,95.5,29.0,46.5,56.2,57.9,35,17,15,20,20,32.31,17547000000.0,5968060.0,27112454179.2006
5754,North America,1176,SLV,El Salvador,2002,59.4,79.8,55.4,68.0,79.0,49.3,66.8,64.9,67.1,18.6,15.6,74.1,85.2,95.4,29.6,46.4,56.2,57.5,30,20,15,20,15,32.09,17823000000.0,5986631.0,27966864177.2524
5755,North America,1177,SLV,El Salvador,2003,59.5,79.8,55.3,69.4,80.7,49.6,67.2,65.1,66.7,18.6,17.6,74.2,85.0,95.3,27.7,46.4,56.2,56.5,30,17,18,22,15,31.87,18102000000.0,5998599.0,28965452811.1664
5756,North America,1178,SLV,El Salvador,2004,59.8,79.8,54.9,69.5,80.7,49.2,67.6,65.4,66.8,18.8,21.4,74.3,85.0,95.4,28.5,46.3,56.2,57.2,40,18,20,25,15,31.65,18263000000.0,6004671.0,30008906876.3667
5757,North America,1179,SLV,El Salvador,2005,60.8,79.8,54.2,71.3,81.0,48.8,67.8,66.4,66.6,18.9,20.4,74.5,85.0,95.4,31.4,57.8,56.2,58.1,30,20,20,35,5,31.44,18752600000.0,6005578.0,31779534671.1116
5758,North America,1180,SLV,El Salvador,2006,61.6,79.8,55.9,71.7,80.2,51.6,68.4,67.8,66.9,19.1,24.4,75.4,84.9,95.3,31.9,57.7,55.8,60.4,40,18,12,20,20,31.22,19565900000.0,6002319.0,34180345452.5987
5759,North America,1181,SLV,El Salvador,2007,61.9,79.8,54.5,72.4,79.3,58.0,68.8,67.3,67.0,19.1,26.8,72.6,83.9,95.2,31.6,58.0,55.6,62.3,25,18,20,18,15,31.0,19927400000.0,6009824.0,35755005601.732
5760,North America,1182,SLV,El Salvador,2008,62.2,79.8,55.6,72.8,80.5,55.5,69.2,68.8,67.3,19.8,22.7,71.5,83.2,95.4,36.4,58.1,56.0,65.0,35,15,25,35,10,30.79,20356716500.0,6029297.0,37229049247.6601
5761,North America,1183,SLV,El Salvador,2009,63.0,79.8,54.5,76.9,80.6,57.8,69.6,68.8,66.5,20.0,24.2,72.8,85.0,95.4,39.7,60.6,55.5,62.4,5,18,12,15,10,30.57,19927440500.0,6048279.0,36668754238.1559
5762,North America,1184,SLV,El Salvador,2010,64.2,79.8,52.9,78.9,82.7,58.5,70.0,69.8,67.9,20.7,35.0,77.2,84.2,95.4,31.1,69.8,55.7,62.7,5,16,15,20,8,30.35,20356716500.0,6068249.0,37913901081.5744
5763,North America,1185,SLV,El Salvador,2011,65.3,82.3,52.1,75.9,84.1,57.5,70.4,70.1,68.2,21.1,41.6,72.5,84.5,95.3,44.8,70.1,55.8,64.2,35,25,15,24,15,30.13,21124894500.0,6090127.0,40156336831.7232
5764,North America,1186,SLV,El Salvador,2012,66.5,84.2,53.9,78.8,83.5,61.0,70.8,71.0,68.5,21.7,43.9,77.8,85.4,95.4,44.9,70.0,57.8,62.8,40,18,15,20,15,29.92,21734918100.0,6113975.0,41014930721.7797
5765,North America,1187,SLV,El Salvador,2013,66.2,82.6,53.2,79.2,83.5,63.1,71.2,70.8,68.6,22.8,35.9,78.2,86.0,95.4,46.5,70.0,57.0,62.2,25,17,15,20,8,29.7,22209381000.0,6138839.0,43540259025.7112
5766,North America,1188,SLV,El Salvador,2014,67.9,86.5,53.0,78.9,83.9,65.6,71.6,70.8,71.9,25.7,45.4,81.5,86.0,95.5,48.8,70.5,57.8,61.7,42,18,18,25,15,29.48,22593470000.0,6162955.0,46245033584.1948
5767,North America,1189,SLV,El Salvador,2015,68.0,88.5,52.3,78.7,84.9,67.8,71.9,70.2,70.7,26.5,49.8,83.6,85.0,95.0,42.4,70.5,55.0,62.2,35,14,18,40,25,29.27,23135713300.0,6183676.0,49059658944.8194
5768,North America,1190,SLV,El Salvador,2016,68.3,88.7,54.8,79.1,84.5,68.0,72.3,70.9,70.5,26.6,52.4,82.6,85.7,95.0,42.2,70.4,52.6,64.5,40,18,15,20,5,29.05,23723143500.0,6200800.0,52431584608.9046
5769,North America,1191,SLV,El Salvador,2017,69.6,90.4,55.8,79.3,83.9,67.8,72.4,73.2,69.5,30.3,61.1,83.9,86.1,95.4,44.1,70.4,54.1,65.5,30,18,22,20,5,28.83,24256349400.0,6213533.0,55705683541.0245
5770,North America,1192,SLV,El Salvador,2018,69.6,91.5,55.0,78.9,83.8,67.0,72.5,72.3,69.4,31.6,58.8,88.3,86.5,95.0,42.4,68.6,57.0,65.4,40,15,18,22,30,28.61,24841520300.0,6219807.0,57245624328.4326
5771,North America,1193,SLV,El Salvador,2019,69.8,93.2,55.9,80.3,81.5,66.9,72.6,71.7,70.2,33.5,57.7,86.2,86.4,94.8,43.8,68.5,58.6,64.8,37,18,18,22,5,28.4,25447025300.0,6222318.0,60709614751.3463
5772,North America,1194,SLV,El Salvador,2020,70.0,91.0,56.0,77.5,81.6,67.9,72.6,72.7,70.0,34.8,57.7,84.3,86.4,95.0,43.6,68.4,62.7,67.6,38,18,15,32,15,28.18,23438465800.0,6234673.0,58560345367.2006
5773,North America,1195,SLV,El Salvador,2021,70.5,93.5,56.1,80.1,81.6,64.9,72.6,72.7,71.6,37.6,57.7,83.9,87.0,94.8,43.7,70.2,61.0,69.3,44,18,15,23,5,,26228759300.0,6255782.0,67623210509.8633
5774,North America,1196,SLV,El Salvador,2022,70.7,94.0,56.2,80.3,81.6,65.2,72.6,72.7,71.7,37.6,57.7,86.3,87.0,94.8,43.6,70.1,60.4,69.3,30,18,15,20,20,,27003718200.0,6280319.0,74584847418.3675
5821,Europe,1243,EST,Estonia,2000,71.2,100.0,62.4,73.0,93.0,67.9,83.5,74.5,78.3,36.7,69.2,86.7,57.7,63.4,74.0,63.4,78.4,48.1,18,48,55,65,10,51.5,14685331000.0,1396985.0,13163087062.2361
5822,Europe,1244,EST,Estonia,2001,71.3,100.0,61.9,73.9,93.0,67.9,83.5,73.6,78.4,38.2,69.2,86.7,57.8,62.8,75.6,63.5,78.5,47.6,15,45,75,60,10,51.73,15548938000.0,1388115.0,14311462708.227
5823,Europe,1245,EST,Estonia,2002,71.5,100.0,60.4,74.3,94.1,67.9,83.5,74.4,80.1,39.9,69.2,86.7,56.8,63.3,75.5,63.5,78.4,47.7,20,30,60,70,8,51.95,16626946000.0,1379350.0,16092414317.885
5824,Europe,1246,EST,Estonia,2003,71.5,100.0,60.6,75.6,94.5,68.4,83.3,74.9,79.2,41.4,69.2,86.7,55.8,60.9,75.6,63.6,78.4,47.6,20,30,70,75,8,52.17,17889979000.0,1370720.0,18006762793.7235
5825,Europe,1247,EST,Estonia,2004,75.0,100.0,62.5,75.9,95.9,68.4,83.0,75.0,79.9,43.9,74.2,86.7,56.6,60.7,90.5,96.2,79.1,47.1,10,35,75,65,5,52.4,19106623000.0,1362550.0,19811437600.6564
5826,Europe,1248,EST,Estonia,2005,75.4,100.0,64.4,76.7,95.8,68.4,82.8,74.6,81.2,46.6,74.5,86.6,56.2,60.9,90.4,96.2,79.2,46.9,15,20,78,72,10,52.62,20926157000.0,1354775.0,22540852088.499
5827,Europe,1249,EST,Estonia,2006,75.3,100.0,62.6,75.4,95.8,68.4,82.6,73.6,82.2,49.5,74.1,86.6,55.8,61.6,90.3,96.2,79.1,46.6,10,35,85,75,10,52.84,22969088000.0,1346810.0,26058600905.5404
5828,Europe,1250,EST,Estonia,2007,75.8,100.0,65.7,76.0,96.5,69.4,82.5,75.2,82.8,51.6,77.6,87.0,54.2,57.1,90.4,96.2,79.2,46.6,15,38,75,45,10,53.07,24708059000.0,1340680.0,29764911796.7833
5829,Europe,1251,EST,Estonia,2008,76.2,100.0,63.7,78.2,96.4,69.4,83.1,75.4,82.3,54.1,76.6,85.8,54.3,59.6,90.6,96.2,80.1,49.0,30,40,82,60,8,53.29,23441694000.0,1337090.0,30490357853.7946
5830,Europe,1252,EST,Estonia,2009,77.0,100.0,64.4,79.2,95.8,70.4,83.6,76.6,78.1,55.0,77.3,89.8,56.1,63.9,90.7,96.2,80.9,51.0,15,30,82,68,8,53.52,20012122000.0,1334515.0,27328535102.0527
5831,Europe,1253,EST,Estonia,2010,76.7,100.0,63.0,82.8,95.6,71.0,82.5,78.3,76.3,55.9,76.5,89.8,55.7,58.1,90.8,96.2,81.1,49.7,22,25,70,65,7,53.74,20502369000.0,1331475.0,28782111932.212
5832,Europe,1254,EST,Estonia,2011,76.2,100.0,63.7,83.4,96.0,69.5,82.4,78.0,78.7,61.7,75.8,90.7,55.1,55.4,80.3,96.2,80.4,48.3,20,45,63,60,10,54.13,22061979000.0,1327439.0,32724505473.0258
5833,Europe,1255,EST,Estonia,2012,76.8,100.0,65.8,83.9,96.9,70.0,83.0,77.5,79.9,66.1,75.2,90.0,54.2,54.7,82.9,96.2,81.2,47.9,30,40,75,75,10,54.52,22872099000.0,1322696.0,34710887167.1947
5834,Europe,1256,EST,Estonia,2013,77.0,100.0,64.9,84.1,96.1,70.6,82.7,77.4,80.7,67.4,72.1,93.4,54.2,55.1,84.0,96.2,82.7,48.3,25,30,80,75,10,54.91,23273846000.0,1317997.0,36681375664.2114
5835,Europe,1257,EST,Estonia,2014,77.5,100.0,65.2,84.7,96.6,71.5,82.7,77.5,81.4,71.6,75.3,93.3,53.0,51.8,84.2,96.2,85.0,47.9,18,35,70,62,8,55.3,24047187000.0,1314545.0,38652432196.4736
5836,Europe,1258,EST,Estonia,2015,78.8,100.0,68.2,86.2,96.0,74.5,83.0,78.0,82.2,72.4,81.7,92.3,53.9,58.0,81.0,96.2,87.0,49.4,20,34,75,72,7,55.69,24489211000.0,1315407.0,39094673598.3447
5837,Europe,1259,EST,Estonia,2016,78.3,100.0,62.1,86.4,95.2,74.3,82.6,78.3,81.9,70.3,87.0,94.0,52.6,54.8,78.7,96.2,87.3,49.6,20,40,85,70,7,55.77,25246667000.0,1315790.0,42036565381.3875
5838,Europe,1260,EST,Estonia,2017,79.6,100.0,66.1,87.8,96.0,76.0,82.5,79.0,82.5,79.9,89.7,92.0,52.7,54.7,81.9,96.2,86.9,48.9,15,35,80,70,8,55.85,26669234000.0,1317384.0,45458506883.4267
5839,Europe,1261,EST,Estonia,2018,79.7,100.0,61.5,87.2,96.0,76.0,82.9,78.8,82.1,80.8,90.1,92.5,52.4,51.9,85.9,96.1,89.7,51.7,15,38,70,68,7,55.93,27655915000.0,1321977.0,49073092321.7703
5840,Europe,1262,EST,Estonia,2019,80.7,100.0,64.9,88.6,96.0,77.9,84.1,78.0,81.7,82.4,89.1,93.3,52.2,59.0,87.6,96.1,90.0,51.8,18,40,80,65,7,56.01,28686554000.0,1326898.0,53853984376.4777
5841,Europe,1263,EST,Estonia,2020,81.1,100.0,64.8,89.9,96.0,77.3,84.1,78.0,80.5,81.3,89.1,92.5,52.2,62.8,87.6,96.1,90.5,55.1,18,25,80,72,8,56.09,27859289000.0,1329522.0,54074496993.4123
5842,Europe,1264,EST,Estonia,2021,81.0,100.0,63.2,89.9,96.1,76.3,84.1,78.0,82.0,82.4,89.1,91.3,52.6,61.5,87.5,96.1,90.4,56.2,18,35,82,68,8,,29852467000.0,1330932.0,58895787305.748
5843,Europe,1265,EST,Estonia,2022,81.7,100.0,63.2,89.5,96.1,76.8,84.1,78.0,82.2,83.3,89.1,90.5,52.6,61.5,87.5,96.1,91.0,67.3,18,30,70,65,10,,29870507000.0,1348840.0,64477259538.1489
5844,Africa,1266,SWZ,Eswatini,2000,48.1,22.9,56.1,23.0,55.2,58.0,39.4,39.8,45.3,13.2,13.9,66.5,86.2,96.8,0.0,50.4,50.9,51.9,20,20,15,25,5,27.52,36009065037.155,1041414.0,4605786407.29298
5845,Africa,1267,SWZ,Eswatini,2001,48.2,22.9,57.4,22.7,55.6,58.0,39.8,43.4,44.5,13.1,13.9,66.6,86.2,97.1,0.0,50.4,49.2,50.5,10,10,15,18,10,27.59,36388876083.193,1051064.0,4759168538.65317
5846,Africa,1268,SWZ,Eswatini,2002,48.4,22.9,56.4,23.5,56.7,58.0,40.2,44.9,43.9,13.2,13.9,66.8,86.2,97.2,0.0,50.4,50.8,48.9,30,30,12,45,12,27.66,37982744838.6454,1059441.0,5044821451.04078
5847,Africa,1269,SWZ,Eswatini,2003,49.0,22.9,57.5,23.1,55.8,62.0,40.7,46.3,43.1,13.2,13.9,66.9,86.2,97.4,0.0,50.4,50.8,53.0,30,15,12,20,10,27.73,39456556535.8053,1066700.0,5344036677.86251
5848,Africa,1270,SWZ,Eswatini,2004,49.1,22.9,55.9,23.1,57.5,61.5,41.2,47.0,43.1,13.3,13.9,67.0,86.2,97.4,0.0,50.4,49.5,55.8,5,20,13,20,12,27.8,40886428251.317,1073159.0,5686613579.97076
5849,Africa,1271,SWZ,Eswatini,2005,49.8,22.9,55.2,24.1,58.4,60.9,41.6,49.6,43.1,13.6,13.9,67.3,86.2,97.4,0.0,50.4,53.0,58.5,10,15,15,25,5,27.87,43339113690.1786,1079022.0,6216737891.83715
5850,Africa,1272,SWZ,Eswatini,2006,51.1,22.9,56.5,25.9,60.4,60.2,42.2,54.5,43.1,13.6,13.9,69.5,86.2,97.4,0.0,50.4,54.4,65.9,40,20,18,25,15,27.94,45936065731.4864,1084436.0,6792457076.88542
5851,Africa,1273,SWZ,Eswatini,2007,51.1,22.9,56.6,26.2,61.3,59.1,42.8,56.3,43.1,13.6,13.9,69.6,86.2,97.4,0.0,50.4,54.6,63.9,20,30,18,20,10,28.01,47973502740.7138,1090705.0,7285915483.80246
5852,Africa,1274,SWZ,Eswatini,2008,51.6,22.9,58.1,26.4,61.3,60.5,43.4,57.7,43.1,14.3,13.9,71.8,86.2,97.4,0.0,50.4,51.7,67.1,30,20,18,20,10,28.08,48367683711.314,1098091.0,7487313103.01275
5853,Africa,1275,SWZ,Eswatini,2009,51.4,22.9,56.9,26.0,61.2,60.2,44.1,56.0,43.1,14.9,16.2,71.9,86.2,97.3,0.0,50.4,52.6,62.6,10,20,18,35,15,28.15,49124661584.5705,1105153.0,7651396257.38349
5854,Africa,1276,SWZ,Eswatini,2010,52.1,22.9,56.0,29.2,68.0,64.2,44.7,59.3,43.1,15.7,16.2,74.0,86.2,97.5,0.0,50.4,52.0,54.0,40,30,10,28,5,28.22,50988330927.7187,1111650.0,8038185567.46275
5855,Africa,1277,SWZ,Eswatini,2011,52.9,25.3,56.0,29.7,71.5,65.1,45.3,62.3,43.3,16.7,16.2,74.3,86.2,97.5,0.0,50.3,53.1,54.2,43,20,25,20,10,28.29,52134155802.2337,1117833.0,8388385350.80315
5856,Africa,1278,SWZ,Eswatini,2012,54.2,27.2,57.2,30.6,68.1,65.8,46.0,64.6,44.2,17.0,16.2,76.5,86.2,97.1,0.0,50.3,57.8,61.6,15,15,15,25,10,28.36,54947643696.1254,1123863.0,8717061582.03999
5857,Africa,1279,SWZ,Eswatini,2013,54.4,29.5,57.6,32.2,66.8,65.0,46.6,64.9,45.0,18.0,16.2,76.5,86.2,96.6,0.0,50.4,58.2,60.6,40,15,15,35,18,28.43,57069289700.0,1129990.0,9303890260.94781
5858,Africa,1280,SWZ,Eswatini,2014,55.6,31.6,57.7,33.6,66.4,66.5,47.2,70.5,45.7,19.1,16.2,78.9,86.2,98.0,0.0,50.4,58.5,63.4,15,5,15,20,5,28.51,57888746200.0,1136299.0,9508092286.25292
5859,Africa,1281,SWZ,Eswatini,2015,55.4,32.3,57.3,33.8,65.7,67.1,47.8,67.6,46.5,20.2,16.2,79.0,86.2,97.8,0.0,50.4,58.5,59.3,40,20,20,40,10,28.58,59073688400.0,1142813.0,9592033992.45495
5860,Africa,1282,SWZ,Eswatini,2016,54.5,32.5,48.4,34.7,69.6,67.4,48.4,61.5,47.3,20.8,11.8,81.4,86.0,97.4,0.0,50.4,57.1,56.8,20,15,15,22,15,28.65,61835883000.0,1149507.0,9757468696.69039
5861,Africa,1283,SWZ,Eswatini,2017,55.9,34.2,48.8,35.8,70.3,67.6,49.1,65.8,47.3,29.4,11.8,81.5,85.8,97.6,0.0,50.4,56.3,62.8,30,25,25,20,15,28.72,62736703800.0,1158195.0,9944607527.38217
5862,Africa,1284,SWZ,Eswatini,2018,56.4,34.0,49.2,35.3,72.2,68.3,49.8,67.5,47.3,31.5,11.8,84.2,85.6,97.5,0.0,50.0,55.9,62.1,30,28,17,18,5,28.79,62897677400.0,1168929.0,9979139798.05611
5863,Africa,1285,SWZ,Eswatini,2019,56.9,32.5,49.6,37.2,74.0,68.5,50.5,69.3,47.2,35.0,11.8,84.4,85.4,97.4,0.0,50.0,56.7,61.3,10,25,22,45,12,28.86,66723854100.0,1179874.0,10911800832.5906
5864,Africa,1286,SWZ,Eswatini,2020,57.3,32.0,49.9,36.8,74.2,69.7,50.5,70.5,44.2,37.9,11.8,84.4,85.4,97.5,0.0,50.3,57.6,63.2,35,18,20,20,5,28.93,64813628800.0,1192729.0,11089502959.4158
5865,Africa,1287,SWZ,Eswatini,2021,57.5,32.9,50.3,37.2,74.2,70.0,50.5,70.5,44.9,40.9,11.8,84.4,85.3,97.5,0.0,50.6,56.7,61.8,10,30,15,20,10,,67039956800.0,1206593.0,12000822909.8146
5866,Africa,1288,SWZ,Eswatini,2022,57.9,33.7,50.4,35.7,74.2,70.0,50.5,70.5,44.8,40.9,11.8,86.8,85.3,97.5,0.0,50.6,53.7,60.8,25,15,18,23,10,,67790529900.0,1218917.0,13000358552.0008
5867,Africa,1289,ETH,Ethiopia,2000,44.2,20.9,34.6,19.1,0.4,21.7,39.0,18.2,64.4,17.8,89.2,43.7,99.0,99.0,0.0,56.8,38.0,44.7,50,72,15,20,10,16.55,384969194726.35,67411494.0,31946530375.1548
5868,Africa,1290,ETH,Ethiopia,2001,44.2,20.9,35.6,19.9,0.4,21.7,39.0,17.2,64.6,17.8,89.2,43.8,99.0,99.0,0.0,56.8,38.0,44.6,5,70,15,18,15,16.48,416926666820.236,69487762.0,35377560876.4187
5869,Africa,1291,ETH,Ethiopia,2002,44.2,20.9,32.8,20.6,0.4,21.7,39.0,17.4,64.7,17.8,89.2,44.1,99.0,99.0,0.0,56.8,38.0,45.4,10,65,15,20,15,16.42,423241962219.028,71635517.0,36471526728.4293
5870,Africa,1292,ETH,Ethiopia,2003,44.3,20.9,33.2,21.5,0.4,21.7,38.4,18.1,64.8,17.8,89.2,44.1,99.0,99.0,0.0,56.8,38.0,46.0,55,60,10,24,15,16.35,414094180920.778,73832663.0,36387745409.6878
5871,Africa,1293,ETH,Ethiopia,2004,44.5,20.9,34.0,22.5,2.5,22.1,37.9,19.0,64.9,17.8,89.2,45.1,99.0,99.0,0.0,56.8,38.0,43.5,45,60,15,20,15,16.29,470297540710.025,76077206.0,42437815732.4763
5872,Africa,1294,ETH,Ethiopia,2005,45.6,20.9,36.7,23.4,4.4,32.9,37.4,19.9,65.0,17.8,89.2,45.5,99.0,99.0,0.0,56.8,38.0,43.3,43,65,15,18,20,16.22,525880906299.391,78367470.0,48941322952.6669
5873,Africa,1295,ETH,Ethiopia,2006,46.1,20.9,37.4,25.5,6.8,33.2,37.2,21.6,65.0,17.8,89.2,46.4,99.0,99.0,0.0,56.8,38.0,44.6,15,60,15,18,5,16.16,582858667188.491,80703490.0,55916777551.59
5874,Africa,1296,ETH,Ethiopia,2007,46.7,20.9,36.9,27.3,14.2,33.3,37.0,21.9,65.0,17.8,89.2,46.4,99.0,99.0,0.0,56.9,38.0,44.9,38,75,15,20,7,16.09,649631929475.716,83103217.0,64011179925.1097
5875,Africa,1297,ETH,Ethiopia,2008,47.2,20.9,37.0,29.4,20.3,32.7,36.8,22.1,65.1,17.8,89.2,47.4,99.0,99.0,0.0,56.9,38.0,43.6,42,60,15,20,15,16.03,719717611062.307,85543668.0,72283405439.4668
5876,Africa,1298,ETH,Ethiopia,2009,47.5,20.9,40.9,31.5,19.6,32.3,36.7,22.8,65.1,17.8,89.2,47.4,99.0,99.0,0.0,56.9,38.0,42.5,40,66,15,18,10,15.96,783071136650.187,88007636.0,79131265191.9854
5877,Africa,1299,ETH,Ethiopia,2010,47.9,20.9,41.7,35.5,18.8,42.1,36.5,24.7,65.1,18.1,78.5,48.0,99.0,99.0,0.0,56.9,38.0,43.3,58,72,15,17,15,15.9,881350779931.384,90538514.0,90145031680.7639
5878,Africa,1300,ETH,Ethiopia,2011,48.7,24.3,47.1,36.7,20.9,42.1,36.3,24.5,65.1,18.1,78.5,47.9,99.0,98.9,0.0,57.1,38.0,44.1,20,65,7,25,5,15.83,979870780912.536,93149970.0,102289393957.91
5879,Africa,1301,ETH,Ethiopia,2012,49.3,24.1,47.8,38.4,20.8,42.1,36.2,26.9,65.1,21.5,78.5,48.8,99.0,98.7,0.0,57.2,38.0,45.6,40,58,15,35,15,15.77,1064608160296.32,95798767.0,112944326945.938
5880,Africa,1302,ETH,Ethiopia,2013,49.6,26.6,49.7,38.1,20.8,44.2,36.0,27.3,65.1,23.3,78.5,49.1,99.0,98.8,0.0,57.3,36.6,43.3,40,68,13,33,20,15.7,1177267870774.77,98438751.0,123330855990.703
5881,Africa,1303,ETH,Ethiopia,2014,50.5,27.8,52.8,38.9,25.3,46.6,36.0,26.0,65.0,23.9,78.5,50.9,99.0,98.6,0.0,57.3,38.8,42.5,45,65,15,25,30,15.63,1298026039751.67,101115610.0,150119415264.863
5882,Africa,1304,ETH,Ethiopia,2015,50.8,30.1,54.0,41.5,25.9,54.2,36.3,27.1,63.8,24.2,71.7,49.0,99.0,98.3,0.0,57.3,36.8,43.1,68,63,15,33,25,15.57,1432922915925.86,103867135.0,169575372912.615
5883,Africa,1305,ETH,Ethiopia,2016,51.4,30.5,52.9,42.4,28.9,55.4,36.7,31.2,63.7,24.4,71.7,49.9,99.0,98.2,0.0,57.3,36.4,43.5,40,65,15,22,20,15.5,1568097450700.0,106718162.0,198234264745.131
5884,Africa,1306,ETH,Ethiopia,2017,52.3,32.5,53.0,43.3,34.1,55.7,37.2,31.5,66.1,24.4,71.7,50.9,98.9,98.4,0.0,57.7,35.2,46.0,63,72,15,30,20,15.44,1718073264900.0,109666481.0,219853609796.202
5885,Africa,1307,ETH,Ethiopia,2018,52.5,32.6,52.3,43.9,34.1,57.3,37.7,31.9,65.5,24.5,71.7,52.9,98.9,98.2,0.0,57.6,36.3,44.3,60,71,18,22,20,15.37,1835179677700.0,112664152.0,236067178129.627
5886,Africa,1308,ETH,Ethiopia,2019,53.2,35.2,54.3,46.7,34.1,57.8,38.2,33.0,67.1,25.1,71.7,51.2,98.8,98.2,0.0,57.6,38.9,43.2,38,70,14,25,20,15.31,1988675679300.0,115737383.0,259534702292.272
5887,Africa,1309,ETH,Ethiopia,2020,53.7,38.6,53.5,48.3,34.1,57.5,38.7,34.1,65.7,25.7,71.7,55.7,98.8,98.2,0.0,57.6,38.1,42.6,55,70,15,23,20,15.24,2109180096400.0,118917671.0,286209788226.356
5888,Africa,1310,ETH,Ethiopia,2021,54.3,44.9,53.5,48.0,31.7,59.6,38.7,34.1,66.1,26.3,71.7,55.7,98.8,98.2,0.0,57.8,38.0,45.4,70,72,22,18,30,,2228170138900.0,122138588.0,316145121458.38
5889,Africa,1311,ETH,Ethiopia,2022,54.5,48.8,53.7,46.5,31.7,59.7,38.7,34.1,66.1,26.3,71.7,48.0,98.8,98.2,0.0,57.8,34.7,46.1,70,68,18,18,5,,2346748003500.0,125384287.0,356708609996.737
5890,Oceania,1312,FJI,Fiji,2000,66.7,92.3,62.1,68.7,68.8,45.9,67.0,66.6,51.8,23.3,60.9,90.6,86.1,97.5,66.4,46.9,78.0,61.2,30,45,22,15,5,55.09,6814214500.0,840909.0,4728835182.12998
5891,Oceania,1313,FJI,Fiji,2001,66.3,92.3,60.0,69.4,71.0,46.3,67.0,61.3,52.0,23.3,60.9,90.6,86.1,97.0,64.7,46.8,78.0,59.9,15,45,10,15,8,55.45,6950498800.0,849596.0,4932020172.12831
5892,Oceania,1314,FJI,Fiji,2002,66.9,92.3,59.6,69.6,71.9,46.6,67.1,67.4,52.1,24.0,60.9,90.6,86.1,97.5,65.2,46.7,78.0,61.1,30,45,10,15,8,55.82,7172914700.0,858049.0,5168940689.68073
5893,Oceania,1315,FJI,Fiji,2003,66.7,92.3,60.5,67.5,72.0,47.0,67.3,62.9,52.0,24.5,60.9,90.6,86.1,97.1,66.7,46.6,78.0,61.1,35,35,15,20,10,56.19,7244643800.0,866286.0,5323701729.75235
5894,Oceania,1316,FJI,Fiji,2004,66.6,92.3,59.0,68.5,72.7,48.8,67.6,59.4,52.2,25.0,60.9,90.6,86.1,96.3,67.0,47.2,78.1,61.0,35,45,20,18,8,56.55,7628609900.0,874366.0,5756604335.57854
5895,Oceania,1317,FJI,Fiji,2005,67.0,92.3,59.0,69.5,72.7,49.1,67.9,63.4,53.8,25.2,60.9,90.7,86.1,97.1,66.9,47.0,78.1,59.2,35,65,18,20,5,56.92,7682010200.0,882379.0,5978659772.90914
5896,Oceania,1318,FJI,Fiji,2006,67.3,92.3,59.7,69.2,72.6,49.5,68.2,63.3,53.7,26.0,60.9,90.9,86.1,96.7,67.1,47.7,78.1,61.4,40,72,8,20,8,57.28,7824318200.0,890365.0,6277201050.81957
5897,Oceania,1319,FJI,Fiji,2007,67.7,92.3,60.4,70.6,72.6,49.8,68.6,63.9,53.4,26.6,60.9,90.9,86.1,96.9,69.7,47.6,78.2,61.8,35,50,15,10,8,57.65,7757760300.0,897832.0,6392422701.29284
5898,Oceania,1320,FJI,Fiji,2008,66.9,92.3,58.0,71.1,72.9,49.9,69.0,66.9,53.3,26.4,50.9,91.3,86.1,97.7,67.0,47.5,78.4,58.7,35,65,25,20,10,58.01,7837882000.0,903399.0,6582878726.44717
5899,Oceania,1321,FJI,Fiji,2009,67.0,92.3,59.2,72.6,71.3,50.1,69.3,67.3,53.0,27.1,50.9,91.3,86.1,98.0,65.6,47.4,77.9,59.0,25,65,13,20,8,58.38,7729246000.0,907239.0,6531676713.38899
5900,Oceania,1322,FJI,Fiji,2010,66.4,92.3,58.5,72.9,71.7,50.3,69.7,59.9,53.0,27.5,50.9,91.4,86.1,97.0,67.3,47.3,74.2,58.5,40,55,18,20,10,58.74,7957619900.0,910419.0,6806390338.76078
5901,Oceania,1323,FJI,Fiji,2011,66.8,93.1,57.4,72.9,74.9,50.3,70.1,63.3,52.8,29.6,50.9,91.3,86.1,97.2,65.8,47.3,74.2,57.7,35,61,20,25,5,59.11,8172884900.0,912989.0,7134734867.15989
5902,Oceania,1324,FJI,Fiji,2012,67.0,93.6,55.9,73.1,74.2,50.5,70.4,64.2,52.8,33.9,50.9,92.1,86.1,97.3,64.1,47.2,74.2,58.4,10,60,20,40,10,59.47,8288230000.0,914918.0,7646151649.1012
5903,Oceania,1325,FJI,Fiji,2013,68.8,94.6,57.2,73.6,75.7,53.1,70.8,64.4,53.0,41.7,65.8,92.4,86.1,97.2,65.4,47.0,74.2,57.2,20,55,20,35,7,59.84,8680613000.0,916352.0,8253358874.67118
5904,Oceania,1326,FJI,Fiji,2014,69.5,94.6,62.3,73.1,76.1,55.7,71.2,64.3,53.1,42.9,65.8,92.8,86.1,96.8,66.0,47.0,75.2,57.8,10,60,18,15,8,60.2,9167032400.0,917585.0,9829197068.29942
5905,Oceania,1327,FJI,Fiji,2015,69.4,94.4,57.8,72.7,76.3,56.1,71.5,63.1,53.0,44.5,65.8,93.0,86.1,96.6,68.1,46.9,74.7,59.4,20,55,15,45,8,60.57,9579658900.0,918578.0,10778358104.4316
5906,Oceania,1328,FJI,Fiji,2016,69.5,93.7,57.6,72.8,76.0,55.5,71.9,62.0,53.0,46.4,65.8,93.6,85.9,96.8,68.9,46.8,75.6,59.5,15,65,30,35,10,60.94,9813944000.0,919166.0,11015803386.2391
5907,Oceania,1329,FJI,Fiji,2017,71.2,93.5,57.5,72.4,89.3,55.6,72.2,64.0,53.1,56.9,65.8,93.7,85.7,96.4,69.2,46.7,75.8,62.0,25,45,36,45,8,61.3,10339320200.0,918759.0,11778089335.1771
5908,Oceania,1330,FJI,Fiji,2018,71.7,92.9,58.2,71.8,98.1,57.6,72.3,64.3,53.0,53.8,65.8,93.8,85.4,96.3,71.9,45.7,76.4,61.7,20,60,30,40,10,61.67,10733491400.0,917180.0,12130548808.6754
5909,Oceania,1331,FJI,Fiji,2019,73.0,91.3,59.1,71.4,98.7,57.7,72.4,62.8,52.7,56.0,88.1,94.0,85.2,96.3,72.5,45.6,76.2,60.9,20,52,25,45,5,62.03,10671028200.0,914899.0,12094688035.2592
5910,Oceania,1332,FJI,Fiji,2020,72.8,86.2,59.4,71.3,98.0,57.8,72.4,63.4,52.0,59.6,88.1,94.0,85.2,96.1,73.1,45.6,76.2,59.2,30,65,30,30,5,62.4,8852827200.0,914963.0,10279861871.0686
5911,Oceania,1333,FJI,Fiji,2021,72.7,84.2,61.2,71.2,93.6,58.9,72.4,63.4,51.8,60.4,88.1,94.0,84.6,96.0,73.1,46.0,76.0,61.4,15,55,24,45,10,,8420717500.0,916711.0,9795237652.39681
5912,Oceania,1334,FJI,Fiji,2022,72.9,89.7,61.2,71.2,93.6,59.0,72.4,63.4,53.3,60.4,88.1,94.0,84.6,96.0,73.1,45.8,71.8,61.4,15,63,30,30,7,,10087407100.0,919422.0,12570554288.7776
5913,Europe,1335,FIN,Finland,2000,82.8,99.5,66.3,90.6,99.7,84.0,94.3,85.5,84.9,75.9,98.8,91.4,54.3,60.1,86.4,80.0,90.8,64.8,10,15,85,81,8,73.86,187521651000.0,5176209.0,138603940251.911
5914,Europe,1336,FIN,Finland,2001,82.7,99.5,65.0,90.8,99.9,84.0,94.3,84.3,85.3,76.6,98.8,91.4,55.3,58.4,86.1,80.0,90.7,65.2,8,19,85,78,10,73.79,192472714000.0,5188008.0,144231939216.59
5915,Europe,1337,FIN,Finland,2002,82.8,99.5,65.3,90.9,99.6,84.1,94.3,84.1,85.2,79.6,98.8,91.4,55.0,57.6,84.8,80.1,90.9,66.1,7,10,82,80,0,73.72,195720357000.0,5200598.0,148717655863.497
5916,Europe,1338,FIN,Finland,2003,82.7,99.5,64.8,91.4,99.1,84.6,94.3,83.6,85.1,80.8,98.5,91.4,54.7,55.2,84.1,80.2,91.0,66.8,7,15,80,81,7,73.66,199657859000.0,5213014.0,151419337968.314
5917,Europe,1339,FIN,Finland,2004,83.0,99.5,64.3,91.5,98.5,84.6,94.3,85.1,85.0,81.3,98.2,91.4,55.1,56.5,84.5,82.7,90.8,67.0,10,15,78,83,7,73.59,207654914000.0,5228172.0,163115261980.532
5918,Europe,1340,FIN,Finland,2005,83.7,99.5,65.0,92.3,98.2,84.6,94.0,85.3,86.2,81.6,98.6,91.4,56.0,60.3,86.9,84.4,90.9,67.1,10,15,88,70,10,73.52,213422133000.0,5246096.0,168125347142.81
5919,Europe,1341,FIN,Finland,2006,83.5,99.5,64.6,92.8,97.8,84.8,93.6,85.1,86.6,82.4,97.7,91.4,55.9,56.8,87.5,84.4,91.2,67.0,10,25,75,80,8,73.45,222000792000.0,5266268.0,181410895505.158
5920,Europe,1342,FIN,Finland,2007,83.7,99.5,65.3,92.7,98.2,86.6,93.9,85.4,87.0,82.6,97.3,91.4,55.6,57.4,87.7,84.4,90.8,66.3,10,15,82,82,10,73.39,233795254000.0,5288720.0,200147870113.973
5921,Europe,1343,FIN,Finland,2008,84.0,99.5,64.6,92.9,98.5,86.8,94.1,87.0,87.1,83.8,98.6,89.8,55.8,60.1,87.7,84.4,89.8,67.0,8,15,85,79,8,73.32,235629217000.0,5313399.0,212967520899.0
5922,Europe,1344,FIN,Finland,2009,84.8,99.5,65.6,93.3,97.2,86.1,94.3,85.9,86.3,93.3,100.0,89.8,57.5,61.0,87.7,84.4,89.9,69.1,7,12,85,75,7,73.25,216599728000.0,5338871.0,202709787089.751
5923,Europe,1345,FIN,Finland,2010,84.6,99.5,62.1,94.1,98.0,86.3,94.3,86.2,86.2,95.8,99.1,89.7,57.0,58.5,87.3,84.4,90.3,69.1,10,12,85,85,7,73.19,223462231000.0,5363352.0,208905524120.84
5924,Europe,1346,FIN,Finland,2011,85.2,99.5,64.5,94.0,98.3,87.7,94.3,87.1,86.4,96.2,99.2,90.1,57.6,61.6,87.1,84.5,90.2,69.2,10,15,83,82,7,73.3,228803860000.0,5388272.0,220089124654.258
5925,Europe,1347,FIN,Finland,2012,85.5,99.5,64.2,94.4,98.4,87.9,94.3,89.1,86.5,97.4,100.0,89.5,57.6,61.5,86.9,84.5,90.0,71.0,10,15,85,82,8,73.41,225319543000.0,5413971.0,220560377327.338
5926,Europe,1348,FIN,Finland,2013,85.5,99.5,65.1,94.5,98.8,89.2,94.3,89.1,86.2,97.1,99.7,89.6,57.7,62.1,87.4,84.5,88.4,71.1,10,20,85,81,10,73.52,223111995000.0,5438972.0,224769897399.589
5927,Europe,1349,FIN,Finland,2014,85.5,99.5,64.9,94.7,97.9,89.4,94.3,90.3,86.0,94.1,100.0,90.7,57.9,64.8,84.9,84.5,89.1,71.1,15,15,88,78,7,73.63,222045367000.0,5461512.0,226909976741.879
5928,Europe,1350,FIN,Finland,2015,85.9,99.5,64.0,95.0,98.3,89.1,94.3,91.6,85.7,93.0,99.7,90.8,58.7,69.1,85.0,85.0,91.1,70.6,10,20,82,75,10,73.74,223081217000.0,5479531.0,231615508030.819
5929,Europe,1351,FIN,Finland,2016,85.4,99.5,63.7,95.2,98.7,88.9,94.3,91.1,86.0,86.0,99.7,92.0,58.2,67.5,85.1,85.1,90.4,69.9,10,20,85,79,8,73.74,228818719000.0,5495303.0,244883896491.636
5930,Europe,1352,FIN,Finland,2017,86.0,99.5,64.2,94.8,98.5,89.1,94.3,92.2,86.1,94.4,98.8,93.7,58.1,68.5,85.1,85.1,89.8,69.1,10,25,85,78,7,73.74,236377448000.0,5508214.0,260179677811.909
5931,Europe,1353,FIN,Finland,2018,85.6,99.5,61.4,95.2,97.5,89.3,94.3,92.1,86.8,94.7,98.4,91.2,57.8,66.3,85.3,85.1,90.6,69.0,12,20,88,78,8,73.74,239197378000.0,5515525.0,271632312186.529
5932,Europe,1354,FIN,Finland,2019,86.1,99.6,63.6,95.6,98.1,91.8,94.3,93.0,87.1,95.0,97.2,89.2,57.7,67.3,88.0,85.1,91.7,69.6,12,18,83,86,10,73.74,242425917000.0,5521606.0,288648091314.829
5933,Europe,1355,FIN,Finland,2020,86.4,99.5,62.4,95.5,97.2,91.2,94.3,93.0,86.5,95.9,98.5,91.2,57.7,68.8,88.1,85.1,92.5,71.4,15,25,85,80,8,73.74,236387000000.0,5529543.0,294705726881.034
5934,Europe,1356,FIN,Finland,2021,86.6,99.6,60.9,95.4,97.2,91.3,94.3,93.0,86.5,96.0,98.5,92.0,60.1,68.8,88.0,85.1,92.2,72.7,12,22,83,79,8,,242713535000.0,5541017.0,314676442275.461
5935,Europe,1357,FIN,Finland,2022,86.8,99.6,60.9,95.4,97.2,92.1,94.3,93.0,86.8,96.0,98.5,91.2,60.1,68.8,87.9,85.1,92.5,75.6,15,20,82,72,7,,244565541000.0,5556106.0,340851311803.993
5936,Europe,1358,FRA,France,2000,75.1,99.8,74.6,88.7,93.2,68.8,88.1,75.0,83.3,66.4,86.8,87.8,56.4,68.5,47.1,54.0,74.5,64.3,18,10,65,70,7,27.92,1945540500000.0,60918661.0,1583999694706.05
5937,Europe,1359,FRA,France,2001,75.3,99.8,73.2,88.9,93.2,68.9,88.1,75.0,84.1,68.4,86.8,87.8,56.2,68.4,48.4,54.5,74.5,64.4,20,18,55,62,7,28.13,1982495400000.0,61364377.0,1678300037622.89
5938,Europe,1360,FRA,France,2002,75.6,99.8,74.7,89.4,93.1,69.6,88.1,74.7,84.1,69.4,86.8,87.8,56.6,68.6,47.9,54.3,74.4,64.9,20,15,65,60,8,28.33,2003663500000.0,61812142.0,1752380317938.26
5939,Europe,1361,FRA,France,2003,75.5,99.8,71.6,90.2,93.0,69.7,88.1,74.8,84.3,70.9,86.4,87.8,56.7,68.5,48.0,54.7,74.5,64.9,20,20,40,72,7,28.54,2023055500000.0,62249855.0,1744718780179.86
5940,Europe,1362,FRA,France,2004,75.8,99.8,74.4,90.7,93.0,69.8,88.0,74.9,83.9,71.8,87.5,87.8,56.7,68.6,47.8,54.8,74.5,65.0,10,15,60,60,8,28.75,2081081800000.0,62707588.0,1813824938509.25
5941,Europe,1363,FRA,France,2005,76.2,99.8,73.8,90.7,95.7,69.8,87.9,74.7,84.1,72.2,88.6,87.9,57.3,68.6,48.7,55.4,74.5,65.0,30,18,45,58,7,28.95,2120384400000.0,63180854.0,1922671524499.76
5942,Europe,1364,FRA,France,2006,76.6,99.8,73.2,91.3,99.2,70.0,88.2,74.7,84.1,72.8,88.8,87.9,57.5,68.9,49.2,56.6,74.8,65.0,20,10,65,75,7,29.16,2177933000000.0,63622342.0,2063300819387.21
5943,Europe,1365,FRA,France,2007,76.4,99.8,71.9,90.7,98.7,73.2,88.4,75.2,84.5,75.5,85.0,83.4,57.1,69.3,49.4,57.3,74.5,64.9,20,15,75,65,5,29.37,2233045200000.0,64016890.0,2180893232947.32
5944,Europe,1366,FRA,France,2008,77.1,99.8,74.0,91.5,99.3,73.3,88.9,75.8,84.8,77.6,84.1,86.6,57.8,69.5,50.6,58.1,74.8,65.0,14,20,80,70,7,29.57,2241534600000.0,64375116.0,2256557852935.91
5945,Europe,1367,FRA,France,2009,77.6,99.8,74.2,90.4,98.3,74.6,88.9,76.0,84.0,79.7,84.6,88.7,58.6,70.1,52.4,59.0,73.6,66.0,18,20,42,70,8,29.78,2178221300000.0,64706436.0,2243175421296.4
5946,Europe,1368,FRA,France,2010,77.8,99.8,73.5,92.0,97.6,73.6,88.9,76.5,83.9,81.6,83.1,89.8,58.3,70.0,53.7,59.1,74.5,65.8,25,30,85,65,10,29.99,2221792800000.0,65026211.0,2335191628255.22
5947,Europe,1369,FRA,France,2011,77.7,99.8,73.1,92.4,98.6,73.7,88.6,76.0,83.9,82.9,83.7,89.0,58.6,69.9,52.3,59.2,74.2,65.4,30,35,62,55,10,30.14,2275950700000.0,65340830.0,2450959100790.27
5948,Europe,1370,FRA,France,2012,78.7,99.8,73.4,92.1,99.1,77.9,89.0,76.8,83.6,84.6,84.0,88.5,59.0,71.7,58.3,59.9,75.0,65.5,20,15,55,60,10,30.29,2280134700000.0,65657659.0,2473391243170.39
5949,Europe,1371,FRA,France,2013,79.1,99.8,73.0,92.6,98.3,79.8,89.2,77.4,83.3,85.6,87.6,89.0,58.9,70.9,59.5,59.9,74.5,65.7,30,40,72,70,10,30.44,2297959800000.0,65997932.0,2612419376499.27
5950,Europe,1372,FRA,France,2014,79.6,99.8,73.4,92.4,97.7,79.6,89.2,77.5,83.0,87.4,87.6,93.4,59.0,71.2,57.7,62.9,74.8,65.9,35,35,65,72,8,30.6,2320889600000.0,66312067.0,2666947056893.25
5951,Europe,1373,FRA,France,2015,79.8,99.6,73.2,92.4,97.9,79.9,89.0,77.5,82.7,87.6,86.4,94.5,59.3,72.7,59.4,63.5,75.5,66.1,35,38,70,55,8,30.75,2345647800000.0,66548272.0,2722896108490.27
5952,Europe,1374,FRA,France,2016,80.0,98.3,69.1,92.5,99.2,80.0,89.4,77.8,82.9,88.7,88.5,93.1,59.1,72.8,63.3,63.8,74.3,66.6,38,25,60,65,7,30.9,2365821100000.0,66724104.0,2861145268728.43
5953,Europe,1375,FRA,France,2017,81.0,99.4,72.9,92.8,99.7,86.6,89.3,77.7,83.0,89.6,88.6,92.3,59.0,74.3,62.9,64.4,77.2,67.2,20,18,70,45,8,31.05,2415115700000.0,66918020.0,2975787193760.88
5954,Europe,1376,FRA,France,2018,80.9,99.7,72.1,92.9,99.6,87.2,89.3,78.5,84.1,90.5,85.6,90.4,58.9,73.4,61.5,66.9,77.0,67.0,30,35,70,66,10,31.2,2454866300000.0,67158348.0,3114875305157.86
5955,Europe,1377,FRA,France,2019,81.5,99.7,72.4,93.4,99.7,87.5,89.3,78.6,84.5,91.5,87.5,92.6,58.8,73.5,65.6,68.8,76.3,66.6,30,40,65,35,8,31.36,2504637400000.0,67382061.0,3445276604424.65
5956,Europe,1378,FRA,France,2020,81.6,99.7,71.3,93.4,99.6,87.5,89.3,78.6,84.5,92.6,87.5,89.3,58.8,74.5,65.6,69.5,75.2,71.2,38,40,60,60,10,31.51,2318276200000.0,67601110.0,3345024904336.18
5957,Europe,1379,FRA,France,2021,82.0,99.7,72.4,93.4,99.6,87.9,89.3,78.6,85.2,92.8,87.5,90.5,60.5,73.8,65.7,69.3,75.9,71.6,35,40,64,80,10,,2477827800000.0,67842811.0,3562923665911.39
5958,Europe,1380,FRA,France,2022,82.0,99.7,72.4,93.2,99.6,87.8,89.3,78.6,85.3,92.8,87.5,90.5,60.5,73.8,65.7,68.8,76.1,73.1,35,45,70,50,8,,2541528800000.0,68065015.0,3823961003427.32
5959,Africa,1381,GAB,Gabon,2000,53.3,86.1,52.4,31.1,59.6,32.5,56.4,44.7,61.5,10.6,42.4,46.2,84.1,81.7,69.4,54.1,44.3,49.6,30,25,15,25,5,91.98,3602114448400.0,1275572.0,16998421652.8646
5960,Africa,1382,GAB,Gabon,2001,53.6,86.1,52.2,31.2,59.6,32.9,56.7,46.2,61.7,10.7,42.4,46.2,84.8,81.7,71.0,54.1,44.3,50.0,25,35,12,25,7,91.96,3679028000000.0,1309589.0,17752302023.4446
5961,Africa,1383,GAB,Gabon,2002,56.3,86.1,52.1,32.1,59.6,33.3,57.0,56.6,61.7,10.7,42.4,46.7,83.6,82.4,76.4,82.7,44.3,49.9,15,55,15,20,5,91.94,3669866000000.0,1345135.0,17983275720.5166
5962,Africa,1384,GAB,Gabon,2003,56.7,86.1,51.8,33.0,59.6,33.7,57.3,60.2,61.7,10.8,42.4,46.6,83.1,82.5,77.5,82.7,44.3,50.3,30,43,15,20,8,91.92,3752340000000.0,1382350.0,18750444795.4871
5963,Africa,1385,GAB,Gabon,2004,57.0,86.1,50.5,33.4,59.6,34.1,57.6,66.4,61.8,11.0,42.4,47.0,83.1,82.6,76.4,82.7,44.3,50.1,30,30,15,20,8,91.9,3778214000000.0,1421609.0,19387429857.7863
5964,Africa,1386,GAB,Gabon,2005,57.3,86.1,50.4,34.4,59.6,34.4,57.9,70.6,61.8,11.4,42.4,48.2,82.4,82.5,75.9,82.7,44.3,49.6,30,45,20,30,8,91.88,3879326689000.0,1463495.0,20530429168.5376
5965,Africa,1387,GAB,Gabon,2006,57.6,86.1,50.1,34.1,59.6,36.4,58.1,73.6,61.4,11.6,42.4,48.6,82.0,84.0,73.8,82.7,44.3,49.9,28,50,15,30,10,91.86,3770450345800.0,1508337.0,20569582356.7902
5966,Africa,1388,GAB,Gabon,2007,58.0,86.1,50.3,36.7,59.6,38.9,58.4,76.1,61.0,11.4,42.4,48.5,81.5,84.3,73.7,82.7,44.3,49.9,30,30,24,20,10,91.84,3996983075600.0,1556237.0,22396190414.5224
5967,Africa,1389,GAB,Gabon,2008,58.1,86.1,50.8,37.7,59.6,39.2,58.7,76.6,60.5,12.1,42.4,49.0,81.4,84.4,71.7,82.7,44.3,49.6,35,40,18,20,10,91.82,3864745662500.0,1607175.0,22072461364.6681
5968,Africa,1390,GAB,Gabon,2009,58.3,86.1,51.0,38.0,59.6,38.5,59.0,77.5,60.2,12.7,42.4,48.9,81.2,84.5,73.6,82.7,44.3,50.4,30,40,18,15,8,91.8,3869782628800.0,1661556.0,22237544766.3983
5969,Africa,1391,GAB,Gabon,2010,58.4,86.1,52.0,40.7,59.6,38.8,59.3,78.9,59.8,13.1,42.4,48.5,80.8,83.9,72.5,82.7,44.3,49.2,25,38,32,50,10,91.78,4144145856500.0,1719879.0,24103571966.9166
5970,Africa,1392,GAB,Gabon,2011,58.7,87.3,52.3,42.5,59.6,38.8,59.6,79.0,59.8,14.2,42.4,48.6,82.6,84.4,71.5,82.7,44.3,49.1,20,35,20,28,7,91.74,4438038458800.0,1781985.0,26345487003.7203
5971,Africa,1393,GAB,Gabon,2012,59.1,88.1,52.8,44.7,59.6,45.0,59.9,75.4,59.8,14.3,42.4,49.6,83.7,84.9,69.1,82.7,43.6,49.0,35,65,15,20,10,91.69,4671083271900.0,1846889.0,27000996624.1983
5972,Africa,1394,GAB,Gabon,2013,59.3,89.3,52.9,45.0,59.6,46.8,60.1,79.5,59.8,15.4,42.4,49.5,80.9,84.3,66.4,82.7,43.7,49.6,30,40,20,35,8,91.64,4934471597800.0,1913059.0,27735514310.3286
5973,Africa,1395,GAB,Gabon,2014,59.2,89.9,52.9,43.8,59.6,45.9,60.4,78.2,61.9,18.9,42.4,49.0,81.8,84.0,67.8,82.7,43.0,45.0,38,50,18,30,8,91.6,5147392292600.0,1978399.0,29386488339.4855
5974,Africa,1396,GAB,Gabon,2015,59.8,90.3,52.2,47.8,59.6,45.0,60.6,79.2,61.9,22.6,42.4,51.0,82.4,86.0,69.2,82.7,43.0,41.0,40,58,25,20,8,91.55,5347054461100.0,2040989.0,29199274580.0253
5975,Africa,1397,GAB,Gabon,2016,60.4,90.4,52.2,47.8,59.6,44.7,60.8,80.8,61.9,29.5,42.4,51.1,82.6,86.9,71.1,82.7,42.6,38.9,35,60,20,30,15,91.51,5458885015000.0,2100306.0,29399527403.7982
5976,Africa,1398,GAB,Gabon,2017,61.8,90.3,51.2,48.2,59.6,45.9,61.0,81.3,65.9,29.9,61.8,49.7,83.0,87.9,70.3,82.8,41.6,40.9,35,45,18,45,10,91.46,5484686000000.0,2156900.0,31914848308.0448
5977,Africa,1399,GAB,Gabon,2018,61.9,89.8,51.2,48.0,60.4,45.7,61.1,82.8,65.8,32.9,61.8,51.0,83.8,89.2,65.8,82.9,41.1,39.1,38,55,18,25,8,91.41,5530643093400.0,2212318.0,34140586624.1111
5978,Africa,1400,GAB,Gabon,2019,62.2,89.6,51.5,49.4,60.4,45.9,61.3,84.8,65.9,34.6,61.8,49.8,83.6,89.6,65.8,82.9,40.1,41.2,30,40,15,40,10,91.37,5747489034200.0,2267706.0,36169088370.7584
5979,Africa,1401,GAB,Gabon,2020,62.0,88.8,51.4,48.7,60.4,44.2,61.4,85.1,65.3,34.7,61.8,48.2,83.6,89.8,65.8,82.9,39.6,43.1,32,42,18,23,10,91.32,5641863918600.0,2322539.0,33623700958.8772
5980,Africa,1402,GAB,Gabon,2021,62.8,88.0,51.5,50.5,60.8,45.1,61.4,85.1,66.4,36.2,61.8,52.2,83.6,89.9,65.8,83.2,39.5,46.9,35,55,15,35,10,,5724684072700.0,2376722.0,44025399637.0532
5981,Africa,1403,GAB,Gabon,2022,63.1,88.7,51.6,50.5,60.8,45.2,61.4,85.1,66.6,36.2,61.8,54.7,83.6,89.9,65.8,83.2,40.3,47.3,40,40,20,25,5,,5898577905900.0,2430747.0,48596848106.4511
5982,Africa,1404,GMB,"Gambia, The",2000,46.4,31.5,48.1,29.5,21.1,17.1,58.4,21.8,65.1,14.3,22.1,55.8,94.5,99.0,45.7,82.8,46.7,35.9,30,38,8,18,10,35.31,35356933000.0,1455084.0,2519242915.67478
5983,Africa,1405,GMB,"Gambia, The",2001,46.8,31.5,46.8,30.9,20.8,17.1,58.3,21.1,65.1,14.4,22.1,55.8,95.2,99.0,52.1,82.8,46.7,35.4,25,35,13,20,15,34.74,37407635200.0,1495011.0,2725374631.10742
5984,Africa,1406,GMB,"Gambia, The",2002,47.0,31.5,45.6,31.7,19.3,19.0,58.1,22.6,65.0,14.3,22.1,56.3,95.7,99.0,53.4,82.8,46.7,35.7,30,50,15,12,10,34.18,36191887000.0,1535691.0,2677775681.83677
5985,Africa,1407,GMB,"Gambia, The",2003,47.4,31.5,45.8,32.2,24.0,23.1,58.0,22.5,65.0,14.4,22.1,56.3,95.5,99.0,49.7,84.0,46.7,35.7,35,30,15,20,10,33.61,38678269500.0,1577611.0,2918238592.21455
5986,Africa,1408,GMB,"Gambia, The",2004,47.8,31.5,45.9,32.8,26.1,23.6,57.9,24.6,65.0,14.6,22.1,56.8,95.6,99.0,51.2,84.0,46.7,34.8,20,35,15,35,8,33.04,41405087500.0,1621312.0,3207980821.58424
5987,Africa,1409,GMB,"Gambia, The",2005,48.3,31.5,45.3,33.9,26.4,24.2,58.0,24.0,64.9,14.7,22.1,57.9,95.7,99.0,58.0,84.0,46.7,34.9,30,30,15,20,15,32.48,40431351900.0,1667037.0,3230757093.78658
5988,Africa,1410,GMB,"Gambia, The",2006,49.0,31.5,46.6,34.3,28.7,24.7,58.1,26.0,64.8,15.0,22.1,58.4,95.7,99.0,62.7,84.0,46.7,35.1,35,35,15,18,10,31.91,40206723000.0,1715275.0,3311885363.61459
5989,Africa,1411,GMB,"Gambia, The",2007,49.0,31.5,45.9,34.1,28.9,23.4,58.2,26.8,64.8,15.1,22.1,58.4,95.9,99.0,63.6,84.0,46.7,35.0,40,28,15,20,15,31.34,41430313900.0,1765774.0,3505132466.6855
5990,Africa,1412,GMB,"Gambia, The",2008,49.3,31.5,48.3,36.5,25.1,24.0,58.3,27.3,64.8,15.2,22.1,58.8,95.9,99.0,63.7,84.0,46.7,37.3,38,40,15,18,15,30.78,44022155200.0,1817852.0,3796168816.01996
5991,Africa,1413,GMB,"Gambia, The",2009,49.6,31.5,50.1,37.8,25.9,23.6,58.4,27.6,64.8,15.3,22.1,58.8,95.8,99.0,64.4,84.0,46.7,37.1,37,33,15,20,10,30.21,46956550700.0,1871422.0,4074185715.80941
5992,Africa,1414,GMB,"Gambia, The",2010,50.6,31.5,48.5,39.5,26.6,24.2,58.5,27.7,64.7,15.5,35.1,59.4,95.9,98.9,64.3,84.0,46.7,38.2,35,35,15,20,8,29.64,49730901400.0,1926630.0,4367340722.33129
5993,Africa,1415,GMB,"Gambia, The",2011,50.6,30.8,46.5,40.0,27.6,24.9,58.7,28.1,64.5,15.9,35.1,59.5,96.0,99.0,64.3,84.0,46.7,38.3,42,40,15,35,5,29.08,45687558200.0,1983784.0,4095033765.28765
5994,Africa,1416,GMB,"Gambia, The",2012,51.0,31.7,48.8,41.2,29.7,25.6,58.8,28.8,64.6,14.6,35.1,59.8,96.2,99.0,63.8,84.0,46.7,38.8,30,55,15,40,12,28.51,48082303200.0,2043094.0,4218609873.37637
5995,Africa,1417,GMB,"Gambia, The",2013,51.8,40.0,47.2,41.1,32.0,29.5,58.9,29.4,65.1,15.0,35.1,60.3,96.1,99.1,64.2,84.0,45.9,37.2,30,40,15,35,10,27.95,49463596600.0,2103820.0,4221821464.50145
5996,Africa,1418,GMB,"Gambia, The",2014,52.4,42.8,46.0,41.7,35.2,31.9,59.0,29.0,65.5,16.6,35.1,60.1,96.0,99.0,65.9,84.0,45.8,37.9,40,40,15,35,10,27.38,48767454600.0,2164528.0,4185554930.44809
5997,Africa,1419,GMB,"Gambia, The",2015,55.3,46.1,45.2,44.3,42.3,33.3,59.2,29.7,66.1,17.6,69.1,58.4,96.1,98.8,65.9,84.0,46.0,37.7,40,55,20,18,15,26.81,50746473900.0,2224529.0,4427516234.00185
5998,Africa,1420,GMB,"Gambia, The",2016,55.5,43.7,46.0,45.0,42.2,34.7,59.3,30.5,66.6,19.0,69.1,59.9,96.1,98.9,65.8,84.0,45.4,37.9,35,55,18,18,10,26.25,51732660400.0,2283769.0,4596488156.16964
5999,Africa,1421,GMB,"Gambia, The",2017,56.3,49.9,45.5,45.1,43.9,36.5,59.4,30.6,67.1,20.2,69.1,59.7,96.1,98.8,65.8,84.0,45.8,39.6,20,60,20,28,10,25.68,54227525500.0,2342189.0,4775616329.45243
6000,Africa,1422,GMB,"Gambia, The",2018,57.8,55.8,48.8,49.1,45.8,41.1,59.6,30.3,67.6,20.7,69.1,60.8,96.2,99.0,65.9,85.5,47.3,40.2,40,40,20,32,5,25.11,58150827500.0,2399632.0,5465023570.59128
6001,Africa,1423,GMB,"Gambia, The",2019,58.0,56.9,47.3,50.0,48.6,42.9,59.7,30.4,67.6,22.0,69.1,59.3,96.2,99.0,63.9,85.5,48.2,39.8,37,55,25,20,8,24.55,61769002900.0,2456844.0,5949796066.17881
6002,Africa,1424,GMB,"Gambia, The",2020,58.1,53.6,47.3,50.2,49.8,42.6,59.9,30.4,66.5,24.4,69.1,59.8,96.2,99.0,63.8,85.5,48.7,40.9,35,55,15,25,15,23.98,62134358700.0,2515733.0,6366827515.11477
6003,Africa,1425,GMB,"Gambia, The",2021,58.5,54.5,47.4,50.1,52.6,43.0,59.9,30.4,65.6,24.6,69.1,59.8,96.2,99.0,63.7,83.0,48.8,46.9,25,30,18,24,15,,65400121200.0,2576010.0,7155630814.36372
6004,Africa,1426,GMB,"Gambia, The",2022,58.3,59.4,47.6,48.6,51.5,43.1,59.9,30.4,65.7,24.6,69.1,54.9,96.2,99.0,63.7,83.0,47.7,46.6,25,55,15,24,20,,68992548716.3424,2636470.0,8086871862.08048
6005,Asia,1427,GEO,Georgia,2000,67.1,65.9,51.5,58.3,94.8,50.8,80.2,80.5,71.0,21.6,50.6,81.0,89.5,95.4,70.1,62.4,68.2,49.8,15,20,8,30,5,39.73,17099000000.0,4077131.0,12888609494.7752
6006,Asia,1428,GEO,Georgia,2001,67.8,65.9,54.0,59.2,94.8,50.9,80.1,83.8,70.8,21.7,55.0,81.1,89.6,95.6,69.1,62.4,68.0,51.0,35,40,20,22,5,39.82,17921000000.0,4014373.0,13812366303.4007
6007,Asia,1429,GEO,Georgia,2002,68.4,65.9,53.6,59.4,95.2,50.9,80.1,85.2,70.0,21.4,64.4,81.2,89.4,95.7,68.6,62.3,67.8,50.8,40,18,10,15,10,39.9,18902000000.0,3978515.0,14794851741.4758
6008,Asia,1430,GEO,Georgia,2003,68.7,65.9,55.9,60.1,94.3,51.0,80.1,85.4,70.6,21.6,67.3,81.3,89.4,95.6,68.6,63.7,67.8,50.1,25,35,10,20,10,39.99,20992000000.0,3951736.0,16755117267.3118
6009,Asia,1431,GEO,Georgia,2004,69.2,65.9,56.1,60.8,95.3,52.1,80.0,85.1,69.9,22.2,68.7,81.5,89.0,95.3,67.7,63.7,66.0,57.4,35,30,10,18,10,40.08,22208000000.0,3927340.0,18202347365.1109
6010,Asia,1432,GEO,Georgia,2005,68.8,65.9,55.7,64.3,97.9,52.2,80.0,78.4,69.3,22.6,64.4,81.5,88.8,95.0,67.3,63.6,65.7,57.7,25,35,15,25,10,40.17,24338000000.0,3902469.0,20573625162.1065
6011,Asia,1433,GEO,Georgia,2006,69.0,65.9,52.1,65.1,97.5,52.2,80.0,76.8,69.4,22.8,66.3,81.8,88.8,94.5,67.1,63.8,69.0,60.3,25,25,15,20,10,40.26,26631000000.0,3880347.0,23206197564.9782
6012,Asia,1434,GEO,Georgia,2007,69.0,65.9,54.3,66.5,99.4,52.3,80.0,77.1,69.5,22.7,61.0,79.9,88.2,94.4,66.5,64.7,68.6,61.9,35,32,12,15,10,40.35,29980000000.0,3860158.0,26832289624.2339
6013,Asia,1435,GEO,Georgia,2008,69.2,65.9,55.0,65.5,97.8,50.6,80.0,78.4,66.9,23.2,59.1,84.3,88.6,94.8,66.2,64.5,73.7,62.1,10,10,15,18,10,40.44,30706000000.0,3848449.0,28011563812.9666
6014,Asia,1436,GEO,Georgia,2009,69.1,65.9,55.4,63.4,94.9,50.2,80.0,78.8,65.4,25.0,60.2,84.8,88.7,94.5,66.2,64.5,73.8,63.0,30,25,30,18,5,40.53,29585000000.0,3814419.0,27155393525.016
6015,Asia,1437,GEO,Georgia,2010,69.6,65.9,51.6,68.4,97.5,54.3,80.0,81.1,65.6,25.8,55.0,87.4,89.0,94.4,66.3,64.5,75.8,60.0,35,30,15,15,10,40.62,31433000000.0,3786695.0,29202260397.809
6016,Asia,1438,GEO,Georgia,2011,69.9,66.3,53.6,70.2,98.0,54.4,80.0,77.6,65.9,27.2,54.3,87.3,88.3,92.9,67.1,68.5,76.7,59.9,32,25,25,18,8,40.62,33927000000.0,3756441.0,32169542974.1089
6017,Asia,1439,GEO,Georgia,2012,70.8,71.8,53.1,70.7,99.0,57.2,80.0,76.7,65.9,32.8,57.1,86.1,87.9,92.6,68.0,68.6,76.7,59.7,15,10,20,38,8,40.62,36159000000.0,3728874.0,37512405545.4749
6018,Asia,1440,GEO,Georgia,2013,71.7,76.5,53.3,71.6,99.6,56.5,80.0,79.7,66.0,36.9,58.7,88.9,87.3,92.6,66.5,68.6,74.0,62.4,10,30,10,20,5,40.62,38015000000.0,3717668.0,40140934055.4256
6019,Asia,1441,GEO,Georgia,2014,72.1,80.0,52.2,71.4,98.5,57.1,80.0,79.3,68.2,35.7,63.1,86.7,87.1,91.5,66.8,68.9,76.6,63.2,35,30,10,35,8,40.62,39570000000.0,3719414.0,43780102412.4376
6020,Asia,1442,GEO,Georgia,2015,73.0,82.4,52.3,71.2,99.6,57.4,80.0,78.2,69.5,39.8,67.2,85.7,87.2,92.3,66.7,68.9,76.0,65.6,25,35,20,43,8,40.62,40896000000.0,3725276.0,45707843451.6546
6021,Asia,1443,GEO,Georgia,2016,73.5,82.6,53.8,71.8,98.3,59.3,80.2,78.7,69.5,41.8,67.1,85.8,87.1,92.1,66.9,68.9,78.5,67.4,35,25,40,35,8,40.62,42307000000.0,3727505.0,48700949298.4327
6022,Asia,1444,GEO,Georgia,2017,73.4,81.3,51.9,73.3,99.2,59.8,80.3,79.4,72.2,42.5,61.6,87.4,86.9,92.0,66.8,68.9,76.5,68.0,20,40,42,54,8,40.62,44490000000.0,3728004.0,51144255243.8394
6023,Asia,1445,GEO,Georgia,2018,73.8,82.1,54.7,74.7,99.2,60.0,80.3,80.6,73.2,46.1,67.8,86.2,85.9,91.4,60.6,68.9,76.8,65.6,40,38,50,20,10,40.62,47187000000.0,3726549.0,55979867879.6125
6024,Asia,1446,GEO,Georgia,2019,74.2,82.9,54.8,75.3,99.4,59.3,80.3,79.4,72.9,49.4,69.7,85.7,85.7,91.0,61.1,68.9,77.1,67.9,30,20,25,35,10,40.62,49726000000.0,3720161.0,62387596154.4602
6025,Asia,1447,GEO,Georgia,2020,74.5,80.3,55.2,75.1,99.4,62.3,80.3,79.8,72.8,50.5,75.2,83.9,85.7,91.1,61.1,68.9,76.4,68.9,20,30,20,30,10,40.62,46598000000.0,3722716.0,62509091761.2555
6026,Asia,1448,GEO,Georgia,2021,75.1,84.6,55.5,74.5,96.9,61.8,80.3,79.8,73.9,53.5,75.2,87.2,85.6,91.0,61.2,69.3,75.9,69.8,38,20,18,30,10,,51558000000.0,3708610.0,70150781357.7257
6027,Asia,1449,GEO,Georgia,2022,75.0,88.1,55.5,75.1,96.9,61.8,80.3,79.8,74.2,53.1,75.2,83.9,85.6,91.0,61.1,69.3,74.3,69.9,35,30,25,25,10,,57208000000.0,3712502.0,83387742354.0657
6028,Europe,1450,DEU,Germany,2000,76.7,99.9,75.0,87.7,96.8,70.9,82.0,68.9,84.5,70.5,94.3,89.1,51.5,56.9,54.7,66.5,83.1,72.0,15,15,80,70,10,32.55,2824548860000.0,82211508.0,2258167813956.64
6029,Europe,1451,DEU,Germany,2001,77.2,99.9,75.8,88.5,96.4,71.8,82.3,68.9,84.7,70.9,92.6,89.1,51.8,56.6,57.7,70.7,83.2,72.1,18,20,60,78,10,32.56,2870773760000.0,82349925.0,2361564516458.66
6030,Europe,1452,DEU,Germany,2002,77.3,99.9,73.6,88.7,93.6,73.3,82.7,69.4,84.4,74.0,92.9,89.1,52.0,56.9,57.2,70.9,83.2,72.3,15,10,80,75,12,32.58,2864219490000.0,82488495.0,2434539237038.42
6031,Europe,1453,DEU,Germany,2003,77.5,99.9,71.6,89.1,94.2,74.2,83.0,70.2,83.5,76.0,92.6,89.1,51.6,56.9,58.4,71.2,83.2,72.5,10,10,75,70,8,32.59,2849041160000.0,82534176.0,2501219461829.45
6032,Europe,1454,DEU,Germany,2004,78.4,99.9,75.4,89.7,94.9,75.4,83.4,70.7,82.9,77.1,92.3,89.1,51.7,57.1,63.1,74.0,83.4,72.0,15,15,85,76,10,32.61,2882157510000.0,82516260.0,2620503338140.74
6033,Europe,1455,DEU,Germany,2005,78.4,99.9,74.0,90.5,95.4,74.9,84.3,71.3,82.7,77.7,90.2,89.3,52.0,57.5,62.6,74.4,83.5,72.1,15,20,80,60,8,32.62,2907684700000.0,82469422.0,2664895195600.89
6034,Europe,1456,DEU,Germany,2006,78.6,99.9,73.3,90.8,95.4,74.9,85.1,72.0,83.1,78.3,91.0,89.3,51.6,57.3,62.2,76.1,83.9,71.6,20,10,85,79,10,32.64,3019797350000.0,82376451.0,2862479058024.02
6035,Europe,1457,DEU,Germany,2007,78.5,99.9,71.9,90.5,95.7,75.2,86.0,73.2,84.0,78.7,90.8,88.5,51.5,57.8,58.6,76.9,84.5,71.6,10,10,78,79,10,32.66,3107072730000.0,82266372.0,3036889882250.07
6036,Europe,1458,DEU,Germany,2008,78.7,99.9,74.5,91.0,95.0,75.6,85.9,73.1,84.6,80.5,91.5,87.8,51.6,57.8,55.6,77.9,84.1,72.0,20,40,85,78,10,32.67,3135359620000.0,82110097.0,3156602685759.77
6037,Europe,1459,DEU,Germany,2009,79.2,99.9,74.3,91.5,94.7,76.3,85.8,73.3,84.6,82.1,92.0,88.2,52.6,59.1,55.4,78.1,84.1,74.0,10,15,75,78,8,32.69,2961498770000.0,81902307.0,3075795495173.4
6038,Europe,1460,DEU,Germany,2010,79.3,99.9,72.5,92.3,96.2,76.6,85.8,73.8,85.0,82.9,92.3,89.6,52.4,58.2,54.1,78.2,84.7,73.9,18,20,65,79,10,32.7,3084305240000.0,81776930.0,3249037482302.09
6039,Europe,1461,DEU,Germany,2011,79.6,99.8,72.3,92.0,95.6,77.0,86.6,74.3,85.5,84.4,90.4,91.0,52.3,57.6,58.6,78.3,85.0,73.3,17,35,75,80,7,32.71,3200212470000.0,80274983.0,3483801358877.91
6040,Europe,1462,DEU,Germany,2012,80.1,99.8,73.4,92.4,94.7,77.1,87.4,74.9,85.9,85.8,90.2,90.6,52.7,59.8,59.7,78.3,85.3,73.6,26,25,75,78,8,32.72,3215390800000.0,80425823.0,3557185428697.0
6041,Europe,1463,DEU,Germany,2013,80.6,99.7,73.4,92.7,96.4,81.8,88.2,74.8,86.0,86.4,89.4,91.9,52.7,59.4,61.3,78.4,83.5,73.9,15,10,80,80,10,32.72,3227809430000.0,80645605.0,3700747563191.81
6042,Europe,1464,DEU,Germany,2014,81.0,99.6,73.1,92.8,97.0,81.8,88.3,75.2,86.2,89.6,91.1,89.2,52.5,59.5,60.0,78.4,87.8,74.0,18,30,75,75,8,32.73,3297836720000.0,80982500.0,3882203613560.02
6043,Europe,1465,DEU,Germany,2015,81.9,99.6,72.8,93.1,97.3,81.9,88.4,75.6,86.5,91.1,89.2,95.7,52.9,62.2,64.2,78.4,89.7,74.1,25,45,85,79,8,32.73,3352340720000.0,81686611.0,3966574668375.51
6044,Europe,1466,DEU,Germany,2016,82.0,99.6,72.8,92.6,98.7,82.1,88.4,75.5,86.8,91.4,88.9,95.2,52.9,61.0,67.1,78.6,88.6,74.2,20,30,68,75,8,32.73,3429267240000.0,82348669.0,4246712764148.14
6045,Europe,1467,DEU,Germany,2017,82.1,99.4,73.2,93.3,98.5,79.4,88.4,76.0,87.0,92.2,90.1,93.9,53.0,62.2,68.4,78.7,88.0,74.7,30,45,70,77,7,32.73,3522406980000.0,82657002.0,4472591345398.59
6046,Europe,1468,DEU,Germany,2018,82.3,99.5,70.9,93.3,98.5,79.5,88.4,76.5,87.1,93.3,89.4,93.2,53.0,62.3,69.9,78.9,89.2,75.6,15,38,80,76,8,32.73,3561732650000.0,82905782.0,4665360433368.5
6047,Europe,1469,DEU,Germany,2019,82.6,99.5,72.3,93.7,97.3,79.7,88.4,77.2,87.2,94.3,88.1,92.1,53.1,63.3,73.9,79.3,88.9,76.1,20,25,80,75,8,32.73,3596918770000.0,83092962.0,4924980320308.75
6048,Europe,1470,DEU,Germany,2020,83.0,99.5,72.4,94.2,97.2,80.0,88.4,77.2,86.6,95.1,88.1,91.3,53.1,64.7,74.0,79.3,90.3,80.5,22,40,75,60,10,32.73,3449620000000.0,83160871.0,4880368289108.08
6049,Europe,1471,DEU,Germany,2021,83.3,99.5,72.4,93.4,97.2,81.9,88.4,77.2,86.8,95.8,88.1,90.9,55.4,64.0,74.0,79.2,89.2,82.5,15,35,70,79,8,,3576221050000.0,83196078.0,5202314428956.09
6050,Europe,1472,DEU,Germany,2022,83.4,99.5,72.4,93.0,97.2,81.9,88.4,77.2,87.0,95.8,88.1,90.1,55.4,64.0,74.0,79.2,89.5,84.4,20,30,75,82,7,,3625205660000.0,83797985.0,5663892390556.96
6051,Africa,1473,GHA,Ghana,2000,54.8,43.7,59.2,37.9,47.1,43.2,47.3,42.5,68.0,16.7,38.9,55.5,96.2,97.6,51.8,72.4,67.6,45.5,25,55,30,35,15,38.89,53092148300.0,19637087.0,45463352404.9227
6052,Africa,1474,GHA,Ghana,2001,54.6,43.7,59.2,37.3,42.9,43.6,47.6,42.7,68.5,16.7,38.9,55.0,96.3,97.5,51.1,72.4,67.6,48.1,25,55,25,35,15,38.49,55215834300.0,20167069.0,48346528033.264
6053,Africa,1475,GHA,Ghana,2002,54.9,43.7,60.1,37.9,46.3,44.0,47.9,41.5,69.0,16.7,38.9,55.5,96.2,97.5,51.1,72.4,67.6,47.4,10,30,30,25,20,38.09,57700546600.0,20729388.0,51307232650.7283
6054,Africa,1476,GHA,Ghana,2003,55.2,43.7,60.9,37.6,49.2,44.4,48.3,40.1,69.6,16.7,38.9,55.0,96.1,97.5,51.2,72.9,67.6,49.0,25,60,30,60,15,37.69,60700975100.0,21296705.0,55040849301.8123
6055,Africa,1477,GHA,Ghana,2004,55.9,43.7,60.2,38.7,49.7,45.7,48.7,41.5,70.1,16.7,38.9,55.5,96.2,97.6,50.2,72.9,67.6,55.8,25,45,45,35,5,37.3,64100229700.0,21868298.0,59686118924.2188
6056,Africa,1478,GHA,Ghana,2005,56.3,43.7,61.1,39.6,53.2,46.1,49.2,39.9,70.7,16.7,38.9,57.7,96.1,97.6,49.4,72.9,67.7,56.8,25,65,20,34,7,36.9,67882145700.0,22449438.0,65189447865.4801
6057,Africa,1479,GHA,Ghana,2006,55.9,43.7,62.9,39.4,54.4,46.4,49.7,43.0,71.2,16.8,38.9,58.1,96.0,97.4,47.2,72.9,67.7,44.8,30,40,55,55,18,36.5,72226543700.0,23040702.0,71500511453.8474
6058,Africa,1480,GHA,Ghana,2007,56.6,43.7,63.2,43.8,57.2,46.7,50.3,41.2,71.1,17.0,38.9,63.0,96.0,97.4,45.6,72.9,66.7,47.3,30,40,45,65,20,36.1,75366100900.0,23642279.0,76629846715.9998
6059,Africa,1481,GHA,Ghana,2008,56.9,43.7,62.7,43.2,63.9,44.7,50.8,44.4,71.0,17.1,38.9,61.0,96.1,97.5,45.7,72.9,66.5,47.9,25,45,60,50,18,35.7,82261947600.0,24249946.0,85252849111.8402
6060,Africa,1482,GHA,Ghana,2009,57.0,43.7,64.0,42.9,66.1,45.1,51.4,45.2,70.9,17.4,38.9,56.5,96.1,97.6,45.5,72.9,66.9,47.6,15,28,60,30,15,35.31,86247117000.0,24862664.0,89934208912.4295
6061,Africa,1483,GHA,Ghana,2010,57.5,43.7,64.7,44.9,67.7,45.4,51.9,46.0,70.8,18.3,38.9,58.4,96.0,97.5,45.0,72.9,66.5,49.4,30,55,50,54,15,34.91,93060390800.0,25474995.0,98218051387.4992
6062,Africa,1484,GHA,Ghana,2011,58.7,45.9,66.0,48.4,70.3,48.9,52.5,45.9,71.4,20.8,38.9,55.7,95.8,97.1,43.1,72.9,68.9,55.9,25,45,55,60,15,34.85,106132698900.0,26095088.0,114325851683.939
6063,Africa,1485,GHA,Ghana,2012,58.9,48.5,66.8,47.6,71.4,49.5,53.1,44.1,72.0,19.4,42.0,55.1,95.7,96.7,44.0,72.9,68.0,54.9,30,63,65,40,5,34.8,115995387100.0,26734268.0,131897589316.568
6064,Africa,1486,GHA,Ghana,2013,59.0,56.1,66.7,47.4,73.1,46.7,53.6,49.0,72.6,20.9,42.0,51.3,95.7,96.8,45.3,72.9,67.5,44.9,30,42,60,53,15,34.74,124477578800.0,27386193.0,142807202863.437
6065,Africa,1487,GHA,Ghana,2014,59.7,52.0,68.5,47.1,73.8,50.2,54.2,50.5,73.0,28.3,42.0,50.3,95.8,97.2,46.7,72.9,69.3,43.8,30,42,60,60,15,34.69,128032957400.0,28041592.0,154709158599.11
6066,Africa,1488,GHA,Ghana,2015,60.1,51.6,68.5,48.1,76.4,52.1,54.8,47.1,70.9,29.9,42.0,51.5,95.8,96.9,46.9,72.9,71.3,44.4,20,33,65,60,8,34.63,130748228300.0,28696068.0,148971921853.893
6067,Africa,1489,GHA,Ghana,2016,59.6,49.1,68.6,49.7,76.4,52.0,55.4,49.3,71.8,30.2,35.2,51.8,95.7,96.9,46.2,72.9,68.5,43.6,30,55,60,60,7,34.73,135158975000.0,29356742.0,147108962613.394
6068,Africa,1490,GHA,Ghana,2017,60.7,50.0,67.5,52.9,78.3,52.5,55.9,48.9,74.7,39.9,35.2,54.0,95.6,97.1,45.6,72.9,68.1,43.1,30,38,65,55,10,34.82,146145906000.0,30008354.0,155172026664.996
6069,Africa,1491,GHA,Ghana,2018,61.1,50.7,68.3,52.0,84.4,53.2,56.5,48.4,74.6,40.8,35.2,56.1,95.5,96.7,45.4,68.0,68.6,44.7,15,45,45,50,7,34.91,155207065700.0,30637585.0,169624926668.068
6070,Africa,1492,GHA,Ghana,2019,61.6,55.8,69.5,53.3,84.4,54.0,57.1,50.3,74.9,43.6,35.2,51.4,95.4,96.7,44.9,68.0,67.7,45.0,30,55,20,30,10,35.0,165307592000.0,31258945.0,187633394275.742
6071,Africa,1493,GHA,Ghana,2020,62.0,54.4,70.4,53.5,84.5,54.0,57.7,50.9,75.6,44.3,35.2,55.4,95.4,96.6,44.9,68.0,67.5,45.0,38,55,55,30,12,35.1,166157176600.0,31887809.0,192835182975.95
6072,Africa,1494,GHA,Ghana,2021,61.8,53.3,70.6,53.1,84.5,54.9,57.7,50.9,76.4,42.6,35.2,51.7,95.4,96.6,44.9,69.4,68.0,46.0,30,66,65,48,15,,174592089900.0,32518665.0,214867175690.96
6073,Africa,1495,GHA,Ghana,2022,61.8,54.4,70.8,52.8,84.5,54.9,57.7,50.9,76.4,46.8,35.2,48.9,95.4,96.6,44.9,69.4,65.0,46.0,30,60,55,48,8,,181235056700.0,33149152.0,238944324844.797
6074,Europe,1496,GRC,Greece,2000,70.2,99.0,71.0,83.4,93.9,50.5,87.7,70.2,69.4,35.0,78.4,85.4,64.3,68.8,51.0,57.5,72.1,56.6,15,8,25,60,8,27.93,174211220000.0,10805808.0,203320308860.245
6075,Europe,1497,GRC,Greece,2001,71.1,99.0,71.7,84.2,93.1,51.1,87.7,69.6,69.8,35.6,78.4,85.4,64.5,68.5,55.8,64.3,72.1,57.8,18,30,20,40,10,28.16,182312764000.0,10862132.0,220567406485.432
6076,Europe,1498,GRC,Greece,2002,71.5,99.0,70.9,85.0,93.1,50.6,87.7,69.8,70.1,37.0,78.4,85.4,64.7,68.6,56.0,69.7,72.1,57.8,15,8,55,60,7,28.4,190850721000.0,10902022.0,239683510642.31
6077,Europe,1499,GRC,Greece,2003,71.8,99.0,68.9,85.4,93.0,49.9,87.7,70.3,70.4,38.3,80.3,85.4,64.3,68.1,59.1,70.2,72.1,57.9,25,20,60,45,7,28.63,201913999000.0,10928070.0,254138433443.691
6078,Europe,1500,GRC,Greece,2004,72.1,99.0,71.6,85.2,92.7,52.0,87.6,70.4,69.8,40.2,79.2,85.4,64.4,68.0,58.8,70.3,72.2,57.8,18,12,30,55,8,28.87,212772664000.0,10955141.0,272004077789.009
6079,Europe,1501,GRC,Greece,2005,72.1,99.0,71.5,86.3,92.4,51.0,87.6,70.5,70.0,42.7,74.7,85.5,64.4,67.3,60.6,70.6,71.8,59.1,30,30,40,40,8,29.1,215290842000.0,10987314.0,274724928629.46
6080,Europe,1502,GRC,Greece,2006,72.4,99.0,69.7,86.7,91.2,52.2,87.6,70.9,70.5,45.4,76.2,85.6,64.6,67.6,61.6,70.7,72.1,58.9,20,20,35,45,10,29.33,229162887000.0,11020362.0,309475181924.128
6081,Europe,1503,GRC,Greece,2007,72.8,99.0,69.7,87.7,93.8,52.5,87.7,71.0,70.7,46.0,79.3,86.0,63.9,67.2,61.5,70.8,71.1,59.2,30,30,40,40,10,29.57,237199331000.0,11048473.0,319266852235.036
6082,Europe,1504,GRC,Greece,2008,73.1,99.0,70.6,87.9,93.8,52.9,87.7,71.1,71.0,46.7,80.2,86.0,63.8,67.7,61.3,71.7,70.9,60.0,25,30,40,35,10,29.8,237335659000.0,11077841.0,337220235581.276
6083,Europe,1505,GRC,Greece,2009,73.4,99.0,70.7,87.1,93.8,54.8,87.7,71.6,70.2,47.1,79.2,87.2,64.9,68.7,61.4,72.3,71.0,61.1,38,20,35,35,15,30.04,227559148000.0,11107017.0,332630577199.614
6084,Europe,1506,GRC,Greece,2010,73.9,99.0,67.9,87.9,95.6,55.4,87.6,72.8,68.5,49.2,77.9,87.4,66.0,69.7,61.1,78.4,69.3,61.6,25,30,32,23,8,30.27,214602519000.0,11121341.0,309638809529.415
6085,Europe,1507,GRC,Greece,2011,73.9,98.4,68.0,87.4,95.5,56.5,87.6,72.9,65.7,51.4,77.5,86.2,66.0,72.0,58.7,81.6,69.4,61.2,30,40,35,22,10,30.27,193406703000.0,11104899.0,285313440265.409
6086,Europe,1508,GRC,Greece,2012,73.9,98.1,69.2,87.1,96.2,58.0,87.7,74.3,62.1,52.2,74.2,87.1,67.5,72.2,59.4,81.6,68.4,60.8,40,40,30,25,15,30.27,177293731000.0,11045011.0,271519220404.783
6087,Europe,1509,GRC,Greece,2013,74.3,98.3,69.0,86.8,94.4,61.7,87.7,76.2,61.2,53.6,74.1,84.0,67.7,75.4,60.4,81.6,71.3,59.9,38,25,35,25,5,30.27,173265410000.0,10965211.0,282144538291.678
6088,Europe,1510,GRC,Greece,2014,74.9,98.5,68.6,87.1,93.9,62.6,87.7,75.6,62.7,56.8,75.2,85.8,67.9,75.3,61.7,81.5,74.3,58.4,25,25,40,38,5,30.27,174638062000.0,10892413.0,288106298935.587
6089,Europe,1511,GRC,Greece,2015,75.2,98.2,69.2,88.8,96.5,63.0,87.7,76.4,63.4,58.5,74.6,84.9,68.4,77.6,59.5,81.5,72.9,57.8,38,38,55,27,10,30.27,174239360000.0,10820883.0,287996160333.187
6090,Europe,1512,GRC,Greece,2016,75.7,98.6,67.8,88.4,94.4,63.0,87.6,76.5,64.2,61.2,77.2,86.9,68.1,78.7,63.4,81.4,72.1,57.6,38,22,37,40,8,30.27,174183961000.0,10775971.0,296388230996.636
6091,Europe,1513,GRC,Greece,2017,76.2,99.1,68.0,88.6,94.4,62.4,87.6,76.2,64.2,73.6,80.9,82.9,68.0,78.8,59.5,81.4,72.1,57.1,25,20,45,56,8,30.27,176749908000.0,10754679.0,308462278341.892
6092,Europe,1514,GRC,Greece,2018,77.0,100.0,65.8,89.2,95.1,62.6,87.6,77.0,66.8,75.3,85.5,86.7,66.9,77.9,59.9,81.4,73.5,57.5,35,30,40,60,10,30.27,180399214000.0,10732882.0,319754656488.279
6093,Europe,1515,GRC,Greece,2019,77.5,99.2,66.2,90.5,96.0,64.0,87.7,76.4,68.0,77.0,84.6,84.8,66.9,78.8,65.9,81.4,73.4,57.4,30,30,50,55,15,30.27,184507230000.0,10721582.0,342312014300.186
6094,Europe,1516,GRC,Greece,2020,77.8,99.0,66.5,90.2,97.1,64.6,87.7,76.4,69.0,78.8,84.6,78.3,66.9,80.4,65.9,81.3,75.3,60.6,35,20,55,50,8,30.27,167539518000.0,10698599.0,315962662965.275
6095,Europe,1517,GRC,Greece,2021,78.1,99.1,66.6,90.7,97.1,65.2,87.7,76.4,72.1,80.6,84.6,81.1,64.8,80.2,65.8,81.3,73.7,61.4,25,35,45,55,10,,182039222000.0,10569207.0,354397719330.584
6096,Europe,1518,GRC,Greece,2022,78.4,99.2,66.6,90.3,97.1,65.4,87.7,76.4,73.8,81.6,84.6,85.6,64.8,80.2,65.8,81.2,71.1,60.8,25,30,58,60,10,,192494916000.0,10436882.0,406715086017.971
6120,North America,1542,GTM,Guatemala,2000,54.4,68.0,37.6,59.9,57.1,38.3,65.1,49.3,68.0,14.8,12.4,72.6,90.1,96.7,58.3,47.9,47.1,42.3,15,40,20,15,10,39.28,269587471400.0,11697592.0,55153756305.7772
6121,North America,1543,GTM,Guatemala,2001,54.4,68.0,37.6,60.2,57.4,38.0,65.3,48.8,68.0,14.8,12.4,72.6,90.2,96.6,56.1,47.9,46.6,44.1,55,55,15,18,7,38.83,275875801000.0,11969422.0,57711118585.2877
6122,North America,1544,GTM,Guatemala,2002,55.0,68.0,39.7,60.9,60.2,37.8,65.6,48.5,67.9,15.0,12.4,73.1,89.9,96.6,61.3,47.9,45.9,44.4,48,58,30,20,10,38.37,286467465000.0,12246915.0,60858073596.4633
6123,North America,1545,GTM,Guatemala,2003,54.6,68.0,38.8,62.3,60.2,37.1,65.8,49.8,67.9,15.1,12.4,73.1,89.9,96.7,53.5,48.0,44.8,44.4,42,40,30,25,7,37.92,293802114000.0,12525842.0,63648563721.6105
6124,North America,1546,GTM,Guatemala,2004,55.1,68.0,39.0,63.0,63.6,36.8,66.0,48.4,67.8,15.2,12.4,73.7,89.6,96.6,59.8,47.9,44.4,44.2,35,50,18,32,10,37.46,303021380000.0,12807402.0,67411075860.0797
6125,North America,1547,GTM,Guatemala,2005,55.1,68.0,39.1,64.1,64.8,36.5,66.2,49.5,67.8,15.4,12.4,73.5,89.2,96.5,59.2,48.0,43.6,43.7,45,60,20,18,10,37.01,312948442000.0,13087629.0,71802368042.9119
6126,North America,1548,GTM,Guatemala,2006,55.9,68.0,40.2,64.4,66.8,36.2,66.4,51.1,67.8,15.5,11.8,74.1,89.9,96.5,61.0,49.1,43.6,47.1,45,55,20,25,8,36.56,329695558000.0,13367459.0,77977560457.7367
6127,North America,1549,GTM,Guatemala,2007,55.4,68.0,40.0,60.6,67.8,38.3,66.6,50.5,67.8,15.7,11.8,70.8,89.9,96.6,56.7,49.6,44.0,47.2,40,40,25,18,10,36.1,350590735000.0,13652040.0,85166064066.3275
6128,North America,1550,GTM,Guatemala,2008,55.9,68.0,40.5,63.0,68.3,41.6,66.8,50.4,67.7,15.8,11.8,70.5,90.4,96.8,57.6,49.5,44.5,46.9,50,55,15,24,7,35.65,362137525000.0,13935174.0,89665975171.2427
6129,North America,1551,GTM,Guatemala,2009,56.2,68.0,40.8,65.0,68.9,41.8,67.0,50.1,67.6,16.0,11.8,71.7,90.3,96.7,61.7,49.5,42.4,46.4,42,39,20,18,5,35.19,363864552000.0,14215611.0,90649270399.0407
6130,North America,1552,GTM,Guatemala,2010,56.1,68.0,40.9,67.5,70.3,41.9,67.2,51.3,67.6,16.3,11.8,72.6,90.6,96.8,53.7,49.4,42.1,45.6,55,40,20,22,10,34.74,374359044000.0,14500112.0,94397176368.9234
6131,North America,1553,GTM,Guatemala,2011,55.9,68.5,40.9,66.5,69.7,42.7,67.4,51.5,67.8,16.7,11.8,70.0,90.5,96.7,52.1,49.4,42.1,45.9,43,57,25,24,10,34.48,389947006000.0,14792126.0,100356396780.438
6132,North America,1554,GTM,Guatemala,2012,57.2,68.8,41.0,67.8,71.0,42.9,67.6,52.9,68.0,18.7,11.8,73.5,90.4,96.7,60.0,49.3,45.3,46.1,55,55,20,25,7,34.23,401546793000.0,15089647.0,109525436435.117
6133,North America,1555,GTM,Guatemala,2013,56.9,69.3,41.3,68.1,68.5,44.6,67.8,53.5,67.8,19.3,11.8,73.7,90.2,96.6,56.1,49.3,43.5,46.2,44,45,18,25,10,33.97,416383220300.0,15387337.0,118481713076.819
6134,North America,1556,GTM,Guatemala,2014,58.1,70.2,42.0,67.1,69.8,49.9,67.9,53.2,71.0,20.1,20.7,75.9,90.1,96.4,52.8,49.9,43.6,46.7,42,58,20,18,5,33.72,434887198300.0,15681725.0,129165012532.449
6135,North America,1557,GTM,Guatemala,2015,58.0,71.3,42.0,67.4,70.6,48.9,68.1,54.1,70.9,21.1,20.7,76.2,90.2,96.1,51.1,49.8,41.3,46.4,35,59,25,28,8,33.46,452683524900.0,15971743.0,142691589570.059
6136,North America,1558,GTM,Guatemala,2016,58.3,72.1,42.6,68.9,69.7,49.1,68.3,54.7,70.8,20.3,20.7,78.2,90.2,96.0,53.8,50.0,39.7,46.6,45,58,24,25,10,33.35,464805496700.0,16268760.0,149695818679.895
6137,North America,1559,GTM,Guatemala,2017,58.7,72.6,42.2,69.8,69.7,47.4,68.5,55.8,71.7,21.2,20.7,76.9,90.2,96.0,57.0,49.9,42.4,46.2,45,55,45,32,15,33.25,479120814700.0,16567357.0,158386820298.22
6138,North America,1560,GTM,Guatemala,2018,58.8,73.3,42.9,69.0,72.8,46.9,68.7,57.3,71.3,21.6,20.7,77.5,90.0,96.0,54.8,43.8,45.3,47.8,35,58,22,25,8,33.14,495443854600.0,16845685.0,167560724569.429
6139,North America,1561,GTM,Guatemala,2019,59.2,74.2,42.9,68.8,72.2,49.7,68.8,57.4,71.5,22.1,20.7,77.8,90.0,95.9,56.1,43.8,46.4,47.6,42,44,20,24,8,33.03,515350283000.0,17103803.0,183966419962.474
6140,North America,1562,GTM,Guatemala,2020,59.4,73.1,43.3,69.1,71.8,49.7,69.0,58.1,70.6,22.6,20.7,77.7,90.0,96.1,56.1,43.7,47.6,49.9,38,55,20,25,15,32.92,506148436000.0,17357325.0,190017068738.276
6141,North America,1563,GTM,Guatemala,2021,59.7,75.5,43.4,68.7,72.4,49.6,69.0,58.1,71.0,23.1,20.7,77.7,90.4,95.9,56.1,46.1,46.9,50.9,45,59,20,22,10,,546851394200.0,17598650.0,208106516253.135
6142,North America,1564,GTM,Guatemala,2022,59.4,76.5,43.5,68.5,72.4,49.9,69.0,58.1,71.0,23.1,20.7,74.1,90.4,95.9,55.9,46.0,43.7,50.8,60,55,22,20,10,,569734489700.0,17847877.0,232272538658.502
6143,Africa,1565,GIN,Guinea,2000,46.0,26.2,57.0,19.3,0.9,29.0,43.7,18.2,64.0,8.5,38.2,51.5,97.5,99.0,65.7,73.6,44.1,46.4,15,55,8,10,5,28.2,28916943266000.0,8428832.0,10079248843.9752
6144,Africa,1566,GIN,Guinea,2001,46.2,26.2,56.8,19.8,0.9,29.0,44.0,19.9,64.0,8.5,38.2,51.2,97.4,99.0,67.5,73.6,44.1,45.4,25,60,10,10,10,28.05,29974825239000.0,8539960.0,10683238861.2839
6145,Africa,1567,GIN,Guinea,2002,46.2,26.2,56.8,20.0,2.0,29.0,44.4,20.4,64.0,8.5,38.2,50.7,97.2,99.0,63.9,74.5,44.1,47.1,25,60,8,10,10,27.91,31522907901000.0,8674066.0,11409577515.5017
6146,Africa,1568,GIN,Guinea,2003,46.7,26.2,56.2,20.3,3.7,34.4,44.9,19.4,63.9,8.5,38.2,50.4,97.3,99.0,66.3,74.5,44.1,46.1,40,45,10,20,7,27.76,31916503326000.0,8870781.0,11780111222.0163
6147,Africa,1569,GIN,Guinea,2004,46.7,26.2,56.4,20.5,6.3,34.4,45.5,20.2,63.9,8.5,38.2,49.9,97.3,99.0,64.4,74.5,44.1,45.4,15,60,30,18,8,27.61,32663386946000.0,9062726.0,12379970119.8228
6148,Africa,1570,GIN,Guinea,2005,46.7,26.2,56.0,19.2,7.3,34.4,46.0,19.3,63.9,8.5,38.2,50.0,97.2,99.0,64.9,74.5,44.1,44.6,35,35,10,18,5,27.47,33642397681000.0,9245844.0,13150834368.1347
6149,Africa,1571,GIN,Guinea,2006,46.7,26.2,55.8,19.2,8.8,34.4,46.5,19.3,63.9,8.5,38.2,49.5,97.2,99.0,64.1,74.5,44.1,44.6,38,50,15,18,10,27.32,34042608356000.0,9441171.0,13717651667.8331
6150,Africa,1572,GIN,Guinea,2007,48.3,26.2,59.4,21.7,11.6,34.4,47.1,20.3,63.9,8.5,56.0,49.2,97.1,99.0,63.5,74.5,44.1,44.6,30,63,15,15,10,27.17,36363453346000.0,9662281.0,15049832151.653
6151,Africa,1573,GIN,Guinea,2008,48.4,26.2,59.2,22.1,11.0,34.4,47.6,20.7,63.9,8.5,56.0,48.7,97.2,99.0,64.9,74.5,44.4,44.1,35,60,15,12,7,27.03,37866360749000.0,9898870.0,15973795087.6796
6152,Africa,1574,GIN,Guinea,2009,48.6,26.2,58.6,22.1,12.9,34.4,48.2,20.5,63.8,8.5,56.0,48.4,97.0,99.0,65.7,74.5,44.4,45.4,40,50,10,18,15,26.88,37441257061000.0,10143534.0,15891883770.6773
6153,Africa,1575,GIN,Guinea,2010,48.7,26.2,57.9,23.8,14.4,34.4,48.7,18.7,63.9,8.5,56.0,47.9,96.9,98.9,66.3,74.5,44.4,46.4,35,58,12,18,10,26.73,39243439615400.0,10396086.0,16859245457.7221
6154,Africa,1576,GIN,Guinea,2011,48.7,29.5,58.0,24.6,15.3,34.4,49.0,17.6,63.8,8.5,56.0,47.6,96.8,98.8,63.1,74.5,44.4,46.2,10,65,18,18,15,26.59,41445825310700.0,10656810.0,18172750157.873
6155,Africa,1577,GIN,Guinea,2012,50.2,33.5,55.5,24.1,22.1,34.9,49.3,15.2,63.8,10.2,77.7,46.8,96.8,98.9,63.3,74.5,42.2,45.1,35,70,12,20,7,26.44,43897464521200.0,10921581.0,19549354005.3136
6156,Africa,1578,GIN,Guinea,2013,50.4,38.4,55.6,24.4,23.2,28.8,49.6,17.4,63.8,10.4,77.7,47.2,96.6,98.9,62.0,74.5,42.1,46.9,35,60,15,18,10,26.29,45629521110000.0,11191873.0,20615455554.0816
6157,Africa,1579,GIN,Guinea,2014,50.3,36.0,56.0,22.6,22.1,29.6,49.9,18.5,63.8,10.6,77.7,46.8,96.6,98.9,62.7,74.5,41.9,46.7,35,56,12,25,10,26.15,47316240594700.0,11472924.0,21491243355.9802
6158,Africa,1580,GIN,Guinea,2015,50.3,41.4,55.9,23.9,13.8,29.1,50.2,22.9,63.8,11.5,77.7,46.3,96.6,98.7,61.3,74.5,41.5,46.5,40,58,15,20,8,26.0,49126517644700.0,11767070.0,22706690384.7223
6159,Africa,1581,GIN,Guinea,2016,51.4,46.6,57.5,27.4,20.1,27.6,50.5,24.5,63.8,11.5,77.7,44.7,96.3,98.1,61.9,74.5,43.2,47.1,45,63,20,18,7,25.84,54442314973700.0,12073030.0,27228620630.0338
6160,Africa,1582,GIN,Guinea,2017,52.1,46.7,57.2,30.3,20.1,27.0,50.8,25.4,66.2,12.3,77.7,50.4,96.4,98.5,61.3,74.5,42.6,47.3,40,65,18,25,7,25.68,60049876324700.0,12385659.0,33281442968.4819
6161,Africa,1583,GIN,Guinea,2018,53.1,49.1,57.1,30.7,28.4,31.4,51.1,25.2,66.1,11.4,91.8,50.9,96.5,98.5,58.9,67.6,42.1,46.7,35,63,20,18,7,25.51,63868142863200.0,12704774.0,36138275786.6167
6162,Africa,1584,GIN,Guinea,2019,53.5,55.4,57.4,30.9,26.3,31.3,51.4,27.0,66.2,11.5,91.8,50.0,96.5,98.4,57.9,67.6,41.1,48.8,35,60,20,15,10,25.35,67455561820700.0,13034346.0,40482435336.7228
6163,Africa,1585,GIN,Guinea,2020,53.5,57.1,57.8,31.6,30.5,28.1,51.7,27.7,66.3,12.5,91.8,45.4,96.5,98.4,57.8,67.6,38.1,51.2,37,60,14,18,10,25.19,70629070084900.0,13371183.0,44550864730.0015
6164,Africa,1586,GIN,Guinea,2021,54.2,56.5,58.0,31.7,33.4,28.0,51.7,27.7,67.7,13.3,91.8,47.5,96.5,98.4,57.8,69.0,38.3,55.0,25,60,15,20,10,,74571819838700.0,13710513.0,51260936277.8168
6165,Africa,1587,GIN,Guinea,2022,54.9,60.5,58.2,32.3,33.4,28.0,51.7,27.7,67.8,13.3,91.8,52.7,96.5,98.4,57.8,69.0,39.0,55.0,35,60,12,15,10,,77534116657900.0,14055137.0,57097045519.8568
6189,South America,1611,GUY,Guyana,2000,63.7,76.1,58.0,52.9,86.1,54.1,64.1,53.1,71.6,14.6,0.0,76.6,87.2,86.7,44.6,73.5,58.8,60.9,20,43,15,18,10,94.31,592040744400.0,764832.0,4481852741.84704
6190,South America,1612,GUY,Guyana,2001,63.2,76.1,58.3,54.4,81.7,54.1,64.4,54.5,71.7,14.6,0.0,76.7,87.2,86.7,38.6,73.5,58.6,60.3,25,50,20,20,8,94.28,605536441400.0,764477.0,4687235406.86868
6191,South America,1613,GUY,Guyana,2002,63.6,76.1,56.7,55.8,81.7,54.9,64.8,57.2,71.7,14.6,0.0,76.8,87.2,86.8,42.1,73.5,56.6,60.5,35,60,20,20,8,94.26,612394910400.0,763652.0,4813988685.11215
6192,South America,1614,GUY,Guyana,2003,63.3,76.1,56.8,54.3,81.7,54.9,65.1,56.3,71.9,14.6,0.0,76.9,87.2,86.3,45.8,73.5,54.6,57.3,30,65,20,20,10,94.24,608523194300.0,763101.0,4877995825.19702
6193,South America,1615,GUY,Guyana,2004,63.9,76.1,54.6,54.9,81.7,60.4,65.4,57.9,72.2,14.9,0.0,77.3,87.2,86.1,49.5,73.5,57.0,54.1,35,55,18,18,10,94.22,618036554500.0,762418.0,5087480361.73336
6194,South America,1616,GUY,Guyana,2005,64.5,76.1,56.2,57.3,81.7,60.4,65.7,57.0,72.4,15.4,0.0,77.0,87.2,87.1,48.4,73.5,57.0,60.1,20,60,20,15,5,94.19,605978923400.0,760914.0,5144629329.77797
6195,South America,1617,GUY,Guyana,2006,64.1,76.1,60.7,55.2,81.7,59.5,66.1,58.5,72.7,15.9,0.0,77.6,87.2,87.5,47.0,73.5,57.9,48.6,30,60,20,32,7,94.17,637063274900.0,758966.0,5575318912.16119
6196,South America,1618,GUY,Guyana,2007,63.5,76.1,59.5,54.4,81.7,59.5,66.4,58.1,72.5,16.8,0.0,77.7,87.2,86.6,42.2,73.5,56.9,47.1,30,60,20,45,5,94.15,682876000000.0,756861.0,6138165415.04716
6197,South America,1619,GUY,Guyana,2008,63.8,76.1,57.9,58.3,82.2,60.0,66.7,59.1,72.2,17.4,0.0,78.3,87.2,86.8,43.0,73.5,55.4,47.1,30,75,24,25,8,94.13,694862000000.0,754606.0,6366244373.57373
6198,South America,1620,GUY,Guyana,2009,64.1,76.1,62.1,60.5,80.7,60.0,67.0,58.1,71.9,18.6,0.0,78.5,87.2,86.1,42.9,73.5,56.2,47.0,20,65,20,20,10,94.1,719957000000.0,752094.0,6636845682.44438
6199,South America,1621,GUY,Guyana,2010,64.5,76.1,60.6,61.3,83.8,60.0,67.3,61.8,71.7,19.7,0.0,79.2,87.2,86.1,40.8,73.4,55.4,47.4,30,65,20,25,7,94.08,749752000000.0,749256.0,6995502297.45768
6200,South America,1622,GUY,Guyana,2011,64.8,77.5,61.9,59.4,86.3,60.7,67.6,64.3,71.4,19.4,0.0,79.1,87.2,85.9,38.4,73.4,56.4,48.1,5,65,20,30,10,94.02,788711000000.0,746153.0,7510830548.78362
6201,South America,1623,GUY,Guyana,2012,65.1,78.6,60.8,62.4,87.6,60.7,67.9,63.7,71.1,20.9,0.0,80.1,87.2,85.8,38.1,73.4,56.7,47.0,25,58,20,45,7,93.96,830326000000.0,746288.0,7930672473.7072
6202,South America,1624,GUY,Guyana,2013,65.5,79.3,62.9,63.4,87.6,64.4,68.3,64.2,70.8,20.8,0.0,80.4,87.2,86.0,36.9,73.4,55.9,47.2,40,58,20,30,10,93.9,860661000000.0,750021.0,8400150803.44364
6203,South America,1625,GUY,Guyana,2014,65.8,79.6,61.9,60.7,89.3,62.2,68.6,63.5,70.5,22.9,0.0,81.6,87.2,85.9,36.0,73.4,56.5,52.6,30,45,25,35,10,93.84,875176000000.0,754229.0,8405904168.05223
6204,South America,1626,GUY,Guyana,2015,65.9,79.7,63.9,62.4,89.3,62.2,68.9,65.2,70.2,23.3,0.0,81.7,87.2,85.8,32.8,73.4,56.1,51.9,30,58,20,20,8,93.78,881192000000.0,758781.0,8656533235.33949
6205,South America,1627,GUY,Guyana,2016,66.1,80.6,63.3,62.8,89.3,62.7,69.2,64.3,70.0,22.4,0.0,82.9,86.9,84.7,32.7,73.4,58.0,54.2,35,62,30,40,10,93.74,914743000000.0,763548.0,8793308785.64102
6206,South America,1628,GUY,Guyana,2017,66.7,81.5,64.6,64.7,89.3,64.0,69.2,65.8,70.1,27.0,0.0,82.8,86.6,84.8,32.5,73.3,57.8,53.3,35,65,30,35,15,93.69,948904000000.0,768479.0,9408659458.00787
6207,South America,1629,GUY,Guyana,2018,67.1,82.5,66.1,65.0,89.3,64.5,69.2,63.0,71.4,26.3,0.0,83.5,86.2,84.3,33.4,73.0,58.0,57.5,35,59,30,35,10,93.64,991044000000.0,791556.0,9848942431.25036
6208,South America,1630,GUY,Guyana,2019,67.7,83.7,66.5,65.9,89.9,62.9,69.2,61.5,72.5,33.8,0.0,83.7,85.8,84.0,37.3,73.0,57.2,57.1,30,63,25,28,10,93.6,1044093000000.0,807665.0,10694269146.4903
6209,South America,1631,GUY,Guyana,2020,68.6,91.1,66.4,66.2,89.9,64.9,69.2,61.9,69.7,35.2,0.0,84.1,86.1,82.4,37.0,73.0,55.9,64.1,40,65,20,30,10,93.55,1498061000000.0,807481.0,13581364399.677
6210,South America,1632,GUY,Guyana,2021,69.0,93.1,66.6,65.5,89.8,65.2,69.2,61.9,71.2,35.7,0.0,84.1,86.1,82.8,36.8,73.1,57.2,66.1,25,60,20,25,10,,1798572000000.0,815482.0,18646751960.8246
6211,South America,1633,GUY,Guyana,2022,67.4,99.1,66.7,65.5,89.8,65.2,69.2,61.9,74.3,35.7,0.0,84.1,86.1,82.8,36.6,73.1,56.0,66.1,25,63,10,33,10,,2937691000000.0,821637.0,32628001896.9885
6212,North America,1634,HTI,Haiti,2000,49.5,37.8,49.5,28.4,66.5,29.7,46.5,23.4,60.5,14.3,47.3,50.8,94.3,99.1,60.9,47.4,41.9,42.6,40,30,15,15,10,13.81,465834795200.0,8303151.0,18503583099.6426
6213,North America,1635,HTI,Haiti,2001,49.3,37.8,48.6,28.6,66.5,29.9,47.1,22.6,59.8,14.3,47.3,50.1,94.4,99.1,61.4,47.3,41.9,42.3,35,10,12,12,20,13.8,464238156300.0,8455918.0,18855377739.6979
6214,North America,1636,HTI,Haiti,2002,49.2,37.8,48.6,29.5,66.5,30.1,47.5,20.1,59.2,14.3,47.3,49.7,94.2,99.1,61.4,47.2,41.9,41.8,45,15,18,10,10,13.8,469121106700.0,8607641.0,19349795916.1406
6215,North America,1637,HTI,Haiti,2003,49.2,37.8,48.4,30.2,66.5,30.2,48.0,20.1,58.5,14.3,47.3,49.0,94.3,99.1,61.7,47.1,41.9,41.8,60,30,15,15,10,13.79,485450179100.0,8759912.0,20418643035.7153
6216,North America,1638,HTI,Haiti,2004,49.2,37.8,48.3,30.6,66.5,30.4,48.4,19.3,57.8,14.8,47.3,48.6,94.3,99.1,61.7,47.0,41.9,42.0,40,30,18,7,20,13.78,479052641100.0,8910263.0,20691393741.8027
6217,North America,1639,HTI,Haiti,2005,49.2,37.8,48.7,31.9,66.5,31.4,48.8,19.0,57.1,15.0,47.3,47.8,94.0,99.1,61.7,46.9,41.9,42.0,50,20,18,15,10,13.77,493769968800.0,9061273.0,21995769796.1691
6218,North America,1640,HTI,Haiti,2006,47.8,37.8,44.5,32.0,49.5,30.3,49.1,18.9,56.4,15.1,47.3,47.5,94.0,99.1,61.7,46.8,41.9,41.3,38,15,20,16,10,13.76,502503528100.0,9216562.0,23075131412.5128
6219,North America,1641,HTI,Haiti,2007,47.6,37.8,45.0,33.0,49.5,31.2,49.5,13.0,55.8,15.1,47.3,46.8,94.0,99.1,61.5,46.7,41.9,42.4,55,35,20,15,12,13.75,526154007100.0,9373296.0,24815757912.8711
6220,North America,1642,HTI,Haiti,2008,47.5,37.8,44.3,33.4,49.5,30.9,49.9,13.3,56.1,15.2,47.3,45.2,94.1,99.1,61.2,46.6,41.6,42.5,55,20,18,17,10,13.75,540139350600.0,9530774.0,25966205176.8208
6221,North America,1643,HTI,Haiti,2009,48.0,37.8,45.1,33.7,49.5,30.7,50.2,20.9,56.4,15.3,47.3,44.5,94.2,99.1,60.8,46.5,41.3,42.4,50,15,15,15,12,13.74,571955605200.0,9689581.0,27665301315.3342
6222,North America,1644,HTI,Haiti,2010,47.7,37.8,45.2,30.6,49.5,34.1,50.6,18.7,56.6,15.3,47.3,40.0,94.1,99.1,61.5,46.4,41.5,42.5,40,25,18,10,15,13.73,539631468200.0,9803294.0,26419005242.4272
6223,North America,1645,HTI,Haiti,2011,48.2,39.1,44.7,35.5,49.5,31.8,51.0,20.4,57.0,15.5,47.3,45.1,94.1,99.1,60.0,46.3,41.3,41.6,40,25,15,18,10,13.62,567143032800.0,9914904.0,28338743512.0008
6224,North America,1646,HTI,Haiti,2012,50.4,38.9,48.4,36.8,73.4,35.4,51.4,25.4,57.3,12.6,47.3,47.6,94.0,99.1,59.7,46.2,40.7,41.7,50,15,20,15,10,13.5,569992497800.0,10069771.0,28499373298.6682
6225,North America,1647,HTI,Haiti,2013,50.9,41.2,48.9,38.3,73.4,38.1,51.8,24.7,57.4,12.8,47.3,46.8,94.0,99.0,62.1,47.0,41.3,41.8,55,45,15,15,10,13.39,594643442800.0,10222362.0,31101506421.0806
6226,North America,1648,HTI,Haiti,2014,51.1,40.5,49.6,37.6,73.4,39.5,52.2,22.7,56.9,14.6,47.3,44.2,93.9,99.0,65.1,47.9,40.8,43.2,49,15,15,15,8,13.28,611821339100.0,10373235.0,31905357619.7515
6227,North America,1649,HTI,Haiti,2015,51.2,42.1,49.3,40.0,73.4,40.7,52.6,21.3,56.9,15.1,47.3,39.8,93.9,99.0,65.3,48.3,41.3,43.7,43,15,18,17,10,13.17,620386837900.0,10523242.0,31841589929.642
6228,North America,1650,HTI,Haiti,2016,50.8,44.4,49.3,40.0,69.0,39.6,53.0,21.6,57.0,15.0,47.3,37.8,94.0,99.0,65.3,48.2,40.8,42.6,35,40,15,20,10,13.05,631631151300.0,10671457.0,34719284269.453
6229,North America,1651,HTI,Haiti,2017,51.7,46.5,50.2,40.9,69.0,40.8,53.4,22.1,59.1,18.9,47.3,36.8,93.9,98.9,66.6,48.6,42.0,43.8,55,63,18,18,15,12.94,647486807100.0,10817754.0,36124687052.1535
6230,North America,1652,HTI,Haiti,2018,52.2,48.1,50.3,40.8,69.0,41.3,53.8,22.0,59.1,22.7,47.3,40.2,94.0,98.7,66.6,43.5,42.7,47.0,50,30,20,15,15,12.83,658285663000.0,10962362.0,35046384798.4854
6231,North America,1653,HTI,Haiti,2019,51.8,46.7,51.8,40.0,69.0,41.6,54.2,22.3,59.1,22.2,47.3,39.6,94.0,98.8,65.0,43.4,42.1,44.0,65,25,15,11,10,12.71,646942762500.0,11105163.0,35947134169.5494
6232,North America,1654,HTI,Haiti,2020,51.6,43.7,51.3,40.3,69.0,41.5,54.3,22.6,58.4,23.1,47.3,39.7,94.0,98.9,65.0,43.3,40.7,43.9,59,12,15,15,8,12.6,625558034100.0,11243848.0,34891691692.7124
6233,North America,1655,HTI,Haiti,2021,52.8,43.7,51.1,40.7,69.0,41.7,54.3,22.6,58.0,23.5,47.3,39.7,94.0,98.8,65.0,65.2,39.9,43.8,62,20,18,11,8,,614309000000.0,11374586.0,35658760079.8831
6234,North America,1656,HTI,Haiti,2022,52.6,42.2,51.2,40.7,69.0,41.8,54.3,22.6,57.7,23.5,47.3,39.7,94.0,98.8,65.0,65.0,37.3,43.8,63,25,17,8,10,,603976421100.0,11503606.0,37558509107.2691
6235,North America,1657,HND,Honduras,2000,56.5,60.5,46.4,60.5,57.4,54.1,64.3,48.4,65.8,13.7,10.7,70.1,88.8,96.7,49.8,74.5,45.3,53.8,20,18,15,20,7,60.58,106654200000.0,6577773.0,17019478118.6271
6236,North America,1658,HND,Honduras,2001,57.0,60.5,46.9,61.5,57.4,54.2,64.8,46.8,65.8,13.7,10.7,70.1,89.0,96.6,58.3,74.4,45.3,52.9,40,28,22,33,10,60.4,109558600000.0,6757993.0,17876613256.4252
6237,North America,1659,HND,Honduras,2002,57.2,60.5,49.2,61.6,57.4,52.3,65.2,46.9,65.7,13.8,10.3,70.2,89.5,96.5,60.3,74.4,45.3,53.0,28,30,18,23,8,60.22,113671800000.0,6938859.0,18835992941.9785
6238,North America,1660,HND,Honduras,2003,57.9,60.5,49.2,61.6,59.9,52.4,65.7,47.0,65.0,14.1,6.9,70.2,89.1,96.4,73.2,74.5,45.3,53.1,25,30,15,20,10,60.04,118840500000.0,7119213.0,20081264093.0021
6239,North America,1661,HND,Honduras,2004,57.2,60.5,48.6,62.3,60.2,52.5,66.1,46.7,64.6,14.2,6.9,70.6,88.6,96.3,60.6,74.5,45.3,53.5,40,40,20,20,8,59.85,126247000000.0,7298994.0,21906446701.8985
6240,North America,1662,HND,Honduras,2005,57.8,60.5,48.5,64.2,57.7,61.1,66.5,50.5,65.3,14.3,4.9,70.5,88.7,96.4,59.6,75.0,45.3,54.3,35,25,18,22,10,59.67,133885700000.0,7478355.0,23960344227.6387
6241,North America,1663,HND,Honduras,2006,58.9,60.5,48.3,65.0,59.6,61.4,66.9,52.8,66.0,14.5,7.7,71.2,89.0,96.3,66.4,74.9,45.3,55.1,40,25,18,20,12,59.49,142678300000.0,7656832.0,26321301510.4713
6242,North America,1664,HND,Honduras,2007,59.3,60.5,49.1,65.3,60.0,61.4,67.4,52.9,66.2,14.7,10.1,74.5,88.5,96.2,65.1,74.8,46.1,56.0,25,35,15,30,10,59.31,151507700000.0,7834798.0,28707391566.7137
6243,North America,1665,HND,Honduras,2008,59.6,60.5,50.3,65.8,61.7,61.4,67.8,52.9,66.2,14.8,10.6,74.0,89.4,96.2,64.9,74.8,46.1,56.6,38,10,25,35,8,59.13,157918900000.0,8012587.0,30498687000.3987
6244,North America,1666,HND,Honduras,2009,59.4,60.5,52.4,67.3,61.1,58.6,68.2,52.9,66.2,14.8,16.5,75.2,89.6,96.3,54.6,74.7,45.5,55.7,35,30,18,15,8,58.95,154078900000.0,8189899.0,29940608307.778
6245,North America,1667,HND,Honduras,2010,60.7,60.5,53.2,68.1,62.2,58.6,68.6,54.1,65.7,15.0,13.9,74.2,89.7,96.4,65.8,75.3,47.3,62.4,30,35,17,18,7,58.77,159827800000.0,8365878.0,31435174934.2812
6246,North America,1668,HND,Honduras,2011,59.9,61.6,53.9,67.1,57.5,61.5,69.0,54.2,65.5,16.1,14.6,73.7,89.4,96.0,55.4,75.2,46.6,61.8,40,28,20,18,10,58.57,165958300000.0,8540583.0,33314349143.9269
6247,North America,1669,HND,Honduras,2012,59.8,57.3,54.3,66.0,53.9,61.5,69.4,55.9,65.9,17.2,13.5,74.5,89.8,96.0,57.7,75.1,47.5,61.5,35,20,18,25,10,58.37,172810200000.0,8715076.0,35002761425.5249
6248,North America,1670,HND,Honduras,2013,61.1,62.9,53.8,66.6,59.5,62.1,69.8,55.5,64.8,17.6,18.3,73.7,90.0,96.2,64.6,75.1,46.6,62.0,38,20,20,22,7,58.17,177634300000.0,8889278.0,36777848313.4206
6249,North America,1671,HND,Honduras,2014,62.4,63.3,53.4,68.2,65.6,66.3,70.2,58.6,65.7,18.3,18.5,77.6,89.7,96.3,62.5,75.0,46.8,64.1,38,38,18,30,10,57.97,183066500000.0,9063122.0,40422044599.9769
6250,North America,1672,HND,Honduras,2015,62.3,64.3,53.3,66.9,63.1,66.6,70.6,58.4,67.9,18.9,19.4,78.3,89.7,95.8,63.0,74.9,45.8,62.8,42,38,18,28,7,57.77,190096400000.0,9237305.0,44760245066.2342
6251,North America,1673,HND,Honduras,2016,62.9,63.4,53.8,69.2,64.6,66.6,70.9,60.1,67.6,18.6,18.6,84.2,89.6,96.0,62.7,74.8,46.7,61.0,42,35,20,30,8,57.58,197496800000.0,9412380.0,48814099005.3134
6252,North America,1674,HND,Honduras,2017,62.8,64.4,54.2,68.9,65.1,66.0,71.3,59.1,69.9,19.6,19.2,83.5,89.5,95.8,62.0,74.7,44.0,61.0,43,20,18,35,10,57.4,207061400000.0,9588137.0,53891605878.8263
6253,North America,1675,HND,Honduras,2018,62.5,65.4,54.4,68.8,65.3,65.4,71.7,60.5,70.0,24.2,19.9,77.3,89.4,95.8,61.3,65.1,44.7,63.0,44,25,15,25,7,57.21,215022900000.0,9765210.0,55011170333.9628
6254,North America,1676,HND,Honduras,2019,62.9,67.3,54.2,71.4,64.6,61.4,72.1,60.1,70.6,26.6,20.8,82.1,89.3,95.6,62.4,65.1,43.9,61.2,40,38,18,20,7,57.02,220526700000.0,9943633.0,57523228910.7116
6255,North America,1677,HND,Honduras,2020,62.7,64.3,53.7,70.5,64.2,63.8,72.4,60.7,66.7,27.1,20.8,82.2,89.3,95.9,62.5,65.0,43.5,63.1,44,30,20,24,7,56.83,200756300000.0,10119640.0,54491208505.2883
6256,North America,1678,HND,Honduras,2021,63.3,69.0,53.8,70.5,61.0,66.4,72.4,60.7,66.9,28.4,20.8,82.6,89.8,95.8,62.5,69.5,42.5,63.1,42,20,22,25,10,,225981900000.0,10289877.0,63827909343.1217
6257,North America,1679,HND,Honduras,2022,62.9,70.3,53.9,70.2,61.0,66.7,72.4,60.7,67.2,28.4,20.8,76.9,89.8,95.8,62.5,69.4,40.6,63.3,43,35,18,22,7,,235345600000.0,10463872.0,71211813748.7635
6258,Europe,1680,HUN,Hungary,2000,74.4,98.5,67.1,75.0,95.5,58.0,86.6,69.1,79.4,34.6,95.7,83.7,75.9,79.3,0.0,71.9,69.4,50.3,20,18,25,40,8,21.22,31558255502000.0,10210971.0,121195358449.848
6259,Europe,1681,HUN,Hungary,2001,74.8,98.5,71.9,75.6,95.9,58.0,86.6,69.1,79.9,36.1,95.7,83.8,75.6,79.0,0.0,71.8,69.3,50.2,15,20,35,55,10,21.36,32840160100000.0,10187576.0,134721896106.528
6260,Europe,1682,HUN,Hungary,2002,74.8,98.5,68.1,75.1,96.2,58.5,86.6,69.3,79.9,37.1,95.7,83.9,75.4,79.2,0.0,72.1,69.4,51.2,25,25,55,60,8,21.5,34393521120000.0,10158608.0,147628015412.936
6261,Europe,1683,HUN,Hungary,2003,74.7,98.5,65.4,75.5,95.6,59.1,86.6,68.4,79.8,38.0,95.7,83.9,75.4,78.7,0.0,72.1,69.4,53.5,18,20,20,33,8,21.64,35748205430000.0,10129552.0,156622449025.926
6262,Europe,1684,HUN,Hungary,2004,76.1,98.5,74.8,75.8,95.4,58.9,86.6,68.3,79.7,39.1,95.7,84.0,75.0,78.9,0.0,85.9,69.4,52.3,20,35,55,20,10,21.77,37522433680000.0,10107146.0,164269732230.172
6263,Europe,1685,HUN,Hungary,2005,76.0,98.5,74.3,76.1,95.8,59.0,86.6,70.0,78.9,41.9,88.9,84.0,75.3,78.9,0.0,85.9,69.5,52.6,20,20,20,30,7,21.91,39136004586000.0,10087065.0,172400813274.61
6264,Europe,1686,HUN,Hungary,2006,76.7,98.5,72.4,76.3,96.1,60.2,86.6,70.3,78.8,43.4,97.9,84.1,75.3,79.0,0.0,86.0,69.4,52.3,15,25,45,20,8,22.05,40675588248000.0,10071370.0,184969947263.833
6265,Europe,1687,HUN,Hungary,2007,76.5,98.5,66.1,76.2,95.6,61.2,86.6,71.7,78.7,44.8,99.4,83.3,75.2,79.1,0.0,86.0,69.9,51.1,20,35,20,40,5,22.19,40810775330000.0,10055780.0,191964742346.73
6266,Europe,1688,HUN,Hungary,2008,77.4,98.5,74.0,76.9,96.2,61.8,86.6,71.9,78.5,47.0,100.0,85.8,75.4,79.3,0.0,86.0,69.5,50.7,12,25,25,20,5,22.33,41216204707000.0,10038188.0,207878441304.937
6267,Europe,1689,HUN,Hungary,2009,77.5,98.5,70.7,77.5,96.4,62.3,86.6,73.5,77.4,48.0,100.0,85.9,76.3,80.3,0.0,86.0,69.6,50.8,20,25,15,50,10,22.47,38438164056000.0,10022650.0,207275141480.958
6268,Europe,1690,HUN,Hungary,2010,77.2,98.5,68.9,78.6,95.9,61.5,86.6,74.0,76.7,48.7,96.7,86.8,76.5,80.2,0.0,86.4,68.0,50.5,30,25,18,40,7,22.6,38848664691000.0,10000023.0,216934519611.679
6269,Europe,1691,HUN,Hungary,2011,77.4,98.5,70.7,79.2,94.8,61.6,86.6,74.6,76.8,51.7,96.0,85.6,76.2,80.1,0.0,86.4,69.1,50.2,30,35,24,35,10,22.64,39593280608000.0,9971727.0,229272125664.901
6270,Europe,1692,HUN,Hungary,2012,77.2,98.5,66.5,79.1,95.4,61.7,86.6,75.7,76.8,54.1,92.5,85.5,76.5,81.6,0.0,86.4,69.0,49.3,20,35,15,20,7,22.67,39062934765000.0,9920362.0,230205082153.03
6271,Europe,1693,HUN,Hungary,2013,77.3,98.5,69.8,79.8,94.0,62.9,86.6,75.6,77.3,55.2,90.3,88.0,76.3,81.6,0.0,86.4,65.8,49.4,30,35,25,30,10,22.7,39856759970000.0,9872734.0,242786701094.945
6272,Europe,1694,HUN,Hungary,2014,77.9,98.6,73.0,80.3,92.6,62.8,86.6,74.8,78.6,57.7,92.4,88.0,76.0,80.8,0.0,86.4,67.4,49.9,32,23,27,50,10,22.73,41584292897000.0,9833038.0,253655114129.22
6273,Europe,1695,HUN,Hungary,2015,78.0,98.6,70.2,81.2,93.6,63.0,86.6,74.5,80.2,59.6,92.5,87.0,76.1,81.4,0.0,86.4,67.8,49.6,30,25,25,45,10,22.76,43106201566000.0,9797755.0,264000114278.855
6274,Europe,1696,HUN,Hungary,2016,78.7,98.7,73.2,81.5,93.0,63.0,86.6,74.5,81.1,63.0,93.2,91.1,75.5,80.9,0.0,86.4,67.5,50.0,35,25,22,48,8,22.75,44157407249000.0,9759755.0,275019599716.579
6275,Europe,1697,HUN,Hungary,2017,79.0,98.7,70.5,82.9,91.2,63.0,86.6,74.1,83.0,73.6,91.3,89.5,75.0,79.0,0.0,86.4,68.5,50.0,35,30,30,48,7,22.73,45978539927000.0,9726756.0,289157120615.007
6276,Europe,1698,HUN,Hungary,2018,78.9,98.8,71.0,82.7,89.8,64.5,86.6,73.4,82.9,73.5,94.5,86.8,74.3,77.8,0.0,86.4,68.8,50.1,30,20,20,55,7,22.71,48556160389000.0,9706964.0,313129747062.98
6277,Europe,1699,HUN,Hungary,2019,79.1,98.8,71.1,83.8,92.0,64.4,86.6,73.9,81.7,76.3,92.7,89.3,74.0,77.8,0.0,86.4,68.2,49.0,37,25,32,45,8,22.69,51021446457000.0,9694824.0,345399739504.719
6278,Europe,1700,HUN,Hungary,2020,79.6,98.8,71.7,83.8,92.8,64.3,86.6,73.9,81.9,77.7,92.7,88.5,74.0,78.1,0.0,86.5,69.5,53.2,30,20,18,35,7,22.68,48807766000000.0,9670419.0,344108181960.693
6279,Europe,1701,HUN,Hungary,2021,80.2,98.9,70.3,84.2,92.8,66.7,86.6,73.9,84.3,79.8,92.7,88.5,76.1,77.9,0.0,86.5,69.8,54.6,32,30,25,48,10,,52333109846000.0,9630932.0,374519891736.617
6280,Europe,1702,HUN,Hungary,2022,79.4,98.9,70.3,83.6,92.8,66.8,86.6,73.9,84.6,80.3,92.7,89.3,76.1,77.9,0.0,86.5,69.1,54.1,40,30,32,37,8,,54567915521000.0,9605074.0,422741088429.769
6281,Europe,1703,ISL,Iceland,2000,75.4,99.7,56.2,89.5,95.1,84.9,59.8,98.8,79.7,55.7,99.4,89.5,34.4,59.2,67.3,51.0,95.5,66.7,5,10,40,70,8,0.3,1800770331000.0,281205.0,8375093029.85957
6282,Europe,1704,ISL,Iceland,2001,75.7,99.7,56.1,89.9,94.0,84.9,59.8,98.8,79.9,57.4,99.4,89.5,35.1,59.9,68.4,51.0,96.0,66.9,10,10,5,75,10,0.31,1873044204000.0,284968.0,9086333221.49219
6283,Europe,1705,ISL,Iceland,2002,75.9,99.7,55.9,90.3,94.8,84.9,59.8,98.8,79.2,61.7,99.4,89.5,35.1,59.4,65.9,50.9,95.6,68.9,5,10,75,70,7,0.33,1883524244000.0,287523.0,9375292903.83657
6284,Europe,1706,ISL,Iceland,2003,75.7,99.7,55.7,91.3,97.3,81.6,59.8,98.9,78.4,61.8,99.4,89.5,35.4,59.5,62.6,50.9,95.6,69.0,5,15,75,72,8,0.34,1923882299000.0,289521.0,9467640392.32602
6285,Europe,1707,ISL,Iceland,2004,75.4,99.7,55.6,91.6,96.1,81.6,59.8,98.9,78.0,61.9,98.7,89.5,35.6,58.9,60.8,51.0,95.5,68.5,10,10,60,62,8,0.36,2073991281000.0,292074.0,10402862044.4128
6286,Europe,1708,ISL,Iceland,2005,75.5,99.7,55.4,92.0,96.3,83.8,59.8,98.9,78.8,62.3,95.4,89.5,35.8,59.8,60.2,53.4,94.3,68.3,8,7,80,82,8,0.37,2201011613000.0,296734.0,11074925909.5813
6287,Europe,1709,ISL,Iceland,2006,75.1,99.7,55.3,91.8,96.6,83.8,59.8,99.0,78.6,63.3,90.9,89.5,35.1,59.2,58.6,53.7,94.6,67.6,5,7,80,60,10,0.39,2340049363000.0,303782.0,12060170222.0007
6288,Europe,1710,ISL,Iceland,2007,75.1,99.7,55.1,93.3,96.2,83.8,59.8,99.1,78.8,62.2,92.5,89.5,35.0,57.8,56.9,53.7,95.3,67.0,8,15,75,75,8,0.4,2537897263000.0,311566.0,12921528405.0239
6289,Europe,1711,ISL,Iceland,2008,74.6,99.7,54.9,93.7,96.7,83.8,59.8,99.4,78.7,62.0,85.2,89.5,35.2,56.6,57.2,53.9,95.5,67.1,10,10,60,25,10,0.42,2593972012000.0,317414.0,13879915595.1021
6290,Europe,1712,ISL,Iceland,2009,75.9,99.7,54.8,93.0,96.9,90.3,59.8,99.5,76.4,65.0,97.1,89.5,36.5,57.3,58.2,54.2,94.2,67.9,10,10,70,45,8,0.43,2395174938000.0,318499.0,13333310873.277
6291,Europe,1713,ISL,Iceland,2010,76.3,99.7,54.6,94.4,95.4,90.3,59.8,99.5,76.2,67.3,100.0,89.5,36.6,57.7,59.4,54.2,95.8,66.7,10,10,62,60,8,0.45,2327325023000.0,318041.0,12647987098.348
6292,Europe,1714,ISL,Iceland,2011,76.1,99.6,54.5,94.5,94.0,88.1,59.8,99.5,76.4,68.5,100.0,89.5,36.7,53.6,62.6,54.3,95.7,66.2,8,11,62,45,8,0.45,2370282303000.0,319014.0,13059433954.0833
6293,Europe,1715,ISL,Iceland,2012,76.6,99.8,54.3,95.3,96.0,88.1,59.8,99.5,77.0,71.1,100.0,89.7,36.8,52.6,65.6,54.5,94.9,67.5,13,10,70,60,8,0.46,2395493493000.0,320716.0,13471498420.0286
6294,Europe,1716,ISL,Iceland,2013,76.6,99.9,54.2,95.1,94.4,89.0,59.8,99.5,77.4,69.0,100.0,92.2,37.6,53.4,64.0,54.4,95.4,67.3,8,10,85,72,10,0.47,2504547383000.0,323764.0,14378252058.9283
6295,Europe,1717,ISL,Iceland,2014,76.7,99.7,54.0,95.6,97.2,88.6,59.8,99.5,77.6,71.4,99.6,92.3,37.1,52.9,60.9,54.2,95.5,67.7,10,17,80,75,8,0.47,2546804483000.0,327386.0,15058763610.4313
6296,Europe,1718,ISL,Iceland,2015,76.7,99.8,53.8,95.8,98.5,89.9,59.8,99.5,78.2,73.6,100.0,90.2,37.1,49.6,61.1,54.1,95.0,67.3,6,10,85,65,7,0.48,2659797634000.0,330815.0,16280817030.1433
6297,Europe,1719,ISL,Iceland,2016,76.7,99.8,53.7,95.3,99.0,93.6,59.8,99.5,78.6,72.0,98.8,89.1,37.1,49.2,60.2,54.1,96.0,67.3,15,10,85,75,8,0.49,2827462955000.0,335439.0,17939410954.5851
6298,Europe,1720,ISL,Iceland,2017,77.4,99.8,54.3,95.4,96.6,87.2,59.8,99.5,78.5,85.7,100.0,92.4,37.0,48.9,62.0,54.0,95.3,68.6,10,6,75,75,10,0.49,2946073578000.0,343400.0,19106258173.1222
6299,Europe,1721,ISL,Iceland,2018,77.5,99.8,52.4,95.4,97.3,87.1,59.8,99.5,78.3,85.2,100.0,92.5,37.6,49.2,61.8,54.0,95.8,71.0,10,15,75,80,10,0.5,3090112212000.0,352721.0,20174853794.358
6300,Europe,1722,ISL,Iceland,2019,77.4,99.8,54.5,96.6,97.3,87.2,59.8,99.6,77.8,87.3,100.0,87.6,37.7,50.1,61.9,54.0,94.1,71.2,12,10,85,78,10,0.51,3147624699000.0,360563.0,21822649369.3722
6301,Europe,1723,ISL,Iceland,2020,78.1,99.8,57.1,96.8,98.1,87.0,59.8,99.6,76.5,87.3,100.0,91.2,37.7,51.4,62.2,54.0,94.2,74.1,6,12,85,65,7,0.51,2929165284000.0,366463.0,20447442733.9865
6302,Europe,1724,ISL,Iceland,2021,78.3,99.8,53.5,96.7,98.1,93.8,59.8,99.6,76.2,87.3,100.0,90.4,37.7,51.4,62.8,54.4,94.2,75.4,15,7,85,75,7,,3076602069000.0,372520.0,22951036648.8571
6303,Europe,1725,ISL,Iceland,2022,78.3,99.9,53.5,96.4,98.1,94.0,59.8,99.6,77.7,87.4,100.0,86.8,37.7,51.4,62.8,54.4,93.8,77.3,13,18,85,75,8,,3352849272000.0,382003.0,28049039292.067
6304,Asia,1726,IND,India,2000,51.7,45.9,47.3,39.5,60.6,30.6,43.2,40.3,66.4,22.6,40.3,47.5,95.8,96.8,53.5,47.8,51.1,49.1,40,75,17,25,8,22.73,43267358976000.0,1057922733.0,2211966282613.25
6305,Asia,1727,IND,India,2001,51.7,45.9,47.7,40.2,60.5,29.7,43.6,40.5,66.3,22.5,40.3,47.4,95.8,96.8,53.9,47.6,51.2,48.5,35,40,18,20,15,22.8,45354561777000.0,1077898575.0,2370880066359.36
6306,Asia,1728,IND,India,2002,51.7,45.9,46.1,40.9,60.5,28.8,44.0,42.6,66.2,22.5,40.3,47.5,95.9,96.7,53.4,47.4,51.2,48.9,40,20,30,20,7,22.86,47079838114000.0,1097600380.0,2499312620417.46
6307,Asia,1729,IND,India,2003,52.1,45.9,46.8,42.2,64.0,28.0,44.4,43.6,66.0,22.5,40.3,47.4,95.8,96.7,54.8,47.2,51.3,47.9,35,40,40,40,7,22.93,50780492988000.0,1116803006.0,2748991073206.54
6308,Asia,1730,IND,India,2004,52.1,45.9,46.2,43.3,64.0,26.9,45.9,44.0,65.9,22.7,40.3,47.5,95.8,96.6,54.0,47.0,51.3,47.6,40,30,48,15,10,22.99,54803799258700.0,1135991513.0,3046571526360.91
6309,Asia,1731,IND,India,2005,52.3,45.9,46.6,44.4,64.0,28.4,46.6,45.4,65.8,23.0,40.3,46.6,95.7,96.5,54.8,46.8,51.2,47.7,35,20,45,60,10,23.05,59146140270900.0,1154676322.0,3391057140645.14
6310,Asia,1732,IND,India,2006,52.9,45.9,47.6,45.3,68.1,29.1,47.3,45.9,65.9,23.0,40.3,46.7,95.6,96.4,55.2,46.6,51.3,48.4,35,50,20,55,8,23.12,63913752464600.0,1172878890.0,3777405338051.76
6311,Asia,1733,IND,India,2007,53.2,45.9,49.1,45.3,72.6,28.6,48.0,46.9,65.9,23.3,40.3,45.0,95.5,96.2,55.9,46.5,50.5,49.3,45,75,55,25,7,23.18,68810066843300.0,1190676021.0,4176965103209.64
6312,Asia,1734,IND,India,2008,53.5,45.9,49.4,47.3,74.3,29.2,48.7,47.2,66.0,23.6,40.3,46.7,95.4,96.0,55.4,46.3,50.1,48.0,60,65,45,35,10,23.25,70934025841100.0,1207930964.0,4388857508366.17
6313,Asia,1735,IND,India,2009,53.5,45.9,49.3,47.6,73.6,30.7,49.4,47.7,66.0,23.7,38.9,46.6,95.4,95.8,53.8,46.1,51.4,47.3,45,40,45,20,20,23.31,76510780097400.0,1225524753.0,4763102417294.42
6314,Asia,1736,IND,India,2010,53.8,45.9,50.5,52.1,73.9,31.3,50.1,48.8,66.0,23.9,38.9,45.9,95.3,95.7,53.5,45.9,48.8,48.8,46,60,35,55,7,23.37,83012348442500.0,1243481564.0,5230655285642.35
6315,Asia,1737,IND,India,2011,55.0,57.5,51.3,52.6,78.5,32.7,50.9,47.3,66.1,24.3,38.5,46.6,95.2,95.3,54.0,45.7,50.9,48.3,55,45,35,60,10,23.46,87363288108900.0,1261224954.0,5618380734786.9
6316,Asia,1738,IND,India,2012,55.5,60.3,52.2,53.2,79.1,34.0,51.7,51.1,66.2,24.3,38.5,43.0,95.2,95.1,53.6,47.5,49.5,49.3,50,30,18,30,15,23.55,92130167686000.0,1278674502.0,6162754462198.7
6317,Asia,1739,IND,India,2013,56.3,64.0,52.6,54.5,80.9,34.0,52.5,53.0,66.2,24.6,38.5,47.4,95.3,95.2,53.5,47.3,48.1,49.2,48,65,20,40,10,23.64,98013698221800.0,1295829511.0,6497743441802.88
6318,Asia,1740,IND,India,2014,57.1,66.5,53.6,58.2,82.4,35.1,53.3,54.3,69.0,25.3,38.5,45.4,95.2,95.0,54.2,47.2,49.6,48.3,44,58,32,42,10,23.73,105276736344200.0,1312277191.0,6812807109169.83
6319,Asia,1741,IND,India,2015,57.9,69.5,51.9,60.0,82.3,38.8,54.1,56.5,66.8,26.0,39.9,46.5,95.2,94.9,53.1,47.0,52.7,49.5,55,63,33,55,10,23.82,113694931359600.0,1328024498.0,7204580698460.8
6320,Asia,1742,IND,India,2016,58.6,73.0,52.9,61.4,79.3,39.9,54.9,58.1,66.8,30.3,39.7,49.1,95.2,94.7,51.6,46.9,52.2,50.2,52,60,45,52,5,23.91,123081932232700.0,1343944296.0,7795524017465.34
6321,Asia,1743,IND,India,2017,60.1,75.6,53.6,62.0,78.0,40.9,55.7,60.4,73.5,43.5,38.2,49.0,95.0,94.6,51.9,46.7,52.9,49.3,54,60,32,45,15,24.0,131445821447400.0,1359657400.0,8354710136357.47
6322,Asia,1744,IND,India,2018,60.9,78.9,54.0,62.3,80.6,42.0,56.5,62.9,74.1,42.6,40.0,48.2,94.9,94.3,52.6,46.4,54.3,51.3,63,70,32,45,12,24.09,139929139362800.0,1374659064.0,9230789424534.98
6323,Asia,1745,IND,India,2019,62.2,81.1,54.1,63.0,80.1,46.1,57.3,64.7,74.7,46.4,38.5,48.9,94.8,94.3,62.1,46.2,53.2,51.8,53,70,20,45,15,24.18,145346407754900.0,1389030312.0,9932850520576.54
6324,Asia,1746,IND,India,2020,62.6,76.9,53.8,64.3,82.9,45.8,58.1,66.2,72.5,49.7,38.5,52.1,94.8,94.7,62.2,46.0,52.7,52.8,55,66,32,45,10,24.27,136948692443500.0,1402617695.0,9771021183358.88
6325,Asia,1747,IND,India,2021,62.8,80.6,54.2,64.3,86.0,46.0,58.1,66.2,73.5,50.6,38.5,46.4,94.8,94.3,62.4,45.9,50.6,55.0,62,60,28,44,20,,150218462664300.0,1414203896.0,11384367630967.9
6326,Asia,1748,IND,India,2022,63.4,86.2,54.4,64.8,89.3,46.3,58.1,66.2,73.7,51.0,38.5,50.0,94.8,94.3,62.3,45.6,48.5,54.6,65,72,28,40,10,,161649133752300.0,1425423212.0,13124053155136.1
6327,Asia,1749,IDN,Indonesia,2000,60.5,59.2,62.9,51.8,82.7,51.8,57.0,38.0,68.3,14.9,90.7,56.5,90.5,94.0,53.2,44.7,63.2,49.5,25,70,20,22,12,53.94,4121726241993900.0,216077790.0,1002393386978.22
6328,Asia,1750,IDN,Indonesia,2001,60.7,59.2,63.0,52.2,82.7,52.4,57.6,37.7,68.3,14.8,88.9,56.7,90.5,93.9,53.5,44.5,63.2,52.2,30,40,35,25,8,53.86,4271899954667000.0,219097902.0,1062308403752.81
6329,Asia,1751,IDN,Indonesia,2002,60.2,59.2,63.4,51.6,82.4,52.9,58.2,38.6,68.0,14.8,79.6,57.4,90.3,93.8,53.9,44.3,63.2,51.3,38,65,40,28,10,53.77,4464113041849300.0,222088495.0,1127357707881.12
6330,Asia,1752,IDN,Indonesia,2003,60.4,59.2,63.6,51.8,83.1,53.4,58.8,38.8,68.0,14.9,79.5,57.6,90.3,93.6,54.6,44.1,63.3,52.4,38,40,35,48,10,53.68,4677514123258600.0,225048008.0,1204571151561.19
6331,Asia,1753,IDN,Indonesia,2004,60.3,59.2,56.5,52.4,83.1,55.5,59.4,39.1,67.6,14.9,76.5,58.3,90.3,93.6,55.3,47.4,63.3,52.3,40,70,40,35,18,53.6,4912833962560100.0,227926649.0,1299193180611.0
6332,Asia,1754,IDN,Indonesia,2005,60.3,59.2,56.9,52.9,81.3,55.9,60.0,39.2,67.3,15.1,75.5,58.2,90.2,93.6,56.9,47.2,63.3,52.5,30,60,45,18,10,53.51,5192500538917800.0,230871650.0,1416205194355.19
6333,Asia,1755,IDN,Indonesia,2006,60.5,59.2,57.0,53.4,81.3,56.3,60.6,42.1,67.5,15.2,71.5,58.8,90.1,93.7,58.3,47.2,63.3,52.7,37,60,55,55,18,53.43,5478137490010100.0,233951652.0,1540185871057.7
6334,Asia,1756,IDN,Indonesia,2007,60.7,59.2,56.6,54.4,85.0,53.9,61.2,43.1,67.2,15.4,66.2,64.7,89.9,93.4,58.7,47.0,63.2,53.3,38,65,40,60,15,53.34,5825726531358900.0,237062337.0,1682286249852.04
6335,Asia,1757,IDN,Indonesia,2008,61.0,59.2,57.8,54.8,84.8,54.6,61.8,44.6,67.7,15.7,68.4,63.0,89.9,93.6,58.4,46.9,62.3,54.0,40,60,55,35,8,53.25,6176068457506700.0,240157903.0,1817815939022.92
6336,Asia,1758,IDN,Indonesia,2009,61.6,59.2,58.6,56.0,87.5,58.0,62.5,46.1,68.3,15.7,68.6,64.4,89.8,93.4,58.9,47.7,62.1,51.2,40,55,40,24,10,53.17,6461950710551500.0,243220028.0,1913691221459.02
6337,Asia,1759,IDN,Indonesia,2010,62.2,59.2,61.4,59.0,88.7,58.5,63.1,49.4,68.6,18.8,64.1,66.1,89.7,93.1,59.3,47.5,62.0,49.0,41,40,40,30,10,53.08,6864133100000000.0,246305322.0,2057500878595.33
6338,Asia,1760,IDN,Indonesia,2011,61.7,61.6,62.1,58.8,89.3,58.9,63.7,49.7,68.8,19.5,50.3,64.4,89.5,92.5,59.4,47.3,63.4,50.5,46,63,40,55,7,52.59,7287635300000000.0,249470032.0,2229511719014.97
6339,Asia,1761,IDN,Indonesia,2012,62.6,62.3,63.4,60.1,91.6,59.9,64.3,52.5,69.2,20.0,50.0,65.8,89.5,92.4,59.8,47.2,64.8,51.0,42,55,40,50,15,52.09,7727083400000000.0,252698525.0,2408290405583.69
6340,Asia,1762,IDN,Indonesia,2013,63.1,66.5,62.9,61.5,90.2,60.0,64.9,57.5,69.3,20.3,49.3,66.4,89.6,92.7,60.3,47.7,63.9,50.7,37,58,35,55,7,51.6,8156497800000000.0,255852467.0,2524244786997.21
6341,Asia,1763,IDN,Indonesia,2014,64.1,69.0,64.1,62.6,90.2,59.4,65.5,59.3,72.0,24.6,51.2,65.2,89.5,92.9,61.9,47.5,64.2,50.5,38,60,55,55,10,51.11,8564866600000000.0,258877399.0,2605517436520.51
6342,Asia,1764,IDN,Indonesia,2015,64.7,70.6,64.5,62.7,93.3,59.5,66.1,58.8,73.6,26.5,50.3,68.6,89.6,92.9,62.4,47.6,63.0,49.9,42,61,55,55,10,50.61,8982517100000000.0,261799249.0,2625201734355.44
6343,Asia,1765,IDN,Indonesia,2016,65.3,74.3,63.8,63.9,92.8,60.2,66.8,60.2,73.7,24.9,55.2,70.1,89.5,92.9,62.5,47.6,61.9,49.7,37,72,40,55,10,50.31,9434613400000000.0,264627418.0,2715764060542.74
6344,Asia,1766,IDN,Indonesia,2017,67.1,77.3,63.5,64.6,92.5,61.9,67.6,62.0,75.9,39.0,57.6,71.5,89.4,92.7,62.9,47.5,65.3,48.7,37,60,40,50,10,50.0,9912928100000000.0,267346658.0,2857305082359.12
6345,Asia,1767,IDN,Indonesia,2018,68.1,79.7,66.2,65.7,92.2,62.2,68.4,63.4,75.5,42.5,59.4,74.7,89.3,92.5,63.9,46.8,64.8,50.6,45,66,60,55,15,49.69,1.04258519e+16,269951846.0,3069918631697.01
6346,Asia,1768,IDN,Indonesia,2019,69.0,81.5,66.1,66.9,92.2,61.5,69.2,64.3,76.1,44.6,62.7,74.5,89.2,92.2,69.4,46.7,66.1,49.8,44,66,50,55,15,49.38,1.09491554e+16,272489381.0,3266185831776.73
6347,Asia,1769,IDN,Indonesia,2020,69.2,82.7,66.3,65.2,92.2,63.3,70.1,64.5,76.5,48.1,62.7,70.9,89.2,92.5,69.6,46.5,65.9,51.0,49,70,32,45,10,49.07,1.07229993e+16,274814866.0,3223404542894.6
6348,Asia,1770,IDN,Indonesia,2021,70.0,83.2,66.5,64.5,92.2,63.7,70.1,64.5,77.1,49.1,60.9,74.9,89.7,92.5,69.8,51.8,67.4,52.3,41,68,35,62,15,,1.11200597e+16,276758053.0,3530623140454.75
6349,Asia,1771,IDN,Indonesia,2022,70.2,86.1,66.6,64.8,92.2,63.8,70.1,64.5,77.4,50.7,60.9,75.3,89.7,92.5,69.8,51.4,64.7,52.4,45,66,50,65,20,,1.17102232e+16,278830529.0,3983074391531.86
6350,Asia,1772,IRN,"Iran, Islamic Rep.",2000,61.2,94.3,63.0,67.1,60.0,36.3,57.3,59.4,59.7,15.0,35.6,68.0,86.5,83.6,77.4,69.2,57.3,51.3,45,35,10,30,20,5.73,8350827305000000.0,66418659.0,712629570942.752
6351,Asia,1773,IRN,"Iran, Islamic Rep.",2001,61.2,94.3,63.7,66.3,59.1,36.7,57.3,59.8,59.3,15.1,35.6,68.0,86.5,83.1,76.9,70.1,57.3,51.9,70,40,11,15,10,5.81,8550593517000000.0,67452005.0,746106962309.363
6352,Asia,1774,IRN,"Iran, Islamic Rep.",2002,61.8,94.3,65.4,66.4,64.8,37.5,57.3,60.8,59.0,15.6,35.6,68.0,86.1,83.2,74.7,70.0,57.3,54.1,75,45,10,30,15,5.89,9241381369600000.0,68011317.0,818914829169.246
6353,Asia,1775,IRN,"Iran, Islamic Rep.",2003,62.0,94.3,65.7,66.8,67.1,37.9,57.3,61.5,59.7,16.5,35.6,68.0,86.1,82.8,72.4,70.4,57.3,54.1,72,40,12,20,10,5.98,1.0039771882e+16,68769340.0,907228078719.057
6354,Asia,1776,IRN,"Iran, Islamic Rep.",2004,62.1,94.3,65.7,67.0,68.0,38.2,57.4,61.8,60.4,16.5,35.6,68.1,85.8,82.3,73.1,70.2,57.3,54.4,70,45,10,35,8,6.06,1.0475163254e+16,70256316.0,972025667852.83
6355,Asia,1777,IRN,"Iran, Islamic Rep.",2005,62.5,94.3,65.5,69.2,66.7,38.6,57.6,62.0,59.5,17.4,35.6,68.4,85.6,82.0,73.5,70.1,57.3,59.3,70,45,10,15,5,6.15,1.0809300439e+16,71828455.0,1034480975483.56
6356,Asia,1778,IRN,"Iran, Islamic Rep.",2006,62.2,94.3,64.9,70.2,67.4,39.9,57.8,62.2,59.7,17.8,28.4,68.4,85.0,81.2,74.1,69.9,57.3,59.3,73,38,15,30,20,6.23,1.1349743331e+16,73392747.0,1119699630598.24
6357,Asia,1779,IRN,"Iran, Islamic Rep.",2007,62.3,94.3,65.5,70.7,67.1,40.1,58.0,62.8,60.1,18.4,28.4,65.8,85.0,81.2,76.4,69.7,58.2,58.2,72,40,12,15,10,6.31,1.2275402692e+16,74602648.0,1243829453158.88
6358,Asia,1780,IRN,"Iran, Islamic Rep.",2008,62.7,94.3,62.0,70.7,68.3,39.7,58.2,63.0,60.2,19.9,28.4,75.0,85.2,80.8,76.6,69.6,59.2,55.2,73,55,13,23,15,6.4,1.2306196344e+16,75514204.0,1270974781287.85
6359,Asia,1781,IRN,"Iran, Islamic Rep.",2009,63.7,94.3,63.6,71.4,70.3,40.0,58.5,63.4,59.3,19.4,42.8,75.0,84.9,80.4,76.4,69.4,59.2,54.8,75,35,15,15,15,6.48,1.2430167177e+16,76457825.0,1291696494018.72
6360,Asia,1782,IRN,"Iran, Islamic Rep.",2010,63.8,94.3,64.8,73.5,68.5,40.3,58.7,63.7,58.4,20.5,42.8,74.6,85.3,80.4,76.7,69.3,59.2,54.3,78,45,15,18,18,6.56,1.31508606e+16,77420842.0,1383196224848.44
6361,Asia,1783,IRN,"Iran, Islamic Rep.",2011,64.5,95.7,63.9,74.5,69.4,40.2,58.9,63.8,59.1,22.4,42.8,78.1,85.4,80.2,77.5,69.1,61.9,53.9,75,40,13,15,20,6.56,1.34987952755402e+16,78383598.0,1449083552221.0
6362,Asia,1784,IRN,"Iran, Islamic Rep.",2012,64.6,96.3,63.7,74.6,71.2,40.2,59.1,64.1,59.2,23.7,42.8,78.5,84.8,79.5,78.2,69.0,60.3,53.5,75,42,15,15,15,6.56,1.2992972279814e+16,79370580.0,1295740677467.97
6363,Asia,1785,IRN,"Iran, Islamic Rep.",2013,66.0,96.8,64.5,75.9,71.5,40.5,59.2,64.8,60.1,24.5,63.6,77.6,85.0,79.8,78.5,68.9,57.3,53.4,70,40,15,30,20,6.56,1.27952219436114e+16,80414686.0,1250610246950.94
6364,Asia,1786,IRN,"Iran, Islamic Rep.",2014,66.0,95.0,63.8,76.0,73.0,40.7,59.4,64.7,63.0,27.6,58.1,75.5,85.3,80.3,77.1,68.7,59.6,54.7,70,43,11,18,85,6.56,1.3433034976836e+16,81502045.0,1255791375247.15
6365,Asia,1787,IRN,"Iran, Islamic Rep.",2015,66.5,95.1,65.2,77.6,76.8,40.8,59.6,64.9,62.8,30.4,55.0,74.8,86.0,81.4,77.6,68.5,59.1,55.5,80,45,10,12,20,6.56,1.32416296845501e+16,82619362.0,1131039620719.18
6366,Asia,1788,IRN,"Iran, Islamic Rep.",2016,67.0,95.1,66.3,78.4,76.8,43.0,59.8,65.0,61.9,36.0,52.4,76.2,85.8,81.5,78.2,68.4,58.7,56.3,70,41,12,18,20,6.57,1.44088908141246e+16,83812228.0,1221422583406.8
6367,Asia,1789,IRN,"Iran, Islamic Rep.",2017,68.0,95.1,64.2,79.1,77.1,43.6,59.9,64.9,62.4,52.1,49.0,78.4,85.9,80.5,78.6,68.3,59.5,58.2,80,55,11,15,20,6.58,1.48063608230922e+16,85026754.0,1281375169176.87
6368,Asia,1790,IRN,"Iran, Islamic Rep.",2018,68.1,94.6,64.4,78.5,77.1,43.7,60.1,64.4,62.5,55.2,43.4,77.8,85.9,80.9,78.8,68.1,61.4,60.8,76,37,15,30,30,6.59,1.45342187901845e+16,86117998.0,1277953990214.69
6369,Asia,1791,IRN,"Iran, Islamic Rep.",2019,69.0,93.2,64.4,80.4,82.8,43.6,60.2,64.4,63.3,59.7,48.5,76.7,85.8,81.0,80.1,67.9,61.4,59.4,76,55,15,15,15,6.59,1.40879328143038e+16,87051648.0,1162001171464.4
6370,Asia,1792,IRN,"Iran, Islamic Rep.",2020,68.9,93.1,64.1,80.4,82.7,42.6,60.2,64.3,63.9,63.6,48.5,75.6,85.8,80.6,79.8,67.8,61.0,57.7,76,55,15,18,15,6.6,1.45571016149677e+16,87723443.0,1237805777178.19
6371,Asia,1793,IRN,"Iran, Islamic Rep.",2021,69.1,93.5,64.1,80.2,83.0,42.6,60.2,64.3,62.6,67.0,48.5,74.5,85.8,80.4,79.5,67.6,61.5,59.5,80,45,11,15,70,,1.52441644553532e+16,88455488.0,1322577157396.53
6372,Asia,1794,IRN,"Iran, Islamic Rep.",2022,69.1,94.0,64.1,80.6,83.0,42.9,60.2,64.3,62.5,67.2,48.5,74.0,85.8,80.4,79.4,67.4,60.4,59.8,82,55,12,15,18,,1.58198803570748e+16,89524246.0,1470380001563.54
6373,Asia,1795,IRQ,Iraq,2000,56.3,0.0,39.1,52.8,53.7,26.7,47.1,56.0,61.6,15.2,94.1,54.4,85.9,87.0,66.5,40.8,58.0,62.5,65,65,12,10,10,1.88,112208511500000.0,24424056.0,259577403501.468
6374,Asia,1796,IRQ,Iraq,2001,56.3,0.0,40.4,52.9,53.7,27.2,48.2,55.1,61.5,15.2,94.1,54.4,84.8,85.9,66.3,40.6,58.0,62.5,75,61,10,12,8,1.89,114190796900000.0,25197840.0,270111255027.357
6375,Asia,1797,IRQ,Iraq,2002,56.6,0.0,42.2,53.2,53.7,27.6,49.2,56.4,61.5,15.2,94.1,53.9,85.7,86.0,66.6,40.2,58.0,62.5,70,55,12,10,10,1.89,104822921000000.0,26006559.0,251805287771.753
6376,Asia,1798,IRQ,Iraq,2003,57.1,0.0,48.2,52.4,57.7,28.1,50.3,53.7,61.5,15.2,94.1,53.8,86.4,85.9,65.5,40.4,58.0,62.5,68,68,12,5,8,1.89,66398213000000.0,26802659.0,162650639377.489
6377,Asia,1799,IRQ,Iraq,2004,57.3,0.0,45.2,51.2,64.8,28.5,51.3,54.7,61.7,15.2,94.1,53.4,85.7,84.0,66.2,40.2,58.0,62.5,70,63,10,5,15,1.89,101845262400000.0,27577878.0,256191378325.31
6378,Asia,1800,IRQ,Iraq,2005,57.4,0.0,44.4,51.8,64.8,28.9,52.6,54.3,61.6,15.2,94.1,53.6,85.6,84.4,66.4,40.0,58.0,62.5,70,75,15,8,8,1.89,103551403400000.0,28407448.0,268650501076.713
6379,Asia,1801,IRQ,Iraq,2006,58.6,0.0,46.0,52.7,64.8,38.6,53.9,58.6,61.7,15.3,94.1,53.1,86.6,86.0,65.6,39.9,58.0,62.5,75,70,14,8,18,1.89,109389941300000.0,28616515.0,292549681426.897
6380,Asia,1802,IRQ,Iraq,2007,59.3,0.0,46.8,51.6,64.6,39.1,55.2,64.1,61.7,15.3,94.1,53.0,87.2,89.0,66.0,40.5,58.0,62.5,75,65,15,7,10,1.9,111455813400000.0,28391607.0,306150208636.96
6381,Asia,1803,IRQ,Iraq,2008,58.9,0.0,43.6,53.1,64.6,39.7,56.5,61.3,61.8,15.3,94.1,52.6,86.7,86.4,66.5,40.4,58.0,62.5,70,70,15,15,15,1.9,120626517100000.0,28971036.0,337724546711.309
6382,Asia,1804,IRQ,Iraq,2009,59.6,0.0,45.1,55.0,64.6,40.2,57.8,62.8,61.8,15.4,94.1,59.4,85.1,85.7,66.4,40.3,58.0,62.5,60,75,15,15,15,1.9,124702847900000.0,30058206.0,351290680598.811
6383,Asia,1805,IRQ,Iraq,2010,59.7,0.0,49.4,55.9,64.6,40.5,59.1,63.0,62.0,15.5,94.1,51.9,86.0,85.4,66.2,40.1,59.4,62.5,68,70,15,15,15,1.9,132687028600000.0,31045366.0,378324820663.84
6384,Asia,1806,IRQ,Iraq,2011,59.7,0.0,47.7,58.1,64.6,41.2,60.4,62.4,62.0,15.9,94.1,50.2,85.8,84.0,66.8,40.0,59.9,62.5,62,63,30,17,15,1.9,142700217000000.0,32161424.0,415269270855.8
6385,Asia,1807,IRQ,Iraq,2012,59.4,0.0,48.9,55.3,63.8,41.9,61.7,59.2,62.1,17.5,91.5,53.5,85.4,81.9,65.6,39.8,59.9,62.5,65,72,15,15,12,1.9,162587533100000.0,33654842.0,484698181757.22
6386,Asia,1808,IRQ,Iraq,2013,60.0,0.0,50.3,55.6,62.1,42.5,63.0,61.6,61.1,17.9,91.5,56.3,85.4,81.2,66.4,40.4,62.3,62.5,70,63,18,15,10,1.9,174990175000000.0,35281989.0,517535382527.478
6387,Asia,1809,IRQ,Iraq,2014,60.6,0.0,50.5,54.7,67.0,42.6,64.3,63.2,60.1,20.6,91.5,58.9,85.5,81.4,61.8,41.6,63.5,62.5,83,75,14,8,20,1.9,178951406900000.0,36550059.0,481300153146.581
6388,Asia,1810,IRQ,Iraq,2015,60.2,0.0,49.8,55.7,67.0,43.3,66.7,63.4,60.1,20.9,91.5,54.5,86.2,82.4,62.2,41.4,63.1,55.4,70,70,18,11,18,1.9,183616252100000.0,37560535.0,350607538727.124
6389,Asia,1811,IRQ,Iraq,2016,60.4,0.0,49.9,56.7,68.3,43.4,66.2,63.7,60.0,21.6,91.5,57.1,86.4,83.5,62.0,41.4,62.1,53.2,68,75,30,12,30,1.9,208932109700000.0,38469627.0,349270949154.251
6390,Asia,1812,IRQ,Iraq,2017,61.0,0.0,47.3,59.0,69.9,42.8,65.5,64.0,60.9,25.2,91.5,56.5,86.3,82.7,62.0,41.3,61.4,59.9,72,70,22,15,10,1.9,205130066900000.0,39337353.0,400912993904.789
6391,Asia,1813,IRQ,Iraq,2018,62.2,0.0,51.3,61.8,69.9,42.2,69.2,63.8,60.0,29.7,91.5,56.4,86.3,83.0,62.3,41.1,62.4,63.8,70,63,35,22,5,1.9,210532887200000.0,40265624.0,484572670623.272
6392,Asia,1814,IRQ,Iraq,2019,62.4,0.0,51.7,61.6,69.9,42.3,62.3,63.8,59.2,32.9,91.5,55.2,86.2,84.9,68.1,40.9,63.9,63.5,60,63,18,15,7,1.9,222141229692600.0,41192171.0,504546085405.449
6393,Asia,1815,IRQ,Iraq,2020,63.0,0.0,52.4,60.9,69.9,42.9,62.6,63.9,58.3,34.6,91.5,57.2,86.2,86.0,69.5,40.9,64.0,67.0,64,60,15,10,10,1.9,195402549500000.0,42116605.0,445338053116.048
6394,Asia,1816,IRQ,Iraq,2021,63.2,0.0,53.0,61.7,69.9,44.2,62.6,63.9,57.5,33.8,91.5,54.7,86.2,85.5,69.5,40.6,63.8,72.4,60,65,28,35,10,,198337848904500.0,43071211.0,548372044650.92
6395,Asia,1817,IRQ,Iraq,2022,64.8,0.0,53.2,61.3,69.9,44.2,62.6,63.9,57.9,34.7,91.5,58.0,86.2,85.5,69.5,40.4,64.0,71.8,60,68,17,8,10,,214123653600000.0,44070551.0,634224994897.802
6396,Europe,1818,IRL,Ireland,2000,74.4,99.6,69.2,85.2,98.7,65.4,84.2,67.4,86.8,67.5,81.3,86.0,50.9,49.2,59.8,76.7,87.4,49.7,10,5,30,30,5,9.15,152097853000.0,3805174.0,114952273134.222
6397,Europe,1819,IRL,Ireland,2001,74.5,99.6,68.6,84.9,98.6,65.4,84.2,67.2,86.9,68.3,81.3,86.0,50.7,48.4,61.5,76.6,87.3,50.4,12,7,75,15,8,9.28,160167894000.0,3866243.0,125950306599.102
6398,Europe,1820,IRL,Ireland,2002,74.7,99.6,68.1,85.6,98.9,66.1,84.2,67.4,86.9,69.9,82.3,86.0,50.1,49.5,60.9,76.6,87.3,50.9,15,10,80,15,5,9.41,169616785000.0,3931947.0,138491150176.63
6399,Europe,1821,IRL,Ireland,2003,75.1,99.6,68.5,86.7,99.2,66.2,84.2,67.5,86.7,72.4,81.5,86.0,50.5,50.0,61.8,77.2,87.4,51.4,10,10,75,20,7,9.54,174728760000.0,3996521.0,145014198908.236
6400,Europe,1822,IRL,Ireland,2004,75.5,99.6,68.6,87.3,99.0,66.2,84.3,67.6,86.7,73.6,80.5,86.0,51.3,50.1,64.6,77.7,87.8,52.2,20,10,80,75,10,9.67,186589591000.0,4070262.0,157659335259.766
6401,Europe,1823,IRL,Ireland,2005,75.7,99.6,67.7,88.2,99.5,66.3,84.3,67.8,86.7,74.3,80.2,86.0,51.7,49.6,66.5,78.9,87.5,52.8,18,15,60,50,8,9.8,197299428000.0,4159914.0,168336054806.382
6402,Europe,1824,IRL,Ireland,2006,76.2,99.6,68.6,88.9,99.2,66.4,84.3,68.3,86.5,76.3,83.3,86.0,50.9,50.3,67.2,80.5,87.2,52.6,18,20,75,55,10,9.93,207140437000.0,4273591.0,189029911943.719
6403,Europe,1825,IRL,Ireland,2007,76.7,99.6,69.8,89.4,99.2,66.5,84.3,68.4,86.1,77.4,86.6,86.0,49.3,50.9,66.3,83.9,87.0,53.4,18,20,85,60,8,10.06,218139836000.0,4398942.0,205800481424.432
6404,Europe,1826,IRL,Ireland,2008,77.2,99.6,69.7,90.9,99.0,66.6,84.4,69.4,85.1,78.6,90.2,84.4,50.3,51.5,65.1,84.1,86.7,56.4,15,10,70,55,8,10.2,208358294000.0,4489544.0,198299092484.809
6405,Europe,1827,IRL,Ireland,2009,77.2,99.6,69.3,90.3,99.4,67.1,84.4,69.8,82.0,79.7,84.6,85.2,50.7,53.7,65.2,85.4,86.2,59.0,18,20,75,45,8,10.33,197740810000.0,4535375.0,188081266066.874
6406,Europe,1828,IRL,Ireland,2010,77.6,99.6,69.4,92.7,99.7,67.2,84.4,70.0,81.0,79.8,87.9,85.6,52.2,53.9,62.9,86.8,87.5,58.7,15,10,75,55,10,10.46,201068733000.0,4560155.0,197076149002.53
6407,Europe,1829,IRL,Ireland,2011,78.4,99.5,69.1,92.5,99.8,67.7,84.5,71.2,80.4,81.9,85.5,88.4,52.5,60.7,66.1,87.1,87.6,57.7,15,10,78,45,10,10.56,204383902000.0,4580084.0,208511613167.804
6408,Europe,1830,IRL,Ireland,2012,78.9,99.7,68.8,92.8,98.8,67.7,84.5,71.1,80.5,79.9,84.2,89.0,54.4,69.6,68.0,87.1,88.5,57.5,12,10,80,65,8,10.66,203568491000.0,4599533.0,214918771383.305
6409,Europe,1831,IRL,Ireland,2013,79.2,99.6,68.9,92.7,99.1,72.4,84.5,71.3,81.4,81.0,83.1,88.2,53.6,68.2,70.4,87.1,88.1,56.3,15,20,70,55,10,10.76,208031071000.0,4623816.0,225821495313.278
6410,Europe,1832,IRL,Ireland,2014,79.7,99.8,67.8,93.2,98.7,72.3,84.5,72.1,82.5,86.1,87.9,89.6,53.5,65.9,70.1,87.0,89.3,54.7,20,20,70,50,10,10.86,227452922000.0,4657740.0,245187087093.32
6411,Europe,1833,IRL,Ireland,2015,79.3,99.8,66.8,93.7,97.7,72.5,84.6,72.6,83.5,87.3,87.7,88.9,53.8,62.9,69.5,87.0,89.3,50.3,20,20,50,75,10,10.95,283441755000.0,4701957.0,336695182891.5
6412,Europe,1834,IRL,Ireland,2016,78.5,99.9,67.6,93.9,98.7,75.9,84.6,72.4,84.1,83.7,84.7,88.2,52.2,54.6,67.7,87.0,88.5,50.5,15,15,75,58,10,11.03,286907223000.0,4762722.0,347739763486.59
6413,Europe,1835,IRL,Ireland,2017,79.1,99.9,68.0,94.3,99.9,76.1,84.6,73.5,85.1,88.1,88.9,87.4,50.8,53.0,70.1,87.1,88.2,50.3,15,18,72,70,10,11.11,315740333000.0,4827445.0,388369654017.787
6414,Europe,1836,IRL,Ireland,2018,78.8,99.9,67.4,94.4,99.1,76.3,82.9,73.9,85.5,85.0,90.3,87.9,46.4,53.1,71.2,87.8,88.1,50.2,18,30,50,55,8,11.19,339560864000.0,4898022.0,422696075807.799
6415,Europe,1837,IRL,Ireland,2019,79.3,99.9,67.7,95.2,99.8,76.4,82.9,74.8,86.0,85.3,90.3,90.0,46.4,53.9,72.6,88.7,87.9,50.1,20,18,80,55,10,11.27,356676599000.0,4976456.0,457946413933.007
6416,Europe,1838,IRL,Ireland,2020,79.3,99.9,67.7,94.8,99.0,76.5,82.9,74.8,85.6,86.0,90.3,88.8,46.4,54.8,72.5,88.7,88.1,51.0,18,15,75,62,10,11.35,382207149000.0,5039747.0,492886866396.886
6417,Europe,1839,IRL,Ireland,2021,79.4,99.9,67.7,94.3,99.0,77.2,82.9,74.8,86.0,86.5,90.3,90.0,45.9,54.1,72.6,88.6,87.8,52.0,20,20,70,50,8,,444337266000.0,5110585.0,597445848156.993
6418,Europe,1840,IRL,Ireland,2022,80.1,99.9,67.7,94.4,99.0,77.7,82.9,74.8,87.0,86.5,90.3,90.8,45.9,54.1,72.6,88.6,89.1,61.2,15,18,75,20,8,,482636932000.0,5212836.0,709490152389.069
6419,Asia,1841,ISR,Israel,2000,68.8,97.8,57.9,88.4,99.3,54.1,68.2,70.2,77.6,76.8,63.9,85.7,59.6,54.0,41.4,45.4,70.9,58.9,30,15,20,30,10,7.07,748239846000.0,6289000.0,162150377873.966
6420,Asia,1842,ISR,Israel,2001,68.7,97.8,58.1,88.2,99.6,54.7,68.2,70.2,77.7,76.3,63.9,85.7,60.9,53.4,37.9,45.4,70.7,59.7,20,10,35,20,10,7.07,750319409000.0,6439000.0,166211429804.283
6421,Asia,1843,ISR,Israel,2002,68.9,97.8,58.9,88.5,99.5,55.2,68.2,70.9,77.4,76.3,63.0,85.7,61.9,54.7,37.7,45.5,70.6,60.0,20,15,15,15,10,7.08,749313436000.0,6570000.0,171485730111.625
6422,Asia,1844,ISR,Israel,2003,69.1,97.8,59.6,89.5,99.8,55.7,68.2,70.8,77.1,76.6,61.4,85.7,62.4,54.2,37.4,48.0,70.9,59.5,10,40,35,10,7,7.08,760171420000.0,6689700.0,165091066810.3
6423,Asia,1845,ISR,Israel,2004,69.0,97.8,60.3,90.0,99.8,55.8,68.2,71.2,77.3,77.1,60.3,85.7,63.0,55.4,34.6,48.0,70.4,58.7,38,45,40,18,10,7.09,795503408000.0,6809000.0,177517782178.285
6424,Asia,1846,ISR,Israel,2005,69.7,97.8,59.9,90.4,99.9,59.8,68.2,71.6,78.8,77.4,59.2,86.0,64.8,56.2,37.0,48.0,71.4,58.3,37,15,15,15,10,7.09,830408418000.0,6930100.0,178110404884.452
6425,Asia,1847,ISR,Israel,2006,69.6,97.8,57.9,91.2,99.1,63.4,68.2,71.3,79.2,77.8,60.1,86.0,64.2,55.1,35.6,48.0,70.0,58.3,25,18,40,20,10,7.1,876924800000.0,7053700.0,185974881025.615
6426,Asia,1848,ISR,Israel,2007,69.7,97.8,57.2,90.6,99.8,63.5,68.2,71.5,80.0,80.8,60.8,86.8,64.4,55.2,35.4,48.4,66.1,57.7,18,25,15,25,8,7.1,932375820000.0,7180100.0,202951818634.872
6427,Asia,1849,ISR,Israel,2008,69.8,97.8,55.2,91.7,98.6,63.7,68.2,72.4,81.1,82.4,60.1,87.7,64.3,54.2,35.7,48.6,67.6,57.9,35,10,40,20,10,7.11,962417864000.0,7308800.0,205259145041.445
6428,Asia,1850,ISR,Israel,2009,70.0,97.8,58.5,92.8,98.0,65.9,68.2,72.7,80.0,83.0,58.7,84.4,66.3,55.5,34.9,49.1,67.1,57.9,33,45,60,12,5,7.11,974330014000.0,7485600.0,210324347477.595
6429,Asia,1851,ISR,Israel,2010,70.1,97.8,57.6,93.7,99.5,66.3,68.2,72.7,80.6,83.6,58.9,83.8,65.3,54.7,34.1,49.2,67.2,58.1,37,10,35,20,10,7.12,1028252753000.0,7623600.0,224559403175.516
6430,Asia,1852,ISR,Israel,2011,70.2,97.8,58.5,93.8,98.7,66.7,68.2,73.0,81.4,85.0,60.4,82.6,64.7,51.2,36.9,49.2,67.4,58.1,30,45,65,60,12,7.22,1084999927000.0,7765800.0,243177744771.993
6431,Asia,1853,ISR,Israel,2012,70.6,97.6,60.9,93.7,99.6,66.9,68.2,70.0,81.7,87.1,59.5,83.7,64.9,54.0,37.0,49.2,67.6,58.4,30,60,65,47,8,7.32,1111551702000.0,7910500.0,256962642572.43
6432,Asia,1854,ISR,Israel,2013,71.1,98.0,59.9,94.4,99.9,70.6,68.2,70.6,82.0,87.5,63.7,82.6,64.6,54.8,35.9,49.2,68.7,58.8,35,45,45,35,5,7.42,1156966472000.0,8059500.0,280691146082.656
6433,Asia,1855,ISR,Israel,2014,71.2,98.2,60.8,94.7,99.7,71.2,68.2,71.0,82.1,83.4,63.0,84.1,66.6,57.3,31.1,49.2,71.2,58.7,38,65,60,15,10,7.52,1200651541000.0,8215700.0,286039801420.52
6434,Asia,1856,ISR,Israel,2015,72.1,98.2,61.0,94.2,99.7,73.4,68.5,71.0,82.7,88.9,64.4,87.2,67.7,61.0,31.2,49.2,68.7,58.8,40,45,55,15,8,7.62,1227517358000.0,8380100.0,300585585980.463
6435,Asia,1857,ISR,Israel,2016,72.0,98.5,60.2,94.4,99.6,73.7,68.2,71.4,82.9,84.4,68.8,85.7,66.6,59.9,32.1,49.3,69.3,58.9,40,45,65,60,10,7.39,1282261965000.0,8546000.0,326364570143.785
6436,Asia,1858,ISR,Israel,2017,73.2,98.4,55.1,95.3,99.4,74.2,68.2,71.3,83.7,94.6,71.2,87.2,67.5,63.8,33.5,49.3,71.2,60.2,35,45,45,20,15,7.16,1338001010000.0,8713300.0,343921515244.162
6437,Asia,1859,ISR,Israel,2018,73.1,98.6,53.2,94.8,99.6,74.8,69.1,71.3,83.8,94.0,69.4,85.7,67.7,65.5,34.1,49.3,71.1,60.5,40,30,50,45,10,6.93,1391573214000.0,8882800.0,356999652016.665
6438,Asia,1860,ISR,Israel,2019,73.7,98.6,55.6,95.7,99.5,72.9,68.2,71.7,84.0,94.8,71.6,86.7,67.5,66.0,37.5,49.4,71.6,61.0,30,45,45,38,8,6.7,1443207487000.0,9054000.0,374158164922.827
6439,Asia,1861,ISR,Israel,2020,73.9,98.5,56.1,95.6,99.6,75.3,68.2,71.7,83.6,95.2,71.6,83.4,67.5,66.9,37.5,49.4,71.9,64.5,35,28,25,20,5,6.47,1414031381000.0,9215100.0,377407052497.651
6440,Asia,1862,ISR,Israel,2021,74.2,98.6,55.4,96.3,99.6,75.9,68.2,71.7,83.6,95.4,71.6,87.9,66.6,67.2,37.5,49.4,70.8,65.3,55,58,46,60,10,,1546785936000.0,9371400.0,432603337813.424
6441,Asia,1863,ISR,Israel,2022,74.0,98.6,55.4,96.3,99.6,76.1,68.2,71.7,84.3,94.7,71.6,84.6,66.6,67.2,37.5,49.4,69.6,66.1,40,20,55,30,8,,1643665214000.0,9557500.0,511940108074.608
6442,Europe,1864,ITA,Italy,2000,71.9,98.0,71.4,86.0,99.2,50.1,78.5,68.7,74.4,60.1,76.8,75.2,66.3,71.2,53.4,66.7,66.7,58.9,15,10,40,15,10,28.45,1770320500000.0,56942108.0,1545768752662.19
6443,Europe,1865,ITA,Italy,2001,72.0,98.0,70.3,86.5,99.1,49.8,78.8,69.0,75.1,61.1,76.8,75.2,66.9,71.2,52.1,66.9,66.7,59.9,15,10,50,20,7,28.68,1805840800000.0,56976981.0,1603164497258.89
6444,Europe,1866,ITA,Italy,2002,72.2,98.0,70.3,87.3,99.6,50.1,79.2,69.2,75.3,61.9,76.8,75.2,67.1,71.0,51.7,67.4,66.7,59.8,18,12,45,55,8,28.9,1810715300000.0,57089824.0,1646072139397.13
6445,Europe,1867,ITA,Italy,2003,72.3,98.0,68.6,88.1,99.6,51.3,79.5,69.4,75.4,63.0,77.4,75.2,67.1,70.5,51.0,69.1,66.7,60.0,20,10,30,50,5,29.13,1811920400000.0,57399184.0,1679092604191.41
6446,Europe,1868,ITA,Italy,2004,73.1,98.0,72.5,88.8,99.6,51.6,79.8,69.5,75.9,64.1,78.2,75.2,66.9,70.5,52.4,72.0,66.9,60.3,20,10,40,30,5,29.35,1838628500000.0,57828179.0,1710835263471.15
6447,Europe,1869,ITA,Italy,2005,73.8,98.0,71.8,89.9,99.5,51.9,80.2,69.9,76.1,65.3,80.8,75.3,67.2,70.6,55.4,75.7,66.8,60.4,10,35,40,50,5,29.57,1852646400000.0,58166682.0,1753016877957.85
6448,Europe,1870,ITA,Italy,2006,74.2,98.0,70.9,90.2,99.4,55.3,80.5,70.6,76.5,66.6,80.6,75.3,67.1,70.8,56.7,77.9,64.4,61.0,15,12,54,50,8,29.8,1885984400000.0,58399861.0,1895691665643.8
6449,Europe,1871,ITA,Italy,2007,74.5,98.0,70.6,90.2,99.4,56.0,80.9,71.3,76.9,68.1,84.3,75.3,67.6,71.0,55.9,78.4,62.3,59.9,18,30,30,20,10,30.02,1913563000000.0,58756247.0,2004103450704.83
6450,Europe,1872,ITA,Italy,2008,74.5,98.0,71.0,90.8,99.2,58.5,76.8,72.6,76.5,69.1,82.1,74.8,68.3,71.5,54.6,78.3,63.6,60.9,15,10,20,30,10,30.25,1893984600000.0,59211181.0,2097398729606.2
6451,Europe,1873,ITA,Italy,2009,75.6,98.0,70.8,90.2,99.3,58.9,80.9,73.6,76.1,70.4,82.7,77.5,69.3,73.1,58.0,79.2,64.9,61.8,18,12,60,55,10,30.47,1793505800000.0,59555454.0,2053694261322.75
6452,Europe,1874,ITA,Italy,2010,75.7,98.0,70.6,91.8,99.5,59.3,80.8,74.0,75.7,74.2,78.6,76.6,69.2,72.8,58.1,79.2,67.8,61.4,25,25,30,48,7,30.69,1820930400000.0,59819407.0,2092362873127.09
6453,Europe,1875,ITA,Italy,2011,75.7,98.1,71.3,91.2,99.3,60.0,80.8,73.7,75.6,75.2,78.4,77.3,69.0,72.8,56.7,79.2,66.7,60.7,20,20,35,45,10,30.88,1833594300000.0,60026841.0,2184513771818.95
6454,Europe,1876,ITA,Italy,2012,76.5,97.7,69.5,91.0,99.3,60.5,80.8,75.2,74.4,76.6,77.6,80.2,70.3,76.2,62.0,79.2,69.1,60.4,35,10,50,38,10,31.06,1776290100000.0,60191247.0,2183804737265.14
6455,Europe,1877,ITA,Italy,2013,77.3,97.5,69.8,91.7,99.1,69.1,80.8,76.3,73.6,78.8,79.3,80.4,70.5,77.5,62.4,79.3,68.0,60.6,20,25,35,40,5,31.24,1743996700000.0,60311613.0,2198918891792.88
6456,Europe,1878,ITA,Italy,2014,77.1,97.7,70.6,91.4,98.8,69.6,80.8,76.9,75.8,80.1,79.2,69.6,70.5,78.3,61.6,79.3,69.7,60.5,18,20,35,20,10,31.42,1743972500000.0,60320707.0,2211700088150.52
6457,Europe,1879,ITA,Italy,2015,76.9,96.7,70.2,91.1,98.0,69.4,80.8,76.5,76.0,82.2,77.0,71.7,70.7,78.7,59.6,79.3,68.6,60.3,18,30,20,40,8,31.61,1759418300000.0,60229605.0,2252253163528.53
6458,Europe,1880,ITA,Italy,2016,77.0,97.1,70.6,92.0,97.0,69.9,80.8,76.5,76.1,83.0,78.2,71.7,70.6,78.5,58.4,79.5,68.5,59.7,40,18,60,46,5,31.79,1781168600000.0,60115223.0,2433618302347.89
6459,Europe,1881,ITA,Italy,2017,77.2,97.6,69.0,93.0,95.9,70.3,80.8,76.7,76.9,83.7,75.7,73.3,70.6,79.0,59.6,80.0,69.5,59.9,25,13,40,40,8,31.97,1809733200000.0,60002252.0,2528635516998.96
6460,Europe,1882,ITA,Italy,2018,77.9,97.5,69.4,93.8,95.4,73.1,80.8,77.0,77.7,86.2,77.9,74.0,70.7,79.4,59.4,79.9,72.1,60.3,37,20,48,50,8,32.16,1824693300000.0,60148658.0,2609651815348.66
6461,Europe,1883,ITA,Italy,2019,77.9,97.5,69.4,94.2,94.0,73.5,80.8,76.9,78.2,85.7,77.9,69.8,70.8,79.6,62.5,79.9,72.8,59.9,40,35,65,35,10,32.34,1832524200000.0,59729081.0,2787073032822.59
6462,Europe,1884,ITA,Italy,2020,78.6,97.3,69.9,94.2,94.2,73.5,80.8,76.9,78.6,86.6,77.9,77.3,70.8,80.7,62.6,79.9,73.6,61.8,35,35,60,42,10,32.52,1670011900000.0,59438851.0,2641203589480.81
6463,Europe,1885,ITA,Italy,2021,78.7,97.4,69.8,94.2,94.2,73.9,80.8,76.9,79.3,87.5,77.9,73.6,71.6,79.9,62.6,80.0,73.8,64.2,25,30,55,45,5,,1819161700000.0,59133173.0,2946333608376.65
6464,Europe,1886,ITA,Italy,2022,78.8,97.5,69.8,93.9,94.2,74.3,80.8,76.9,79.9,87.5,77.9,74.6,71.6,79.9,62.6,79.9,72.9,65.2,30,20,68,35,7,,1906866700000.0,59013667.0,3319366253339.18
6465,North America,1887,JAM,Jamaica,2000,66.6,91.1,60.0,71.1,91.6,68.4,69.9,59.1,74.9,27.3,20.7,87.0,81.1,88.9,60.8,57.0,62.1,60.6,20,15,20,15,10,48.11,774573924100.0,2607826.0,16855762170.3953
6466,North America,1888,JAM,Jamaica,2001,66.2,91.1,60.3,70.9,90.6,68.4,70.0,59.7,74.9,27.6,20.7,86.9,81.4,88.7,58.4,56.9,61.1,58.4,15,20,15,10,10,48.45,784991397800.0,2624403.0,17467104335.7971
6467,North America,1889,JAM,Jamaica,2002,66.2,91.1,60.6,70.7,88.9,68.4,70.1,60.4,74.9,28.0,20.7,86.9,80.8,89.0,57.6,56.9,61.1,59.5,15,30,20,15,10,48.8,800669959900.0,2640572.0,18092832500.6728
6468,North America,1890,JAM,Jamaica,2003,66.0,91.1,60.6,71.0,88.2,67.6,70.2,60.7,74.9,28.2,20.7,86.8,80.8,88.7,56.1,56.8,61.4,58.7,25,40,10,20,10,49.14,830025063500.0,2656623.0,19126479087.3748
6469,North America,1891,JAM,Jamaica,2004,66.6,91.1,58.0,72.8,92.6,67.6,70.1,60.8,74.9,28.7,25.6,86.7,81.4,88.8,56.5,56.7,61.1,58.8,18,32,30,20,10,49.49,841012313600.0,2672225.0,19900797155.3032
6470,North America,1892,JAM,Jamaica,2005,66.6,91.1,57.8,75.5,91.2,67.6,70.1,61.4,74.9,29.0,25.6,86.6,81.1,89.0,55.9,56.7,60.5,58.9,10,30,20,20,5,49.84,848529264300.0,2687066.0,20708227645.6423
6471,North America,1893,JAM,Jamaica,2006,66.7,91.1,59.9,75.6,91.2,67.6,70.0,61.1,75.0,29.5,25.6,86.5,81.6,88.3,56.1,56.6,60.5,58.7,30,10,20,45,8,50.18,873129191300.0,2700968.0,21965707098.4358
6472,North America,1894,JAM,Jamaica,2007,66.8,91.1,59.6,73.6,89.1,68.4,69.9,60.4,75.0,30.3,25.6,86.4,81.5,88.8,56.7,56.4,60.7,62.5,12,30,25,25,8,50.53,885632000000.0,2713800.0,22883875381.3583
6473,North America,1895,JAM,Jamaica,2008,67.0,91.1,59.1,75.8,89.1,68.7,69.8,58.0,74.9,30.9,25.6,86.4,82.2,88.8,58.4,56.4,60.7,63.5,20,30,50,40,8,50.87,878443000000.0,2725635.0,23135445417.6733
6474,North America,1896,JAM,Jamaica,2009,67.5,91.1,59.7,75.4,89.1,68.7,69.7,61.3,74.6,31.1,25.6,86.3,83.3,90.6,59.1,56.3,61.2,64.0,35,18,20,40,6,51.22,840272000000.0,2736995.0,22266634916.3324
6475,North America,1897,JAM,Jamaica,2010,67.4,91.1,56.9,76.9,89.1,68.7,69.6,62.0,74.5,31.2,25.6,86.2,84.0,90.8,60.2,56.2,59.5,63.8,25,15,22,35,10,51.57,828028000000.0,2748568.0,22208837625.3628
6476,North America,1898,JAM,Jamaica,2011,67.8,91.7,58.1,75.2,89.1,68.4,69.4,62.3,74.2,32.9,25.6,90.8,83.6,90.1,60.3,56.1,61.9,62.5,25,38,30,30,10,51.92,842356000000.0,2760494.0,23059255170.7083
6477,North America,1899,JAM,Jamaica,2012,68.1,91.5,58.3,78.4,89.1,68.4,69.3,64.1,73.9,33.8,25.6,91.1,83.5,90.4,60.6,56.0,61.6,61.9,12,15,20,40,8,52.27,837187000000.0,2772430.0,23214929063.4246
6478,North America,1900,JAM,Jamaica,2013,67.8,91.2,58.4,78.8,84.0,68.4,69.2,64.0,73.3,38.6,25.6,85.3,83.6,90.2,59.9,55.9,61.9,63.7,15,35,30,40,7,52.62,841521000000.0,2783687.0,24023892586.5579
6479,North America,1901,JAM,Jamaica,2014,68.1,91.0,58.8,77.7,82.2,68.4,69.2,65.1,74.8,44.0,25.6,86.1,83.7,91.0,59.2,55.9,63.2,62.6,30,30,35,55,10,52.97,847326000000.0,2793749.0,24397287651.2427
6480,North America,1902,JAM,Jamaica,2015,68.5,90.9,59.0,77.1,83.9,69.5,69.7,65.2,74.6,46.2,25.6,86.0,83.9,90.6,59.3,55.8,64.0,63.1,33,40,25,30,10,53.32,855134000000.0,2802534.0,25182384150.2051
6481,North America,1903,JAM,Jamaica,2016,68.6,90.8,58.5,77.7,84.5,71.7,69.8,65.4,74.8,43.0,25.6,86.3,84.0,90.9,60.2,55.8,63.4,63.8,30,40,60,55,12,53.68,866894000000.0,2809915.0,26411115826.8499
6482,North America,1904,JAM,Jamaica,2017,68.9,91.0,58.2,78.7,82.0,71.9,69.9,65.7,75.6,43.7,25.6,88.3,83.9,90.9,60.5,55.7,63.7,65.1,35,30,25,35,5,54.04,875538000000.0,2815764.0,27651386383.771
6483,North America,1905,JAM,Jamaica,2018,69.1,91.1,58.7,78.2,81.3,71.8,70.0,64.8,76.7,46.8,25.6,88.4,84.0,90.7,60.7,55.9,61.9,68.1,35,30,35,35,10,54.4,892085000000.0,2820097.0,28300462384.3033
6484,North America,1906,JAM,Jamaica,2019,69.3,91.3,58.9,79.5,81.8,72.0,70.1,64.2,78.1,47.9,25.6,85.8,84.0,90.9,61.8,55.8,62.4,67.4,40,35,20,60,10,54.76,900045000000.0,2823271.0,28468528877.0366
6485,North America,1907,JAM,Jamaica,2020,69.7,87.9,59.1,77.9,81.8,77.4,70.1,64.2,76.9,50.6,25.6,87.9,84.0,91.4,61.9,55.7,64.1,68.4,30,35,30,10,8,55.11,810757633800.0,2830739.0,25451633088.1949
6486,North America,1908,JAM,Jamaica,2021,69.3,88.7,59.1,78.0,81.8,77.9,70.1,64.2,76.8,51.5,25.6,79.8,81.3,91.0,62.2,56.4,62.8,71.3,35,25,45,50,10,,848064034200.0,2837682.0,27176946493.566
6487,North America,1909,JAM,Jamaica,2022,69.6,90.0,59.1,78.2,81.8,78.3,70.1,64.2,76.9,52.7,25.6,83.6,81.3,91.0,62.2,56.2,61.0,70.8,25,15,25,20,10,,892345866100.0,2839144.0,30634742220.3548
6488,Asia,1910,JPN,Japan,2000,75.3,99.7,73.2,87.5,95.6,53.1,83.6,70.1,85.9,78.7,77.8,89.4,58.1,69.5,52.6,58.0,85.3,62.2,10,12,75,60,7,68.24,491863055445000.0,126843000.0,3461199212871.49
6489,Asia,1911,JPN,Japan,2001,75.6,99.7,72.7,89.1,95.6,53.2,83.9,70.0,85.8,80.0,77.8,89.4,58.6,69.8,53.0,58.0,85.3,62.5,10,9,45,55,5,68.26,493762155554000.0,127149000.0,3552841434344.91
6490,Asia,1912,JPN,Japan,2002,75.7,99.7,72.6,89.6,95.6,53.3,84.2,70.1,85.6,81.7,77.8,89.4,58.6,69.4,53.4,57.9,85.3,62.6,10,10,35,20,5,68.29,493969350495000.0,127445000.0,3647933229747.3
6491,Asia,1913,JPN,Japan,2003,75.8,99.7,70.9,90.0,95.6,53.3,84.2,70.2,85.7,82.5,77.8,89.4,58.6,69.3,55.2,57.7,85.3,62.8,10,10,15,55,8,68.31,501552399954000.0,127718000.0,3753919256711.54
6492,Asia,1914,JPN,Japan,2004,76.1,99.7,72.5,90.4,95.6,53.4,84.3,70.3,86.0,84.9,77.8,89.4,58.7,69.4,55.5,57.8,85.5,62.8,10,10,25,75,7,68.33,512516915685000.0,127761000.0,3938955753801.61
6493,Asia,1915,JPN,Japan,2005,76.5,99.7,73.2,91.6,95.6,54.6,84.3,70.3,86.1,87.0,77.8,89.4,58.9,69.3,55.4,58.6,85.7,62.9,10,10,10,55,7,68.36,521762212797000.0,127773000.0,4110440479265.64
6494,Asia,1916,JPN,Japan,2006,76.6,99.7,72.5,91.8,95.6,54.9,84.4,70.6,86.3,87.8,77.8,89.4,59.1,69.6,56.0,58.8,85.9,62.8,8,10,45,60,5,68.38,528922617190000.0,127854000.0,4300322202225.7
6495,Asia,1917,JPN,Japan,2007,76.7,99.7,73.3,91.9,95.6,54.9,84.4,70.7,86.4,88.3,77.8,88.3,59.6,69.2,55.7,58.7,86.9,63.0,15,10,10,75,5,68.41,536771667040000.0,128001000.0,4482081297524.2
6496,Asia,1918,JPN,Japan,2008,76.6,99.7,73.7,91.4,95.6,54.9,84.5,70.5,86.3,88.3,77.8,84.5,59.7,70.1,55.5,58.7,87.0,63.4,10,10,12,18,12,68.43,530200030562000.0,128063000.0,4517267516318.56
6497,Asia,1919,JPN,Japan,2009,76.9,99.7,72.8,91.2,95.6,55.9,84.6,70.9,85.8,88.8,77.8,85.6,60.6,71.0,54.9,58.7,88.2,64.6,18,10,40,40,5,68.46,500014489647000.0,128047000.0,4295629000666.77
6498,Asia,1920,JPN,Japan,2010,77.1,99.7,72.4,92.6,95.6,55.9,84.6,71.2,85.7,89.8,81.6,86.2,60.1,70.4,53.3,59.0,87.2,65.4,20,12,10,60,8,68.48,520504673018000.0,128070000.0,4525401285474.55
6499,Asia,1921,JPN,Japan,2011,77.4,99.6,73.3,93.1,95.6,56.2,84.7,71.0,86.0,92.4,81.6,86.7,59.5,68.1,53.9,59.1,87.5,67.7,25,11,15,55,3,68.47,520628602702000.0,127833000.0,4629400479632.82
6500,Asia,1922,JPN,Japan,2012,77.6,99.4,74.4,93.0,95.6,55.1,84.7,70.8,86.1,92.5,81.6,87.1,59.8,67.5,54.3,60.6,88.8,68.1,30,12,20,25,8,68.46,527785949619000.0,127629000.0,4799612889015.1
6501,Asia,1923,JPN,Japan,2013,77.7,99.3,74.4,92.9,95.6,57.2,84.7,70.9,86.3,94.3,80.5,83.8,60.2,67.3,56.9,63.0,84.8,68.1,30,10,30,20,7,68.45,538368586628000.0,127445000.0,5021591088716.88
6502,Asia,1924,JPN,Japan,2014,77.7,99.3,74.8,92.9,95.1,57.7,84.8,71.3,86.6,94.3,80.5,85.2,60.3,67.3,54.9,63.2,84.7,68.0,18,10,30,70,5,68.43,539963264068000.0,127276000.0,5034454618847.27
6503,Asia,1925,JPN,Japan,2015,78.1,99.3,74.9,93.5,94.9,58.4,84.8,71.6,88.0,93.8,80.5,82.5,60.9,70.5,54.0,63.3,88.8,67.6,18,11,5,79,7,68.42,548390074920000.0,127141000.0,5200905340128.5
6504,Asia,1926,JPN,Japan,2016,78.0,99.3,74.6,93.7,94.5,58.8,84.8,71.8,88.2,92.0,80.5,85.1,60.7,70.5,52.9,63.3,88.6,67.2,20,11,60,58,8,68.42,552523985976000.0,127076000.0,5158900389806.62
6505,Asia,1927,JPN,Japan,2017,78.1,99.3,74.5,93.9,94.1,59.7,84.9,72.1,88.2,93.9,80.5,83.4,60.8,71.3,53.1,63.3,87.3,67.7,18,12,65,70,7,68.41,561780595749000.0,126972000.0,5262254961496.84
6506,Asia,1928,JPN,Japan,2018,78.5,99.3,74.6,93.8,94.0,60.3,84.9,72.3,88.7,94.0,80.5,83.5,60.9,72.6,53.2,63.7,87.6,70.6,25,15,65,78,7,68.41,565395041674000.0,126811000.0,5344060957173.06
6507,Asia,1929,JPN,Japan,2019,78.8,99.3,74.8,94.0,94.2,60.9,84.9,72.6,88.3,94.5,80.5,84.8,60.9,73.1,55.6,63.5,86.9,70.9,30,15,30,60,7,68.4,563121196953000.0,126633000.0,5404462313923.94
6508,Asia,1930,JPN,Japan,2020,79.0,99.3,74.6,94.4,93.9,60.9,84.9,72.6,87.8,94.6,80.5,85.8,60.9,73.9,55.7,63.3,87.1,73.0,15,10,25,70,5,68.4,539646000000000.0,126261000.0,5356710635860.81
6509,Asia,1931,JPN,Japan,2021,79.5,99.3,75.2,94.4,93.9,61.2,84.9,72.6,88.1,94.4,80.5,86.9,66.1,73.5,55.8,63.5,87.4,74.3,23,11,20,64,7,,554197953954000.0,125681593.0,5574650884739.54
6510,Asia,1932,JPN,Japan,2022,79.4,99.3,75.2,94.6,93.9,61.7,84.9,72.6,88.2,94.4,80.5,84.2,66.1,73.5,55.8,63.1,86.3,75.6,25,10,60,60,5,,559418491894000.0,125124989.0,5930403853110.9
6511,Asia,1933,JOR,Jordan,2000,66.4,98.6,56.1,70.6,67.5,32.3,59.6,65.9,64.5,22.0,64.9,70.9,85.4,89.7,91.1,53.4,71.5,64.0,5,10,10,8,0,1.1,13228021100.0,5386945.0,30385910541.9386
6512,Asia,1934,JOR,Jordan,2001,66.5,98.6,54.7,71.9,67.5,32.9,60.8,66.0,63.9,22.3,64.9,70.8,86.2,89.6,91.1,53.4,71.5,64.0,5,10,5,10,5,1.1,13925132200.0,5498894.0,32707488485.7529
6513,Asia,1935,JOR,Jordan,2002,66.7,98.6,59.3,71.6,68.5,33.4,59.7,66.4,63.6,22.6,64.9,71.4,84.6,89.5,91.1,53.4,71.5,64.1,5,10,15,10,5,1.1,14730535100.0,5616066.0,35136896932.6905
6514,Asia,1936,JOR,Jordan,2003,66.8,98.6,56.7,72.2,69.5,36.1,59.6,65.8,64.0,23.2,64.9,71.3,86.0,89.4,91.1,53.4,71.5,62.4,10,10,10,10,0,1.1,15343571000.0,5741828.0,37321760721.1519
6515,Asia,1937,JOR,Jordan,2004,66.7,98.6,55.4,72.3,69.2,35.7,58.0,66.0,64.0,23.8,64.9,71.8,86.1,89.0,91.1,53.4,71.5,63.4,8,10,10,12,5,1.1,16658087600.0,5882061.0,41608792594.7203
6516,Asia,1938,JOR,Jordan,2005,66.9,98.6,57.1,72.8,68.6,35.3,56.4,65.8,63.8,24.1,64.9,71.9,86.0,88.6,91.1,53.4,71.5,67.4,8,10,10,20,8,1.1,18015154500.0,6029587.0,46409399612.5231
6517,Asia,1939,JOR,Jordan,2006,67.6,98.6,56.8,73.8,66.4,35.0,55.5,67.2,64.3,24.7,76.6,72.5,86.1,88.8,91.1,53.4,71.7,67.0,5,8,10,15,5,1.1,19473116500.0,6427371.0,51712316825.587
6518,Asia,1940,JOR,Jordan,2007,67.3,98.6,53.4,72.7,65.6,35.4,55.5,67.7,64.7,25.9,76.6,69.5,86.2,89.1,91.1,53.4,70.1,68.8,2,10,10,20,2,1.1,21065271600.0,6827227.0,57455973870.5506
6519,Asia,1941,JOR,Jordan,2008,67.4,98.6,52.6,72.1,64.5,35.1,55.4,68.7,65.0,27.0,81.0,70.5,87.2,89.5,91.1,53.4,70.5,63.4,10,10,15,10,10,1.1,22586265600.0,6989866.0,62791457385.8143
6520,Asia,1942,JOR,Jordan,2009,68.5,98.6,56.9,74.4,64.5,34.7,56.4,68.5,64.9,27.6,81.0,79.7,87.7,89.4,91.1,53.4,70.7,64.2,10,10,5,15,5,1.1,23720934100.0,7141753.0,66352659859.5362
6521,Asia,1943,JOR,Jordan,2010,68.0,98.6,57.4,76.0,61.2,37.0,55.7,69.1,65.1,28.1,77.0,76.0,88.2,89.7,91.1,53.7,71.4,60.6,25,10,8,15,5,1.1,24270034400.0,7297043.0,68713655220.9253
6522,Asia,1944,JOR,Jordan,2011,67.9,98.7,56.5,75.6,59.2,37.3,58.1,68.6,64.9,29.7,77.0,76.1,87.4,90.0,91.1,54.3,70.1,59.4,12,8,10,15,5,1.1,24934348900.0,7480424.0,72050912802.1938
6523,Asia,1945,JOR,Jordan,2012,67.8,98.7,57.6,75.6,57.3,37.7,56.7,68.8,65.3,29.4,77.0,76.3,87.8,89.5,91.1,54.3,69.9,59.7,10,15,10,7,5,1.1,25540093500.0,7587127.0,73887520573.5489
6524,Asia,1946,JOR,Jordan,2013,66.3,98.7,55.8,75.9,30.5,38.8,55.4,69.1,65.0,37.4,77.0,75.1,87.4,89.3,91.2,54.4,67.4,58.5,25,7,10,12,10,1.1,26206676500.0,7991809.0,78452380693.4733
6525,Asia,1947,JOR,Jordan,2014,66.1,98.7,57.0,76.4,29.9,38.9,55.3,68.9,65.3,38.0,77.0,75.0,87.8,89.9,84.1,54.4,66.0,61.2,10,10,20,10,10,1.1,27093530900.0,8791710.0,80397356421.9829
6526,Asia,1948,JOR,Jordan,2015,66.1,98.6,56.0,76.2,29.9,39.6,56.2,69.4,62.2,40.4,77.0,73.8,88.5,90.1,83.5,54.4,68.8,58.3,30,15,10,20,10,1.1,27769928700.0,9544729.0,85588348124.0501
6527,Asia,1949,JOR,Jordan,2016,66.7,98.6,56.8,76.5,31.0,42.3,55.3,70.4,61.0,43.6,77.0,77.6,89.1,91.7,82.8,54.4,68.1,57.8,20,10,14,20,5,1.1,28323711300.0,10006367.0,87534483836.1905
6528,Asia,1950,JOR,Jordan,2017,66.9,98.7,56.1,76.0,29.4,42.9,55.3,70.6,61.3,51.8,77.0,75.7,88.8,91.0,80.9,54.4,68.8,58.0,10,8,10,15,7,1.1,29024326100.0,10234226.0,94825378274.4728
6529,Asia,1951,JOR,Jordan,2018,69.1,98.7,55.7,76.5,55.1,42.1,55.3,72.4,63.3,54.5,77.0,76.7,89.2,91.2,81.6,55.2,70.8,58.8,25,10,25,20,10,1.1,29581323500.0,10462306.0,94604332953.0972
6530,Asia,1952,JOR,Jordan,2019,69.7,98.6,56.3,75.8,57.6,41.4,55.2,72.9,63.6,55.9,77.0,76.2,89.1,91.1,89.8,55.2,70.3,58.6,30,10,8,8,5,1.1,30099363700.0,10671891.0,100626037104.859
6531,Asia,1953,JOR,Jordan,2020,69.9,98.6,56.5,73.7,59.2,39.9,55.2,72.9,62.2,58.2,77.0,77.1,89.1,91.4,90.4,55.1,70.5,61.3,35,8,10,20,7,1.1,29767442400.0,10865228.0,104080200892.953
6532,Asia,1954,JOR,Jordan,2021,70.1,98.7,56.8,73.5,59.1,39.7,55.2,72.9,64.2,61.1,77.0,76.3,89.1,91.4,90.6,55.1,69.5,61.9,30,10,10,20,7,,30855634000.0,11066356.0,101616771489.092
6533,Asia,1955,JOR,Jordan,2022,69.9,98.7,56.9,74.4,59.1,39.8,55.2,72.9,64.6,61.0,77.0,74.3,89.1,91.4,90.4,55.1,65.4,62.5,15,10,20,20,3,,31672516900.0,11256263.0,111743557894.989
6534,Asia,1956,KAZ,Kazakhstan,2000,65.2,97.3,46.9,62.2,95.2,67.5,71.2,59.5,65.2,23.4,69.4,81.6,81.9,62.9,0.0,56.7,52.3,50.4,20,20,10,35,8,1.17,4634898083500.0,15501103.0,114990222142.234
6535,Asia,1957,KAZ,Kazakhstan,2001,66.0,97.3,49.6,61.6,99.5,67.9,71.4,59.9,66.6,23.6,69.4,81.6,81.8,63.5,0.0,60.3,52.6,50.2,20,18,10,15,8,1.17,5260609324700.0,15575550.0,133452670508.841
6536,Asia,1958,KAZ,Kazakhstan,2002,66.4,97.3,49.8,61.9,99.0,68.3,71.0,60.1,67.2,23.7,73.7,82.5,81.3,61.7,0.0,60.2,52.9,51.3,30,10,8,10,0,1.16,5776149038500.0,15656677.0,148808116627.365
6537,Asia,1959,KAZ,Kazakhstan,2003,66.5,97.3,49.2,62.2,97.7,68.6,70.9,60.7,67.5,23.8,77.8,82.5,80.8,59.8,0.0,60.7,52.9,52.1,30,20,10,60,0,1.16,6313330899100.0,15747380.0,165858440472.901
6538,Asia,1960,KAZ,Kazakhstan,2004,66.6,97.3,48.5,58.9,98.2,69.0,70.9,59.2,67.7,23.8,84.2,83.4,80.4,58.9,0.0,61.0,52.8,52.2,30,15,8,75,0,1.16,6919410665500.0,15850159.0,186669097079.464
6539,Asia,1961,KAZ,Kazakhstan,2005,64.9,97.3,48.3,62.1,97.9,69.0,70.6,59.4,67.7,24.0,53.5,83.3,80.2,57.7,0.0,61.6,52.8,52.6,20,20,15,15,5,1.16,7590593500000.0,15968117.0,211196657907.107
6540,Asia,1962,KAZ,Kazakhstan,2006,67.1,97.3,48.9,62.1,97.9,69.0,71.9,58.9,67.9,23.9,88.9,84.2,79.5,55.8,0.0,61.7,52.7,52.9,15,25,18,55,8,1.15,8402787004500.0,16103716.0,241004547154.978
6541,Asia,1963,KAZ,Kazakhstan,2007,66.9,97.3,50.1,62.1,97.6,71.8,71.5,58.5,68.1,23.9,89.4,78.9,79.0,55.4,0.0,61.7,53.6,52.3,30,35,10,20,5,1.15,9150635047900.0,16257214.0,269564507813.482
6542,Asia,1964,KAZ,Kazakhstan,2008,67.6,97.3,49.1,64.6,98.2,71.8,72.4,59.0,68.4,24.9,94.5,79.4,78.1,55.6,0.0,62.0,53.4,52.7,15,20,12,20,0,1.15,9452606004500.0,16426525.0,283825255031.34
6543,Asia,1965,KAZ,Kazakhstan,2009,68.5,97.3,50.3,65.0,99.5,72.7,72.2,59.9,68.6,26.1,95.5,83.5,78.7,56.5,0.0,62.1,54.6,54.2,20,15,12,20,5,1.14,9566037276500.0,16619846.0,289002744475.035
6544,Asia,1966,KAZ,Kazakhstan,2010,68.8,97.3,49.1,68.1,99.4,72.7,71.6,58.9,69.0,27.8,96.0,81.2,78.7,54.2,0.0,62.2,55.5,58.7,25,30,6,20,0,1.14,10264357998000.0,16836810.0,313868548165.779
6545,Asia,1967,KAZ,Kazakhstan,2011,69.3,98.3,52.4,69.6,98.9,72.7,72.3,59.0,69.1,32.7,96.0,79.0,77.5,51.7,0.0,62.2,56.0,60.9,30,30,15,12,5,1.16,11023920490000.0,17066002.0,344049455918.982
6546,Asia,1968,KAZ,Kazakhstan,2012,69.7,98.4,49.8,70.3,98.5,76.1,72.6,60.8,69.1,34.7,95.6,82.5,77.8,49.8,0.0,62.4,55.4,60.7,10,15,12,60,2,1.18,11553068673000.0,17306106.0,369783340663.465
6547,Asia,1969,KAZ,Kazakhstan,2013,70.1,98.5,51.8,71.9,99.4,76.8,72.4,61.7,69.2,37.6,98.1,82.1,77.7,50.6,0.0,62.4,53.0,57.9,25,20,10,15,5,1.19,12246252793000.0,17556502.0,417039504506.503
6548,Asia,1970,KAZ,Kazakhstan,2014,70.6,98.5,51.6,73.4,99.5,77.3,72.3,61.9,71.1,37.2,98.2,86.0,78.6,47.6,0.0,62.4,57.3,57.5,10,15,10,60,2,1.21,12760595411000.0,17816285.0,426844567293.671
6549,Asia,1971,KAZ,Kazakhstan,2015,71.1,98.5,52.9,76.2,97.9,78.3,72.8,62.0,71.7,39.8,98.3,85.2,79.0,50.4,0.0,62.4,60.8,51.2,40,35,11,62,2,1.23,12913722556000.0,18084169.0,406611059018.014
6550,Asia,1972,KAZ,Kazakhstan,2016,71.5,98.1,53.3,74.4,96.5,78.8,72.9,61.7,71.8,44.0,97.8,86.8,79.2,52.8,0.0,62.5,60.7,51.8,35,30,25,20,5,1.24,13055773504000.0,18363600.0,422786764645.624
6551,Asia,1973,KAZ,Kazakhstan,2017,72.1,98.5,53.4,78.8,96.1,78.8,72.7,62.0,72.4,44.6,97.4,89.5,79.1,52.0,0.0,62.5,63.0,53.6,30,30,21,40,5,1.25,13591060218000.0,18651931.0,447143865260.692
6552,Asia,1974,KAZ,Kazakhstan,2018,71.3,98.5,53.6,79.1,96.0,76.4,72.4,61.4,72.3,43.4,96.3,83.9,78.9,51.2,0.0,62.7,60.0,55.2,20,45,15,15,2,1.26,14148293686000.0,18932727.0,475138151280.585
6553,Asia,1975,KAZ,Kazakhstan,2019,72.2,98.6,53.3,81.0,95.8,76.4,72.4,61.8,72.8,46.7,96.3,87.6,78.7,54.6,0.0,62.6,62.7,54.5,40,20,17,20,2,1.27,14784966902000.0,19209555.0,551108130794.884
6554,Asia,1976,KAZ,Kazakhstan,2020,71.7,98.5,53.7,79.6,86.2,75.2,72.4,61.8,73.1,47.7,96.3,86.3,78.5,56.6,0.0,62.6,61.8,57.2,15,45,10,5,5,1.28,14415342730000.0,19482117.0,565757228613.755
6555,Asia,1977,KAZ,Kazakhstan,2021,71.8,98.6,53.3,80.5,86.2,75.7,72.4,61.8,76.7,48.9,96.3,81.5,78.5,57.1,0.0,62.6,62.6,56.3,40,40,15,20,5,,15035202467000.0,19743603.0,650469813945.991
6556,Asia,1978,KAZ,Kazakhstan,2022,71.6,98.7,53.4,80.0,86.2,75.9,72.4,61.8,76.8,48.5,96.3,85.9,78.5,57.1,0.0,62.5,62.5,56.2,35,30,30,20,5,,15516328945900.0,20034609.0,719143972705.045
6557,Africa,1979,KEN,Kenya,2000,50.6,36.6,48.8,26.9,60.0,42.9,46.1,16.4,71.3,11.6,23.2,58.4,95.2,98.7,61.7,61.2,48.0,53.1,30,40,5,25,5,6.96,3806739949200.0,30642890.0,58432863846.0635
6558,Africa,1980,KEN,Kenya,2001,51.3,36.6,50.0,27.1,65.8,43.3,45.9,19.2,71.4,11.6,23.2,58.1,95.2,98.8,64.3,61.0,48.0,53.2,25,23,5,12,10,6.9,3950631159900.0,31619170.0,62007031615.8442
6559,Africa,1981,KEN,Kenya,2002,51.5,36.6,49.1,27.7,64.0,43.6,45.7,21.5,71.3,11.6,23.2,58.2,95.3,98.9,64.6,60.8,48.0,54.8,30,25,15,20,10,6.84,3972235562900.0,32629808.0,63314978396.5385
6560,Africa,1982,KEN,Kenya,2003,52.3,36.6,49.6,27.6,73.8,45.8,45.5,22.6,71.4,11.8,23.2,57.9,95.1,98.9,65.1,60.7,48.0,55.4,35,55,20,20,10,6.78,4088720399400.0,33652223.0,66458368611.2695
6561,Africa,1983,KEN,Kenya,2004,52.1,36.6,49.8,28.3,72.4,46.1,45.5,24.1,71.4,11.8,23.2,58.0,95.1,98.9,60.6,60.5,48.0,55.9,10,60,10,18,10,6.72,4297420945600.0,34713455.0,71728946875.3981
6562,Africa,1984,KEN,Kenya,2005,52.4,36.6,51.5,28.2,72.7,46.4,45.6,24.5,71.4,11.8,23.2,58.0,95.2,98.9,61.0,60.4,48.1,56.9,5,55,20,18,5,6.66,4551255250900.0,35796484.0,78347607390.589
6563,Africa,1985,KEN,Kenya,2006,52.8,36.6,52.8,30.7,71.9,47.7,45.6,25.0,71.4,11.9,23.2,58.1,95.2,98.8,63.5,60.3,48.1,56.4,35,30,10,15,5,6.6,4845834987600.0,36904008.0,85991146841.4899
6564,Africa,1986,KEN,Kenya,2007,53.0,36.6,53.0,32.4,72.7,48.9,45.6,25.8,71.4,12.1,23.2,53.3,94.5,98.8,67.6,60.1,49.0,56.6,40,63,10,20,5,6.54,5177810047700.0,38036349.0,94371493369.4559
6565,Africa,1987,KEN,Kenya,2008,53.2,36.6,52.2,33.3,69.9,53.9,45.6,26.0,71.4,12.2,23.2,52.6,94.5,98.8,67.8,60.0,49.8,56.9,20,60,35,20,10,6.48,5189837207000.0,39206351.0,96413190295.6955
6566,Africa,1988,KEN,Kenya,2009,53.1,36.6,52.5,34.7,71.6,55.0,45.7,23.1,71.4,12.3,23.2,50.3,94.6,98.8,67.8,59.9,48.2,57.5,20,40,12,10,10,6.41,5361462000000.0,40408891.0,100215839417.265
6567,Africa,1989,KEN,Kenya,2010,54.0,36.6,55.5,38.1,71.6,56.1,45.7,23.1,71.5,13.8,23.2,53.9,94.6,98.8,69.3,60.8,51.8,53.9,30,60,15,45,10,6.35,5793514000000.0,41598567.0,109607761069.453
6568,Africa,1990,KEN,Kenya,2011,54.4,37.7,55.5,39.3,71.6,56.1,45.9,27.7,71.5,14.1,23.2,51.4,94.7,98.7,70.9,60.8,51.1,53.8,5,35,10,18,5,6.32,6090206000000.0,42758461.0,117598023944.482
6569,Africa,1991,KEN,Kenya,2012,54.5,38.5,57.8,40.8,66.1,56.1,46.2,29.4,71.5,14.6,23.2,54.5,92.9,98.7,71.7,60.6,50.3,54.2,15,40,33,18,5,6.29,6368448000000.0,43888303.0,124961878452.748
6570,Africa,1992,KEN,Kenya,2013,54.7,40.2,57.7,39.7,66.1,60.0,46.5,30.2,71.5,15.4,23.2,53.2,92.9,98.7,71.0,60.5,49.8,54.1,30,65,8,20,10,6.26,6610312000000.0,44986791.0,139746695151.583
6571,Africa,1993,KEN,Kenya,2014,56.3,40.8,58.0,44.7,68.6,64.7,46.7,29.1,76.5,18.1,23.2,57.3,92.6,98.5,72.0,60.3,51.7,54.2,35,63,10,10,10,6.22,6942157000000.0,46051440.0,154709329446.165
6572,Africa,1994,KEN,Kenya,2015,58.5,42.4,59.1,46.5,69.5,66.2,47.0,30.8,76.7,19.1,49.5,56.8,92.5,98.4,71.6,60.1,54.3,54.2,45,60,14,45,8,6.19,7287024000000.0,47088526.0,173206956148.628
6573,Africa,1995,KEN,Kenya,2016,58.9,43.3,55.1,47.9,69.8,66.5,45.7,33.7,76.7,25.9,49.5,56.0,92.3,98.5,71.4,60.0,54.4,54.4,10,15,55,25,5,6.22,7594064000000.0,48139687.0,188546457052.59
6574,Africa,1996,KEN,Kenya,2017,59.9,44.4,55.6,48.2,69.8,68.4,45.9,35.8,75.5,31.2,49.5,59.4,93.3,98.5,70.8,59.8,55.4,56.2,10,65,18,20,5,6.25,7885521000000.0,49197766.0,205511364865.135
6575,Africa,1997,KEN,Kenya,2018,60.2,45.6,57.0,50.3,70.6,69.4,46.2,37.8,77.1,29.9,49.5,57.9,94.7,98.4,71.1,58.8,55.0,53.7,10,67,15,20,5,6.28,8330891000000.0,50207107.0,221491717233.004
6576,Africa,1998,KEN,Kenya,2019,60.5,47.0,56.8,51.0,70.6,69.1,46.4,40.6,76.5,29.2,49.5,60.0,94.7,98.4,69.9,58.6,55.8,54.1,42,30,40,10,5,6.31,8756946000000.0,51202827.0,240006995767.663
6577,Africa,1999,KEN,Kenya,2020,60.2,44.3,57.1,50.9,70.6,69.9,46.7,41.5,75.8,33.7,49.5,54.8,94.7,98.4,69.8,58.5,55.1,52.1,40,66,12,35,7,6.34,8733060000000.0,52217334.0,250255393335.358
6578,Africa,2000,KEN,Kenya,2021,60.7,46.3,56.6,51.2,71.1,70.0,46.7,41.5,75.6,37.4,49.5,56.0,94.7,98.4,69.8,59.1,53.6,54.4,5,60,23,15,10,,9395942000000.0,53219166.0,284129273925.386
6579,Africa,2001,KEN,Kenya,2022,60.9,49.4,58.5,51.0,71.1,70.0,46.7,41.5,75.7,39.2,49.5,55.6,94.7,98.4,69.8,58.7,51.1,54.5,43,63,35,12,7,,9852583000000.0,54252461.0,319179328511.243
6603,Asia,2025,KWT,Kuwait,2000,60.5,0.0,63.5,79.1,89.7,47.8,55.0,67.0,80.0,40.4,0.0,76.9,54.9,31.6,42.3,52.3,78.3,49.5,15,7,20,12,5,0.27,21140700000.0,1954709.0,114747023085.585
6604,Asia,2026,KWT,Kuwait,2001,60.8,0.0,62.6,80.6,88.4,48.8,55.0,66.9,80.0,40.9,0.0,76.9,55.6,31.6,41.8,51.8,78.3,52.7,15,10,10,10,10,0.28,21185800000.0,2008121.0,117581074993.74
6605,Asia,2027,KWT,Kuwait,2002,61.0,0.0,65.6,80.0,91.9,48.9,55.0,67.3,79.8,41.1,0.0,76.9,53.2,31.6,41.8,51.3,78.7,52.4,10,15,8,15,8,0.29,21824400000.0,2059974.0,123007582239.2
6606,Asia,2028,KWT,Kuwait,2003,61.1,0.0,65.7,79.5,92.3,49.1,55.0,67.6,79.5,43.0,0.0,76.9,53.1,31.6,41.6,50.9,78.6,51.9,20,20,10,35,7,0.3,25605700000.0,2109881.0,147169230082.401
6607,Asia,2029,KWT,Kuwait,2004,60.8,0.0,63.4,79.6,94.3,49.2,55.0,67.6,79.0,43.3,0.0,76.9,52.5,31.6,41.8,50.4,78.2,49.7,20,20,10,20,8,0.3,28227800000.0,2157320.0,166602568182.567
6608,Asia,2030,KWT,Kuwait,2005,60.6,0.0,62.5,79.1,93.7,49.5,55.0,67.1,79.1,43.9,0.0,78.0,51.5,31.6,41.5,50.1,78.3,47.9,20,10,10,15,8,0.31,31222500000.0,2236788.0,190055447161.541
6609,Asia,2031,KWT,Kuwait,2006,60.5,0.0,66.2,79.3,87.6,49.6,55.0,67.6,79.2,44.4,0.0,78.0,52.6,31.6,41.6,49.8,78.3,46.1,20,10,10,20,8,0.32,33568800000.0,2364733.0,210639123108.947
6610,Asia,2032,KWT,Kuwait,2007,60.8,0.0,65.3,79.5,95.4,49.7,55.0,67.7,78.8,45.2,0.0,78.0,53.1,31.6,41.5,49.4,78.0,44.2,40,15,10,20,8,0.33,35580100000.0,2507887.0,229308408275.783
6611,Asia,2033,KWT,Kuwait,2008,61.0,0.0,65.2,79.3,94.8,50.6,55.0,67.5,78.5,46.6,0.0,78.0,54.2,31.6,41.3,49.2,78.5,44.6,15,20,10,20,10,0.34,36462400000.0,2651421.0,239522365117.063
6612,Asia,2034,KWT,Kuwait,2009,61.0,0.0,64.7,81.5,95.3,53.0,55.0,67.3,79.0,48.0,0.0,69.0,53.9,31.6,41.5,48.9,78.4,47.1,30,20,14,20,8,0.34,33882300000.0,2795484.0,223946418603.25
6613,Asia,2035,KWT,Kuwait,2010,61.6,0.0,64.4,84.1,95.7,53.1,55.0,67.7,79.0,49.1,0.0,70.6,57.2,31.6,42.0,48.6,78.2,47.2,20,15,7,20,10,0.35,33079103799.0645,2943372.0,221294735531.378
6614,Asia,2036,KWT,Kuwait,2011,61.5,0.0,66.7,83.7,96.8,53.3,55.0,68.0,78.8,49.7,0.0,60.2,57.9,33.5,41.5,52.1,78.3,46.5,10,25,20,18,5,0.35,36264169677.184,3132814.0,247607548979.805
6615,Asia,2037,KWT,Kuwait,2012,61.5,0.0,65.7,82.8,94.4,52.6,55.0,67.5,78.6,47.0,0.0,66.7,59.6,33.5,41.7,51.8,78.3,47.0,30,20,15,45,10,0.35,38666988243.2056,3337109.0,273942363690.304
6616,Asia,2038,KWT,Kuwait,2013,61.6,0.0,66.3,84.5,91.2,53.2,55.0,68.0,78.3,54.6,0.0,61.2,59.8,33.4,41.9,51.6,78.0,47.4,60,25,20,35,10,0.35,39111451872.2758,3507844.0,269446403355.205
6617,Asia,2039,KWT,Kuwait,2014,62.0,0.0,70.5,84.1,89.4,50.9,55.0,68.8,75.1,57.4,0.0,70.1,60.6,31.2,38.9,51.3,77.5,48.9,15,25,10,15,10,0.35,39307366899.4329,3665876.0,250513498911.703
6618,Asia,2040,KWT,Kuwait,2015,61.5,0.0,66.8,84.5,89.2,50.9,55.0,68.7,75.6,56.9,0.0,65.6,59.5,29.0,38.8,51.1,78.8,51.4,40,10,15,25,10,0.35,39540369466.4598,3834574.0,173580844573.035
6619,Asia,2041,KWT,Kuwait,2016,62.2,0.0,64.0,85.0,87.3,51.1,55.0,68.5,75.7,55.8,0.0,69.4,60.5,30.2,45.5,53.9,76.6,54.0,40,18,19,20,5,0.35,40697350679.2477,4004096.0,167620163110.365
6620,Asia,2042,KWT,Kuwait,2017,62.5,0.0,65.1,85.6,86.7,51.7,55.0,68.6,77.2,57.9,0.0,65.8,60.5,32.7,44.7,53.7,76.0,56.4,40,20,15,35,8,0.35,38779600881.7664,4154812.0,193471105512.371
6621,Asia,2043,KWT,Kuwait,2018,63.3,0.0,67.5,85.1,87.1,51.8,55.0,68.7,77.2,60.0,0.0,69.6,61.2,32.4,43.5,53.3,77.4,59.3,40,25,12,45,10,0.35,39843453515.5081,4323515.0,222102130573.674
6622,Asia,2044,KWT,Kuwait,2019,63.2,0.0,68.0,85.4,84.5,52.5,55.0,68.8,77.2,60.6,0.0,65.8,61.2,32.4,47.1,53.1,75.1,60.8,45,20,12,45,15,0.35,40745436351.9412,4442316.0,225238748759.914
6623,Asia,2045,KWT,Kuwait,2020,63.4,0.0,67.6,85.6,84.0,53.3,55.0,68.8,76.3,61.5,0.0,65.8,62.0,32.4,47.1,52.8,75.4,63.6,30,20,10,15,10,0.35,38782406866.2145,4400267.0,182442653725.594
6624,Asia,2046,KWT,Kuwait,2021,62.0,0.0,67.6,85.7,63.6,50.8,55.0,68.8,76.7,60.8,0.0,65.8,62.0,32.4,47.0,52.6,75.7,65.6,45,10,15,15,8,,39431095712.7328,4360865.0,220886348976.419
6625,Asia,2047,KWT,Kuwait,2022,64.4,0.0,67.5,86.9,63.6,51.3,55.0,68.8,77.0,64.2,0.0,77.5,62.0,32.4,47.0,52.1,64.7,61.6,25,25,18,40,7,,42096112184.7458,4589643.0,252627730077.861
6626,Asia,2048,KGZ,Kyrgyz Republic,2000,66.8,81.2,52.8,62.9,76.6,55.4,57.7,77.1,65.5,9.6,86.8,61.4,93.0,95.5,0.0,71.1,53.3,68.5,20,34,10,25,5,6.16,290543479200.0,4898362.0,9120091690.02516
6627,Asia,2049,KGZ,Kyrgyz Republic,2001,67.5,81.2,54.7,62.7,77.1,59.5,58.3,78.2,65.4,9.8,89.8,61.4,93.2,95.8,0.0,71.1,53.3,68.8,20,20,15,15,5,6.18,306005103200.0,4945073.0,9821712906.24774
6628,Asia,2050,KGZ,Kyrgyz Republic,2002,67.5,81.2,55.2,62.7,77.3,59.6,59.2,74.5,65.4,9.9,89.3,63.1,93.2,95.5,0.0,71.1,53.3,70.2,10,20,5,15,10,6.21,305952089000.0,4990704.0,9972613783.76033
6629,Asia,2051,KGZ,Kyrgyz Republic,2003,68.0,81.2,56.4,62.2,76.0,59.8,60.0,76.0,65.3,10.1,94.2,63.5,92.9,95.3,0.0,71.1,53.3,70.3,20,18,13,28,10,6.23,327461417900.0,5043308.0,10884450551.7862
6630,Asia,2052,KGZ,Kyrgyz Republic,2004,67.1,81.2,58.5,62.4,77.4,59.9,60.9,75.2,65.3,10.2,73.8,65.2,92.8,95.2,0.0,71.1,53.4,70.7,40,40,10,15,5,6.26,350471517500.0,5104713.0,11962539832.4296
6631,Asia,2053,KGZ,Kyrgyz Republic,2005,67.6,81.2,57.7,63.2,76.3,55.6,61.8,75.8,65.3,11.1,81.4,65.8,92.9,95.3,0.0,71.0,53.3,73.5,30,34,12,18,12,6.28,349856386000.0,5162640.0,12315965409.7066
6632,Asia,2054,KGZ,Kyrgyz Republic,2006,66.7,81.2,57.5,61.8,76.8,55.6,62.6,76.0,65.2,11.5,63.7,67.5,92.7,95.4,0.0,71.0,53.3,75.3,40,30,30,18,10,6.31,360712075400.0,5218373.0,13089706552.7888
6633,Asia,2055,KGZ,Kyrgyz Republic,2007,68.3,81.2,56.5,62.1,76.1,68.0,62.9,74.9,65.1,11.7,76.9,70.4,92.2,95.0,0.0,71.0,53.4,75.0,35,30,20,15,7,6.33,391527256300.0,5268385.0,14592873714.8541
6634,Asia,2056,KGZ,Kyrgyz Republic,2008,68.8,81.2,56.5,62.3,75.1,68.0,63.2,73.3,65.0,11.8,84.8,73.3,91.8,94.7,0.0,71.0,54.2,73.8,30,55,13,18,12,6.36,424421873100.0,5318729.0,16123695426.1079
6635,Asia,2057,KGZ,Kyrgyz Republic,2009,69.8,81.2,60.3,64.3,75.1,68.0,63.5,75.1,65.0,11.7,90.0,74.5,91.9,95.0,0.0,71.0,54.2,75.3,33,38,20,18,10,6.39,436671938600.0,5389643.0,16691390973.8752
6636,Asia,2058,KGZ,Kyrgyz Republic,2010,70.0,81.2,58.8,66.7,77.0,66.9,63.7,76.2,65.0,11.7,89.5,77.0,92.1,95.2,0.0,71.0,53.7,74.5,40,45,18,18,12,6.41,434612739600.0,5467059.0,16814571636.6724
6637,Asia,2059,KGZ,Kyrgyz Republic,2011,71.1,85.8,59.2,65.9,78.4,66.9,64.0,76.7,64.9,12.4,96.0,77.6,91.9,94.5,0.0,71.0,56.0,76.5,35,30,30,35,8,6.43,460499466500.0,5546587.0,18183659161.176
6638,Asia,2060,KGZ,Kyrgyz Republic,2012,71.3,85.2,56.5,67.2,82.0,66.9,64.3,75.2,64.9,17.4,97.4,76.2,91.5,93.3,0.0,71.0,53.9,78.4,20,18,20,26,10,6.46,460093535300.0,5652076.0,20283491468.0054
6639,Asia,2061,KGZ,Kyrgyz Republic,2013,71.3,82.4,58.8,67.5,82.8,63.5,64.6,76.2,64.7,18.6,93.4,79.8,91.4,93.4,0.0,71.0,56.2,77.0,28,55,35,30,7,6.48,510314904600.0,5777150.0,23114163150.7939
6640,Asia,2062,KGZ,Kyrgyz Republic,2014,71.9,88.4,56.3,68.1,84.6,65.6,64.9,77.4,66.3,16.7,98.1,81.6,91.4,93.5,0.0,70.9,54.3,72.9,40,50,20,25,8,6.5,530850173500.0,5905848.0,24971077860.1925
6641,Asia,2063,KGZ,Kyrgyz Republic,2015,72.0,85.2,60.3,69.7,85.1,63.2,65.2,75.1,67.1,17.6,92.2,83.6,91.8,94.5,0.0,70.9,56.0,74.1,33,33,15,30,10,6.53,551424999600.0,6040036.0,25086544783.7459
6642,Asia,2064,KGZ,Kyrgyz Republic,2016,72.9,88.0,60.6,71.2,86.2,62.5,65.4,75.1,67.0,20.7,98.2,85.2,91.9,94.8,0.0,70.9,55.8,73.1,30,50,23,25,10,6.59,575333993100.0,6175338.0,28429771863.0656
6643,Asia,2065,KGZ,Kyrgyz Republic,2017,74.3,87.8,61.1,72.5,95.4,61.6,65.6,77.0,69.9,26.4,97.3,87.3,91.9,95.1,0.0,70.9,57.8,71.5,38,30,18,25,8,6.66,602604463200.0,6306696.0,31241590663.088
6644,Asia,2066,KGZ,Kyrgyz Republic,2018,75.0,90.4,61.6,73.7,94.9,60.6,65.9,75.8,69.7,33.3,96.3,89.9,91.9,94.2,0.0,70.9,60.7,70.2,35,55,30,30,8,6.73,625249797400.0,6444079.0,30789434119.8894
6645,Asia,2067,KGZ,Kyrgyz Republic,2019,74.9,91.9,62.0,75.6,95.1,60.8,66.1,78.1,69.8,35.1,89.7,87.3,91.9,94.8,0.0,70.9,60.1,70.1,32,33,35,30,10,6.79,654015200000.0,6590211.0,34955978964.9393
6646,Asia,2068,KGZ,Kyrgyz Republic,2020,75.1,86.4,62.1,75.7,94.8,59.7,66.4,78.1,69.1,36.5,92.7,91.3,91.9,95.0,0.0,70.9,59.8,71.3,40,60,15,30,10,6.86,607259800000.0,6726596.0,34834094213.2461
6647,Asia,2069,KGZ,Kyrgyz Republic,2021,75.0,90.6,60.3,74.7,92.6,61.6,66.4,78.1,69.6,37.5,92.7,86.8,91.9,94.8,0.0,70.9,59.7,71.3,33,35,20,30,10,,640701643500.0,6851224.0,39301901464.0311
6648,Asia,2070,KGZ,Kyrgyz Republic,2022,74.4,92.1,60.4,74.9,92.6,61.7,66.4,78.1,69.6,37.5,92.7,89.2,91.9,94.8,0.0,70.9,55.2,71.6,35,45,20,20,10,,698156596700.0,6975220.0,45879594489.2342
6649,Asia,2071,LAO,Lao PDR,2000,52.0,44.2,43.4,30.0,33.6,45.7,44.8,41.6,71.6,10.5,80.8,61.1,94.8,98.4,0.0,44.7,48.2,38.1,15,10,12,20,10,75.5,35142119045000.0,5431212.0,9742974225.19941
6650,Asia,2072,LAO,Lao PDR,2001,52.2,44.2,43.1,31.7,32.8,46.2,46.2,42.3,71.7,10.5,80.8,61.3,94.9,98.4,0.0,44.7,48.2,39.1,5,30,7,10,8,75.29,37163287406000.0,5521482.0,10535332008.0514
6651,Asia,2073,LAO,Lao PDR,2002,52.8,44.2,44.0,32.8,34.6,47.6,47.7,42.5,71.8,10.5,80.8,62.5,94.8,98.4,0.0,44.7,48.2,40.0,10,20,7,30,5,75.08,39362887132000.0,5610889.0,11332299880.3305
6652,Asia,2074,LAO,Lao PDR,2003,53.1,44.2,44.1,32.3,36.8,48.1,49.1,42.7,71.8,10.5,80.8,62.7,94.9,98.4,0.0,44.7,48.2,40.1,20,15,10,10,7,74.87,41751034401000.0,5697945.0,12257140061.6633
6653,Asia,2075,LAO,Lao PDR,2004,53.5,44.2,45.6,33.1,37.8,48.6,50.6,43.6,71.9,10.6,80.8,64.0,94.8,98.4,0.0,44.7,48.2,38.9,30,45,10,15,7,74.66,44405438028000.0,5781626.0,13386972232.0346
6654,Asia,2076,LAO,Lao PDR,2005,54.3,44.2,47.1,33.9,40.9,53.0,51.9,45.0,72.0,10.5,80.8,63.6,94.8,98.3,0.0,44.7,48.2,39.1,20,30,10,45,5,74.45,47561584895000.0,5869523.0,14788036347.3066
6655,Asia,2077,LAO,Lao PDR,2006,55.2,44.2,54.7,35.6,41.1,54.9,53.2,44.7,72.1,10.6,80.8,64.8,94.7,98.2,0.0,45.1,48.2,39.6,20,10,7,30,5,74.24,51661044510000.0,5963200.0,16558002670.8547
6656,Asia,2078,LAO,Lao PDR,2007,54.7,44.2,55.8,36.3,42.6,55.6,54.5,44.3,72.2,10.6,70.7,65.0,94.7,98.2,0.0,45.1,45.3,39.6,30,20,13,30,7,74.03,55585645618000.0,6056236.0,18298564184.0331
6657,Asia,2079,LAO,Lao PDR,2008,55.5,44.2,57.5,37.7,44.3,56.2,55.8,47.4,72.3,10.8,70.7,66.2,94.5,98.1,0.0,45.5,48.2,38.2,15,20,10,20,10,73.82,59935168338000.0,6148969.0,20110556743.143
6658,Asia,2080,LAO,Lao PDR,2009,55.8,44.2,58.6,37.5,46.4,56.9,57.0,47.6,72.3,11.2,70.7,66.4,94.4,98.0,0.0,45.5,48.2,38.6,35,35,10,20,5,73.61,64431369760000.0,6241642.0,21752548533.1042
6659,Asia,2081,LAO,Lao PDR,2010,56.5,44.2,58.6,42.2,47.4,57.5,58.3,50.4,72.4,11.3,70.7,67.2,94.4,97.9,0.0,45.5,48.2,38.6,28,25,10,25,10,73.4,69925371783000.0,6334194.0,23894264991.2341
6660,Asia,2082,LAO,Lao PDR,2011,57.0,48.3,60.9,42.9,43.1,60.3,59.5,51.0,72.2,11.7,70.7,65.5,94.2,97.7,0.0,45.5,49.7,38.5,23,25,12,20,7,73.25,75546429556000.0,6426590.0,26347634540.9717
6661,Asia,2083,LAO,Lao PDR,2012,57.8,52.3,62.3,44.5,45.9,61.0,60.8,53.0,71.9,15.0,68.7,65.9,93.9,97.2,0.0,45.8,47.0,39.7,30,30,15,20,7,73.1,81609860356000.0,6518978.0,31166890463.4396
6662,Asia,2084,LAO,Lao PDR,2013,58.7,54.4,63.3,46.0,50.0,61.3,62.0,54.3,71.7,15.4,68.7,65.8,93.7,96.6,0.0,45.8,48.1,42.8,32,40,15,35,5,72.95,88160112763000.0,6611385.0,34521998381.2813
6663,Asia,2085,LAO,Lao PDR,2014,59.5,56.3,65.9,46.8,53.5,62.0,63.2,55.6,71.5,15.0,68.7,67.7,93.6,96.4,0.0,45.8,47.9,42.7,45,35,12,60,10,72.8,94870828315000.0,6703172.0,38868372116.7692
6664,Asia,2086,LAO,Lao PDR,2015,60.5,58.0,64.3,48.9,64.9,62.7,64.4,55.5,71.2,16.7,68.7,68.6,93.5,94.8,0.0,45.7,47.9,42.4,35,45,15,15,8,72.65,101768000000000.0,6801645.0,41395269251.0588
6665,Asia,2087,LAO,Lao PDR,2016,61.1,59.5,64.9,49.7,68.0,64.8,65.7,55.3,71.0,17.5,68.7,70.2,93.5,93.5,0.0,45.7,49.0,41.4,35,40,15,65,10,72.5,108915000000000.0,6908802.0,46586124701.5285
6666,Asia,2088,LAO,Lao PDR,2017,61.7,60.9,64.9,52.5,68.7,69.2,66.8,55.8,71.1,18.5,68.7,69.6,93.4,92.8,0.0,45.7,47.0,42.3,35,45,12,30,10,72.35,116422000000000.0,7018147.0,50122949866.8694
6667,Asia,2089,LAO,Lao PDR,2018,61.6,62.2,64.8,53.2,69.2,70.0,68.0,57.4,71.1,24.9,57.4,73.4,93.2,92.3,0.0,41.7,44.7,41.9,35,30,15,28,10,72.2,123696000000000.0,7128045.0,53366707257.3905
6668,Asia,2090,LAO,Lao PDR,2019,62.6,64.6,64.7,54.0,69.6,70.8,69.1,57.2,71.1,27.5,57.4,75.5,93.0,92.6,0.0,45.6,45.3,43.7,30,35,12,68,10,72.05,130447000000000.0,7237636.0,56042601063.21
6669,Asia,2091,LAO,Lao PDR,2020,62.6,63.1,64.6,54.5,69.2,70.8,69.2,57.6,70.9,28.8,57.4,76.8,93.0,92.5,0.0,46.5,44.1,42.5,35,45,10,43,8,71.9,131103189930000.0,7346533.0,58135955846.4305
6670,Asia,2092,LAO,Lao PDR,2021,62.8,63.7,65.5,53.4,70.1,68.1,69.2,57.6,72.4,30.9,57.4,76.4,92.8,92.5,0.0,46.5,44.9,43.5,50,40,15,30,10,,134417938750000.0,7453194.0,60225053628.2101
6671,Asia,2093,LAO,Lao PDR,2022,63.0,65.7,65.8,53.6,70.1,68.1,69.2,57.6,72.8,30.9,57.4,77.2,92.8,92.5,0.0,46.5,45.7,43.6,38,35,15,60,7,,138057205680000.0,7559007.0,66265586057.857
6672,Europe,2094,LVA,Latvia,2000,73.5,100.0,60.3,68.6,98.6,67.2,87.8,83.8,79.2,27.1,68.1,90.3,69.4,79.1,72.8,81.6,71.7,44.3,20,30,20,50,7,52.12,15481803000.0,2367550.0,18563678944.5969
6673,Europe,2095,LVA,Latvia,2001,73.7,100.0,60.1,69.2,98.6,67.4,87.8,83.3,79.4,27.3,68.1,90.4,70.5,78.7,73.5,81.6,71.9,44.7,18,25,18,50,7,52.33,16482017000.0,2337170.0,20711190610.2914
6674,Europe,2096,LVA,Latvia,2002,74.1,100.0,61.6,69.7,98.6,68.0,87.9,82.6,79.4,29.6,68.1,90.4,70.0,78.6,73.5,84.4,71.9,45.0,10,23,25,40,8,52.54,17745444000.0,2310173.0,22538736237.8586
6675,Europe,2097,LVA,Latvia,2003,74.2,100.0,61.3,70.3,98.6,69.7,88.0,82.1,80.4,30.0,68.1,90.5,69.8,78.4,73.9,84.4,71.9,43.9,25,45,15,55,8,52.76,19241231000.0,2287955.0,24173922814.9589
6676,Europe,2098,LVA,Latvia,2004,75.3,100.0,61.3,70.9,98.6,69.9,88.1,84.2,80.5,32.0,68.1,90.6,69.9,78.3,74.8,96.5,72.2,44.8,32,30,10,60,5,52.97,20920056000.0,2263122.0,26617288804.5237
6677,Europe,2099,LVA,Latvia,2005,75.0,100.0,63.0,72.1,98.6,70.0,88.1,84.5,81.3,34.6,56.6,90.6,67.9,78.2,75.7,96.5,72.9,44.4,15,35,65,56,7,53.18,23349987000.0,2238799.0,29874286352.6923
6678,Europe,2100,LVA,Latvia,2006,75.9,100.0,60.5,72.0,98.6,69.1,88.2,82.8,82.9,35.9,73.3,90.7,67.8,77.7,76.1,96.5,73.3,44.6,10,25,55,60,5,53.39,26344627000.0,2218357.0,33330006770.3976
6679,Europe,2101,LVA,Latvia,2007,75.0,100.0,62.3,71.9,98.6,69.7,88.3,82.0,83.3,36.9,63.1,86.7,64.9,77.4,75.0,96.5,74.1,44.3,17,30,55,50,8,53.6,29088298000.0,2200325.0,38023909319.5964
6680,Europe,2102,LVA,Latvia,2008,75.5,100.0,62.1,73.6,98.6,69.9,88.3,83.3,82.4,40.0,63.8,86.8,64.3,77.6,75.7,96.7,75.0,45.5,30,40,60,25,8,53.81,28102578000.0,2177322.0,40573809685.1484
6681,Europe,2103,LVA,Latvia,2009,76.3,100.0,62.1,74.6,98.1,71.0,88.4,86.5,77.2,41.3,71.5,88.8,66.8,78.2,75.7,96.9,73.3,46.2,5,30,70,35,8,54.02,23594919000.0,2141669.0,35465016588.4098
6682,Europe,2104,LVA,Latvia,2010,76.4,100.0,60.2,76.2,97.8,70.1,88.5,84.1,76.0,44.5,75.1,88.8,65.0,77.2,78.4,97.9,73.1,45.4,35,35,35,50,5,54.23,22731048000.0,2097555.0,36378873545.9447
6683,Europe,2105,LVA,Latvia,2011,77.1,100.0,60.3,78.0,98.1,71.7,88.6,85.4,77.7,50.3,72.1,89.4,64.7,76.0,81.7,97.9,73.6,45.4,10,35,55,30,8,54.29,23421241000.0,2059709.0,38349107132.1107
6684,Europe,2106,LVA,Latvia,2012,77.8,100.0,65.0,78.0,97.6,71.8,88.6,88.1,78.4,49.9,74.5,89.8,63.9,75.9,78.5,97.9,76.5,47.4,20,30,65,50,10,54.36,25132219000.0,2034319.0,41691428142.4646
6685,Europe,2107,LVA,Latvia,2013,77.9,100.0,63.7,78.8,97.8,73.9,88.7,87.8,80.1,51.6,72.5,91.3,63.9,75.4,75.6,97.9,77.1,48.0,25,35,30,50,7,54.42,25659013000.0,2012647.0,43976591824.0631
6686,Europe,2108,LVA,Latvia,2014,77.9,100.0,65.1,79.2,97.7,70.9,88.8,87.3,80.9,55.2,73.4,90.9,63.8,76.7,74.2,97.9,77.5,45.2,20,40,65,55,10,54.48,26196559000.0,1993782.0,45804536136.3454
6687,Europe,2109,LVA,Latvia,2015,78.5,100.0,68.8,81.4,96.2,71.0,88.9,86.6,81.5,58.7,75.6,90.0,64.0,77.3,71.9,97.9,78.9,45.3,25,33,40,65,8,54.54,27187671000.0,1977527.0,47733302374.5768
6688,Europe,2110,LVA,Latvia,2016,78.7,100.0,66.3,81.9,96.7,71.6,89.0,87.5,81.6,60.8,75.7,89.8,62.7,76.6,75.0,97.9,79.6,44.4,40,30,70,60,10,54.6,27881415000.0,1959537.0,50560278535.6652
6689,Europe,2111,LVA,Latvia,2017,79.3,100.0,66.8,83.1,98.0,70.5,89.1,90.3,82.6,70.7,71.7,89.9,62.2,74.2,77.9,97.9,79.3,44.0,18,45,40,60,7,54.67,28829090000.0,1942248.0,53695043701.6934
6690,Europe,2112,LVA,Latvia,2018,79.7,100.0,62.6,83.0,98.2,78.4,89.1,89.0,83.2,71.3,73.0,90.9,61.8,71.4,82.9,97.9,78.5,44.2,24,35,72,60,10,54.73,30071541000.0,1927174.0,57464098005.6375
6691,Europe,2113,LVA,Latvia,2019,80.2,100.0,64.9,84.4,97.5,77.9,89.2,88.9,83.9,73.0,75.1,89.9,61.7,71.5,84.1,97.9,78.8,44.9,20,32,60,60,10,54.79,30274636000.0,1913822.0,61623338377.0805
6692,Europe,2114,LVA,Latvia,2020,80.5,100.0,65.6,85.0,97.8,78.0,89.2,88.9,82.9,72.8,72.6,89.5,61.7,72.0,84.1,97.9,81.2,49.3,15,35,65,55,10,54.85,29224340000.0,1900449.0,62223400359.4028
6693,Europe,2115,LVA,Latvia,2021,80.3,100.0,64.2,84.8,97.8,77.2,89.2,88.9,83.8,74.1,72.6,87.9,58.8,71.7,84.1,97.8,82.3,50.4,25,45,58,65,7,,31253252000.0,1884490.0,69560319491.8466
6694,Europe,2116,LVA,Latvia,2022,80.7,100.0,64.2,84.3,97.8,77.5,89.2,88.9,84.5,77.0,72.6,86.7,58.8,71.7,84.0,97.8,82.1,54.4,25,33,65,60,10,,31817927000.0,1879383.0,75101731516.1743
6695,Asia,2117,LBN,Lebanon,2000,62.6,99.2,52.1,73.0,97.7,35.8,63.1,57.9,59.1,30.2,84.4,43.2,85.2,84.6,61.5,57.7,51.8,27.0,35,30,25,17,15,13.51,33116535182000.0,4329340.0,34366112723.8816
6696,Asia,2118,LBN,Lebanon,2001,62.6,99.2,51.9,72.7,97.7,35.9,63.4,57.8,59.1,30.0,84.4,43.2,84.9,84.4,61.5,57.7,51.8,28.6,35,65,15,18,10,13.5,34388100609000.0,4401918.0,36489188155.5303
6697,Asia,2119,LBN,Lebanon,2002,62.2,99.2,51.5,72.3,97.7,35.9,63.7,59.0,59.2,30.0,84.4,43.2,76.2,84.5,61.5,57.7,51.8,29.7,20,45,12,25,10,13.49,35565256816000.0,4463504.0,38324718400.9543
6698,Asia,2120,LBN,Lebanon,2003,62.5,99.2,50.4,71.9,97.7,35.9,64.3,59.1,59.3,30.4,84.4,43.2,81.1,83.7,61.5,57.7,51.8,30.9,38,65,18,20,15,13.48,36712982603000.0,4525508.0,40342563133.0319
6699,Asia,2121,LBN,Lebanon,2004,62.8,99.2,51.8,72.6,97.7,35.9,64.9,59.6,59.3,30.7,84.4,43.2,80.4,84.3,61.5,57.7,51.8,32.4,35,60,15,25,8,13.47,39165205943000.0,4599279.0,44194530902.8992
6700,Asia,2122,LBN,Lebanon,2005,63.1,99.2,52.6,74.3,97.7,37.4,65.9,59.8,59.0,31.2,84.4,43.4,81.0,84.6,61.5,57.7,51.8,31.6,35,65,25,18,8,13.47,40217096941000.0,4671102.0,46804414732.9436
6701,Asia,2123,LBN,Lebanon,2006,63.4,99.2,53.8,75.4,97.7,37.7,65.7,59.8,58.8,32.5,84.4,43.4,81.6,85.4,61.5,57.7,51.8,32.2,40,65,20,15,5,13.46,40840266891000.0,4751136.0,48995393156.8461
6702,Asia,2124,LBN,Lebanon,2007,63.8,99.2,51.2,75.0,97.7,38.6,65.6,60.1,58.6,33.2,84.4,46.1,81.9,85.8,61.5,57.7,55.7,32.5,35,60,25,18,18,13.45,44642749980000.0,4844118.0,55008171422.1584
6703,Asia,2125,LBN,Lebanon,2008,64.2,99.2,53.8,75.5,97.7,38.9,65.5,59.8,59.3,34.2,84.4,54.0,81.6,84.7,59.5,57.7,53.9,31.3,35,70,15,18,15,13.44,48691458238000.0,4925354.0,61152899774.417
6704,Asia,2126,LBN,Lebanon,2009,64.3,99.2,51.6,76.7,98.6,38.5,65.4,58.4,60.1,35.7,84.4,50.7,80.7,83.5,61.5,57.7,60.0,30.5,35,66,18,15,10,13.43,53673643998000.0,4992287.0,67825932482.82
6705,Asia,2127,LBN,Lebanon,2010,65.4,99.2,52.7,77.2,98.6,38.6,65.2,59.8,59.8,38.1,84.4,63.1,80.7,83.9,61.5,57.7,62.2,29.2,35,65,25,25,10,13.43,57954189866000.0,5041288.0,74125159476.9364
6706,Asia,2128,LBN,Lebanon,2011,65.6,99.1,52.7,77.6,98.6,38.7,65.1,60.2,59.4,41.1,84.4,60.1,80.5,84.4,61.5,57.7,61.8,31.7,40,75,18,20,15,13.48,58456849666000.0,5096020.0,76310623816.177
6707,Asia,2129,LBN,Lebanon,2012,65.7,99.1,53.5,76.4,98.6,38.8,65.0,59.3,59.2,40.9,84.4,68.9,80.0,84.6,61.5,57.7,59.2,30.1,40,65,20,30,10,13.54,59956145882000.0,5235742.0,84407152005.059
6708,Asia,2130,LBN,Lebanon,2013,65.8,99.1,53.5,77.3,98.6,41.2,64.9,60.5,58.9,44.4,84.4,66.9,80.4,84.6,61.6,57.7,55.8,29.5,5,85,30,15,15,13.6,62251191301000.0,5743436.0,93707683516.7205
6709,Asia,2131,LBN,Lebanon,2014,66.9,99.1,56.1,77.7,98.6,41.6,64.8,59.3,60.2,47.2,84.4,75.9,82.1,85.9,59.0,57.7,57.4,30.7,40,63,35,30,10,13.66,63797548309000.0,6346990.0,102439561735.377
6710,Asia,2132,LBN,Lebanon,2015,66.9,99.1,56.0,78.1,98.6,42.0,64.6,59.0,61.6,48.0,84.4,75.3,82.4,86.3,59.1,57.7,56.5,28.1,40,66,35,22,10,13.72,64092497640000.0,6472469.0,110329048228.764
6711,Asia,2133,LBN,Lebanon,2016,67.0,99.0,55.1,78.3,98.6,42.4,65.0,59.1,61.4,50.7,84.4,75.5,81.8,86.4,59.0,57.7,55.0,29.2,55,80,35,25,7,13.78,65088847183000.0,6323060.0,119762487637.993
6712,Asia,2134,LBN,Lebanon,2017,67.7,99.0,54.0,78.3,98.6,42.8,65.5,59.4,59.4,61.4,84.4,76.1,81.2,86.1,59.4,57.7,55.7,32.6,43,75,30,30,10,13.83,65676618000000.0,6160128.0,129139845044.674
6713,Asia,2135,LBN,Lebanon,2018,68.5,99.0,54.8,78.7,99.5,44.0,65.9,61.7,61.4,63.8,84.4,71.7,81.7,86.9,60.0,57.2,58.0,35.3,38,65,25,30,10,13.89,64438807000000.0,5984119.0,131563779278.949
6714,Asia,2136,LBN,Lebanon,2019,67.9,99.0,54.5,77.2,99.6,44.4,66.2,61.9,59.8,64.7,84.4,61.5,81.6,86.7,63.9,57.1,54.4,37.3,50,75,35,17,20,13.95,59982912000000.0,5794594.0,125803329502.353
6715,Asia,2137,LBN,Lebanon,2020,68.0,98.8,52.4,74.7,99.6,44.5,66.3,61.9,58.7,69.8,84.4,69.0,81.6,87.0,65.7,57.2,56.4,28.8,55,65,25,15,20,14.01,47146629000000.0,5702398.0,92719310020.9046
6716,Asia,2138,LBN,Lebanon,2021,67.6,98.7,56.6,74.3,99.6,44.8,66.3,61.9,54.3,73.4,84.4,58.8,80.7,86.8,65.8,57.0,54.4,30.6,62,72,23,17,40,,43845781000000.0,5718122.0,66328931529.5091
6717,Asia,2139,LBN,Lebanon,2022,67.5,98.7,56.6,74.3,99.6,45.2,66.3,61.9,54.1,73.3,84.4,60.9,80.7,86.8,65.8,57.0,51.9,30.1,63,66,40,30,25,,43573201000000.0,5744489.0,70616088355.3971
6718,Africa,2140,LSO,Lesotho,2000,46.2,23.3,52.7,19.1,37.4,57.9,35.9,3.6,40.0,11.1,16.1,48.9,99.0,97.7,0.0,74.3,50.2,71.3,15,10,9,18,5,1.14,13380102500.0,2003913.0,2550829821.2922
6719,Africa,2141,LSO,Lesotho,2001,46.4,23.3,54.5,18.2,39.0,57.9,36.2,4.0,40.0,11.1,16.1,49.0,99.0,97.7,0.0,74.3,50.2,71.9,30,30,15,24,5,1.14,13856645800.0,2000853.0,2701162148.64909
6720,Africa,2142,LSO,Lesotho,2002,46.5,23.3,52.9,18.8,40.4,57.9,37.0,4.4,40.0,11.2,16.1,49.1,99.0,97.6,0.0,74.3,50.2,72.1,10,15,15,20,10,1.14,13956945200.0,1994679.0,2762993886.75286
6721,Africa,2143,LSO,Lesotho,2003,47.3,23.3,52.8,19.1,42.3,61.9,37.7,4.8,40.1,11.1,16.1,49.2,99.0,97.6,0.0,74.3,50.2,77.1,15,15,10,18,10,1.14,14593350800.0,1985059.0,2946017812.97257
6722,Africa,2144,LSO,Lesotho,2004,47.4,23.3,52.7,20.3,41.0,61.9,38.5,5.2,40.0,11.2,16.1,50.5,99.0,97.5,0.0,74.3,50.2,76.8,18,18,20,20,10,1.14,14840324900.0,1971129.0,3076437173.06163
6723,Africa,2145,LSO,Lesotho,2005,48.0,23.3,52.8,19.9,42.4,61.9,39.2,12.2,40.1,11.3,16.1,50.9,99.0,97.5,0.0,74.3,50.2,76.5,15,15,20,22,7,1.14,15354708700.0,1953076.0,3282873966.87736
6724,Africa,2146,LSO,Lesotho,2006,48.6,23.3,52.1,19.0,44.0,61.9,40.0,14.7,40.1,11.4,16.1,52.2,99.0,97.4,0.0,74.3,50.2,81.5,25,15,30,24,8,1.14,16004227500.0,1945063.0,3527263619.06876
6725,Africa,2147,LSO,Lesotho,2007,49.1,23.3,51.8,18.3,43.1,68.0,40.7,16.9,40.1,11.4,16.1,52.3,99.0,97.4,0.0,74.3,49.7,83.0,15,15,20,20,10,1.14,16674470800.0,1953268.0,3774547161.73809
6726,Africa,2148,LSO,Lesotho,2008,49.4,23.3,51.7,17.1,44.7,68.8,41.4,18.5,40.2,11.5,16.1,53.5,99.0,97.3,0.0,74.3,49.9,83.0,20,25,30,20,8,1.14,17595471800.0,1966541.0,4059772691.37472
6727,Africa,2149,LSO,Lesotho,2009,50.0,23.3,53.3,18.6,45.8,72.1,42.1,20.1,40.0,11.4,16.1,53.6,99.0,97.2,0.0,74.3,50.6,83.0,20,15,15,24,10,1.14,17374867200.0,1980883.0,4033598929.9442
6728,Africa,2150,LSO,Lesotho,2010,50.6,23.3,56.5,20.1,48.2,72.1,42.8,21.1,40.2,11.4,16.1,54.3,99.0,97.2,0.0,74.3,50.6,83.0,5,25,12,20,5,1.14,18290465500.0,1996251.0,4297759286.39977
6729,Africa,2151,LSO,Lesotho,2011,50.1,25.0,54.6,20.8,48.3,72.1,43.5,16.9,40.2,11.9,16.1,54.7,99.0,96.2,0.0,74.3,50.6,78.2,20,25,25,25,10,1.14,19134829100.0,2014009.0,4588922382.32492
6730,Africa,2152,LSO,Lesotho,2012,50.5,26.2,53.8,21.0,49.5,73.4,44.2,16.0,40.2,13.2,16.1,56.0,99.0,96.2,0.0,74.3,50.6,78.8,30,19,20,20,7,1.14,20346845200.0,2034354.0,4661713347.89244
6731,Africa,2153,LSO,Lesotho,2013,50.7,26.3,52.6,20.6,50.0,71.0,44.9,19.5,40.1,13.8,16.1,55.9,99.0,97.2,0.0,74.3,51.2,77.9,25,20,15,25,10,1.14,20711567600.0,2056504.0,5219948224.49632
6732,Africa,2154,LSO,Lesotho,2014,51.3,26.8,50.5,22.1,49.7,74.6,45.6,20.1,40.1,18.9,16.1,56.9,99.0,97.0,0.0,74.3,50.9,78.3,25,15,15,18,10,1.14,21065849300.0,2080089.0,5764436175.6392
6733,Africa,2155,LSO,Lesotho,2015,52.2,31.2,49.2,22.3,53.1,73.9,46.3,22.7,40.2,21.6,16.1,57.6,99.0,97.3,0.0,74.2,50.1,81.2,25,15,18,28,7,1.14,21723960500.0,2104611.0,6386751308.41258
6734,Africa,2156,LSO,Lesotho,2016,52.3,30.8,46.9,21.8,52.7,74.0,47.0,23.6,40.2,19.8,16.1,67.5,98.9,97.4,0.0,74.2,50.2,75.6,25,15,20,23,15,1.14,22507958100.0,2130422.0,6268088273.64999
6735,Africa,2157,LSO,Lesotho,2017,54.5,35.2,51.8,21.7,54.4,72.6,47.6,22.3,47.4,22.7,27.5,66.8,98.8,97.1,0.0,74.2,50.7,81.3,25,30,25,24,10,1.14,21801619000.0,2157110.0,5649078944.01488
6736,Africa,2158,LSO,Lesotho,2018,54.6,32.1,50.8,23.4,51.9,73.9,48.3,26.1,47.5,23.7,27.5,68.3,98.7,97.3,0.0,74.2,50.5,78.7,20,12,20,30,15,1.14,21478817000.0,2183603.0,5747871432.63277
6737,Africa,2159,LSO,Lesotho,2019,54.5,33.0,50.1,22.6,49.9,74.6,49.0,25.2,47.5,24.6,27.5,70.6,98.6,97.3,0.0,74.2,48.2,78.3,20,35,25,30,15,1.14,21174248700.0,2209405.0,5674505764.43564
6738,Africa,2160,LSO,Lesotho,2020,54.1,35.1,48.6,23.8,49.9,74.6,49.7,26.2,46.0,25.1,27.5,71.9,98.6,97.6,0.0,74.2,48.1,68.5,25,20,10,30,8,1.14,19447285700.0,2235727.0,5721443976.33825
6739,Africa,2161,LSO,Lesotho,2021,54.5,35.7,49.1,24.6,51.1,74.8,49.7,26.2,46.1,26.4,27.5,71.9,98.6,97.5,0.0,74.2,47.3,71.6,40,15,20,32,18,,19888099400.0,2261542.0,5755132494.46552
6740,Africa,2162,LSO,Lesotho,2022,54.9,36.7,49.2,24.3,51.1,74.8,49.7,26.2,46.5,26.4,27.5,66.2,98.6,97.5,0.0,74.2,45.9,71.7,30,15,20,28,10,,20362983500.0,2286110.0,6312660804.56615
6741,Africa,2163,LBR,Liberia,2000,43.0,22.6,43.4,18.4,29.0,26.7,47.4,16.7,62.1,6.5,67.1,30.7,96.0,99.0,52.0,45.6,41.7,26.5,35,25,15,10,10,85.37,2364414500.0,2928117.0,2826791043.58807
6742,Africa,2164,LBR,Liberia,2001,43.2,22.6,43.6,18.3,29.0,26.7,47.8,16.1,62.1,6.5,67.1,30.4,96.2,99.0,54.8,45.6,41.7,26.5,45,38,12,15,10,85.05,2433461900.0,3015338.0,2974850449.62205
6743,Africa,2165,LBR,Liberia,2002,43.1,22.6,42.7,18.0,29.0,26.7,48.1,16.2,62.1,6.5,67.1,30.2,96.3,99.0,53.4,45.6,41.7,26.5,35,43,15,12,8,84.74,2525033500.0,3094782.0,3134763219.16779
6744,Africa,2166,LBR,Liberia,2003,44.3,22.6,42.7,17.6,29.0,26.7,48.5,15.3,62.1,6.5,67.1,30.0,96.5,99.0,70.1,50.4,41.7,26.5,50,55,15,7,10,84.43,1763858800.0,3119532.0,2233017927.11666
6745,Africa,2167,LBR,Liberia,2004,43.6,22.6,42.9,17.5,29.0,25.4,48.9,14.4,62.1,6.5,67.1,29.7,94.6,99.0,62.5,50.4,41.7,26.5,44,25,12,15,10,84.11,1810069200.0,3156892.0,2353140546.78611
6746,Africa,2168,LBR,Liberia,2005,45.2,22.6,44.4,20.5,29.0,29.1,49.3,12.3,62.1,6.5,67.1,29.9,94.3,98.9,83.1,50.4,41.7,26.5,38,45,18,12,7,83.8,1905662800.0,3301015.0,2555093116.76425
6747,Africa,2169,LBR,Liberia,2006,45.3,22.6,44.6,21.2,29.0,29.1,49.6,12.0,62.1,6.6,67.1,29.9,95.1,98.9,84.5,50.4,41.7,26.0,40,55,20,35,8,83.48,2058952600.0,3490787.0,2845755597.74627
6748,Africa,2170,LBR,Liberia,2007,45.9,22.6,45.2,21.8,29.0,29.1,49.9,15.4,62.1,6.6,67.1,29.6,96.2,99.0,84.4,50.4,41.7,29.7,38,35,18,20,8,83.17,2255279400.0,3669050.0,3201556695.19429
6749,Africa,2171,LBR,Liberia,2008,46.1,22.6,46.4,24.8,28.3,29.1,50.1,16.5,62.1,6.6,67.1,29.9,96.1,99.0,84.0,50.4,38.0,32.1,35,38,22,28,15,82.85,2416434700.0,3821003.0,3496422549.66868
6750,Africa,2172,LBR,Liberia,2009,46.2,22.6,45.5,25.9,29.6,29.5,50.4,17.4,62.1,6.6,67.1,29.6,96.0,99.0,83.4,50.4,38.2,31.4,38,45,18,20,10,82.54,2544518800.0,3943028.0,3704460178.33695
6751,Africa,2173,LBR,Liberia,2010,46.2,22.6,48.1,25.9,29.6,30.0,50.6,12.6,62.1,6.6,67.1,30.2,96.1,98.9,82.7,50.4,38.8,33.1,40,40,18,20,15,82.23,2699730000.0,4058890.0,3978191716.3477
6752,Africa,2174,LBR,Liberia,2011,46.7,25.6,47.2,26.7,30.3,29.1,50.9,12.6,62.1,6.6,67.1,33.1,96.0,98.6,82.4,50.4,39.5,35.1,35,50,20,22,10,81.91,2921128600.0,4221178.0,4393239184.19532
6753,Africa,2175,LBR,Liberia,2012,47.2,28.2,47.3,27.9,30.3,30.4,51.1,11.1,62.1,9.3,67.1,33.4,96.2,98.6,82.2,50.4,39.7,36.5,35,45,35,20,10,81.6,3154638200.0,4373043.0,5059406068.44856
6754,Africa,2176,LBR,Liberia,2013,48.4,30.4,45.8,29.1,42.1,35.7,51.4,13.1,62.1,9.4,67.1,29.8,96.1,98.5,83.3,50.4,43.3,35.3,30,55,15,20,10,81.28,3428690700.0,4470239.0,6080102164.40169
6755,Africa,2177,LBR,Liberia,2014,50.2,32.4,44.7,26.3,61.9,36.4,51.6,8.9,62.2,11.1,79.1,32.2,96.0,98.8,83.5,50.4,40.1,37.0,38,40,15,15,5,80.97,3452739300.0,4564293.0,6475698206.39695
6756,Africa,2178,LBR,Liberia,2015,50.2,30.5,45.1,26.5,60.3,37.0,51.9,10.8,62.4,12.1,79.1,28.9,95.9,98.3,83.4,50.4,43.8,37.6,40,55,18,22,15,80.66,3452098300.0,4659431.0,6245654129.67803
6757,Africa,2179,LBR,Liberia,2016,50.0,28.6,46.7,28.2,60.3,38.3,52.1,13.1,62.1,10.0,72.1,30.5,95.7,98.3,83.3,50.4,41.7,37.9,40,41,20,30,15,80.34,3398419600.0,4755608.0,7087452920.22171
6758,Africa,2180,LBR,Liberia,2017,49.8,28.5,46.2,30.9,42.9,39.0,52.3,16.5,66.1,10.3,72.1,31.1,95.9,98.5,83.1,50.4,43.0,39.8,35,58,25,20,15,80.03,3481856100.0,4848925.0,8073192528.51871
6759,Africa,2181,LBR,Liberia,2018,49.6,28.1,46.3,30.7,42.9,41.5,52.6,12.5,64.0,10.1,72.1,29.1,96.1,98.9,83.6,47.6,46.3,40.1,35,63,18,25,15,79.71,3522161200.0,4944726.0,8899159431.27983
6760,Africa,2182,LBR,Liberia,2019,49.6,26.3,46.8,33.1,42.9,44.6,52.9,12.1,64.6,10.3,72.1,29.0,96.1,98.9,83.6,47.6,43.2,39.6,41,45,20,20,15,79.4,3435259000.0,5043721.0,9580659050.4301
6761,Africa,2183,LBR,Liberia,2020,49.6,24.2,47.6,34.9,37.1,44.6,53.0,13.3,65.0,10.7,72.1,29.0,96.1,98.9,83.6,47.6,42.9,43.3,35,50,40,18,7,79.08,3332802700.0,5149463.0,8545642458.19244
6762,Africa,2184,LBR,Liberia,2021,49.9,25.2,47.6,34.8,37.1,44.0,53.0,13.3,66.4,11.6,72.1,29.0,96.1,98.8,83.5,48.1,41.8,45.3,30,63,35,25,15,,3499000000.0,5259323.0,8095196890.78495
6763,Africa,2185,LBR,Liberia,2022,49.9,26.4,47.8,32.8,37.1,44.1,53.0,13.3,66.4,11.6,72.1,29.8,96.1,98.8,83.5,48.2,41.0,45.9,35,60,15,20,15,,3667235600.0,5373294.0,9089317746.92568
6810,Europe,2232,LTU,Lithuania,2000,69.7,100.0,58.0,74.2,93.8,60.0,71.8,77.3,72.2,27.5,70.7,85.8,63.9,61.2,67.0,73.5,73.7,53.7,20,25,50,65,8,32.24,22907927000.0,3499536.0,29626873338.1009
6811,Europe,2233,LTU,Lithuania,2001,69.9,100.0,58.0,74.4,96.8,60.4,72.5,78.1,71.7,28.1,70.7,85.9,63.4,60.8,67.1,73.5,73.8,53.3,15,30,20,55,5,32.48,24393306000.0,3470818.0,32823086006.3732
6812,Europe,2234,LTU,Lithuania,2002,70.3,100.0,58.2,74.4,98.6,60.7,72.9,78.9,73.8,30.9,70.7,86.0,60.5,60.7,65.8,74.6,74.2,53.7,10,30,25,45,8,32.72,26032497000.0,3443067.0,36142792289.5919
6813,Europe,2235,LTU,Lithuania,2003,70.3,100.0,59.3,74.1,98.7,61.1,73.3,79.3,73.9,32.3,70.7,86.1,58.2,60.6,66.3,74.6,74.2,52.7,12,25,30,62,10,32.96,28779419000.0,3415213.0,41276116354.8869
6814,Europe,2236,LTU,Lithuania,2004,71.9,100.0,58.7,74.2,98.7,67.3,73.8,79.1,75.0,34.6,70.7,86.2,63.1,60.2,66.7,89.1,73.9,50.9,15,28,75,75,12,33.2,30650667000.0,3377075.0,44231028969.1952
6815,Europe,2237,LTU,Lithuania,2005,72.5,100.0,57.4,74.2,99.8,67.6,74.2,77.6,76.4,36.5,72.5,86.2,62.4,59.7,69.3,95.0,73.9,50.4,20,30,78,60,7,33.44,33020407000.0,3322528.0,48225773908.967
6816,Europe,2238,LTU,Lithuania,2006,73.0,100.0,53.2,73.6,99.7,70.0,74.6,76.8,77.6,38.8,79.0,86.3,60.8,59.5,69.9,95.0,74.7,50.7,18,35,55,55,10,33.68,35462425000.0,3269909.0,53780120738.4136
6817,Europe,2239,LTU,Lithuania,2007,72.5,100.0,56.9,73.5,99.8,69.1,74.9,76.7,78.3,39.8,76.6,83.6,55.2,58.6,70.2,95.0,74.6,50.5,20,23,65,60,8,33.92,39390927000.0,3231294.0,61762908725.7945
6818,Europe,2240,LTU,Lithuania,2008,72.3,100.0,58.1,75.9,99.8,66.9,75.9,77.2,77.4,43.7,70.3,81.3,53.0,58.8,69.7,95.0,74.4,52.0,20,32,65,60,7,34.16,40414879000.0,3198231.0,66317584060.9382
6819,Europe,2241,LTU,Lithuania,2009,72.7,100.0,58.2,77.4,99.8,68.2,76.3,79.3,73.2,44.3,67.3,83.4,54.1,59.8,70.5,95.2,74.5,54.7,10,35,55,45,10,34.4,34417872000.0,3162916.0,57462712608.2214
6820,Europe,2242,LTU,Lithuania,2010,72.7,100.0,55.2,78.3,99.8,68.6,76.6,70.5,70.7,45.5,80.8,83.7,52.9,59.3,69.2,95.2,75.6,53.4,20,20,78,55,10,34.64,34564905000.0,3097282.0,61412748556.4468
6821,Europe,2243,LTU,Lithuania,2011,73.7,100.0,56.3,78.6,99.7,68.8,76.9,68.2,72.0,50.3,83.9,84.3,53.3,59.0,78.3,95.3,75.8,52.7,15,25,60,65,10,34.69,36750664000.0,3028115.0,68742918025.677
6822,Europe,2244,LTU,Lithuania,2012,73.7,100.0,59.7,79.4,99.8,71.8,77.2,70.2,73.3,50.5,73.4,85.1,53.6,58.9,76.7,95.3,77.0,51.4,18,20,68,66,10,34.75,38361411000.0,2989139.0,73433875022.644
6823,Europe,2245,LTU,Lithuania,2013,74.0,100.0,58.6,80.1,98.4,71.7,77.4,71.7,74.0,52.7,72.8,83.0,53.8,59.3,80.5,95.3,77.5,50.9,18,30,70,60,7,34.8,39913864000.0,2961250.0,78660793915.3755
6824,Europe,2246,LTU,Lithuania,2014,74.1,100.0,60.1,80.9,98.7,72.1,77.7,69.7,75.4,60.6,61.9,88.0,53.8,59.4,77.2,95.3,78.2,50.9,20,22,60,65,8,34.85,41419632000.0,2937253.0,82260097780.9508
6825,Europe,2247,LTU,Lithuania,2015,74.9,100.0,63.2,81.3,99.2,72.2,78.0,72.7,76.4,62.4,64.5,86.6,55.0,59.2,77.5,95.3,79.3,50.7,19,25,75,60,8,34.91,42592970000.0,2911109.0,83997132844.855
6826,Europe,2248,LTU,Lithuania,2016,74.9,100.0,61.1,82.7,99.6,71.4,78.3,72.0,77.1,65.9,61.5,87.7,54.1,59.1,78.0,95.3,79.5,50.5,18,23,75,60,8,34.95,43731021000.0,2877325.0,88542980893.5793
6827,Europe,2249,LTU,Lithuania,2017,75.6,100.0,62.0,84.2,99.2,71.4,78.5,72.1,78.3,72.5,64.0,87.4,53.6,58.9,77.7,95.3,80.2,50.0,18,23,80,60,10,35.0,45748002000.0,2842639.0,95488665471.0222
6828,Europe,2250,LTU,Lithuania,2018,75.1,100.0,58.1,84.3,98.6,71.3,78.8,67.1,78.5,70.0,70.0,82.7,51.9,58.7,76.9,95.3,81.5,52.5,15,23,60,60,8,35.04,47998057000.0,2819200.0,102878073082.262
6829,Europe,2251,LTU,Lithuania,2019,75.8,100.0,59.4,84.8,98.4,71.7,78.8,69.9,78.5,70.9,70.9,82.4,51.7,58.5,82.1,95.3,81.9,52.9,8,18,55,75,10,35.09,50243095000.0,2811089.0,114028537683.962
6830,Europe,2252,LTU,Lithuania,2020,76.3,100.0,61.1,85.3,98.1,74.4,78.8,69.9,77.2,72.0,70.9,85.7,51.7,58.6,82.2,95.3,80.7,54.6,18,25,65,60,7,35.13,50264607000.0,2810369.0,115963490767.144
6831,Europe,2253,LTU,Lithuania,2021,76.3,100.0,59.6,85.9,98.1,75.2,78.8,69.9,80.2,74.0,70.9,84.0,46.9,58.4,82.0,95.3,82.7,55.3,18,35,65,63,10,,53471497000.0,2808380.0,128830296666.031
6832,Europe,2254,LTU,Lithuania,2022,76.8,100.0,59.6,86.1,98.1,75.9,78.8,69.9,81.1,75.5,70.9,82.8,46.9,58.4,82.0,95.3,84.8,59.5,20,35,62,65,7,,54828350000.0,2831639.0,142993189030.375
6833,Europe,2255,LUX,Luxembourg,2000,71.4,100.0,59.8,87.6,94.8,61.4,81.7,51.8,86.0,62.0,89.0,95.9,33.6,33.3,0.0,52.0,89.5,64.4,10,45,85,80,8,35.68,39233784000.0,436300.0,24050728709.2289
6834,Europe,2256,LUX,Luxembourg,2001,71.4,100.0,58.2,88.2,94.7,61.4,81.7,50.2,86.5,64.1,89.0,95.9,33.4,33.3,0.0,52.0,89.2,65.2,8,10,60,78,8,35.76,40439970000.0,441525.0,24787997280.3662
6835,Europe,2257,LUX,Luxembourg,2002,72.9,100.0,60.1,88.8,94.9,59.6,81.7,58.7,86.0,65.1,89.0,95.9,33.4,33.3,0.0,64.6,89.4,65.8,8,15,85,80,8,35.84,41744328000.0,446175.0,26135003699.075
6836,Europe,2258,LUX,Luxembourg,2003,72.8,100.0,59.8,89.6,93.5,56.6,81.7,57.6,85.0,68.6,89.3,95.9,33.4,33.3,0.0,64.7,89.5,66.0,8,20,85,82,10,35.93,42837770000.0,451630.0,27188058615.3492
6837,Europe,2259,LUX,Luxembourg,2004,73.5,100.0,60.5,90.0,94.0,61.5,81.7,59.0,83.1,72.2,89.3,95.9,33.4,33.3,0.0,65.8,89.6,66.6,8,18,80,80,6,36.01,44650617000.0,458095.0,29636196475.7496
6838,Europe,2260,LUX,Luxembourg,2005,73.6,100.0,58.4,90.5,95.2,61.9,81.7,58.3,85.0,73.5,88.5,96.0,33.4,33.3,0.0,65.8,89.5,66.3,8,15,75,85,8,36.09,45759236000.0,465158.0,31997220939.5338
6839,Europe,2261,LUX,Luxembourg,2006,74.0,100.0,58.7,91.0,95.6,62.2,81.6,59.6,85.2,77.3,88.3,96.0,33.4,33.3,0.0,65.8,89.7,65.6,8,18,70,80,10,36.17,48512439000.0,472637.0,37280674291.15
6840,Europe,2262,LUX,Luxembourg,2007,73.9,100.0,57.8,91.3,95.2,62.5,81.6,58.8,85.4,78.1,88.1,96.0,33.4,33.3,0.0,65.8,90.2,65.1,10,20,82,80,7,36.26,52441300000.0,479993.0,40861414727.8196
6841,Europe,2263,LUX,Luxembourg,2008,74.0,100.0,60.7,92.0,94.1,62.5,81.6,55.6,85.1,81.7,85.9,96.0,33.4,33.3,0.0,65.8,90.2,65.4,15,20,80,78,10,36.34,52283884000.0,488650.0,44452842913.4099
6842,Europe,2264,LUX,Luxembourg,2009,74.4,100.0,60.5,91.7,94.1,60.1,81.6,59.4,85.5,82.6,87.9,96.0,34.9,33.3,0.0,66.6,90.4,66.4,10,20,80,75,8,36.42,50590433000.0,497783.0,43244030111.8897
6843,Europe,2265,LUX,Luxembourg,2010,74.6,100.0,58.9,93.4,94.4,60.2,81.6,59.1,85.7,82.4,88.9,95.4,35.0,33.3,0.0,66.6,89.6,68.8,7,20,85,82,10,36.5,52492843000.0,506953.0,45801210629.9532
6844,Europe,2266,LUX,Luxembourg,2011,74.6,100.0,57.2,93.6,94.1,64.2,81.6,55.9,85.3,84.7,86.6,96.7,35.4,33.3,0.0,66.6,90.9,67.3,10,15,78,78,10,36.5,53041025000.0,518347.0,48970848492.8168
6845,Europe,2267,LUX,Luxembourg,2012,74.5,100.0,57.3,94.0,96.7,61.8,81.6,57.2,85.5,85.5,83.5,97.4,36.5,33.3,0.0,66.6,90.2,64.3,8,20,80,78,7,36.5,53916150000.0,530946.0,51308724180.9019
6846,Europe,2268,LUX,Luxembourg,2013,75.1,100.0,58.6,93.9,96.0,74.1,81.6,51.3,85.2,86.2,86.8,96.2,37.2,34.6,0.0,66.6,88.3,64.2,8,30,80,75,8,36.5,55626257000.0,543360.0,54838614516.1038
6847,Europe,2269,LUX,Luxembourg,2014,75.7,99.9,59.9,94.2,96.4,74.0,81.6,51.8,85.4,87.2,87.9,97.6,38.0,36.9,0.0,66.7,88.8,64.2,15,30,85,78,10,36.5,57085382000.0,556319.0,58578323745.8406
6848,Europe,2270,LUX,Luxembourg,2015,76.1,99.8,59.7,94.6,97.6,77.9,81.6,52.9,85.0,87.5,85.5,97.6,39.0,39.0,0.0,66.8,89.7,63.8,10,30,80,84,7,36.5,58381097000.0,569604.0,61453765784.1719
6849,Europe,2271,LUX,Luxembourg,2016,76.5,99.8,57.0,95.3,99.0,77.3,81.6,55.0,85.3,87.6,87.5,97.4,39.2,40.4,0.0,67.7,89.8,63.4,12,25,80,82,10,36.5,61287419000.0,582014.0,65980119592.3436
6850,Europe,2272,LUX,Luxembourg,2017,76.7,99.8,58.3,95.9,96.8,79.3,81.6,55.9,86.1,88.1,80.1,98.6,39.4,44.3,0.0,67.7,90.7,64.2,13,20,75,85,8,36.5,62094689000.0,596336.0,68570197215.6405
6851,Europe,2273,LUX,Luxembourg,2018,76.6,99.6,59.6,95.5,98.9,73.8,81.6,56.3,85.9,88.7,79.5,96.3,39.5,44.8,0.0,67.7,90.7,67.3,15,20,85,78,8,36.5,63095218000.0,607950.0,70910323890.9321
6852,Europe,2274,LUX,Luxembourg,2019,77.3,100.0,59.6,96.7,99.4,76.6,81.6,56.5,85.9,88.7,84.0,97.6,39.5,44.8,0.0,67.8,90.7,67.6,10,45,80,75,8,36.5,64829907000.0,620001.0,75250600111.6431
6853,Europe,2275,LUX,Luxembourg,2020,78.1,100.0,59.1,96.8,98.3,81.3,81.6,56.5,85.3,88.8,84.0,97.6,39.5,49.8,0.0,67.8,90.8,72.2,10,18,85,82,10,36.5,64499241000.0,630419.0,76953191626.4398
6854,Europe,2276,LUX,Luxembourg,2021,78.3,100.0,58.9,96.8,98.3,84.8,81.6,56.5,85.5,88.8,84.0,97.6,39.5,49.4,0.0,67.7,89.9,73.3,10,15,80,75,10,,68968867000.0,640064.0,87543117438.5072
6855,Europe,2277,LUX,Luxembourg,2022,77.6,100.0,58.9,96.5,98.3,85.3,81.6,56.5,85.7,88.6,84.0,99.0,39.5,49.4,0.0,67.7,89.7,73.4,8,25,65,70,8,,68213621000.0,653103.0,93643147424.9449
6856,Africa,2278,MDG,Madagascar,2000,42.9,3.3,44.1,26.9,28.3,48.0,39.8,29.2,62.3,8.6,22.0,41.3,96.0,99.4,54.2,47.2,42.1,36.7,30,55,12,20,7,22.4,12758567260000.0,16516338.0,20410681393.9662
6857,Africa,2279,MDG,Madagascar,2001,43.4,3.3,44.2,28.2,29.0,48.2,39.8,31.0,62.5,8.9,22.0,41.3,96.3,99.4,56.6,47.0,42.1,37.3,30,25,10,17,7,22.32,13521559663000.0,17032939.0,22118357801.0749
6858,Africa,2280,MDG,Madagascar,2002,43.9,3.3,43.8,28.5,29.2,48.3,39.8,36.4,62.4,9.0,22.0,41.7,96.5,99.4,61.0,46.8,42.1,36.4,20,60,10,5,7,22.24,11843808447000.0,17549913.0,19674988011.8995
6859,Africa,2281,MDG,Madagascar,2003,44.4,3.3,44.1,29.4,34.4,46.3,39.8,37.0,62.7,9.4,22.0,41.7,96.4,99.4,61.3,47.6,42.1,37.6,15,35,20,18,10,22.16,13002712327000.0,18071854.0,22026619585.8625
6860,Africa,2282,MDG,Madagascar,2004,44.7,3.3,44.3,31.5,34.4,48.0,39.8,36.1,63.4,9.0,22.0,42.4,96.5,99.4,62.2,47.4,42.1,38.4,30,65,20,25,12,22.07,13686265385000.0,18606608.0,23808012897.5919
6861,Africa,2283,MDG,Madagascar,2005,46.7,3.3,46.4,32.0,28.7,48.4,39.8,36.9,64.1,8.8,52.8,42.0,96.3,99.4,66.4,48.0,42.1,38.4,35,44,15,18,10,21.99,14337162966000.0,19159707.0,25722276417.8023
6862,Africa,2284,MDG,Madagascar,2006,46.9,3.3,46.8,32.3,29.3,48.7,40.1,38.4,63.9,8.8,52.8,42.8,96.4,99.4,66.6,47.9,42.1,37.6,30,45,15,25,8,21.91,15111155920000.0,19730909.0,27946951443.5728
6863,Africa,2285,MDG,Madagascar,2007,47.2,3.3,47.0,34.1,30.0,49.6,40.4,38.7,63.7,8.7,52.8,42.8,96.3,99.4,67.5,48.3,42.1,37.9,25,40,17,20,5,21.83,15974088180000.0,20318583.0,30343273031.9976
6864,Africa,2286,MDG,Madagascar,2008,47.7,3.3,47.5,34.1,30.8,54.1,40.7,40.0,63.5,8.7,52.8,44.4,96.4,99.4,68.6,48.2,41.0,37.7,30,55,18,18,10,21.75,17046370021000.0,20923840.0,33003976083.2818
6865,Africa,2287,MDG,Madagascar,2009,47.9,3.3,47.6,33.4,34.7,54.5,41.0,40.8,63.3,8.8,52.8,44.4,96.5,99.4,69.0,48.0,41.0,36.5,25,63,15,18,10,21.67,16368144629000.0,21547280.0,31886307058.5348
6866,Africa,2288,MDG,Madagascar,2010,47.5,3.3,48.4,35.0,35.3,57.2,41.3,32.6,63.1,8.6,41.4,45.3,96.5,99.4,69.4,48.4,44.5,37.9,35,40,15,18,8,21.59,16469502686000.0,22183340.0,32473669404.6241
6867,Africa,2289,MDG,Madagascar,2011,47.9,3.5,50.0,34.4,36.1,57.5,41.6,31.3,64.2,8.6,41.4,49.6,96.5,99.4,70.9,48.3,43.8,36.5,35,50,15,22,10,21.57,16729461772000.0,22822300.0,33666784883.9147
6868,Africa,2290,MDG,Madagascar,2012,48.0,3.7,56.1,33.3,42.2,60.4,41.9,32.6,65.2,7.1,40.2,44.5,96.5,99.5,67.9,48.1,41.0,36.1,30,60,15,23,8,21.55,17233210645000.0,23462438.0,34340036474.5784
6869,Africa,2291,MDG,Madagascar,2013,47.7,4.3,54.8,34.2,43.5,60.5,42.2,30.4,65.0,7.5,40.2,44.6,96.6,99.4,66.0,48.0,39.7,34.8,25,58,20,20,7,21.52,17629639326000.0,24109290.0,35522723859.5999
6870,Africa,2292,MDG,Madagascar,2014,48.3,3.5,54.2,34.1,43.2,62.4,42.5,33.1,64.8,6.1,40.2,47.0,96.6,99.5,68.4,47.8,41.5,36.6,38,52,15,23,15,21.5,18218328791000.0,24764348.0,37117789637.7909
6871,Africa,2293,MDG,Madagascar,2015,48.1,3.5,53.2,33.5,43.4,62.6,42.9,33.1,64.8,6.7,40.2,43.6,96.6,99.5,67.8,47.7,41.9,36.7,38,50,30,20,10,21.48,18788981153000.0,25426702.0,38053900319.1193
6872,Africa,2294,MDG,Madagascar,2016,48.8,3.7,52.3,34.2,53.8,63.0,43.3,32.8,64.8,6.3,40.2,45.5,96.7,99.5,65.9,47.5,41.7,38.2,25,55,30,18,15,21.46,19539252614000.0,26099952.0,40755587226.8307
6873,Africa,2295,MDG,Madagascar,2017,49.3,3.4,51.9,34.2,54.0,66.2,43.7,32.3,65.1,7.2,40.2,53.0,96.6,99.4,64.3,48.1,38.8,39.5,37,55,20,23,10,21.43,20307791521000.0,26788375.0,41438402026.5191
6874,Africa,2296,MDG,Madagascar,2018,49.9,3.6,53.1,34.0,55.4,68.3,44.1,38.5,64.9,8.2,40.2,51.3,96.7,99.4,65.7,42.7,40.3,41.8,40,50,20,25,10,21.41,20956494783000.0,27494926.0,42523532549.9391
6875,Africa,2297,MDG,Madagascar,2019,49.9,3.7,52.9,35.2,54.2,67.0,44.5,35.9,65.9,8.8,40.2,51.8,96.7,99.3,66.0,42.7,40.6,42.3,30,60,30,25,15,21.39,21880934414000.0,28219554.0,45498322775.5634
6876,Africa,2298,MDG,Madagascar,2020,50.0,3.6,53.3,34.6,54.2,67.9,44.9,36.6,64.5,9.2,40.2,52.6,96.7,99.4,65.9,42.5,41.5,42.7,38,50,45,28,10,21.36,20319145168000.0,28953556.0,43150154155.6067
6877,Africa,2299,MDG,Madagascar,2021,50.5,3.6,53.3,33.4,54.5,68.0,44.9,36.6,64.6,10.3,40.2,52.6,96.7,99.4,65.9,49.9,41.2,42.9,40,60,35,20,10,,21264124285840.0,29691083.0,46835678113.5552
6878,Africa,2300,MDG,Madagascar,2022,50.3,4.2,53.5,32.9,54.5,68.1,44.9,36.6,64.7,10.3,40.2,53.0,96.7,99.4,65.9,49.5,37.4,42.6,20,58,10,28,8,,22147882084030.0,30437261.0,52260133350.5089
6879,Africa,2301,MWI,Malawi,2000,49.4,2.2,52.6,17.0,48.5,39.8,46.2,38.4,62.2,14.9,52.4,54.0,98.2,99.4,0.0,61.5,53.3,49.3,15,40,12,17,7,32.69,3147848894900.0,11315942.0,11025237005.9584
6880,Africa,2302,MWI,Malawi,2001,49.3,2.2,50.6,18.5,48.5,40.3,46.4,39.1,62.2,14.9,52.4,54.0,98.3,99.4,0.0,61.5,52.9,47.8,25,40,15,20,5,32.24,2991244557600.0,11593058.0,10712639072.7305
6881,Africa,2303,MWI,Malawi,2002,49.4,2.2,50.0,17.9,48.5,40.8,46.6,39.9,62.2,14.9,52.4,55.0,97.9,99.4,0.0,61.5,53.6,48.0,40,40,15,18,18,31.8,3042095716000.0,11880440.0,11064057834.2158
6882,Africa,2304,MWI,Malawi,2003,49.6,2.2,50.6,20.5,48.5,41.3,46.9,39.9,62.2,14.9,52.4,55.0,98.1,99.4,0.0,61.5,54.2,46.2,25,30,35,30,10,31.35,3215666727900.0,12181574.0,11926235758.5635
6883,Africa,2305,MWI,Malawi,2004,49.9,2.2,49.9,22.0,48.6,44.4,47.3,40.3,62.2,14.9,52.4,56.0,98.1,99.4,0.0,61.5,54.0,45.6,25,25,12,18,10,30.9,3389971864100.0,12500737.0,12910787913.836
6884,Africa,2306,MWI,Malawi,2005,50.2,2.2,49.2,23.6,48.6,44.7,47.6,41.1,62.2,14.9,52.4,56.6,98.1,99.4,0.0,61.6,54.4,46.0,30,20,12,25,6,30.46,3500780756600.0,12840031.0,13750850277.9866
6885,Africa,2307,MWI,Malawi,2006,50.6,2.2,54.4,24.6,49.1,45.7,47.9,40.9,62.2,15.0,52.4,57.6,98.0,99.4,0.0,61.6,53.3,45.8,25,54,15,40,10,30.01,3665317443900.0,13198701.0,14841124507.1107
6886,Africa,2308,MWI,Malawi,2007,51.0,2.2,57.9,26.5,46.3,46.3,48.2,41.4,62.2,15.0,52.4,59.2,98.1,99.4,0.0,61.6,54.0,45.4,30,35,10,18,5,29.57,4017187914000.0,13576343.0,16706556970.9169
6887,Africa,2309,MWI,Malawi,2008,51.4,2.2,54.8,29.3,48.8,47.1,48.6,41.7,62.2,15.0,52.4,60.2,98.0,99.4,0.0,61.6,53.9,46.5,40,43,15,20,10,29.12,4324090481300.0,13976417.0,18329372045.5768
6888,Africa,2310,MWI,Malawi,2009,52.3,2.2,60.4,30.7,49.3,52.0,48.9,41.6,62.2,15.0,52.4,62.7,98.0,99.4,0.0,61.6,54.9,46.0,24,35,12,18,10,28.68,4684205486700.0,14395788.0,19978329413.7686
6889,Africa,2311,MWI,Malawi,2010,51.3,2.2,57.7,32.8,49.0,57.1,49.2,42.5,62.2,15.1,24.9,63.4,97.9,99.4,0.0,61.6,56.9,48.2,30,43,12,20,10,28.23,5006200856600.0,14826463.0,21611136729.012
6890,Africa,2312,MWI,Malawi,2011,51.1,2.2,59.9,33.1,49.2,58.8,49.6,42.5,62.2,15.5,24.9,54.4,98.0,99.4,0.0,61.6,57.4,48.9,30,45,15,18,7,27.79,5253140224300.0,15265022.0,23144997068.0643
6891,Africa,2313,MWI,Malawi,2012,51.3,2.1,60.9,34.2,49.0,59.8,49.9,42.6,62.2,15.8,24.9,57.5,98.1,99.5,0.0,61.6,56.4,45.9,20,35,18,17,10,27.34,5352949888600.0,15709577.0,22999500003.4794
6892,Africa,2314,MWI,Malawi,2013,51.8,2.1,60.8,35.5,50.0,62.9,50.2,42.5,62.2,16.2,24.9,58.8,98.0,99.5,0.0,61.6,53.5,50.0,35,55,15,30,7,26.9,5642563212800.0,16161816.0,25181923450.6662
6893,Africa,2315,MWI,Malawi,2014,52.3,2.0,60.7,39.2,53.1,61.1,50.5,44.9,62.4,18.8,24.9,55.3,97.9,99.5,0.0,61.6,54.0,51.3,20,60,20,35,30,26.45,5959972628500.0,16621538.0,25024588183.9773
6894,Africa,2316,MWI,Malawi,2015,52.4,2.0,59.2,41.3,51.3,62.8,50.9,43.8,62.0,19.6,24.9,55.3,98.0,99.5,0.0,61.6,52.9,52.7,35,45,18,35,10,26.0,6126851862100.0,17085587.0,23972522499.7063
6895,Africa,2317,MWI,Malawi,2016,52.8,1.9,57.7,41.3,51.1,63.6,51.2,43.4,62.0,20.0,30.4,57.8,98.1,99.6,0.0,61.6,53.8,50.9,35,57,25,22,5,25.56,6280023158600.0,17557739.0,24755675039.6412
6896,Africa,2318,MWI,Malawi,2017,53.2,1.8,60.9,43.3,51.0,64.4,51.5,42.3,66.4,21.3,30.4,59.4,98.0,99.6,0.0,61.6,51.6,47.4,25,40,12,35,8,25.11,6531224085000.0,18039715.0,24899003391.0601
6897,Africa,2319,MWI,Malawi,2018,53.0,1.4,60.3,46.2,51.8,65.3,51.8,42.3,66.5,15.9,30.4,59.3,97.9,99.6,0.0,60.7,53.0,45.5,5,55,15,23,35,24.67,6815565152300.0,18528081.0,25268494147.2089
6898,Africa,2320,MWI,Malawi,2019,55.4,0.9,61.5,49.4,50.8,70.5,52.2,41.0,66.5,17.4,58.5,59.8,97.9,99.6,0.0,60.7,52.9,46.6,35,62,16,23,20,24.22,7205199097900.0,19025752.0,27587532191.9057
6899,Africa,2321,MWI,Malawi,2020,55.4,0.3,60.4,50.1,50.8,69.4,52.5,42.0,66.4,18.8,58.5,59.8,97.9,99.6,0.0,60.7,53.5,46.3,30,50,18,24,15,23.78,7262379300700.0,19533888.0,29563756336.0156
6900,Africa,2322,MWI,Malawi,2021,55.9,0.1,61.5,50.0,52.8,69.9,52.5,42.0,67.3,20.3,58.5,59.8,97.9,99.6,0.0,60.4,53.6,48.6,35,55,15,32,15,,7593419764100.0,20047258.0,33831623933.4187
6901,Africa,2323,MWI,Malawi,2022,56.3,0.0,61.7,49.7,52.8,70.1,52.5,42.0,67.3,20.3,58.5,58.2,97.9,99.6,0.0,60.4,51.5,48.5,20,60,12,30,5,,7663363897800.0,20568728.0,36577488742.4275
6902,Asia,2324,MYS,Malaysia,2000,62.6,96.3,44.4,73.1,88.9,45.1,75.6,66.8,74.0,30.9,23.4,81.4,72.7,81.8,67.0,34.1,53.1,55.4,15,40,12,25,8,59.93,579072903200.0,22967816.0,299208017024.179
6903,Asia,2325,MYS,Malaysia,2001,63.0,96.3,44.8,73.9,87.7,45.2,75.6,66.3,73.7,31.5,23.4,81.4,72.5,81.5,66.9,33.9,53.2,62.6,5,30,20,35,10,59.71,582070620700.0,23526538.0,307529056854.154
6904,Asia,2326,MYS,Malaysia,2002,62.9,96.3,44.2,74.2,86.6,45.2,75.7,66.7,73.7,33.2,23.4,81.4,71.8,81.7,66.7,33.8,53.2,62.2,43,40,18,20,5,59.48,613449979800.0,24102477.0,329144531985.224
6905,Asia,2327,MYS,Malaysia,2003,63.1,96.3,44.4,73.8,90.0,45.3,75.7,66.0,73.7,33.8,23.4,81.4,72.2,80.5,67.0,33.6,53.2,62.4,38,55,18,70,10,59.26,648959527500.0,24679602.0,355071566645.317
6906,Asia,2328,MYS,Malaysia,2004,62.9,96.3,44.1,74.6,90.0,44.6,75.8,65.4,73.7,34.9,23.4,81.4,72.0,79.7,67.4,33.5,53.3,58.7,44,55,17,40,20,59.03,692981292900.0,25256772.0,389353505932.15
6907,Asia,2329,MYS,Malaysia,2005,63.0,96.3,44.4,77.0,89.0,44.7,75.8,65.3,73.7,36.1,23.4,80.9,72.1,79.3,68.4,34.2,53.2,57.4,40,55,28,60,35,58.8,729932019800.0,25836071.0,422973326620.569
6908,Asia,2330,MYS,Malaysia,2006,63.3,96.3,44.4,77.1,86.8,45.4,75.9,66.1,73.8,37.0,28.9,80.9,72.3,79.8,68.3,34.1,53.2,56.5,35,50,30,60,20,58.58,770697606800.0,26417909.0,460368023534.506
6909,Asia,2331,MYS,Malaysia,2007,63.8,96.3,44.4,77.8,86.7,46.5,75.9,66.4,73.8,37.9,28.9,86.9,71.8,79.8,67.6,34.3,53.3,56.5,38,50,30,60,10,58.35,819242199200.0,26998389.0,502623799396.365
6910,Asia,2332,MYS,Malaysia,2008,63.7,96.3,45.1,76.8,86.5,47.4,76.0,65.7,73.8,39.7,24.8,89.6,72.0,78.8,66.9,34.3,53.2,55.5,33,63,20,35,15,58.12,858826097100.0,27570059.0,537061439784.103
6911,Asia,2333,MYS,Malaysia,2009,64.3,96.3,46.0,76.1,86.6,47.5,76.0,67.2,73.6,42.3,24.8,90.7,72.6,79.2,66.3,34.2,52.5,60.5,30,50,15,35,10,57.9,845827517500.0,28124778.0,532195216540.024
6912,Asia,2334,MYS,Malaysia,2010,64.1,96.3,44.3,77.4,87.1,47.9,76.1,67.2,73.7,44.9,24.8,88.2,72.4,78.5,66.6,35.9,52.6,56.2,35,58,25,65,10,57.67,908628919800.0,28655776.0,578657813420.75
6913,Asia,2335,MYS,Malaysia,2011,65.1,97.4,45.5,77.9,87.7,48.5,76.1,67.4,73.9,47.7,33.5,85.7,72.2,78.3,66.4,35.7,53.6,58.4,25,55,33,40,10,57.98,956730942800.0,29162039.0,621861803378.808
6914,Asia,2336,MYS,Malaysia,2012,65.1,98.1,45.0,78.3,88.7,48.8,76.2,67.4,73.8,48.9,33.5,82.5,71.9,77.8,66.6,35.6,53.4,59.5,45,60,40,38,5,58.3,1009097172700.0,29662831.0,671523206704.637
6915,Asia,2337,MYS,Malaysia,2013,66.1,98.4,45.6,78.4,88.5,51.4,76.2,66.9,73.8,55.2,46.2,80.6,71.9,76.3,67.0,36.0,52.9,58.7,35,55,28,43,10,58.61,1056461394000.0,30174265.0,698862906454.866
6916,Asia,2338,MYS,Malaysia,2014,66.7,98.5,44.3,78.8,88.9,52.3,76.2,67.1,76.2,58.9,46.2,84.0,72.1,76.9,65.7,36.2,53.7,57.6,37,58,25,35,10,58.93,1119920092400.0,30696137.0,746116305787.407
6917,Asia,2339,MYS,Malaysia,2015,67.8,98.6,50.8,80.1,89.4,52.9,76.2,67.6,75.2,64.1,47.4,86.7,72.8,78.3,65.6,36.1,54.3,56.0,38,60,35,35,40,59.24,1176941187000.0,31232798.0,766027917953.276
6918,Asia,2340,MYS,Malaysia,2016,67.5,98.6,46.7,79.8,89.6,53.5,76.2,67.9,75.0,66.0,47.4,87.2,72.7,78.0,65.6,35.9,52.9,54.2,42,63,24,58,10,59.03,1229312497000.0,31789685.0,803828295814.355
6919,Asia,2341,MYS,Malaysia,2017,68.5,98.7,48.0,80.3,90.6,54.1,76.2,68.7,77.4,74.9,47.4,87.3,72.4,78.3,65.8,35.7,54.9,54.3,40,60,33,50,20,58.82,1300769020000.0,32355644.0,854693620881.573
6920,Asia,2342,MYS,Malaysia,2018,68.5,98.8,48.3,79.1,90.1,56.2,76.3,68.6,78.4,74.8,47.4,83.2,72.3,76.8,65.4,35.5,57.0,56.6,40,56,40,35,15,58.6,1363766395000.0,32910967.0,914713180247.419
6921,Asia,2343,MYS,Malaysia,2019,69.2,98.9,49.2,79.4,89.2,56.8,76.3,68.4,79.0,77.4,47.4,84.4,72.1,76.9,66.2,35.4,63.2,56.9,10,55,35,45,10,58.39,1423951962000.0,33440596.0,967567806880.737
6922,Asia,2344,MYS,Malaysia,2020,69.4,98.8,49.4,80.2,89.2,57.3,76.3,68.3,78.3,78.7,47.4,86.1,72.1,77.6,68.2,35.2,61.0,56.0,35,46,25,35,15,58.18,1346249088000.0,33889558.0,931106663877.47
6923,Asia,2345,MYS,Malaysia,2021,70.0,98.8,49.5,80.1,88.0,57.7,76.3,68.3,77.8,80.7,47.4,86.1,78.2,77.9,68.2,38.7,59.4,56.9,40,55,40,10,0,,1390881951000.0,34282399.0,1022398815013.98
6924,Asia,2346,MYS,Malaysia,2022,69.8,98.9,49.4,80.1,88.0,58.3,76.3,68.3,78.0,81.0,47.4,81.8,78.2,77.9,68.2,38.4,59.9,57.3,43,60,45,45,15,,1514139432000.0,34695493.0,1192353239707.87
6925,Asia,2347,MDV,Maldives,2000,62.3,87.9,32.0,66.3,90.5,38.1,64.0,39.1,76.2,20.2,46.5,70.8,76.2,96.0,63.6,59.3,68.9,63.7,10,10,20,25,10,2.73,32014163353.3766,282019.0,2404575740.01718
6926,Asia,2348,MDV,Maldives,2001,62.3,87.9,33.3,67.5,91.3,36.9,64.7,43.0,74.8,20.9,46.5,71.1,76.2,95.9,63.7,58.9,68.9,56.7,20,15,20,20,5,2.73,30751641829.8856,286767.0,2361756431.02429
6927,Asia,2349,MDV,Maldives,2002,62.0,87.9,32.9,68.7,91.2,35.8,65.3,41.2,73.3,20.8,46.5,71.5,76.2,94.9,63.7,58.5,68.8,57.5,20,17,7,35,5,2.73,32986789985.5056,291616.0,2572787195.03882
6928,Asia,2350,MDV,Maldives,2003,62.5,87.9,34.7,69.5,91.2,34.7,65.9,48.0,71.8,21.3,46.5,71.9,76.2,95.7,64.4,58.2,68.8,55.5,18,30,20,25,5,2.73,37522489989.3652,296491.0,2984325954.06821
6929,Asia,2351,MDV,Maldives,2004,62.2,87.9,31.6,71.9,91.5,33.6,66.5,46.8,70.4,21.2,46.5,72.3,76.2,94.4,64.9,57.9,68.8,54.2,25,5,20,17,10,2.73,39745657215.7723,301413.0,3246149994.17958
6930,Asia,2352,MDV,Maldives,2005,63.4,87.9,36.5,73.7,91.3,35.7,67.6,52.4,69.1,21.5,46.5,72.6,76.2,95.1,65.3,57.6,68.8,59.2,30,9,20,18,5,2.73,35303161987.8329,306429.0,2973722871.62967
6931,Asia,2353,MDV,Maldives,2006,63.3,87.9,37.9,75.3,88.9,37.1,67.9,52.2,67.2,22.0,46.5,72.9,76.2,93.9,65.3,57.3,68.8,59.2,35,15,7,20,30,2.73,43645395224.7994,313851.0,3789796519.85872
6932,Asia,2354,MDV,Maldives,2007,63.7,87.9,33.0,76.0,93.4,38.3,68.2,55.2,66.0,23.2,46.5,73.3,76.2,93.9,64.4,57.0,69.6,61.3,20,12,18,25,10,2.73,46758787220.6914,324479.0,4170136725.0445
6933,Asia,2355,MDV,Maldives,2008,64.3,87.9,38.4,76.8,94.1,39.4,68.6,56.9,64.6,24.1,46.5,73.9,76.2,93.6,63.3,56.7,69.3,62.7,30,20,20,18,10,2.73,50956068529.5315,336170.0,4632025844.5962
6934,Asia,2356,MDV,Maldives,2009,65.0,87.9,42.0,77.8,93.8,37.6,70.0,59.5,63.4,24.3,59.1,74.2,76.2,93.6,61.5,56.5,69.2,57.7,10,20,15,30,8,2.73,46705976353.3251,348275.0,4271869073.3282
6935,Asia,2357,MDV,Maldives,2010,65.1,87.9,41.8,81.8,93.1,38.5,70.5,61.5,64.3,24.7,59.1,75.0,76.2,93.4,59.5,56.3,69.3,53.1,20,15,18,22,20,2.73,49875195390.556,360792.0,4617173541.01348
6936,Asia,2358,MDV,Maldives,2011,65.4,92.0,43.9,82.4,90.8,39.5,70.1,62.0,65.4,27.8,59.1,75.2,76.2,93.3,58.3,56.0,69.6,50.8,30,15,25,25,30,2.73,54285871359.9575,373674.0,5129171221.39412
6937,Asia,2359,MDV,Maldives,2012,65.6,94.0,37.3,82.9,92.0,40.4,70.5,61.8,66.7,32.3,59.1,76.1,76.2,92.7,56.3,55.6,68.8,52.1,10,20,20,20,15,2.73,55582917238.2354,386818.0,5411041265.39058
6938,Asia,2360,MDV,Maldives,2013,66.3,96.4,37.3,83.6,94.9,42.6,71.0,62.4,67.7,33.0,59.1,76.7,76.2,93.1,55.4,55.2,69.7,52.4,30,12,18,20,10,2.73,59459804743.2253,400070.0,6106704770.85133
6939,Asia,2361,MDV,Maldives,2014,66.6,98.0,36.7,83.8,94.2,43.0,71.5,63.4,68.9,38.0,59.1,77.6,76.2,91.9,53.2,54.9,69.0,52.9,35,20,25,22,40,2.73,64133753511.378,413617.0,6916720150.29527
6940,Asia,2362,MDV,Maldives,2015,67.5,99.3,37.9,85.2,95.1,43.7,71.9,64.7,70.1,40.7,59.1,78.1,76.2,92.3,53.6,54.5,68.5,56.5,20,30,30,20,60,2.73,66614533893.0712,428154.0,7653295112.3815
6941,Asia,2363,MDV,Maldives,2016,69.1,99.6,38.1,85.4,95.9,39.7,72.4,64.6,71.2,42.5,85.6,79.2,75.7,91.9,53.6,54.0,67.2,58.1,38,15,25,30,10,2.73,70861398968.3121,443308.0,8320672192.78473
6942,Asia,2364,MDV,Maldives,2017,69.3,99.9,42.4,86.6,95.7,39.7,72.8,64.3,71.7,43.8,85.6,79.5,75.3,91.8,54.9,53.7,63.3,57.0,40,33,20,35,65,2.73,75874438126.239,458287.0,9059366711.74356
6943,Asia,2365,MDV,Maldives,2018,69.7,100.0,44.5,86.8,95.7,39.3,73.1,64.4,72.2,45.9,85.6,80.0,75.0,91.0,57.9,53.4,63.3,56.1,35,20,27,29,70,2.73,82376085038.8214,473099.0,10360598102.1094
6944,Asia,2366,MDV,Maldives,2019,70.4,100.0,44.5,87.0,95.7,38.1,73.4,64.1,72.8,46.4,92.7,80.2,74.7,90.2,58.0,53.0,67.8,57.5,42,16,30,30,20,2.73,88079030673.8162,487731.0,11255471307.3295
6945,Asia,2367,MDV,Maldives,2020,71.3,100.0,44.5,87.2,96.3,38.1,73.7,64.2,71.8,46.9,92.7,80.3,74.7,89.9,59.1,52.7,71.7,68.8,35,19,35,28,75,2.73,59093253323.6977,502118.0,6741118651.2306
6946,Asia,2368,MDV,Maldives,2021,71.6,100.0,44.5,86.9,96.6,38.1,73.7,64.2,71.9,47.8,92.7,80.3,74.8,89.8,63.1,52.4,71.3,68.8,42,25,18,25,5,,81257873961.9027,516154.0,9834087308.92595
6947,Asia,2369,MDV,Maldives,2022,71.3,100.0,44.6,86.9,96.6,38.5,73.7,64.2,72.4,47.8,92.7,80.3,74.8,89.8,63.2,51.5,66.4,68.4,40,20,25,35,15,,92492660366.6036,524106.0,11991813788.7322
6948,Africa,2370,MLI,Mali,2000,44.7,27.0,50.9,21.9,6.2,24.9,44.1,18.5,71.7,9.0,54.0,33.1,95.3,99.2,0.0,56.2,63.3,40.7,10,55,18,18,5,10.9,4077010943030.39,11559290.0,13809595178.1055
6949,Africa,2371,MLI,Mali,2001,44.9,27.0,50.4,23.5,6.2,25.3,44.9,19.1,71.8,9.0,54.0,33.4,95.3,99.2,0.0,56.2,63.3,39.8,25,40,12,15,12,10.9,4703901908356.24,11912158.0,16291753166.7828
6950,Africa,2372,MLI,Mali,2002,45.3,27.0,50.7,25.1,6.2,24.7,45.7,19.5,71.7,9.0,54.0,34.9,95.0,99.2,0.0,56.7,63.3,41.3,55,63,10,12,40,10.9,4850019601504.17,12288050.0,17058862546.2582
6951,Africa,2373,MLI,Mali,2003,45.7,27.0,50.8,25.8,6.2,25.1,46.6,20.4,71.7,9.0,54.0,35.2,94.9,99.2,0.0,56.7,63.3,45.8,40,65,10,20,10,10.9,5292294925746.79,12684955.0,18981975552.7101
6952,Africa,2374,MLI,Mali,2004,47.9,27.0,51.1,26.9,6.2,25.6,47.4,21.1,71.7,9.0,54.0,36.8,94.9,99.2,0.0,85.2,63.3,46.6,35,68,12,18,15,10.9,5374854655700.0,13102409.0,19796498955.6974
6953,Africa,2375,MLI,Mali,2005,48.4,27.0,50.9,28.3,7.8,26.0,48.3,25.0,71.7,9.0,54.0,38.8,95.0,99.2,0.0,85.2,63.3,45.3,20,64,15,15,20,10.9,5778220547200.0,13538647.0,21949456345.3587
6954,Africa,2376,MLI,Mali,2006,49.0,27.0,48.6,30.3,8.5,30.9,49.2,24.1,71.7,9.0,57.5,40.3,95.1,99.2,0.0,85.2,63.3,44.1,30,66,18,25,15,10.9,6162718430600.0,13990139.0,24131957605.0992
6955,Africa,2377,MLI,Mali,2007,49.5,27.0,49.1,29.9,9.6,36.0,50.0,24.2,71.7,9.0,57.5,40.7,95.0,99.1,0.0,85.2,63.3,44.5,10,63,15,15,5,10.9,6401525505400.0,14457775.0,25746209689.9149
6956,Africa,2378,MLI,Mali,2008,50.0,27.0,49.7,30.6,13.5,41.4,50.9,24.6,71.7,9.0,57.5,38.9,94.9,99.1,0.0,85.2,63.7,42.8,35,80,15,15,15,10.9,6820015886000.0,14940782.0,27957814118.5427
6957,Africa,2379,MLI,Mali,2009,52.5,27.0,51.7,31.0,18.3,45.2,51.8,24.6,71.7,9.1,80.4,42.5,94.9,99.1,0.0,85.1,62.7,44.5,25,60,15,15,10,10.9,7136021993700.0,15435539.0,29433670544.7179
6958,Africa,2380,MLI,Mali,2010,53.1,27.0,56.2,30.1,19.6,47.4,52.7,27.2,71.7,10.5,80.4,41.4,94.7,99.1,0.0,85.1,63.3,43.8,40,65,10,15,10,10.9,7629957589800.0,15945198.0,31853450079.0545
6959,Africa,2381,MLI,Mali,2011,53.5,27.5,55.6,31.0,21.6,47.4,53.6,27.9,71.7,10.5,80.4,45.5,94.8,99.2,0.0,85.1,61.9,42.6,38,72,22,15,10,10.9,7936615905200.0,16469049.0,33817267480.8019
6960,Africa,2382,MLI,Mali,2012,53.7,27.6,57.9,30.7,18.5,50.3,54.5,27.6,71.7,10.6,80.4,48.0,94.8,99.2,0.0,85.1,60.8,42.4,40,63,17,15,10,10.9,7891330480500.0,16957033.0,33967900874.1631
6961,Africa,2383,MLI,Mali,2013,53.7,30.1,57.6,32.5,11.6,49.8,55.4,29.4,71.7,10.7,80.4,49.5,94.7,99.2,0.0,85.1,57.9,43.5,40,69,22,15,10,10.9,8079311912000.0,17459615.0,36004914476.4166
6962,Africa,2384,MLI,Mali,2014,54.3,32.6,57.3,33.6,13.5,49.5,56.3,29.8,73.5,13.8,80.4,48.8,94.7,99.0,0.0,85.1,58.4,43.0,30,63,18,15,10,10.9,8693544402800.0,18020267.0,39053409334.0076
6963,Africa,2385,MLI,Mali,2015,55.0,34.4,58.4,34.9,12.8,51.8,57.2,30.2,73.5,14.2,80.4,48.3,94.7,99.0,0.0,85.1,60.2,44.7,30,68,15,20,10,10.9,9212959000000.0,18593022.0,43326258239.039
6964,Africa,2386,MLI,Mali,2016,55.8,38.0,61.6,35.0,14.5,51.1,58.1,31.1,73.5,16.1,80.4,50.9,94.5,99.0,0.0,85.1,58.4,44.9,38,64,12,15,10,10.9,9766203000000.0,19191289.0,48588600863.8981
6965,Africa,2387,MLI,Mali,2017,56.9,40.0,60.8,36.9,18.7,50.3,59.0,30.8,75.8,17.8,80.4,55.8,94.6,99.0,0.0,85.1,56.7,48.6,40,70,15,17,15,10.9,10291189900400.0,19813011.0,51646498097.6108
6966,Africa,2388,MLI,Mali,2018,56.5,41.6,62.4,39.1,12.4,52.3,59.9,35.0,75.7,18.2,68.9,57.1,94.6,99.0,0.0,85.2,57.9,45.3,35,72,18,15,5,10.9,10792149587900.0,20442030.0,54874814697.0095
6967,Africa,2389,MLI,Mali,2019,56.5,42.5,61.9,41.4,12.4,52.7,60.8,33.8,74.6,18.4,68.9,57.6,94.5,99.0,0.0,85.2,54.2,46.5,40,72,20,15,20,10.9,11331756972000.0,21068405.0,59410075204.0447
6968,Africa,2390,MLI,Mali,2020,56.7,41.6,62.1,39.5,10.6,58.9,61.7,34.5,70.8,20.8,68.9,57.9,94.5,99.0,0.0,85.2,54.0,47.5,35,74,15,15,10,10.9,11199280233100.0,21713836.0,59141995694.5382
6969,Africa,2391,MLI,Mali,2021,57.0,41.8,60.2,40.5,10.6,59.6,61.7,34.5,72.4,21.2,68.9,56.7,94.5,99.0,0.0,86.8,53.9,49.7,40,70,22,15,20,,11546563332900.0,22388630.0,62603712698.5219
6970,Africa,2392,MLI,Mali,2022,58.0,44.4,59.3,40.7,10.6,60.1,61.7,34.5,72.2,21.2,68.9,60.0,94.5,99.0,0.0,86.8,55.1,50.4,35,69,15,15,10,,11951649427100.0,23072640.0,69419933564.9113
6971,Europe,2393,MLT,Malta,2000,68.5,99.9,66.0,84.0,93.6,42.5,53.3,70.0,84.3,38.0,96.6,83.6,51.2,69.8,39.4,78.3,68.6,45.4,10,20,40,60,10,1.09,6039600000.0,390087.0,7103720792.8501
6972,Europe,2394,MLT,Malta,2001,68.4,99.9,65.1,83.7,93.4,43.6,52.6,69.2,83.8,38.8,96.6,83.6,50.6,69.2,40.1,78.0,68.5,45.5,10,10,25,60,10,1.09,5993900000.0,393028.0,7246287599.99267
6973,Europe,2395,MLT,Malta,2002,68.8,99.9,66.4,83.4,94.6,44.5,51.9,69.9,84.0,40.5,96.6,83.6,51.1,69.2,40.8,78.0,68.5,46.5,8,20,30,60,12,1.09,6158200000.0,395969.0,7734077577.55792
6974,Europe,2396,MLT,Malta,2003,69.3,99.9,64.6,87.3,96.6,44.6,51.6,69.8,83.5,41.9,96.6,83.6,50.7,68.1,42.4,81.1,68.5,46.6,8,15,12,55,7,1.09,6385700000.0,398582.0,8296648090.10684
6975,Europe,2397,MLT,Malta,2004,69.6,99.9,65.5,87.6,97.5,46.2,51.6,69.8,83.4,42.7,96.6,83.6,50.8,68.7,42.9,80.9,68.3,47.2,8,20,30,65,8,1.09,6411700000.0,401268.0,8654828606.70819
6976,Europe,2398,MLT,Malta,2005,69.9,99.9,65.4,86.7,97.8,47.0,51.1,69.6,84.0,45.5,96.6,83.7,50.8,69.5,43.0,80.9,69.1,47.9,12,15,60,55,7,1.09,6596400000.0,403834.0,8976185853.42153
6977,Europe,2399,MLT,Malta,2006,70.1,99.9,65.1,87.1,98.5,47.3,50.9,69.9,84.1,46.0,96.6,83.7,51.1,69.5,42.5,81.7,69.6,48.0,10,10,20,60,10,1.09,6750500000.0,405308.0,9412880643.23735
6978,Europe,2400,MLT,Malta,2007,69.8,99.9,65.1,85.7,98.2,47.5,50.6,69.7,84.3,46.8,93.2,83.7,51.4,69.2,41.2,81.8,69.4,49.5,10,15,20,60,5,1.09,7090500000.0,406724.0,10173218050.6991
6979,Europe,2401,MLT,Malta,2008,70.1,99.9,66.8,85.3,97.7,47.6,51.1,70.0,84.5,49.7,93.9,83.7,51.4,69.2,42.1,81.8,68.6,48.2,10,10,10,40,7,1.09,7403200000.0,409379.0,10911545502.9348
6980,Europe,2402,MLT,Malta,2009,70.1,99.9,66.8,85.2,96.7,47.9,52.9,69.8,84.0,51.7,89.6,83.7,52.1,70.1,43.6,81.8,67.5,47.5,15,20,55,20,15,1.09,7299900000.0,412477.0,11041175017.5039
6981,Europe,2403,MLT,Malta,2010,70.4,99.9,66.2,85.8,98.6,48.1,48.8,69.5,84.0,54.5,93.5,82.4,51.5,69.9,45.7,82.2,67.5,49.5,10,15,55,45,8,1.09,7752300000.0,414508.0,11984407547.4745
6982,Europe,2404,MLT,Malta,2011,72.0,99.9,66.3,88.0,98.9,48.0,50.0,69.7,84.3,57.6,92.9,79.5,51.5,67.1,67.7,82.6,67.4,52.4,8,17,35,20,8,1.09,7829200000.0,416268.0,12249115249.8462
6983,Europe,2405,MLT,Malta,2012,72.5,99.8,64.4,89.3,98.9,48.5,49.1,69.7,84.6,62.8,92.1,81.5,51.4,72.8,66.4,82.6,69.1,50.3,10,15,50,60,10,1.09,8150400000.0,420028.0,12901661431.4342
6984,Europe,2406,MLT,Malta,2013,73.3,99.9,63.6,90.7,98.6,57.7,46.4,70.4,84.6,67.3,93.6,78.7,51.6,72.8,64.9,82.6,69.2,52.7,10,18,35,65,10,1.09,8663200000.0,424810.0,14077424410.3318
6985,Europe,2407,MLT,Malta,2014,73.9,99.9,65.4,91.2,98.7,58.6,46.9,71.0,85.1,68.0,93.1,86.7,51.8,72.3,63.2,82.6,70.3,51.5,15,15,45,60,8,1.09,9324300000.0,433481.0,15261041157.2303
6986,Europe,2408,MLT,Malta,2015,74.0,99.8,65.7,91.3,97.3,58.6,48.3,70.9,85.3,69.1,91.8,86.2,53.3,72.9,64.5,82.6,71.8,47.9,15,15,55,65,15,1.09,10221400000.0,444220.0,17048724114.9173
6987,Europe,2409,MLT,Malta,2016,74.7,99.9,65.5,91.1,98.5,59.7,48.3,71.1,85.8,69.5,93.1,88.1,52.8,75.8,68.6,82.7,71.2,48.4,10,18,50,60,8,1.16,10638200000.0,454505.0,18634286620.2358
6988,Europe,2410,MLT,Malta,2017,74.9,99.9,66.8,91.5,99.3,59.9,46.4,73.0,86.4,71.0,92.5,86.8,53.8,75.6,70.1,82.7,69.9,47.5,10,15,25,70,10,1.23,12018200000.0,467106.0,21376244915.8756
6989,Europe,2411,MLT,Malta,2018,75.2,99.9,66.3,92.6,98.9,60.9,47.8,72.2,86.6,70.8,94.2,87.3,53.7,79.4,68.7,82.7,68.8,48.3,18,45,30,55,15,1.3,12882200000.0,483903.0,23313166925.7257
6990,Europe,2412,MLT,Malta,2019,75.1,99.8,66.3,92.4,98.4,63.4,48.7,72.1,86.6,71.5,86.6,88.7,53.6,79.2,69.4,82.7,67.7,48.9,15,18,20,55,8,1.37,13408400000.0,503912.0,25896969589.9462
6991,Europe,2413,MLT,Malta,2020,75.7,99.7,66.3,91.3,99.0,63.7,48.7,72.1,86.1,72.8,86.6,90.3,53.6,79.5,69.5,82.7,68.6,56.7,18,20,35,63,10,1.44,12958100000.0,515490.0,25768258954.3147
6992,Europe,2414,MLT,Malta,2021,76.1,99.8,66.3,91.3,99.1,63.9,48.7,72.1,86.8,72.8,86.6,91.5,58.1,79.2,69.5,82.7,68.3,57.5,18,25,35,55,15,,14681500000.0,518150.0,29433654077.1052
6993,Europe,2415,MLT,Malta,2022,75.5,99.8,66.3,91.2,99.1,64.7,48.7,72.1,87.3,71.7,86.6,88.3,58.1,79.2,69.4,82.7,64.9,54.1,14,18,50,40,10,,15308300000.0,531113.0,32126739375.4334
7017,Africa,2439,MRT,Mauritania,2000,44.0,64.1,31.7,33.7,14.3,19.7,40.2,14.2,50.0,7.6,57.1,27.1,89.9,97.5,51.0,51.4,54.5,43.5,60,35,12,25,10,0.41,156571439700.0,2613441.0,6020496212.44512
7018,Africa,2440,MRT,Mauritania,2001,44.6,64.1,30.5,36.3,17.1,19.6,40.9,18.3,50.1,7.6,57.1,27.5,89.6,97.5,51.8,51.4,54.5,44.5,65,30,15,20,70,0.4,155319660700.0,2678760.0,6106841806.001
7019,Africa,2441,MRT,Mauritania,2002,45.6,64.1,31.4,40.5,16.9,19.5,41.9,25.8,50.1,7.6,57.1,28.7,89.6,97.5,52.6,51.4,54.5,45.6,60,35,8,20,5,0.4,157465376900.0,2738655.0,6287417869.53367
7020,Africa,2442,MRT,Mauritania,2003,45.8,64.1,32.4,40.1,19.3,19.3,42.8,25.6,50.1,7.6,57.1,29.1,90.0,97.4,52.5,51.4,54.5,45.6,75,45,15,30,40,0.39,168375002700.0,2802046.0,6855760842.14005
7021,Africa,2443,MRT,Mauritania,2004,45.6,64.1,30.9,37.8,24.6,19.2,43.8,26.5,50.1,7.5,51.0,30.3,89.4,97.4,52.3,51.4,54.5,44.5,70,30,10,18,40,0.39,176343783900.0,2868664.0,7373310008.12466
7022,Africa,2444,MRT,Mauritania,2005,45.8,64.1,31.7,39.0,23.6,19.1,44.7,24.4,50.1,7.6,51.0,33.2,89.5,97.4,52.5,51.4,54.5,44.8,75,35,10,20,80,0.38,191449899100.0,2939059.0,8255919837.47165
7023,Africa,2445,MRT,Mauritania,2006,46.6,64.1,32.1,39.4,26.5,26.8,45.6,24.7,50.2,7.6,51.0,34.4,90.7,97.4,51.7,51.4,54.5,44.5,75,35,15,20,10,0.38,226548789500.0,3013660.0,10070769270.7772
7024,Africa,2446,MRT,Mauritania,2007,47.1,64.1,35.6,41.5,23.0,31.2,46.6,25.6,50.0,7.6,51.0,34.8,90.7,97.3,50.6,51.3,54.5,44.6,60,35,15,22,40,0.37,222087086100.0,3093059.0,10139902985.2367
7025,Africa,2447,MRT,Mauritania,2008,48.8,64.1,41.0,40.8,20.5,31.6,47.6,26.4,50.0,7.6,71.1,37.3,91.6,97.3,51.1,51.3,54.6,44.9,60,30,17,22,10,0.37,221351801900.0,3183269.0,10301051549.5998
7026,Africa,2448,MRT,Mauritania,2009,49.0,64.1,40.7,42.9,20.0,32.0,48.6,26.3,50.1,7.6,71.1,37.2,91.6,97.2,52.8,51.3,53.9,44.9,60,40,12,30,10,0.36,221568452000.0,3284448.0,10374730882.5514
7027,Africa,2449,MRT,Mauritania,2010,49.5,64.1,41.1,45.5,20.3,32.4,49.7,28.5,50.1,7.8,71.1,36.8,91.4,97.2,54.6,51.3,54.3,44.6,65,45,15,24,20,0.36,227374053900.0,3390965.0,10775959019.2363
7028,Africa,2450,MRT,Mauritania,2011,51.2,65.5,36.1,48.4,20.7,33.3,50.7,31.5,50.1,8.4,71.1,42.1,91.2,96.8,74.4,51.2,53.4,45.4,55,44,15,20,75,0.35,236861880400.0,3502811.0,11457213191.4913
7029,Africa,2451,MRT,Mauritania,2012,51.3,69.0,39.1,49.2,20.7,34.0,51.8,31.5,50.1,8.3,71.1,41.0,91.2,96.1,68.7,51.2,53.6,45.4,55,38,15,20,20,0.35,247449637700.0,3619034.0,12539868164.3873
7030,Africa,2452,MRT,Mauritania,2013,52.3,69.8,38.9,48.8,31.8,34.9,52.9,33.5,50.0,8.8,71.1,42.2,90.9,96.6,69.1,51.2,52.2,46.1,68,40,15,25,20,0.34,257720809900.0,3734318.0,14306348182.1821
7031,Africa,2453,MRT,Mauritania,2014,54.3,71.2,44.1,49.3,37.1,37.2,54.0,32.6,50.8,11.4,81.8,45.0,91.0,97.0,70.7,51.2,51.6,47.1,60,40,15,20,75,0.34,268737919100.0,3848514.0,14875055357.1756
7032,Africa,2454,MRT,Mauritania,2015,54.4,72.0,39.7,49.0,38.3,39.9,55.2,32.8,50.8,13.6,81.8,42.3,91.1,97.0,71.2,51.2,50.7,48.0,65,43,15,25,70,0.33,283186181300.0,3965959.0,15775044970.7205
7033,Africa,2455,MRT,Mauritania,2016,53.9,72.8,39.0,50.9,34.6,40.8,56.3,34.4,50.7,11.0,81.8,37.0,91.1,97.5,71.5,51.2,49.4,45.6,70,30,15,25,40,0.32,286756902000.0,4086657.0,19136599346.5409
7034,Africa,2456,MRT,Mauritania,2017,54.7,73.0,41.2,52.2,36.5,41.7,57.5,34.2,50.4,10.5,81.8,41.1,91.3,97.2,72.3,51.2,50.3,47.4,65,43,15,25,20,0.32,304738124500.0,4210600.0,22539620070.571
7035,Africa,2457,MRT,Mauritania,2018,55.5,73.7,43.2,52.0,40.2,40.1,57.7,36.7,50.3,19.2,81.8,37.5,91.4,97.3,72.2,51.2,49.1,50.3,65,35,15,22,55,0.31,319280757000.0,4337685.0,23550299208.1808
7036,Africa,2458,MRT,Mauritania,2019,56.2,74.0,43.2,52.1,39.4,38.5,58.0,37.3,51.9,21.2,81.8,45.1,91.4,97.3,71.6,51.2,51.0,50.4,72,39,12,22,20,0.31,329309381200.0,4467708.0,25064433257.7255
7037,Africa,2459,MRT,Mauritania,2020,56.6,74.3,47.1,51.5,39.4,38.5,58.2,37.6,50.4,23.8,81.8,45.1,91.4,97.3,71.6,51.1,51.7,51.4,55,40,15,25,75,0.3,328121702600.0,4600131.0,26408154182.6331
7038,Africa,2460,MRT,Mauritania,2021,57.2,74.6,45.5,51.0,47.0,38.6,58.2,37.6,50.3,25.6,81.8,45.1,90.7,97.2,71.5,51.1,52.2,54.7,62,43,15,23,75,,330558713000.0,4734874.0,27635403694.625
7039,Africa,2461,MRT,Mauritania,2022,57.2,77.0,42.6,51.8,47.0,38.7,58.2,37.6,50.4,25.6,81.8,45.1,90.7,97.2,71.5,51.1,51.0,55.6,70,40,18,20,70,,353023500000.0,4875637.0,31617666980.5464
7040,Africa,2462,MUS,Mauritius,2000,65.5,97.2,69.5,67.9,86.9,37.2,69.2,74.2,71.1,21.5,70.1,85.0,76.9,94.4,59.1,26.0,65.0,42.3,15,60,12,65,10,20.66,249653291200.0,1186873.0,10847667514.6611
7041,Africa,2463,MUS,Mauritius,2001,65.5,97.2,73.2,69.6,86.9,37.6,68.9,74.4,71.1,22.0,70.1,85.0,76.9,94.1,56.0,26.0,65.0,40.0,18,50,35,65,7,20.48,258010536800.0,1196287.0,11463230002.3137
7042,Africa,2464,MUS,Mauritius,2002,65.2,97.2,68.9,67.9,86.4,38.0,68.7,73.6,71.9,22.4,70.1,85.0,76.9,94.1,56.9,26.0,65.0,40.3,10,38,30,55,15,20.31,262177197100.0,1204621.0,11829366607.5772
7043,Africa,2465,MUS,Mauritius,2003,65.6,97.2,69.1,69.7,87.3,38.3,68.4,74.1,71.8,22.4,70.1,85.0,76.9,93.8,57.1,26.0,65.0,43.5,15,65,10,65,8,20.13,277712364000.0,1213370.0,12777697016.3638
7044,Africa,2466,MUS,Mauritius,2004,65.8,97.2,69.6,70.6,86.6,38.6,68.7,74.5,71.8,23.0,70.1,85.0,76.9,93.8,56.2,26.2,65.9,43.4,20,50,18,58,10,19.96,289737364500.0,1221003.0,13689455398.6123
7045,Africa,2467,MUS,Mauritius,2005,66.1,97.2,70.5,72.8,88.2,44.8,69.0,73.8,70.8,23.3,70.1,85.0,76.9,93.4,53.0,26.2,65.8,43.0,20,40,20,65,5,19.78,294887570800.0,1228254.0,14369647699.4232
7046,Africa,2468,MUS,Mauritius,2006,66.0,97.2,71.4,73.1,87.5,45.1,69.2,72.8,71.2,23.4,70.1,85.0,76.9,92.8,53.3,26.2,66.8,41.1,5,60,35,60,5,19.61,309235457100.0,1233996.0,15533506795.4582
7047,Africa,2469,MUS,Mauritius,2007,66.0,97.2,69.8,73.0,87.6,45.3,69.9,72.7,71.6,23.9,70.1,85.0,76.9,92.7,53.5,26.2,67.0,39.2,15,45,23,60,10,19.43,326945421700.0,1239630.0,16868057828.8942
7048,Africa,2470,MUS,Mauritius,2008,66.2,97.2,71.2,73.0,89.4,45.6,68.6,71.5,72.7,25.0,70.1,85.0,76.9,92.6,52.5,26.2,66.5,40.7,20,42,30,60,10,19.26,344557849100.0,1244121.0,18119239839.7435
7049,Africa,2471,MUS,Mauritius,2009,66.6,97.2,72.0,74.2,89.2,45.9,70.2,71.8,72.6,26.2,70.1,85.0,76.9,92.7,52.5,26.2,66.0,43.0,20,40,25,60,10,19.09,355980207100.0,1247429.0,18835367365.2242
7050,Africa,2472,MUS,Mauritius,2010,66.7,97.2,72.8,75.3,88.5,47.0,70.2,71.9,72.3,27.2,70.1,85.1,76.9,92.4,51.8,26.2,65.7,44.1,18,55,40,55,5,18.91,371562184200.0,1250400.0,19898752964.6588
7051,Africa,2473,MUS,Mauritius,2011,66.2,97.1,62.7,75.2,90.2,47.2,71.1,71.7,72.5,27.7,70.1,85.1,76.9,92.4,51.0,26.3,65.3,43.1,20,55,20,65,10,18.9,386712773700.0,1252404.0,21137404890.8833
7052,Africa,2474,MUS,Mauritius,2012,65.7,97.0,59.1,75.4,90.8,47.5,71.1,71.4,72.4,32.6,58.4,85.1,76.9,92.3,50.6,26.3,65.3,44.1,18,44,42,60,10,18.89,400232710000.0,1255882.0,21663830470.1348
7053,Africa,2475,MUS,Mauritius,2013,66.3,97.2,60.4,76.3,92.6,51.2,71.0,71.5,72.6,34.3,58.4,85.0,76.9,92.1,52.3,26.3,64.7,44.1,15,50,30,60,7,18.88,413682154400.0,1258927.0,22944243658.6006
7054,Africa,2476,MUS,Mauritius,2014,66.9,97.4,65.3,76.4,92.2,49.2,70.8,71.1,72.9,33.3,58.4,89.4,76.9,91.9,52.0,26.3,66.8,47.4,15,38,33,60,5,18.88,429513645600.0,1261208.0,24046750508.4322
7055,Africa,2477,MUS,Mauritius,2015,66.3,97.5,64.2,77.2,91.8,46.3,70.9,71.6,72.9,34.9,58.4,89.8,76.9,91.9,51.9,26.3,66.3,37.8,15,44,45,60,10,18.87,445365091100.0,1262879.0,25271892595.159
7056,Africa,2478,MUS,Mauritius,2016,66.7,97.7,64.0,76.8,92.5,46.3,70.8,71.0,73.4,37.8,58.4,87.7,76.4,91.6,51.9,26.3,64.0,47.4,15,45,40,60,15,18.91,462567176400.0,1263747.0,27385974517.632
7057,Africa,2479,MUS,Mauritius,2017,67.8,97.9,68.8,77.9,90.1,46.6,70.9,70.5,75.1,42.1,65.3,90.3,76.0,91.2,50.9,26.3,65.8,47.3,20,38,40,65,5,18.96,480782996900.0,1264887.0,28581043971.0413
7058,Africa,2480,MUS,Mauritius,2018,68.0,98.0,67.9,78.3,90.9,47.2,71.1,70.3,75.4,45.5,65.3,90.9,75.6,91.3,48.0,27.4,64.7,47.6,18,55,35,65,15,19.01,500046724300.0,1265577.0,29194635198.9103
7059,Africa,2481,MUS,Mauritius,2019,68.6,98.1,71.4,78.8,91.7,52.1,71.1,70.4,73.8,49.0,65.3,89.9,75.2,91.3,48.3,27.4,63.8,47.9,18,55,40,65,10,19.05,514504500200.0,1265985.0,30417972159.6536
7060,Africa,2482,MUS,Mauritius,2020,68.9,97.4,71.5,77.2,95.4,52.0,71.1,70.3,72.3,50.8,65.3,92.6,75.2,91.9,48.7,27.4,62.4,50.0,18,45,40,60,10,19.1,439661906800.0,1266014.0,26999298652.9561
7061,Africa,2483,MUS,Mauritius,2021,68.8,97.6,71.5,75.6,96.0,52.2,71.1,70.3,74.2,51.8,65.3,88.8,74.4,91.4,49.0,27.4,63.3,50.2,20,55,55,60,10,,454627112900.0,1266334.0,28793361692.7371
7062,Africa,2484,MUS,Mauritius,2022,68.0,98.0,71.5,75.2,83.5,52.3,71.1,70.3,74.6,51.8,65.3,87.7,74.4,91.4,49.0,27.4,60.8,51.2,10,60,35,60,5,,494148151300.0,1262523.0,33527657824.4858
7063,North America,2485,MEX,Mexico,2000,62.1,84.9,59.7,74.8,89.2,55.3,68.7,65.7,69.4,24.9,14.6,74.6,79.9,83.5,55.7,47.7,57.5,49.4,38,30,40,40,5,35.18,17811854384000.0,98625552.0,1154351047323.83
7064,North America,2486,MEX,Mexico,2001,62.4,84.9,60.3,74.9,89.1,55.4,69.1,65.2,69.5,25.3,14.6,74.7,79.9,83.4,58.6,48.0,57.6,50.0,35,30,24,35,10,35.1,17731550484000.0,100099099.0,1175035890293.65
7065,North America,2487,MEX,Mexico,2002,63.0,84.9,60.7,75.3,90.9,55.6,69.1,65.6,69.2,26.2,18.2,75.3,80.1,83.5,60.1,48.6,57.7,50.4,35,30,25,30,10,35.03,17689599763000.0,101548624.0,1194403398875.47
7066,North America,2488,MEX,Mexico,2003,63.1,84.9,61.1,75.7,91.8,59.1,69.3,64.7,69.0,26.6,18.2,75.4,80.1,83.2,55.8,49.0,57.8,51.8,10,10,20,30,10,34.95,17899317905000.0,102978515.0,1242555251551.93
7067,North America,2489,MEX,Mexico,2004,63.6,84.9,60.9,77.1,92.5,59.2,69.7,65.9,68.7,26.8,18.3,76.0,80.1,83.2,57.5,51.1,58.3,51.6,30,20,20,35,5,34.88,18537507529000.0,104394131.0,1321401660883.87
7068,North America,2490,MEX,Mexico,2005,63.8,84.9,58.0,77.2,93.2,61.3,70.0,66.1,68.9,27.5,18.2,76.0,79.9,83.0,59.1,52.2,58.0,51.6,30,30,25,45,5,34.81,18929250872000.0,105811504.0,1403085812802.32
7069,North America,2491,MEX,Mexico,2006,64.1,84.9,61.2,77.7,93.3,59.0,70.3,65.8,68.9,27.8,19.9,76.6,79.7,82.9,59.3,52.5,57.9,51.2,35,20,20,32,15,34.73,19838803935000.0,107253666.0,1559647592038.59
7070,North America,2492,MEX,Mexico,2007,64.3,84.9,61.3,78.2,93.6,59.5,70.5,65.5,68.9,28.1,19.9,77.5,79.6,82.9,59.6,52.8,58.6,51.4,37,20,25,23,10,34.66,20251027288000.0,108774360.0,1635081164095.23
7071,North America,2493,MEX,Mexico,2008,65.0,84.9,61.6,78.1,93.7,59.7,70.8,65.4,68.7,28.5,18.5,77.7,79.7,82.8,63.0,56.3,56.7,58.9,40,35,18,42,15,34.58,20442061683000.0,110374288.0,1730732432768.21
7072,North America,2494,MEX,Mexico,2009,65.3,84.9,60.7,78.6,94.4,62.7,71.4,65.2,67.9,29.4,18.5,78.2,80.3,83.1,64.4,56.9,55.5,57.4,35,35,20,20,5,34.51,19155182679000.0,111999721.0,1701569666080.89
7073,North America,2495,MEX,Mexico,2010,65.6,84.9,61.1,79.4,94.5,63.2,71.5,66.5,67.9,30.6,22.3,76.1,79.7,83.4,64.0,57.0,56.0,57.7,35,40,42,38,15,34.44,20107450899000.0,113623895.0,1807626674476.17
7074,North America,2496,MEX,Mexico,2011,65.4,85.8,59.8,80.1,94.5,62.9,71.8,66.5,68.0,32.7,22.3,75.0,79.4,82.0,61.3,57.2,53.8,58.4,40,40,28,25,5,34.37,20799960569000.0,115243504.0,1989888022996.96
7075,North America,2497,MEX,Mexico,2012,66.5,86.5,60.9,81.3,94.6,68.0,71.8,66.4,68.1,35.7,20.1,78.9,79.8,83.9,62.4,57.2,55.8,58.4,35,30,40,35,8,34.31,21539027005000.0,116818208.0,2103287718922.75
7076,North America,2498,MEX,Mexico,2013,66.7,85.9,60.6,79.8,94.9,71.5,72.2,66.6,68.1,36.5,20.1,78.4,79.9,83.8,64.1,57.2,55.9,58.0,40,20,28,35,10,34.25,21722561388000.0,118343573.0,2150334057847.95
7077,North America,2499,MEX,Mexico,2014,67.1,85.4,62.6,79.6,95.1,71.7,72.3,67.0,70.0,38.9,20.1,78.0,80.2,84.0,64.2,57.1,55.7,58.2,40,40,30,30,5,34.18,22266442951000.0,119784261.0,2254435513052.44
7078,North America,2500,MEX,Mexico,2015,66.8,85.9,61.9,79.3,96.7,73.8,72.5,67.1,68.1,42.2,20.1,77.2,80.4,84.8,59.4,57.0,51.1,58.8,35,30,30,41,5,34.12,22868154260000.0,121072306.0,2309495216430.19
7079,North America,2501,MEX,Mexico,2016,67.4,86.5,60.4,81.2,97.7,74.1,72.7,67.2,68.4,42.8,21.5,79.8,80.1,85.5,61.1,57.2,51.6,58.7,45,30,34,37,7,34.06,23273490747000.0,122251351.0,2457812552694.79
7080,North America,2502,MEX,Mexico,2017,68.0,87.7,60.6,78.5,98.0,74.1,72.9,68.1,69.5,49.3,21.5,80.7,79.8,85.1,62.7,57.1,48.7,60.9,35,45,33,35,15,33.99,23709107316000.0,123400057.0,2528308608734.21
7081,North America,2503,MEX,Mexico,2018,69.1,88.6,60.8,79.7,96.4,78.4,70.6,68.5,69.6,50.1,37.3,81.7,79.8,85.8,64.6,55.7,48.6,59.0,35,45,34,32,5,33.92,24176670372000.0,124573711.0,2606266095020.21
7082,North America,2504,MEX,Mexico,2019,69.1,87.4,61.5,78.0,96.1,79.2,70.7,68.6,68.9,54.1,37.3,82.9,79.6,85.9,62.5,55.6,47.7,59.1,40,55,45,40,5,33.86,24081730883000.0,125762982.0,2636530051952.24
7083,North America,2505,MEX,Mexico,2020,69.1,84.7,61.0,77.2,96.0,79.1,71.0,68.6,68.1,56.3,38.2,81.7,79.6,87.0,62.6,55.5,47.2,60.4,35,45,35,42,5,33.79,22069934761000.0,126799054.0,2454084724796.82
7084,North America,2506,MEX,Mexico,2021,69.4,85.9,61.1,78.0,96.0,80.2,71.0,68.6,68.0,57.9,38.2,80.5,81.7,86.8,62.6,55.4,47.5,60.8,38,45,33,45,10,,23404831114000.0,127648148.0,2652858835981.85
7085,North America,2507,MEX,Mexico,2022,69.7,86.3,61.1,79.7,96.0,80.6,71.0,68.6,68.4,57.9,38.2,83.4,81.7,86.8,62.6,55.4,46.7,60.6,37,45,32,42,25,,24273381806000.0,128613117.0,3006940450744.82
7109,Europe,2531,MDA,Moldova,2000,68.5,94.9,51.0,65.0,99.7,60.0,65.0,64.5,64.6,18.2,67.2,75.2,81.4,93.1,0.0,74.8,57.0,64.8,20,30,15,30,5,10.47,74131264000.0,2924668.0,8904650398.77968
7110,Europe,2532,MDA,Moldova,2001,68.6,94.9,53.0,65.4,99.7,62.7,66.9,65.4,65.3,18.1,61.0,75.3,81.1,93.0,0.0,75.5,57.1,62.6,30,45,20,20,5,10.57,78653271400.0,2918135.0,9660570036.99826
7111,Europe,2533,MDA,Moldova,2002,69.6,94.9,52.6,66.1,99.7,63.0,67.2,66.0,65.6,18.4,69.7,76.2,79.2,92.8,0.0,76.7,57.1,67.8,25,38,20,30,8,10.66,84788226300.0,2911385.0,10575928938.2429
7112,Europe,2534,MDA,Moldova,2003,69.9,94.9,51.4,66.5,99.7,63.2,67.4,67.1,64.9,19.0,73.1,76.4,78.2,92.7,0.0,77.1,57.6,68.7,20,35,18,20,10,10.75,90384249200.0,2903198.0,11496523303.8137
7113,Europe,2535,MDA,Moldova,2004,70.8,94.9,53.5,66.3,99.7,65.0,67.5,67.0,64.7,19.4,72.5,77.4,79.4,92.6,0.0,78.3,57.8,76.2,25,28,15,22,10,10.84,97072683400.0,2896023.0,12679294796.6797
7114,Europe,2536,MDA,Moldova,2005,71.1,94.9,52.7,67.0,99.8,68.3,67.6,67.2,65.2,20.5,67.8,77.6,81.2,92.4,0.0,78.9,57.9,78.8,25,40,20,30,15,10.93,104353134800.0,2888985.0,14057611967.2539
7115,Europe,2537,MDA,Moldova,2006,71.8,94.9,52.4,67.2,99.8,68.5,67.8,68.7,65.1,21.2,71.5,78.5,81.3,92.4,0.0,79.6,58.3,81.0,28,43,20,20,8,11.02,109362085100.0,2880967.0,15186699782.3818
7116,Europe,2538,MDA,Moldova,2007,71.9,94.9,47.2,66.3,99.8,68.7,67.9,69.1,66.4,21.8,75.0,77.0,81.2,92.3,0.0,80.4,57.8,83.8,20,41,25,25,10,11.12,112642947900.0,2874299.0,16066091172.2185
7117,Europe,2539,MDA,Moldova,2008,72.5,94.9,54.4,67.9,99.8,68.9,67.9,69.8,66.9,22.2,74.1,76.4,81.4,92.2,0.0,81.4,57.9,83.2,20,44,34,20,15,11.21,121429098000.0,2868833.0,17652937905.4215
7118,Europe,2540,MDA,Moldova,2009,73.0,94.9,50.6,67.9,99.8,70.2,68.1,70.4,65.6,23.1,81.1,78.2,81.7,92.5,0.0,82.7,57.4,84.3,5,40,18,25,7,11.3,114143351800.0,2865213.0,16696108705.5972
7119,Europe,2541,MDA,Moldova,2010,73.1,94.9,51.5,70.2,99.8,67.7,68.3,77.8,65.1,22.8,83.1,77.5,81.3,92.3,0.0,83.1,58.9,74.4,25,38,30,22,5,11.39,122247529900.0,2862354.0,18098844324.1062
7120,Europe,2542,MDA,Moldova,2011,73.9,96.3,52.1,71.6,99.8,68.2,68.5,78.1,65.4,28.1,88.0,77.8,80.5,91.5,0.0,83.8,59.7,72.4,28,40,20,20,10,11.46,129360094300.0,2860699.0,19546989102.1386
7121,Europe,2543,MDA,Moldova,2012,74.9,97.3,52.3,72.2,99.8,68.6,68.6,79.3,66.1,32.2,92.5,80.0,81.5,92.2,0.0,84.3,58.8,72.9,30,43,20,35,7,11.53,128597213900.0,2860324.0,20750685232.971
7122,Europe,2544,MDA,Moldova,2013,75.1,98.1,55.8,72.8,99.8,67.9,68.7,79.3,66.3,33.0,94.3,79.0,80.8,91.8,0.0,84.8,58.8,69.6,25,35,10,30,8,11.61,140227373100.0,2859558.0,23541379306.0256
7123,Europe,2545,MDA,Moldova,2014,76.0,98.5,58.6,72.9,99.8,66.8,68.9,80.4,67.1,34.8,98.6,79.7,80.5,92.1,0.0,87.1,59.6,71.2,25,45,25,20,10,11.68,147238217100.0,2857815.0,24700278843.524
7124,Europe,2546,MDA,Moldova,2015,76.1,98.4,54.5,74.1,99.4,68.9,69.1,81.0,67.6,35.5,98.1,79.3,80.8,93.0,0.0,87.9,59.3,70.2,35,38,24,25,8,11.75,146740205000.0,2835978.0,26084243383.8688
7125,Europe,2547,MDA,Moldova,2016,76.3,98.4,58.6,74.2,98.7,68.7,69.4,81.3,68.0,35.4,98.7,81.0,80.2,92.9,0.0,88.2,58.3,68.7,30,38,17,35,10,11.75,153557776000.0,2803186.0,28945251498.7153
7126,Europe,2548,MDA,Moldova,2017,76.9,98.5,59.8,75.0,99.1,68.9,69.6,81.0,70.0,36.8,100.0,83.9,79.8,92.1,0.0,89.2,57.0,69.3,25,44,22,35,7,11.75,159969753000.0,2755189.0,31001699470.1457
7127,Europe,2549,MDA,Moldova,2018,77.1,98.6,59.6,76.6,99.3,68.5,69.9,80.2,71.2,35.1,99.9,83.4,79.2,90.7,0.0,89.2,60.7,71.9,30,38,20,32,12,11.75,166489473000.0,2707203.0,32129614587.5903
7128,Europe,2550,MDA,Moldova,2019,77.5,98.6,60.1,77.7,98.6,69.6,70.1,79.0,69.9,37.5,99.6,83.7,79.1,90.7,0.0,89.2,63.2,73.9,30,38,35,28,10,11.75,172403702000.0,2664224.0,35735831415.9353
7129,Europe,2551,MDA,Moldova,2020,77.7,98.5,55.4,76.9,99.4,68.5,70.4,79.0,70.6,37.8,99.6,85.0,79.1,90.8,0.0,89.2,65.4,77.0,25,45,22,30,15,11.75,158135609000.0,2635130.0,35646566427.3806
7130,Europe,2552,MDA,Moldova,2021,79.1,98.7,63.0,77.1,99.6,75.5,70.4,79.0,75.3,40.2,99.6,84.2,79.1,90.6,0.0,89.3,66.1,77.4,30,43,32,32,10,,180163899000.0,2595809.0,40707659297.2633
7131,Europe,2553,MDA,Moldova,2022,78.6,98.7,63.0,76.6,99.6,76.8,70.4,79.0,75.9,40.2,99.6,87.5,79.1,90.6,0.0,89.3,68.1,77.2,35,44,20,30,7,,171876359646.0,2528654.0,41603848485.6981
7155,Asia,2577,MNG,Mongolia,2000,59.7,87.6,29.7,51.7,82.9,68.6,52.0,35.1,69.9,11.0,81.5,46.6,67.1,73.4,0.0,71.7,58.5,67.5,15,25,12,20,12,9.18,7521160521400.0,2388299.0,8931513813.70697
7156,Asia,2578,MNG,Mongolia,2001,59.9,87.6,29.6,52.7,84.9,68.9,52.6,35.9,69.8,11.3,81.5,46.4,67.1,73.2,0.0,71.7,58.5,67.2,15,40,15,25,5,9.18,7743238621100.0,2417751.0,9402283756.13045
7157,Asia,2579,MNG,Mongolia,2002,60.4,87.6,29.7,52.2,87.9,69.3,53.3,36.2,69.8,11.2,81.5,47.3,66.8,73.0,0.0,71.7,58.5,69.5,10,30,10,35,10,9.17,8109724437600.0,2449027.0,10000318210.221
7158,Asia,2580,MNG,Mongolia,2003,60.7,87.6,30.1,55.1,84.5,69.4,53.9,38.0,69.4,11.4,81.5,47.2,67.3,73.2,0.0,71.9,58.5,72.8,15,40,15,24,7,9.17,8677780999400.0,2480374.0,10912071503.1922
7159,Asia,2581,MNG,Mongolia,2004,61.0,87.6,35.8,54.6,89.1,67.5,54.7,37.6,69.4,11.5,81.5,48.1,67.2,72.9,0.0,71.9,58.6,67.8,20,28,20,30,5,9.16,9599830458900.0,2508412.0,12396137238.0265
7160,Asia,2582,MNG,Mongolia,2005,61.1,87.6,34.0,54.7,91.0,67.4,55.5,41.4,69.3,11.4,81.5,47.4,67.0,72.9,0.0,71.9,58.2,67.1,15,20,14,20,5,9.16,10296170043000.0,2536407.0,13712180012.9917
7161,Asia,2583,MNG,Mongolia,2006,61.9,87.6,36.3,55.4,95.2,67.4,56.2,38.5,69.2,11.3,81.5,48.4,67.2,72.5,0.0,71.9,58.5,73.7,10,20,10,30,15,9.15,11177134529000.0,2567168.0,15344468578.7749
7162,Asia,2584,MNG,Mongolia,2007,61.3,87.6,37.2,55.1,95.8,67.4,57.0,36.6,69.2,12.9,70.0,48.2,67.0,70.8,0.0,71.8,58.9,74.9,10,35,20,25,10,9.15,12322569104000.0,2601850.0,17375296734.5742
7163,Asia,2585,MNG,Mongolia,2008,60.8,87.6,39.2,56.1,95.3,63.7,57.8,38.7,70.1,13.4,70.0,41.4,66.8,70.9,0.0,72.1,59.4,69.8,20,30,12,28,10,9.14,13419323094000.0,2643201.0,19286329499.8691
7164,Asia,2586,MNG,Mongolia,2009,60.7,87.6,40.7,56.8,95.4,63.6,58.5,38.5,69.9,13.4,70.0,41.2,67.1,70.3,0.0,72.1,59.4,67.0,20,20,18,22,12,9.14,13249085704000.0,2691115.0,19159108635.8796
7165,Asia,2587,MNG,Mongolia,2010,62.3,87.6,44.7,59.7,98.2,61.8,59.3,38.0,69.5,13.2,79.9,47.0,66.9,70.0,0.0,73.1,60.3,66.9,20,25,18,35,5,9.13,14092411430000.0,2738622.0,20626275493.887
7166,Asia,2588,MNG,Mongolia,2011,61.5,91.1,45.4,60.4,98.9,61.8,59.9,29.8,70.4,14.9,77.1,45.8,66.1,61.9,0.0,73.0,60.8,66.0,20,37,20,42,12,9.13,16529098947000.0,2786317.0,24691841190.0464
7167,Asia,2589,MNG,Mongolia,2012,61.6,93.8,46.1,60.2,94.5,67.4,60.4,30.1,70.9,17.6,77.5,47.2,66.1,53.8,0.0,73.1,61.6,66.1,30,28,18,35,8,9.13,18565454160000.0,2839705.0,28827895153.548
7168,Asia,2590,MNG,Mongolia,2013,61.7,95.5,46.5,59.9,95.2,65.8,60.9,29.7,70.7,21.1,77.5,48.4,66.1,49.8,0.0,73.1,60.2,66.6,20,30,20,35,10,9.13,20728128355000.0,2899011.0,30272589127.4882
7169,Asia,2591,MNG,Mongolia,2014,63.6,95.8,46.4,59.4,96.5,65.8,61.5,31.9,72.6,24.2,83.3,52.6,66.3,60.2,0.0,73.1,63.2,65.0,30,20,25,35,10,9.13,22362588014000.0,2963113.0,32298614756.1739
7170,Asia,2592,MNG,Mongolia,2015,63.9,95.2,44.6,62.3,94.7,65.4,62.0,38.6,71.0,26.9,83.3,48.2,66.7,65.4,0.0,73.1,63.2,61.3,25,30,20,50,10,9.13,22894780891000.0,3026864.0,31655860016.5362
7171,Asia,2593,MNG,Mongolia,2016,64.3,93.2,46.2,63.3,95.1,66.7,62.6,38.1,69.7,26.3,82.1,56.4,66.6,64.9,0.0,73.0,63.7,61.4,30,32,35,35,15,9.13,23235863785000.0,3088856.0,32468148776.2369
7172,Asia,2594,MNG,Mongolia,2017,64.0,93.1,45.8,62.9,96.9,67.0,63.1,34.5,71.4,26.6,82.1,54.8,66.3,59.9,0.0,73.9,61.2,64.9,30,20,25,45,10,9.12,24545640704000.0,3148917.0,34940501306.6572
7173,Asia,2595,MNG,Mongolia,2018,65.0,94.1,47.6,63.2,96.7,64.8,63.7,37.1,71.7,30.9,81.1,55.5,66.1,53.1,0.0,73.9,62.1,77.7,30,30,25,55,20,9.12,26446671274000.0,3208189.0,39516811632.4633
7174,Asia,2596,MNG,Mongolia,2019,65.5,94.8,48.1,63.6,95.9,65.6,64.3,36.5,71.6,34.1,81.1,52.7,67.9,52.6,0.0,75.0,60.9,83.1,30,20,20,42,15,9.12,27928278387000.0,3267673.0,44456622358.2437
7175,Asia,2597,MNG,Mongolia,2020,64.9,94.9,48.3,64.3,94.9,65.2,64.9,37.2,71.3,36.6,81.1,47.9,67.9,51.9,0.0,75.0,64.1,73.0,30,20,30,30,5,9.12,26655376727000.0,3327204.0,45560002626.38
7176,Asia,2598,MNG,Mongolia,2021,64.9,93.8,48.8,63.8,94.6,64.7,64.9,37.2,71.5,39.8,81.1,47.9,67.9,52.0,0.0,75.0,61.2,73.7,25,20,28,30,15,,27091663824000.0,3383741.0,50053145881.8599
7177,Asia,2599,MNG,Mongolia,2022,64.7,94.6,48.9,64.0,94.6,65.0,64.9,37.2,70.9,39.8,81.1,50.4,67.9,52.0,0.0,74.9,59.3,73.7,25,38,35,35,5,,28455108600000.0,3433748.0,56320298556.3279
7178,Europe,2600,MNE,Montenegro,2000,65.3,98.7,50.2,74.3,79.5,46.9,60.5,85.0,47.1,30.7,46.5,72.3,72.0,93.8,46.5,55.6,74.0,77.0,15,25,15,18,10,46.54,2260949700.0,604950.0,3631258599.91848
7179,Europe,2601,MNE,Montenegro,2001,65.2,98.7,50.6,73.1,79.5,46.9,60.5,85.0,47.1,31.2,46.5,72.3,72.0,93.2,45.9,55.4,74.0,77.0,10,30,20,30,5,48.04,2285816500.0,607389.0,4113413348.12626
7180,Europe,2602,MNE,Montenegro,2002,65.4,98.7,50.2,74.1,79.5,46.9,60.5,85.0,47.1,31.1,46.5,72.3,72.0,92.8,48.3,55.3,74.0,77.0,10,25,20,35,10,49.53,2329337000.0,609828.0,4329965621.89005
7181,Europe,2603,MNE,Montenegro,2003,65.2,98.7,50.9,74.1,79.5,46.9,60.5,84.9,47.1,31.3,46.5,72.3,72.0,92.3,45.7,55.2,74.0,77.0,10,35,15,38,7,51.03,2387166500.0,612267.0,4494822527.20132
7182,Europe,2604,MNE,Montenegro,2004,65.2,98.7,51.5,74.0,79.5,47.2,60.5,84.8,47.1,32.0,46.5,72.5,72.0,91.7,46.3,55.1,72.8,77.0,40,40,15,25,8,52.52,2492823700.0,613353.0,4810225521.14074
7183,Europe,2605,MNE,Montenegro,2005,65.3,98.7,50.8,74.5,79.5,47.4,60.5,84.7,47.1,32.5,46.5,72.5,72.0,92.8,46.2,54.9,72.5,77.0,30,40,15,20,10,54.01,2597038800.0,614261.0,5106753520.03374
7184,Europe,2606,MNE,Montenegro,2006,65.1,98.7,50.8,74.0,79.5,47.7,60.5,83.1,48.0,34.3,46.5,72.8,72.0,91.6,44.7,54.8,70.8,77.0,28,40,35,18,7,55.51,2819512000.0,615025.0,6432338873.40274
7185,Europe,2607,MNE,Montenegro,2007,65.3,98.7,49.4,74.1,77.5,49.2,60.9,80.7,53.5,34.4,46.5,72.8,72.0,91.6,45.5,54.7,72.2,77.0,30,35,18,20,5,57.0,3011525000.0,615875.0,7675162436.73665
7186,Europe,2608,MNE,Montenegro,2008,65.7,98.7,52.9,74.7,77.4,49.4,61.2,79.0,55.7,35.4,46.5,75.5,72.0,89.4,46.2,54.5,71.3,77.0,33,45,20,35,10,58.5,3229040000.0,616969.0,8524397177.40852
7187,Europe,2609,MNE,Montenegro,2009,66.6,98.7,52.9,74.2,77.4,49.7,61.5,85.2,53.8,36.1,46.5,80.3,72.0,93.1,48.0,54.4,71.6,77.0,32,5,20,40,10,59.99,3041914000.0,618294.0,8051275761.36077
7188,Europe,2610,MNE,Montenegro,2010,66.9,98.7,52.7,76.8,77.4,49.9,61.9,85.1,53.2,38.2,46.5,79.6,72.0,90.2,47.8,54.3,75.2,77.0,30,40,33,44,10,61.49,3125090000.0,619428.0,8445094799.15719
7189,Europe,2611,MNE,Montenegro,2011,66.5,98.5,51.8,78.5,78.6,50.8,62.2,80.2,53.1,36.4,46.5,74.2,72.0,90.2,49.1,54.2,77.1,77.0,30,40,25,40,10,61.49,3225982000.0,620345.0,8974061691.25466
7190,Europe,2612,MNE,Montenegro,2012,67.2,97.4,50.1,79.2,84.1,53.6,62.6,82.4,53.1,39.5,46.5,75.9,72.0,91.0,48.2,54.0,76.2,77.0,30,30,30,50,10,61.49,3138113000.0,621418.0,8603961075.27901
7191,Europe,2613,MNE,Montenegro,2013,68.6,97.2,54.6,77.9,84.1,53.7,62.9,85.0,53.3,42.0,57.4,76.0,72.0,91.3,49.8,53.9,77.8,77.0,35,45,20,37,8,61.49,3249484000.0,622587.0,9237464633.33886
7192,Europe,2614,MNE,Montenegro,2014,68.6,98.6,51.7,77.3,84.1,54.8,63.2,82.2,57.3,47.8,58.7,72.9,72.0,91.5,44.6,53.8,77.0,79.5,35,45,25,35,10,61.49,3307445000.0,623744.0,9557935799.12194
7193,Europe,2615,MNE,Montenegro,2015,68.2,98.7,51.0,76.4,81.8,55.6,63.6,81.1,57.8,52.2,57.5,77.1,72.0,90.9,36.6,53.6,77.0,76.3,35,40,35,45,10,61.49,3419580000.0,624651.0,10164312427.4335
7194,Europe,2616,MNE,Montenegro,2016,68.2,98.7,51.2,74.3,81.4,58.3,63.9,82.0,57.7,49.1,59.9,76.3,71.5,91.8,37.4,53.5,75.9,76.3,25,35,10,35,10,61.49,3520433000.0,625353.0,11325280166.464
7195,Europe,2617,MNE,Montenegro,2017,69.6,98.8,51.1,76.4,85.9,58.3,64.3,78.2,61.6,51.3,66.5,76.3,71.0,91.5,45.8,53.3,76.1,77.7,30,25,25,55,7,61.49,3686473000.0,625982.0,12249532194.1161
7196,Europe,2618,MNE,Montenegro,2018,69.8,98.8,51.7,75.4,87.4,55.1,64.8,80.4,62.5,56.0,66.7,74.3,70.4,90.3,45.2,53.2,75.4,79.8,38,45,18,40,5,61.49,3873668000.0,626438.0,13385900703.3676
7197,Europe,2619,MNE,Montenegro,2019,70.8,98.9,51.4,75.2,87.6,58.4,65.0,79.0,62.5,58.3,66.7,77.3,69.9,89.9,51.5,54.7,76.4,80.8,30,40,40,35,15,61.49,4031053000.0,626753.0,15015922356.5618
7198,Europe,2620,MNE,Montenegro,2020,70.7,98.8,51.6,75.8,90.2,55.3,65.2,79.1,59.8,61.0,66.7,73.1,69.9,90.0,52.1,54.6,76.0,83.5,5,20,30,20,10,61.49,3414024000.0,626590.0,13050296519.1466
7199,Europe,2621,MNE,Montenegro,2021,71.2,98.8,51.7,75.8,88.2,56.7,65.2,79.1,60.8,61.9,66.7,73.1,70.4,92.8,52.1,54.5,76.2,86.4,20,40,30,35,10,,3859331000.0,625053.0,14903409289.4305
7200,Europe,2622,MNE,Montenegro,2022,71.4,98.9,51.8,75.7,88.2,56.9,65.2,79.1,61.6,61.6,66.7,74.7,70.4,92.8,52.1,54.3,78.5,85.7,35,40,30,40,10,,4106586000.0,623591.0,17209273854.0872
7201,Africa,2623,MAR,Morocco,2000,58.9,81.3,51.3,56.3,42.4,25.7,47.6,56.4,69.2,25.4,50.0,64.3,91.6,95.5,61.7,65.7,60.5,56.9,30,35,18,55,15,12.34,531510215000.0,28423435.0,112779237887.046
7202,Africa,2624,MAR,Morocco,2001,59.5,81.3,54.3,57.1,44.3,26.0,47.0,57.8,69.8,25.4,50.0,64.3,91.4,95.4,63.7,65.7,60.4,57.1,40,30,20,35,5,12.38,572552504700.0,28814643.0,124223383245.658
7203,Africa,2625,MAR,Morocco,2002,60.0,81.3,54.6,57.0,46.7,31.1,46.5,58.9,70.3,25.1,50.0,65.0,91.4,95.4,63.8,65.6,60.5,57.2,20,30,20,38,15,12.41,593909843200.0,29198142.0,130859594015.688
7204,Africa,2626,MAR,Morocco,2003,60.5,81.3,57.5,57.0,47.9,31.3,47.8,60.8,70.1,25.7,50.0,65.0,91.6,95.4,64.6,65.6,60.4,56.2,35,30,20,50,10,12.45,630560626300.0,29571415.0,141678088816.729
7205,Africa,2627,MAR,Morocco,2004,61.3,81.3,58.1,58.8,48.3,31.6,49.1,62.2,70.7,26.9,50.0,65.7,91.5,95.1,66.6,68.4,60.5,56.8,30,40,30,35,15,12.49,659385949700.0,29953018.0,152138743419.188
7206,Africa,2628,MAR,Morocco,2005,61.5,81.3,53.2,60.6,48.7,31.8,50.4,61.7,70.6,27.4,50.0,65.7,91.1,95.0,68.4,69.8,60.5,58.7,40,40,20,40,30,12.53,680435195900.0,30358144.0,161917911223.132
7207,Africa,2629,MAR,Morocco,2006,62.3,81.3,57.6,60.9,51.0,32.1,51.7,66.2,71.4,28.0,48.7,66.4,91.1,95.0,67.0,70.0,60.5,60.6,35,25,18,50,40,12.56,733446677300.0,30771178.0,179914946048.65
7208,Africa,2630,MAR,Morocco,2007,62.2,81.3,51.5,61.3,53.1,32.2,53.0,61.6,71.4,28.3,48.7,66.4,91.0,94.9,67.4,69.9,61.7,62.8,35,35,25,55,30,12.6,758685074500.0,31186468.0,191148032271.176
7209,Africa,2631,MAR,Morocco,2008,63.0,81.3,54.2,61.9,57.6,32.5,54.3,61.5,71.4,30.1,48.7,67.1,90.8,94.8,68.3,69.9,61.5,65.6,35,32,32,40,20,12.64,801812826200.0,31606767.0,205906139147.141
7210,Africa,2632,MAR,Morocco,2009,63.6,81.3,59.0,61.9,59.4,32.8,55.6,62.7,71.7,31.5,48.7,67.1,91.1,94.8,68.2,69.9,61.2,63.7,38,37,25,50,10,12.68,831846885700.0,32030778.0,214936468528.659
7211,Africa,2633,MAR,Morocco,2010,64.2,81.3,56.8,64.9,61.4,33.6,56.8,65.7,71.7,34.0,48.7,68.4,91.0,94.7,68.3,69.9,61.8,62.4,30,30,25,55,20,12.71,860957842400.0,32467016.0,225161798971.022
7212,Africa,2634,MAR,Morocco,2011,65.4,83.5,63.7,67.0,63.5,37.7,57.5,65.7,71.7,33.7,48.7,68.4,91.0,94.7,68.5,69.8,63.0,62.9,38,35,28,40,15,12.72,908522708800.0,32912588.0,242503162218.145
7213,Africa,2635,MAR,Morocco,2012,66.0,84.8,60.6,67.6,67.7,38.4,58.2,66.4,71.7,35.5,48.7,72.5,91.1,94.7,69.0,69.8,60.6,65.2,35,38,40,52,10,12.72,936344796600.0,33355241.0,246970051910.011
7214,Africa,2636,MAR,Morocco,2013,67.1,85.7,63.9,68.0,70.2,39.8,58.9,67.6,71.6,36.4,53.9,73.0,91.1,94.7,68.8,69.8,62.2,64.5,40,45,35,45,15,12.73,974942922300.0,33787571.0,258279124276.737
7215,Africa,2637,MAR,Morocco,2014,67.7,92.5,62.2,68.5,72.1,40.5,59.6,66.0,71.3,38.4,53.9,76.5,91.0,94.8,69.1,69.7,62.5,61.7,30,38,32,55,20,12.73,1001454000000.0,34204780.0,250969666045.261
7216,Africa,2638,MAR,Morocco,2015,67.7,92.7,65.3,69.9,65.7,41.0,60.2,68.0,70.6,40.3,53.9,75.5,91.3,95.0,69.3,69.7,63.1,58.6,35,38,28,48,30,12.74,1044963000000.0,34607588.0,273699865546.218
7217,Africa,2639,MAR,Morocco,2016,67.3,92.8,59.7,70.5,63.3,42.9,60.9,68.5,70.7,37.4,53.9,75.6,91.4,94.9,69.5,69.6,63.3,59.8,44,38,28,60,40,12.76,1050409195700.0,35023457.0,278969225512.902
7218,Africa,2640,MAR,Morocco,2017,68.3,93.3,63.3,71.6,66.4,43.5,61.5,68.8,68.6,43.8,53.9,75.5,91.2,94.9,69.4,69.6,67.7,58.9,42,40,32,55,20,12.79,1103537823100.0,35446392.0,291813531443.919
7219,Africa,2641,MAR,Morocco,2018,69.4,93.5,64.6,72.5,68.9,43.1,62.2,69.0,69.1,45.2,53.9,75.7,91.0,94.5,71.7,77.3,67.6,60.7,46,35,30,45,20,12.82,1137368334700.0,35839760.0,283691175471.346
7220,Africa,2642,MAR,Morocco,2019,70.0,93.7,63.2,73.6,74.5,43.6,62.8,69.8,69.0,51.0,53.9,73.0,90.9,94.2,71.7,77.3,66.0,61.3,38,32,35,58,40,12.84,1170249366200.0,36210898.0,295693593669.819
7221,Africa,2643,MAR,Morocco,2020,70.5,92.4,61.6,73.3,78.5,43.6,63.5,70.0,67.4,52.6,53.9,75.4,90.9,94.5,71.8,77.3,65.2,67.1,38,28,25,55,30,12.87,1086246439100.0,36584208.0,286108585852.483
7222,Africa,2644,MAR,Morocco,2021,70.9,89.7,64.6,74.2,78.6,43.4,63.5,70.0,69.1,54.3,53.9,75.0,91.3,94.2,71.9,76.7,64.4,70.5,38,40,20,60,40,,1174827000000.0,36954442.0,323485096796.555
7223,Africa,2645,MAR,Morocco,2022,70.9,90.4,64.7,73.1,78.6,43.8,63.5,70.0,69.1,55.1,53.9,76.2,91.3,94.2,71.9,76.7,62.3,70.2,43,30,25,50,5,,1192769000000.0,37329064.0,351840396847.175
7224,Africa,2646,MOZ,Mozambique,2000,43.4,0.0,49.0,18.0,12.5,51.5,40.8,24.5,66.8,7.9,22.5,47.2,97.3,98.9,51.5,57.0,46.9,45.2,25,60,25,18,7,52.38,274119156100.0,18129653.0,8556603915.91784
7225,Africa,2647,MOZ,Mozambique,2001,43.8,0.0,49.8,18.8,15.7,52.0,40.9,26.7,66.8,7.9,22.5,47.2,97.5,98.9,51.3,56.9,46.9,45.5,10,40,15,20,15,52.09,309348078400.0,18537729.0,9873700733.75349
7226,Africa,2648,MOZ,Mozambique,2002,44.0,0.0,49.4,19.5,12.5,52.4,41.2,26.8,66.8,7.9,22.5,48.5,97.0,98.9,51.5,61.2,47.0,45.3,20,60,15,20,8,51.81,339257413900.0,18958338.0,10996611842.248
7227,Africa,2649,MOZ,Mozambique,2003,44.7,0.0,52.9,20.2,12.5,52.8,41.5,27.5,66.7,7.9,22.5,48.8,97.4,98.9,50.4,66.6,47.1,45.3,10,40,12,25,10,51.53,363743999200.0,19392475.0,12023092301.2085
7228,Africa,2650,MOZ,Mozambique,2004,45.6,0.0,52.8,20.3,22.0,55.6,41.7,28.8,66.7,8.0,22.5,50.1,97.5,98.9,50.2,67.5,47.0,46.1,30,30,18,15,10,51.25,393588121100.0,19840313.0,13359389787.8221
7229,Africa,2651,MOZ,Mozambique,2005,46.0,0.0,51.8,20.5,25.7,56.0,42.0,29.4,66.7,8.0,22.5,50.4,97.6,98.9,49.4,67.3,47.3,47.8,30,35,12,33,7,50.97,418431496900.0,20304569.0,14647954897.7931
7230,Africa,2652,MOZ,Mozambique,2006,46.4,0.0,53.2,20.8,28.5,56.5,42.3,29.9,66.7,8.1,22.5,51.6,97.8,98.9,49.4,67.2,47.9,47.1,20,45,18,23,8,50.69,459900893400.0,20787087.0,16596153907.0126
7231,Africa,2653,MOZ,Mozambique,2007,47.2,0.0,53.7,21.8,32.2,57.1,42.6,32.3,66.6,8.1,22.5,57.6,98.0,98.9,49.9,67.0,46.8,47.1,35,55,20,22,10,50.4,495080340500.0,21287635.0,18349679164.7403
7232,Africa,2654,MOZ,Mozambique,2008,47.5,0.0,53.8,22.7,34.6,57.6,42.9,33.0,66.6,7.1,24.5,54.5,98.0,98.9,52.4,66.9,47.3,47.2,5,38,30,32,8,50.12,529132112000.0,21819036.0,19989637477.8653
7233,Africa,2655,MOZ,Mozambique,2009,48.5,0.0,56.6,23.2,39.2,60.3,43.2,33.4,66.6,7.2,24.5,54.8,98.1,98.9,56.6,66.8,47.7,47.3,25,43,15,25,15,49.84,560504206100.0,22391745.0,21305419651.8896
7234,Africa,2656,MOZ,Mozambique,2010,49.0,0.0,57.6,23.8,40.7,59.7,43.5,35.4,66.6,8.3,24.5,56.1,98.0,98.9,54.0,66.6,47.7,50.7,20,40,20,22,15,49.56,597944370100.0,22999235.0,23004781234.8117
7235,Africa,2657,MOZ,Mozambique,2011,48.5,0.0,57.0,25.4,39.7,57.4,44.5,35.4,66.5,8.4,24.5,46.6,98.0,98.6,57.3,66.5,46.0,53.4,30,60,12,25,10,49.3,640602070800.0,23649039.0,25154428816.7064
7236,Africa,2658,MOZ,Mozambique,2012,49.4,0.5,57.5,26.4,39.9,59.3,45.6,35.5,66.5,8.5,24.5,47.7,97.8,98.1,64.5,67.1,46.0,54.0,35,55,22,30,10,49.03,691815023600.0,24337846.0,26184549692.2646
7237,Africa,2659,MOZ,Mozambique,2013,50.1,1.2,55.1,27.6,40.9,60.8,46.7,35.4,66.5,8.7,24.5,48.2,97.7,98.0,65.5,66.9,50.7,57.9,25,60,20,20,15,48.77,737277052200.0,25051611.0,27901295071.5242
7238,Africa,2660,MOZ,Mozambique,2014,49.8,1.5,53.0,28.2,41.3,62.4,47.8,35.0,66.4,9.6,12.7,49.7,97.7,97.5,64.7,66.7,50.5,62.4,25,60,15,24,15,48.51,794066321800.0,25788475.0,30064933093.9697
7239,Africa,2661,MOZ,Mozambique,2015,51.5,1.3,53.5,30.7,44.6,69.9,48.9,35.2,66.4,15.6,12.7,56.8,97.9,98.0,68.0,66.6,51.5,58.4,30,55,30,40,15,48.25,852772389000.0,26547572.0,34986722839.8131
7240,Africa,2662,MOZ,Mozambique,2016,51.3,2.2,52.9,31.2,44.1,66.5,50.0,34.7,66.4,14.6,12.7,58.0,97.9,98.3,69.2,66.4,50.9,55.7,30,60,30,30,10,47.94,892827024900.0,27337105.0,37700803807.9202
7241,Africa,2663,MOZ,Mozambique,2017,51.0,1.7,52.7,32.0,43.6,63.5,51.2,33.7,66.4,13.6,12.7,55.6,98.0,98.4,68.8,66.2,50.6,58.9,30,55,15,25,5,47.64,916381653300.0,28166393.0,36130431041.8671
7242,Africa,2664,MOZ,Mozambique,2018,51.6,2.2,53.3,33.1,46.6,63.4,52.3,35.6,66.4,12.4,12.7,61.1,97.9,98.3,71.0,63.9,49.6,58.1,38,55,20,32,15,47.33,948316931000.0,29018644.0,38466735958.1982
7243,Africa,2665,MOZ,Mozambique,2019,52.7,2.4,53.3,34.7,49.8,64.2,53.5,35.3,66.3,13.4,12.7,63.1,97.9,98.3,72.0,63.7,51.0,64.2,30,58,25,33,15,47.03,970297153100.0,29884380.0,41503339393.0606
7244,Africa,2666,MOZ,Mozambique,2020,52.8,1.3,53.3,34.1,54.1,64.8,54.7,35.6,66.0,13.5,12.7,64.4,97.9,98.3,72.0,63.5,50.2,60.4,35,60,18,35,8,46.73,958464161000.0,30783688.0,43454882038.8104
7245,Africa,2667,MOZ,Mozambique,2021,52.8,2.3,54.1,32.5,55.1,64.9,54.7,35.6,66.8,14.1,12.7,64.8,97.9,98.3,72.0,63.5,48.5,60.4,37,60,18,30,15,,981251030400.0,31707800.0,46205728911.2947
7246,Africa,2668,MOZ,Mozambique,2022,52.7,3.2,54.3,31.7,55.1,65.0,54.7,35.6,66.9,14.1,12.7,62.8,97.9,98.3,72.0,63.1,47.6,60.9,40,55,20,28,10,,1024077248300.0,32656246.0,51660358771.4538
7247,Asia,2669,MMR,Myanmar,2000,51.4,33.9,50.2,37.5,46.6,51.5,54.0,25.9,60.0,9.1,59.9,51.9,96.3,98.7,54.3,50.9,58.7,33.8,75,30,8,18,7,53.39,16496000656200.0,45290841.0,42969607733.0216
7248,Asia,2670,MMR,Myanmar,2001,51.6,33.9,51.4,37.2,47.4,51.9,54.6,26.8,60.0,8.9,59.9,52.4,96.4,98.7,53.7,51.0,58.8,33.8,75,40,8,10,7,52.87,18367306487300.0,45771139.0,48921379074.6035
7249,Asia,2671,MMR,Myanmar,2002,51.8,33.9,52.5,38.1,46.4,52.3,55.3,28.5,60.0,9.3,59.9,52.1,96.4,98.7,53.1,51.1,58.9,34.0,82,40,6,18,10,52.34,20576069396400.0,46232653.0,55656083939.6556
7250,Asia,2672,MMR,Myanmar,2003,52.1,33.9,53.0,39.7,47.6,52.7,56.0,28.0,60.0,9.3,59.9,52.7,96.3,98.7,52.8,51.7,58.9,33.8,80,20,7,15,8,51.82,23424619803800.0,46667192.0,64612058191.0903
7251,Asia,2673,MMR,Myanmar,2004,52.2,33.9,53.3,40.6,48.4,53.0,56.6,26.5,60.0,9.3,59.9,52.3,96.2,98.6,52.4,54.0,58.9,33.8,80,60,6,15,8,51.29,26602090215100.0,47068772.0,75349622677.1439
7252,Asia,2674,MMR,Myanmar,2005,52.4,33.9,55.3,40.0,48.2,53.4,57.3,28.2,60.0,9.4,59.9,51.8,96.2,98.6,52.4,54.0,59.0,33.7,78,65,10,15,7,50.77,30211714541100.0,47438365.0,88256902159.4759
7253,Asia,2675,MMR,Myanmar,2006,52.6,33.9,56.6,41.0,48.6,53.9,58.0,28.3,60.0,9.3,59.9,51.4,96.1,98.6,52.0,53.9,58.9,33.9,80,30,6,15,10,50.24,34162228962900.0,47785135.0,102875055020.123
7254,Asia,2676,MMR,Myanmar,2007,52.8,33.9,57.5,41.7,48.4,54.4,58.7,29.1,60.0,9.4,59.9,52.0,96.0,98.6,51.0,53.7,58.9,33.7,82,70,6,15,15,49.72,38258770525600.0,48125043.0,118332621205.187
7255,Asia,2677,MMR,Myanmar,2008,53.0,33.9,58.9,41.0,48.9,54.9,59.4,32.2,60.0,9.4,59.9,51.7,96.0,98.7,49.6,53.6,58.9,33.7,78,70,8,10,10,49.19,42182324282600.0,48390793.0,132981732362.512
7256,Asia,2678,MMR,Myanmar,2009,53.5,33.9,62.6,44.1,49.4,55.4,60.1,33.2,60.0,9.4,59.9,52.2,95.9,98.7,48.4,53.4,58.9,33.7,85,60,8,14,7,48.67,46632563331400.0,48660459.0,147918054673.649
7257,Asia,2679,MMR,Myanmar,2010,53.7,33.9,63.4,47.6,49.4,55.6,60.9,31.8,60.0,9.4,59.9,51.9,95.8,98.6,48.5,53.7,58.9,33.0,80,50,7,18,10,48.14,51125349410500.0,49024382.0,164139949932.271
7258,Asia,2680,MMR,Myanmar,2011,53.9,35.5,62.7,47.9,49.4,55.0,61.6,34.8,60.0,9.4,59.9,52.4,95.8,98.4,48.8,53.6,58.8,32.9,80,60,8,15,10,47.7,53984014313600.0,49419820.0,176893542391.214
7259,Asia,2681,MMR,Myanmar,2012,55.0,37.4,62.5,48.5,49.4,55.9,62.3,37.4,60.0,10.5,59.9,52.4,95.6,98.4,49.0,53.4,58.6,43.4,75,60,15,30,10,47.26,57942484177300.0,49837446.0,191632597101.832
7260,Asia,2682,MMR,Myanmar,2013,55.5,44.6,63.0,48.0,49.4,52.4,63.1,38.5,59.9,10.5,59.9,54.4,95.4,98.2,49.1,53.4,58.2,45.0,78,68,17,18,15,46.81,62824718488000.0,50262658.0,208269863967.961
7261,Asia,2683,MMR,Myanmar,2014,57.3,51.6,65.0,50.2,54.9,51.8,63.8,37.5,59.9,13.6,59.9,61.6,95.2,98.0,51.3,53.5,59.9,47.2,85,60,15,24,7,46.37,67957439847700.0,50681634.0,221802511725.486
7262,Asia,2684,MMR,Myanmar,2015,58.6,58.2,65.5,51.6,54.9,60.0,64.6,39.3,60.4,17.0,59.9,62.3,95.1,97.8,50.7,53.4,61.0,44.5,80,62,15,15,10,45.92,72709595081600.0,51089056.0,227790290910.88
7263,Asia,2685,MMR,Myanmar,2016,59.2,67.4,66.2,52.6,52.1,57.6,65.3,38.6,60.3,22.2,59.9,64.4,94.9,97.7,50.7,53.3,60.6,42.2,82,40,15,18,10,45.48,76972175400000.0,51495696.0,229647106575.787
7264,Asia,2686,MMR,Myanmar,2017,62.1,74.2,65.7,52.0,54.9,56.9,66.1,43.9,60.9,27.7,87.2,62.1,94.8,97.7,52.3,53.1,61.0,45.7,80,70,15,18,10,45.04,81695271400000.0,51894938.0,244240022243.58
7265,Asia,2687,MMR,Myanmar,2018,62.1,77.2,65.5,54.3,56.3,56.7,66.9,44.0,63.5,26.8,87.2,62.5,94.8,97.6,49.7,52.2,59.3,41.8,82,63,15,15,10,44.59,86816635400000.0,52272247.0,291745887545.292
7266,Asia,2688,MMR,Myanmar,2019,62.6,76.9,65.6,54.9,61.1,56.3,67.7,43.4,62.1,28.0,87.2,63.4,94.7,97.6,47.7,52.1,58.4,47.2,80,60,12,15,25,44.15,92528397400000.0,52640713.0,321180596449.631
7267,Asia,2689,MMR,Myanmar,2020,63.1,77.8,65.6,55.5,61.1,58.2,68.5,44.6,61.8,29.9,87.2,64.3,94.7,97.5,47.7,51.9,57.9,47.8,82,70,15,15,10,43.71,84156106763300.0,53016522.0,304367346941.67
7268,Asia,2690,MMR,Myanmar,2021,60.4,53.9,65.7,49.7,61.1,57.5,68.5,44.6,66.4,30.2,87.2,54.2,94.4,97.5,47.7,52.0,46.8,49.3,85,70,10,5,15,,74043595507500.0,53387102.0,276462287916.21
7269,Asia,2691,MMR,Myanmar,2022,60.4,58.0,65.9,49.8,61.1,57.5,68.5,44.6,66.4,30.2,87.2,55.4,94.4,97.5,47.6,51.6,41.8,50.0,80,70,10,8,40,,77033100815900.0,53756787.0,308130563643.829
7270,Africa,2692,NAM,Namibia,2000,55.1,38.0,47.4,30.7,63.4,68.4,51.8,42.0,66.1,9.9,0.0,74.0,83.2,89.2,68.2,71.4,64.0,69.4,15,30,30,55,10,9.79,72241474000.0,1818647.0,9327139077.13489
7271,Africa,2693,NAM,Namibia,2001,55.1,38.0,47.0,29.5,65.8,68.4,52.0,39.8,65.8,10.1,0.0,74.0,83.4,88.9,67.5,72.8,64.5,68.6,20,30,15,50,5,9.7,73092441500.0,1857048.0,9649500147.86294
7272,Africa,2694,NAM,Namibia,2002,55.5,38.0,46.5,30.9,67.0,68.7,52.2,42.5,65.6,10.1,0.0,74.0,83.1,89.1,69.6,72.8,64.7,69.3,20,40,25,45,5,9.62,76592590900.0,1889970.0,10268715463.4098
7273,Africa,2695,NAM,Namibia,2003,55.3,38.0,45.8,30.9,67.1,69.8,52.4,43.0,65.2,10.3,0.0,74.0,82.3,89.0,68.2,73.9,64.7,65.6,25,37,15,60,5,9.53,79839959200.0,1917464.0,10915420256.8968
7274,Africa,2696,NAM,Namibia,2004,55.5,38.0,46.3,32.4,65.9,69.5,52.7,44.7,65.0,10.3,0.0,74.0,82.5,89.0,68.5,73.9,64.8,65.4,30,33,30,55,15,9.44,89635961400.0,1942082.0,12584232425.9389
7275,Africa,2697,NAM,Namibia,2005,55.9,38.0,45.3,33.5,68.7,70.9,52.9,44.8,64.9,10.6,0.0,74.2,82.5,88.7,69.3,74.9,64.8,66.2,22,40,25,68,7,9.36,91903090300.0,1966582.0,13307073391.6016
7276,Africa,2698,NAM,Namibia,2006,56.3,38.0,45.9,32.1,67.4,73.6,53.2,45.4,65.0,10.6,0.0,74.2,83.4,88.7,67.6,77.7,64.8,68.8,5,45,25,60,5,9.27,98403557000.0,1991888.0,14687700517.5399
7277,Africa,2699,NAM,Namibia,2007,56.4,38.0,45.6,34.4,66.5,73.8,53.4,46.4,65.0,10.7,0.0,74.2,82.6,88.8,63.9,80.4,64.8,70.2,10,40,30,35,7,9.19,103691807600.0,2018600.0,15896336615.0443
7278,Africa,2700,NAM,Namibia,2008,56.0,38.0,44.3,35.8,66.0,73.8,53.6,42.7,64.9,10.6,0.0,74.2,83.0,88.5,60.4,81.6,65.0,69.8,30,40,55,30,8,9.1,106439445600.0,2047056.0,16631951660.7918
7279,Africa,2701,NAM,Namibia,2009,56.6,38.0,43.9,35.3,67.2,73.8,53.9,42.9,64.9,10.9,2.8,74.2,82.3,88.4,66.2,86.0,64.6,67.3,20,38,35,60,5,9.01,106754475400.0,2077394.0,16784063685.0504
7280,Africa,2702,NAM,Namibia,2010,57.2,38.0,44.0,37.9,66.9,72.5,54.1,42.0,65.0,13.5,2.8,74.3,82.8,88.4,69.1,87.7,65.6,68.5,25,55,30,60,5,8.93,113201644500.0,2109811.0,18013988183.0632
7281,Africa,2703,NAM,Namibia,2011,58.6,43.1,45.2,39.6,70.3,72.5,54.3,44.4,66.5,15.0,2.8,74.2,82.9,87.6,72.2,88.2,65.7,71.1,30,50,30,60,8,8.84,118965123000.0,2146325.0,19321711402.13
7282,Africa,2704,NAM,Namibia,2012,60.1,48.4,46.2,39.0,72.2,72.5,54.5,46.1,68.0,22.8,2.8,74.2,82.3,87.2,76.5,89.8,64.8,73.8,20,55,55,55,10,8.75,124986759300.0,2194654.0,20550227216.2329
7283,Africa,2705,NAM,Namibia,2013,61.1,53.8,47.5,40.8,73.7,77.7,54.7,47.2,66.8,24.1,2.8,74.4,82.2,83.6,79.2,89.8,64.8,76.0,25,58,35,65,10,8.67,132004415400.0,2252508.0,21847544464.6311
7284,Africa,2706,NAM,Namibia,2014,61.3,56.1,47.5,41.0,73.7,77.2,54.9,45.5,67.1,24.2,2.8,71.7,82.4,83.9,79.4,89.8,66.9,78.1,20,40,30,60,12,8.58,140046809700.0,2312139.0,23966035323.935
7285,Africa,2707,NAM,Namibia,2015,62.5,62.0,48.2,41.8,75.6,85.2,55.1,45.9,65.7,26.2,5.5,71.4,82.4,82.8,79.6,89.8,67.6,78.0,30,45,30,60,10,8.5,146018650100.0,2374300.0,24849167508.2085
7286,Africa,2708,NAM,Namibia,2016,63.3,66.8,48.5,42.6,76.2,84.6,55.3,44.5,64.4,32.9,5.5,71.7,82.2,87.1,79.6,89.8,66.9,76.7,35,50,45,45,15,8.41,146067996300.0,2439213.0,24880312287.1765
7287,Africa,2709,NAM,Namibia,2017,63.6,63.4,48.4,43.1,77.2,85.3,55.5,47.3,68.7,32.4,5.5,70.0,82.5,88.0,79.9,89.8,66.0,78.1,30,58,25,60,20,8.32,144567515600.0,2506853.0,24787610435.4624
7288,Africa,2710,NAM,Namibia,2018,64.0,62.5,48.7,45.4,80.5,88.4,55.7,45.7,69.7,34.8,5.5,70.8,83.2,90.9,79.0,86.9,64.7,75.3,20,43,43,55,15,8.24,146099843800.0,2577327.0,25396298133.5144
7289,Africa,2711,NAM,Namibia,2019,63.5,61.7,49.7,46.5,71.8,86.6,55.9,45.9,67.9,35.1,5.5,68.0,83.2,91.0,79.4,86.9,65.9,79.3,25,48,40,55,10,8.15,144873843800.0,2650494.0,25469883811.1962
7290,Africa,2712,NAM,Namibia,2020,63.6,55.4,49.5,49.1,83.2,86.8,56.0,46.2,66.2,36.6,5.5,65.2,83.7,91.2,79.4,86.9,65.2,75.6,30,50,35,55,5,8.06,133137031300.0,2728762.0,25525198217.6345
7291,Africa,2713,NAM,Namibia,2021,64.3,59.9,49.8,49.2,83.7,87.5,56.0,46.2,63.7,38.4,5.5,66.8,83.7,91.2,79.4,89.9,64.2,77.5,35,55,35,55,18,,137935062500.0,2810548.0,27287889637.5942
7292,Africa,2714,NAM,Namibia,2022,64.3,61.1,49.9,49.9,83.7,87.6,56.0,46.2,64.0,38.4,5.5,65.2,83.7,91.2,79.4,89.9,64.4,76.7,35,52,35,55,20,,145381796875.0,2889662.0,30811603933.0551
7316,Asia,2738,NPL,Nepal,2000,49.9,65.1,48.4,31.9,46.8,17.8,53.5,24.1,64.6,15.6,34.0,44.6,97.4,99.2,0.0,65.3,51.3,39.5,35,35,10,20,10,40.33,1026890253700.0,24546509.0,32323564942.8643
7317,Asia,2739,NPL,Nepal,2001,50.2,65.1,48.8,33.1,48.0,17.8,54.3,23.4,64.6,15.6,34.0,44.5,97.5,99.2,0.0,65.3,51.1,40.7,35,50,25,15,5,40.45,1076179878300.0,24946748.0,34637822535.3062
7318,Asia,2740,NPL,Nepal,2002,50.8,65.1,50.3,34.3,48.7,17.8,55.1,29.1,64.7,15.6,34.0,45.2,97.5,99.2,0.0,65.4,51.1,40.2,45,45,10,15,12,40.58,1077472835000.0,25328981.0,35218354121.3929
7319,Asia,2741,NPL,Nepal,2003,51.4,65.1,51.7,35.7,52.7,17.8,55.8,30.4,64.6,15.6,34.0,45.0,97.6,99.2,0.0,65.4,51.2,40.2,35,44,18,15,15,40.71,1119979545200.0,25688758.0,37330483316.2443
7320,Asia,2742,NPL,Nepal,2004,51.8,65.1,53.1,36.8,53.0,17.8,56.6,31.0,64.6,15.6,34.0,45.7,97.6,99.2,0.0,67.3,51.1,40.5,35,40,20,20,10,40.83,1172423743800.0,26016656.0,40129377424.6574
7321,Asia,2743,NPL,Nepal,2005,52.2,65.1,53.6,37.5,53.0,17.8,57.4,33.5,64.7,15.7,34.0,45.5,97.6,99.2,0.0,67.5,51.1,41.3,35,72,15,18,12,40.96,1213214488500.0,26309458.0,42827565904.6174
7322,Asia,2744,NPL,Nepal,2006,53.1,65.1,52.9,39.4,58.4,20.7,58.2,36.5,64.7,15.7,34.0,46.2,97.6,99.2,0.0,68.2,51.4,41.2,37,60,18,20,10,41.08,1254034482500.0,26565425.0,45633718278.3067
7323,Asia,2745,NPL,Nepal,2007,53.2,65.1,53.4,40.3,58.4,26.9,59.0,37.4,64.7,15.7,34.0,39.1,97.6,99.2,0.0,68.2,50.8,41.7,40,55,22,22,10,41.21,1296816624800.0,26788492.0,48469053797.0175
7324,Asia,2746,NPL,Nepal,2008,54.7,65.1,55.5,40.1,62.3,35.4,59.9,37.5,64.6,15.7,34.0,44.7,97.5,99.2,0.0,68.2,52.5,42.6,35,70,20,25,15,41.34,1375982600100.0,26990037.0,52418781246.8825
7325,Asia,2747,NPL,Nepal,2009,54.6,65.1,56.0,43.0,62.3,35.8,60.7,38.9,64.6,16.5,34.0,36.8,97.4,99.1,0.0,68.8,49.3,45.7,35,63,15,20,15,41.46,1438356974600.0,27173035.0,55132930648.4909
7326,Asia,2748,NPL,Nepal,2010,58.0,65.1,56.3,41.9,64.2,36.2,61.6,41.2,64.6,17.6,80.2,38.3,97.3,99.1,0.0,69.0,51.0,44.6,35,60,22,20,10,41.59,1507634210600.0,27341952.0,58490655453.6571
7327,Asia,2749,NPL,Nepal,2011,59.1,64.7,59.3,44.6,75.9,35.1,62.4,41.8,64.7,17.7,80.2,38.1,97.2,99.1,0.0,69.0,52.6,43.5,38,68,20,25,15,41.59,1559222569200.0,27464494.0,61740111909.6309
7328,Asia,2750,NPL,Nepal,2012,60.0,65.9,62.0,45.7,78.1,36.5,63.3,44.7,64.6,20.0,80.2,37.6,97.1,99.1,0.0,69.0,52.6,43.6,37,65,25,25,10,41.59,1632040476100.0,27534915.0,67896548716.8693
7329,Asia,2751,NPL,Nepal,2013,60.9,66.8,60.2,47.4,80.0,40.3,64.2,45.4,64.7,20.7,80.2,42.3,97.0,98.9,0.0,69.0,53.8,44.1,40,62,20,30,10,41.59,1689572402700.0,27589996.0,73334815489.017
7330,Asia,2752,NPL,Nepal,2014,62.4,67.8,62.1,50.4,83.2,42.2,65.1,46.8,65.9,24.2,80.2,45.4,96.8,98.7,0.0,69.0,55.3,45.6,35,60,22,35,20,41.59,1791140757800.0,27672370.0,80283011240.3674
7331,Asia,2753,NPL,Nepal,2015,62.4,68.6,62.2,50.0,82.4,43.9,66.0,47.2,66.0,25.9,80.2,40.4,96.8,98.8,0.0,69.0,55.8,46.0,45,60,25,30,15,41.59,1862357468500.0,27823629.0,82282973616.2707
7332,Asia,2754,NPL,Nepal,2016,63.4,70.2,63.2,51.1,84.3,43.3,67.0,48.3,66.0,27.1,80.2,45.5,96.8,98.7,0.0,69.0,55.8,47.8,38,61,35,23,40,41.59,1870423594200.0,27955462.0,83198953169.4628
7333,Asia,2755,NPL,Nepal,2017,64.3,69.9,65.3,53.3,85.1,44.6,67.9,47.6,67.4,30.9,80.2,42.9,96.7,98.3,0.0,69.0,58.2,51.1,37,55,20,30,20,41.59,2038336745400.0,28011258.0,100972413071.514
7334,Asia,2756,NPL,Nepal,2018,65.3,72.4,65.3,54.7,88.6,47.5,68.9,49.8,67.9,30.1,80.2,46.0,96.5,97.6,0.0,68.9,57.4,52.7,40,60,20,30,20,41.59,2193706438400.0,28079689.0,111086748720.566
7335,Asia,2757,NPL,Nepal,2019,66.2,75.6,63.8,59.1,91.1,50.3,69.8,48.2,69.1,32.1,80.2,46.7,96.5,97.7,0.0,68.9,56.8,52.7,40,66,12,33,25,41.59,2339742692000.0,28414064.0,121063056101.567
7336,Asia,2758,NPL,Nepal,2020,66.3,76.8,64.1,59.5,91.8,50.3,70.8,48.5,66.4,33.3,80.2,46.2,96.5,97.7,0.0,68.9,56.4,53.1,44,63,35,22,12,41.59,2284299666500.0,28966574.0,122690085757.445
7337,Asia,2759,NPL,Nepal,2021,66.5,78.2,64.5,58.0,86.9,50.6,70.8,48.5,67.1,37.4,80.2,47.4,96.5,97.7,0.0,68.9,56.2,55.7,40,63,30,30,20,,2394817502000.0,29475010.0,134000165871.651
7338,Asia,2760,NPL,Nepal,2022,66.5,81.4,68.6,59.6,83.9,50.7,70.8,48.5,67.8,37.9,80.2,46.6,96.5,97.7,0.0,68.9,55.4,54.7,35,58,18,25,5,,2529677208600.0,29715436.0,151637641435.803
7339,Europe,2761,NLD,Netherlands,2000,75.6,99.5,70.9,90.8,95.7,77.5,87.5,66.2,86.7,75.5,90.8,86.9,44.8,36.5,58.5,75.1,83.4,58.6,10,18,85,80,8,10.67,643833164000.0,15925513.0,507830424836.344
7340,Europe,2762,NLD,Netherlands,2001,75.7,99.5,70.6,91.0,95.7,77.6,87.3,66.3,87.1,76.3,90.8,86.9,45.2,35.8,58.6,75.0,83.3,59.2,20,20,80,80,8,10.71,658793115000.0,16046180.0,533743802621.08
7341,Europe,2763,NLD,Netherlands,2002,75.7,99.5,70.5,91.1,95.7,76.7,87.0,66.5,86.9,77.8,90.8,86.9,45.7,36.1,57.6,75.1,83.4,60.2,10,10,80,80,8,10.75,660412334000.0,16148929.0,558243595308.055
7342,Europe,2764,NLD,Netherlands,2003,75.8,99.5,70.3,91.5,95.3,78.2,86.7,66.5,86.3,78.4,90.8,86.9,45.5,35.7,58.0,75.0,83.3,61.0,10,20,82,75,8,10.8,661058431000.0,16225302.0,556377856442.041
7343,Europe,2765,NLD,Netherlands,2004,76.0,99.5,69.9,92.1,94.9,78.2,86.4,66.9,85.7,79.0,90.8,86.9,46.6,35.5,60.4,75.0,83.7,60.9,20,15,85,80,8,10.84,674387418000.0,16281779.0,585583084646.17
7344,Europe,2766,NLD,Netherlands,2005,76.3,99.5,69.6,92.4,94.8,78.2,86.1,66.9,84.9,80.8,92.0,87.0,46.6,36.2,61.8,75.2,83.6,60.9,20,17,82,78,10,10.88,688104211000.0,16319868.0,616539911875.417
7345,Europe,2767,NLD,Netherlands,2006,76.1,99.5,69.4,92.8,95.1,78.5,86.2,66.9,85.3,81.1,90.5,87.0,46.3,37.1,58.7,75.1,83.6,60.5,15,20,85,83,7,10.92,712445038000.0,16346101.0,673735349876.881
7346,Europe,2768,NLD,Netherlands,2007,76.1,99.5,69.2,93.1,95.7,80.0,86.4,67.7,85.6,81.1,91.1,86.6,45.1,37.2,56.7,75.0,83.3,60.2,15,25,85,78,10,10.96,740125711000.0,16381696.0,724153608587.867
7347,Europe,2769,NLD,Netherlands,2008,76.4,99.5,69.4,93.4,95.9,81.1,86.5,68.1,85.9,81.2,91.5,87.5,45.5,36.9,56.4,75.0,83.6,60.9,12,18,85,70,7,11.0,755792810000.0,16445593.0,768245112205.479
7348,Europe,2770,NLD,Netherlands,2009,76.9,99.5,69.4,93.5,96.1,81.6,86.2,68.8,85.7,81.6,93.5,87.5,47.7,37.8,55.0,75.0,85.2,62.5,18,18,80,75,5,11.04,728090808000.0,16530388.0,742805312311.034
7349,Europe,2771,NLD,Netherlands,2010,77.0,99.5,69.0,94.4,96.3,80.8,86.4,68.7,85.3,82.0,93.6,89.7,47.7,36.1,56.2,75.5,84.8,62.8,18,20,85,79,10,11.09,737696658000.0,16615394.0,752782154873.483
7350,Europe,2772,NLD,Netherlands,2011,77.4,99.4,68.9,94.8,96.2,81.1,86.7,69.2,85.3,84.8,93.6,88.5,47.5,37.4,58.3,75.4,85.7,62.8,17,30,80,79,8,11.03,750778566000.0,16693074.0,784643538480.86
7351,Europe,2773,NLD,Netherlands,2012,77.6,99.5,68.7,94.7,96.0,80.1,86.4,68.8,84.9,86.4,94.2,88.1,48.5,43.4,55.3,75.4,85.6,63.1,15,35,80,82,10,10.98,743436876000.0,16754962.0,798429903639.945
7352,Europe,2774,NLD,Netherlands,2013,78.0,99.4,68.5,94.9,95.9,83.0,86.5,68.7,84.1,87.9,94.5,91.2,48.3,42.7,55.1,76.4,86.0,63.5,20,18,82,78,10,10.93,743212116000.0,16804432.0,833870397887.156
7353,Europe,2775,NLD,Netherlands,2014,78.2,99.3,68.4,94.9,95.9,82.8,87.0,69.3,84.1,88.3,90.3,92.9,48.5,45.4,54.4,77.0,86.9,63.1,18,30,78,79,8,10.88,755197229000.0,16865008.0,839056229120.25
7354,Europe,2776,NLD,Netherlands,2015,78.5,99.3,67.9,95.2,97.4,82.6,87.4,69.7,84.7,92.8,94.0,94.1,47.8,40.5,53.5,77.4,87.6,62.4,30,32,80,80,10,10.83,771211981000.0,16939923.0,863433778608.75
7355,Europe,2777,NLD,Netherlands,2016,78.7,99.3,67.6,95.4,97.8,82.9,87.6,69.9,85.2,92.6,93.7,94.7,47.9,42.0,53.3,77.3,87.6,62.4,30,30,75,80,7,10.86,789908363000.0,17030314.0,905370307047.098
7356,Europe,2778,NLD,Netherlands,2017,78.7,99.2,68.0,95.5,99.1,82.6,87.6,70.5,85.9,93.1,92.0,92.3,47.9,42.7,53.3,77.8,87.4,62.2,15,25,80,80,7,10.88,811880029000.0,17131296.0,959996164418.59
7357,Europe,2779,NLD,Netherlands,2018,78.8,99.3,67.7,95.5,99.2,82.8,87.3,71.0,85.9,92.8,93.2,93.2,47.8,40.5,52.1,78.3,87.8,65.3,18,25,85,60,8,10.91,830218291000.0,17231624.0,1013551388032.4
7358,Europe,2780,NLD,Netherlands,2019,78.7,99.2,67.7,95.8,98.3,80.7,87.2,72.0,86.5,93.2,87.9,94.9,47.7,41.4,55.3,78.2,86.9,65.2,20,35,80,80,10,10.94,849314072000.0,17344874.0,1081370572466.31
7359,Europe,2781,NLD,Netherlands,2020,79.3,99.2,67.7,96.0,99.3,82.0,87.2,72.0,86.5,93.3,89.8,96.5,47.7,43.7,55.3,78.2,87.3,67.3,18,23,80,80,8,10.97,816463000000.0,17441500.0,1091779125681.31
7360,Europe,2782,NLD,Netherlands,2021,79.4,99.2,67.7,95.5,99.3,85.2,87.2,72.0,86.0,93.4,89.8,96.5,47.7,43.3,55.3,78.0,87.3,66.8,30,30,80,80,10,,867711000000.0,17533044.0,1202303330254.13
7361,Europe,2783,NLD,Netherlands,2022,79.4,99.3,67.7,95.7,99.3,85.1,87.2,72.0,86.3,93.4,89.8,92.9,47.7,43.3,55.3,77.9,86.7,70.8,18,30,80,79,8,,911159325000.0,17700982.0,1365670124059.38
7362,Oceania,2784,NZL,New Zealand,2000,74.4,0.0,62.8,86.9,94.3,77.9,89.6,83.9,86.3,71.7,76.9,86.5,44.1,62.1,56.7,52.3,89.8,68.2,10,40,75,80,8,37.41,193749174000.0,3857700.0,82942977611.2998
7363,Oceania,2785,NZL,New Zealand,2001,74.3,0.0,62.5,87.0,94.3,78.2,89.6,82.8,86.7,72.6,76.9,86.5,44.2,61.3,57.1,52.1,89.8,68.1,20,40,85,80,10,37.41,200357945000.0,3880500.0,87392899360.8759
7364,Oceania,2786,NZL,New Zealand,2002,74.6,0.0,63.3,87.6,94.3,77.4,89.6,84.0,86.8,73.4,76.9,86.5,43.2,61.4,58.9,52.3,89.7,68.4,20,45,85,75,8,37.41,209801772000.0,3948500.0,92024844754.3231
7365,Oceania,2787,NZL,New Zealand,2003,74.6,0.0,64.1,87.4,94.3,76.9,89.6,83.6,87.1,73.9,76.9,86.5,43.2,60.9,58.7,52.0,89.8,68.3,15,30,70,75,10,37.41,219721288000.0,4027200.0,96601932011.8996
7366,Oceania,2788,NZL,New Zealand,2004,74.5,0.0,62.7,87.2,94.3,76.9,89.6,84.9,87.4,74.0,76.9,86.5,42.3,61.3,57.2,51.9,89.9,68.9,10,30,78,67,8,37.41,228703417000.0,4087500.0,102582703525.706
7367,Oceania,2789,NZL,New Zealand,2005,74.5,0.0,63.5,88.4,94.3,78.9,89.6,84.3,87.5,74.1,76.9,86.5,41.7,60.9,55.8,51.8,89.6,69.0,10,30,85,70,7,37.41,236371677000.0,4133900.0,106147882736.156
7368,Oceania,2790,NZL,New Zealand,2006,74.6,0.0,63.5,88.5,94.3,78.8,89.6,84.4,87.5,75.0,76.9,86.5,42.2,61.1,55.3,52.0,89.6,68.9,12,35,82,75,8,37.4,242942291000.0,4184600.0,116097800672.812
7369,Oceania,2791,NZL,New Zealand,2007,74.6,0.0,63.0,88.4,94.3,79.2,89.6,84.4,87.5,75.2,76.9,86.9,42.6,61.6,55.6,51.8,87.6,68.7,15,35,85,70,7,37.4,250367619000.0,4223800.0,123983315954.119
7370,Oceania,2792,NZL,New Zealand,2008,74.6,0.0,63.4,89.4,94.3,79.4,89.6,83.8,87.2,75.6,78.1,84.1,43.2,61.3,56.1,51.8,87.9,68.9,10,30,85,75,8,37.4,247821284000.0,4259800.0,127349469279.383
7371,Oceania,2793,NZL,New Zealand,2009,75.0,0.0,63.1,89.9,94.3,79.4,89.6,85.0,86.2,77.0,78.1,84.1,44.1,62.6,55.9,52.0,87.8,70.8,10,40,85,68,7,37.4,247728435000.0,4302600.0,132331729217.666
7372,Oceania,2794,NZL,New Zealand,2010,75.3,0.0,62.4,90.7,94.1,79.5,89.6,85.7,85.9,77.2,75.6,88.5,43.5,62.7,56.4,51.7,88.7,72.1,18,45,85,70,7,37.4,251341892000.0,4350700.0,136146249560.051
7373,Oceania,2795,NZL,New Zealand,2011,75.5,0.0,60.6,91.5,94.0,78.8,89.6,86.2,85.9,79.3,78.8,88.9,43.1,62.3,55.8,51.5,89.5,71.9,25,50,85,72,8,37.4,256603725000.0,4384000.0,143527725340.952
7374,Oceania,2796,NZL,New Zealand,2012,75.2,0.0,61.5,91.6,93.9,79.1,89.6,85.1,85.6,78.8,75.6,88.2,43.3,62.0,55.7,51.3,89.0,72.4,15,55,65,71,10,37.4,262675756000.0,4408100.0,145709276809.247
7375,Oceania,2797,NZL,New Zealand,2013,75.3,0.0,60.9,92.4,93.8,81.1,89.6,84.8,86.2,82.6,72.5,88.2,43.1,61.8,57.1,51.2,88.9,71.2,10,45,85,78,15,37.4,269477855000.0,4442100.0,161082560673.426
7376,Oceania,2798,NZL,New Zealand,2014,75.3,0.0,60.2,92.5,93.6,79.7,89.6,85.1,86.4,85.1,72.5,87.2,43.0,61.5,58.0,50.9,89.9,70.6,18,45,85,79,7,37.4,279789115000.0,4516500.0,168606886786.56
7377,Oceania,2799,NZL,New Zealand,2015,76.0,0.0,60.2,92.7,94.7,80.7,89.6,85.1,86.3,86.7,80.0,85.9,43.6,63.7,56.9,50.9,89.5,70.0,15,40,85,82,10,37.4,290114366000.0,4609400.0,173212160480.607
7378,Oceania,2800,NZL,New Zealand,2016,75.3,0.0,59.9,92.6,94.5,81.0,89.6,85.5,86.4,77.4,76.3,87.6,43.5,64.3,56.8,50.6,89.3,70.0,15,45,80,78,8,37.43,301078109000.0,4714100.0,188511791745.778
7379,Oceania,2801,NZL,New Zealand,2017,75.8,0.0,59.4,92.8,95.1,84.6,89.6,84.7,86.7,86.6,74.4,85.6,43.3,63.6,54.7,50.4,90.1,71.1,21,33,85,79,7,37.47,311250732000.0,4813600.0,203343352255.376
7380,Oceania,2802,NZL,New Zealand,2018,76.1,0.0,59.5,93.1,96.2,84.9,89.6,85.0,87.0,88.3,76.3,87.2,43.4,64.7,52.7,50.2,89.4,70.7,18,50,85,82,8,37.5,322052944000.0,4900600.0,208409180577.664
7381,Oceania,2803,NZL,New Zealand,2019,76.2,0.0,59.5,93.0,95.2,86.6,89.6,84.3,87.0,89.0,78.1,86.8,43.4,64.5,53.2,49.9,88.5,70.5,20,35,80,65,7,37.54,329516429000.0,4979200.0,225047523389.303
7382,Oceania,2804,NZL,New Zealand,2020,76.8,0.0,59.5,93.1,94.1,90.3,89.6,84.3,87.5,88.7,81.3,87.2,43.4,65.7,53.2,49.6,89.3,71.8,15,45,80,75,10,37.57,328504000000.0,5090200.0,230861725700.254
7383,Oceania,2805,NZL,New Zealand,2021,77.5,0.0,59.5,92.6,94.1,91.1,89.6,84.3,87.5,89.9,81.3,89.2,49.0,66.1,53.2,49.5,89.2,74.3,15,45,85,77,8,,343402989000.0,5111300.0,245325429880.081
7384,Oceania,2806,NZL,New Zealand,2022,78.4,0.0,59.5,92.5,94.1,91.4,89.6,84.3,87.8,89.9,81.3,87.6,49.0,66.1,53.2,49.0,87.4,72.6,18,45,80,78,8,,355409686000.0,5117100.0,274518817915.021
7385,North America,2807,NIC,Nicaragua,2000,56.5,61.9,50.2,63.9,62.8,51.3,62.5,47.0,64.7,10.9,14.2,65.1,87.6,97.2,51.9,69.9,57.0,42.4,25,18,15,15,8,44.87,97689371600.0,5022633.0,14094810965.4006
7386,North America,2808,NIC,Nicaragua,2001,56.7,61.9,50.4,64.6,65.2,52.2,62.7,45.9,64.7,10.9,14.2,65.2,87.6,97.1,51.8,71.8,56.7,41.4,30,20,12,15,5,43.86,100581801000.0,5087825.0,14838904567.7684
7387,North America,2809,NIC,Nicaragua,2002,57.3,61.9,50.5,62.7,70.1,58.7,62.9,46.6,64.6,10.9,14.2,65.7,86.6,97.1,52.3,71.8,56.6,41.1,10,30,10,35,10,42.85,101340126300.0,5149909.0,15183115173.2543
7388,North America,2810,NIC,Nicaragua,2003,57.6,61.9,51.7,63.1,70.1,59.6,63.1,48.2,64.6,10.9,14.2,65.8,87.0,97.0,52.5,71.7,56.3,42.2,10,18,22,18,5,41.85,103894640200.0,5210963.0,15873159638.9287
7389,North America,2811,NIC,Nicaragua,2004,58.1,61.9,52.7,62.8,73.4,60.0,63.4,48.7,65.2,10.9,14.2,66.2,87.3,97.0,53.1,71.7,56.2,42.3,30,20,14,18,5,40.84,109413700700.0,5272912.0,17165886758.5998
7390,North America,2812,NIC,Nicaragua,2005,58.6,61.9,52.8,64.7,75.2,60.0,63.6,50.0,65.9,11.0,20.0,66.3,86.8,97.1,50.5,71.6,55.3,43.2,30,15,10,23,10,39.83,114099231200.0,5342105.0,18462276078.5289
7391,North America,2813,NIC,Nicaragua,2006,58.9,61.9,52.7,66.1,74.7,59.2,63.8,50.4,65.9,11.1,20.0,66.7,87.1,97.0,53.8,71.5,55.0,44.5,35,15,15,22,5,38.83,118837710200.0,5418855.0,19821995460.495
7392,North America,2814,NIC,Nicaragua,2007,58.9,61.9,52.1,66.9,75.2,60.9,64.1,50.2,66.1,11.2,20.0,66.0,87.2,97.0,51.9,71.5,53.5,45.2,35,25,25,20,15,37.82,124870330700.0,5497243.0,21392520308.3933
7393,North America,2815,NIC,Nicaragua,2008,59.4,61.9,52.7,69.1,74.9,60.9,64.3,51.8,65.4,11.5,20.0,66.3,87.6,97.1,56.7,71.4,53.8,44.6,10,20,15,22,15,36.82,129160521800.0,5576593.0,22553839570.4359
7394,North America,2816,NIC,Nicaragua,2009,60.1,61.9,53.3,70.4,74.9,62.0,64.5,52.4,64.3,11.8,33.3,65.1,87.0,97.1,54.1,71.3,52.5,45.6,20,20,15,20,5,35.81,124907698300.0,5656601.0,21945744533.6479
7395,North America,2817,NIC,Nicaragua,2010,60.8,61.9,53.4,71.9,75.9,62.0,64.8,53.2,64.5,12.2,33.3,67.1,87.5,97.1,56.3,71.3,52.6,49.1,37,28,15,18,15,34.8,130416251600.0,5737450.0,23192039228.4545
7396,North America,2818,NIC,Nicaragua,2011,61.6,62.6,54.1,71.6,75.9,73.3,65.0,53.5,65.2,12.4,33.3,69.4,87.3,96.8,52.2,71.2,53.3,49.9,30,28,18,18,5,34.34,138654236100.0,5819051.0,25165708471.7559
7397,North America,2819,NIC,Nicaragua,2012,62.6,64.1,53.5,71.2,75.9,73.3,65.2,55.2,65.9,13.0,33.3,68.8,87.1,96.9,63.6,71.1,55.9,50.8,30,25,15,30,5,33.87,147661404500.0,5901287.0,26602665591.8129
7398,North America,2820,NIC,Nicaragua,2013,63.1,65.3,52.7,72.9,75.9,78.0,65.5,56.7,65.9,13.2,33.3,68.3,87.1,96.8,62.4,71.4,56.9,50.8,25,33,15,23,5,33.4,154936820900.0,5983845.0,28187335291.8785
7399,North America,2821,NIC,Nicaragua,2014,63.1,66.7,52.5,73.5,75.9,79.5,65.7,57.5,67.1,13.3,23.7,71.5,87.3,96.8,63.3,71.3,55.5,50.8,35,30,15,30,5,32.94,162351260700.0,6066492.0,30743442934.0975
7400,North America,2822,NIC,Nicaragua,2015,63.3,68.5,52.7,74.2,78.0,79.2,66.0,57.1,67.2,14.5,23.7,72.0,86.7,96.2,61.8,71.2,56.1,51.6,38,38,18,25,8,32.47,170131567700.0,6149417.0,33507510695.4469
7401,North America,2823,NIC,Nicaragua,2016,63.8,70.5,53.5,74.4,78.0,81.6,66.2,57.8,67.7,19.4,23.7,71.1,86.5,96.2,58.9,71.2,55.6,52.4,38,35,15,25,10,31.64,177894921900.0,6232666.0,36662825386.1517
7402,North America,2824,NIC,Nicaragua,2017,64.9,71.1,54.1,75.7,78.0,81.8,66.2,58.6,70.6,21.2,23.7,73.1,86.8,96.3,63.3,71.1,58.1,53.8,44,20,15,24,15,30.81,186133605000.0,6316231.0,39320729869.7902
7403,North America,2825,NIC,Nicaragua,2018,63.7,68.5,54.8,74.9,78.0,81.6,66.3,59.6,68.4,20.7,23.7,64.8,87.1,96.9,64.7,61.8,55.6,55.1,45,30,15,14,10,29.98,179873268000.0,6400080.0,37985543205.7636
7404,North America,2826,NIC,Nicaragua,2019,64.4,67.3,54.8,75.9,78.0,80.8,66.3,59.2,68.3,21.7,23.7,76.4,87.1,96.9,62.0,61.7,56.5,57.8,55,30,20,20,15,29.15,174662573500.0,6483657.0,38779457707.5101
7405,North America,2827,NIC,Nicaragua,2020,64.4,66.5,54.4,75.6,78.0,82.0,66.3,59.7,67.9,27.6,23.7,73.2,87.1,97.1,62.0,61.6,54.1,58.0,60,35,15,15,7,28.32,170756172100.0,6565267.0,41191106018.3216
7406,North America,2828,NIC,Nicaragua,2021,64.8,69.6,54.8,74.3,78.0,83.7,66.3,59.7,67.6,30.0,23.7,71.9,87.3,97.0,62.0,64.3,53.8,58.3,55,40,15,17,10,,188607687400.0,6644741.0,47305035692.4433
7407,North America,2829,NIC,Nicaragua,2022,64.8,71.7,54.8,74.8,78.0,83.9,66.3,59.7,67.6,30.0,23.7,73.2,87.3,97.0,61.9,64.1,49.4,58.1,72,28,15,18,10,,195303825100.0,6730654.0,52476847102.5256
7408,Africa,2830,NER,Niger,2000,38.2,3.7,38.6,19.2,0.0,23.3,39.9,7.5,67.1,9.5,31.4,31.9,95.7,99.5,0.0,52.0,51.1,41.2,25,40,8,20,7,1.05,2673528889000.0,11509630.0,8796601713.70026
7409,Africa,2831,NER,Niger,2001,38.2,3.7,39.5,19.4,0.0,23.3,39.9,6.2,67.1,9.5,31.4,32.0,95.6,99.5,0.0,51.9,51.1,40.8,20,40,20,30,7,1.04,2867844575300.0,11920647.0,9648418941.46968
7410,Africa,2832,NER,Niger,2002,38.3,3.7,39.3,19.7,0.0,23.3,39.9,7.3,66.9,9.5,31.4,32.2,95.5,99.5,0.0,51.9,51.1,41.1,25,40,10,12,10,1.03,3008898666900.0,12349144.0,10280284056.6777
7411,Africa,2833,NER,Niger,2003,38.2,3.7,39.4,19.8,0.0,23.3,39.9,6.8,66.6,9.5,31.4,32.4,95.6,99.5,0.0,51.8,51.1,40.1,35,20,15,15,8,1.02,3074210133800.0,12796984.0,10710799712.6166
7412,Africa,2834,NER,Niger,2004,38.5,3.7,38.4,20.6,0.0,29.1,39.9,6.8,66.4,9.5,31.4,32.5,95.4,99.5,0.0,51.7,51.1,40.3,25,40,35,15,10,1.01,3085394158800.0,13265836.0,11038836389.557
7413,Africa,2835,NER,Niger,2005,39.6,3.7,39.0,21.6,0.0,29.1,40.1,11.3,66.2,9.5,31.4,35.9,95.6,99.5,0.0,58.8,51.1,41.5,35,35,18,15,10,1.0,3311611211800.0,13756192.0,12219683989.9715
7414,Africa,2836,NER,Niger,2006,40.2,3.7,42.7,22.9,0.0,29.3,40.3,11.0,66.4,9.5,31.4,36.0,95.6,99.5,0.0,58.6,51.0,44.7,40,25,15,22,5,0.99,3508024527700.0,14268581.0,13343624936.0933
7415,Africa,2837,NER,Niger,2007,42.4,3.7,42.1,25.3,0.0,29.7,40.5,11.2,66.7,9.5,62.9,39.4,95.7,99.5,0.0,58.6,49.0,45.0,25,35,15,18,10,0.98,3618272059400.0,14803610.0,14135852906.7674
7416,Africa,2838,NER,Niger,2008,41.7,3.7,41.5,26.9,0.0,30.2,40.7,9.9,67.0,9.5,62.9,29.9,95.6,99.5,0.0,58.5,46.9,44.6,30,55,15,18,10,0.97,3898015660200.0,15361915.0,15522168134.7971
7417,Africa,2839,NER,Niger,2009,42.4,3.7,42.4,27.8,0.0,29.3,40.9,9.0,67.2,9.5,62.9,37.8,95.4,99.5,0.0,58.5,48.4,45.6,30,40,15,14,10,0.96,3974518150900.0,15943675.0,15924423036.4292
7418,Africa,2840,NER,Niger,2010,42.4,3.7,40.4,29.1,0.7,29.8,41.2,7.8,67.5,9.5,62.9,37.7,95.5,99.5,0.0,58.4,51.0,44.2,38,35,10,25,10,0.95,4315458945100.0,16548835.0,17500575092.2792
7419,Africa,2841,NER,Niger,2011,44.7,5.0,42.3,30.4,3.3,32.3,41.4,9.3,67.7,9.5,84.3,39.9,95.9,99.5,0.0,58.3,51.4,44.7,38,45,15,18,10,0.94,4417206977700.0,17176283.0,18282764961.5946
7420,Africa,2842,NER,Niger,2012,44.7,6.4,40.9,30.6,4.0,34.5,41.7,6.1,66.7,10.6,84.3,38.8,96.0,99.5,0.0,58.3,51.9,44.5,38,55,15,18,7,0.93,4883175693600.0,17836769.0,20722563498.3675
7421,Africa,2843,NER,Niger,2013,45.1,6.9,42.9,31.1,3.8,34.1,41.9,5.8,67.2,10.6,84.3,43.2,95.9,99.5,0.0,58.2,50.5,45.9,40,60,15,15,10,0.92,5142722860800.0,18519898.0,21071366592.3543
7422,Africa,2844,NER,Niger,2014,44.5,6.5,43.1,33.2,3.8,34.4,42.1,4.3,67.6,8.2,75.5,41.2,95.9,99.4,0.0,58.1,49.6,48.1,40,66,15,22,8,0.91,5484309541000.0,19215909.0,22315918540.8947
7423,Africa,2845,NER,Niger,2015,44.8,7.3,44.0,34.7,4.7,35.0,42.3,9.3,67.6,8.3,75.5,37.2,96.0,99.5,0.0,58.1,50.0,46.8,40,55,15,18,10,0.9,5725216000000.0,19939498.0,23372915804.2583
7424,Africa,2846,NER,Niger,2016,44.8,9.2,46.7,34.8,5.3,35.5,42.6,9.2,67.6,9.6,75.5,36.6,96.1,99.5,0.0,58.0,46.8,44.2,35,63,30,20,10,0.89,6053894533200.0,20685753.0,24586198437.6823
7425,Africa,2847,NER,Niger,2017,46.9,11.0,46.7,36.7,6.9,39.5,42.8,11.0,68.8,10.7,75.5,40.0,96.0,99.5,0.0,72.2,47.5,45.8,40,55,18,18,7,0.88,6356913796200.0,21435446.0,25897150477.0717
7426,Africa,2848,NER,Niger,2018,46.2,11.9,43.2,37.2,3.5,40.3,42.9,9.0,68.8,9.3,63.2,47.9,96.2,99.5,0.0,72.1,46.8,47.1,40,60,18,25,20,0.87,6815337423700.0,22188069.0,28311897040.1248
7427,Africa,2849,NER,Niger,2019,46.9,11.9,46.8,37.9,2.8,41.0,43.1,10.8,69.3,10.4,63.2,47.2,96.2,99.5,0.0,74.0,48.7,47.9,38,63,18,19,10,0.86,7220158418900.0,22947757.0,32566723569.6716
7428,Africa,2850,NER,Niger,2020,46.8,12.2,44.9,37.7,2.8,38.9,43.3,10.9,67.8,11.2,63.2,47.4,96.2,99.5,0.0,73.9,49.6,48.7,35,45,15,20,10,0.85,7476520330800.0,23717613.0,35501317683.8958
7429,Africa,2851,NER,Niger,2021,47.1,10.1,44.8,38.4,3.0,43.5,43.3,10.9,67.5,11.3,63.2,47.4,96.2,99.5,0.0,73.9,49.7,51.6,40,63,12,15,15,,7579965194100.0,24502140.0,38850574077.5224
7430,Africa,2852,NER,Niger,2022,48.3,12.8,45.3,37.6,3.0,43.7,43.3,10.9,67.6,11.3,63.2,46.2,96.2,99.5,0.0,73.8,49.0,51.7,42,62,12,15,10,,8481981052200.0,25311973.0,46573248097.999
7431,Africa,2853,NGA,Nigeria,2000,46.1,39.7,58.3,21.8,26.3,34.0,45.1,10.1,62.4,15.0,52.5,27.6,96.1,96.8,57.9,67.9,37.6,35.5,30,60,25,18,15,27.33,25430423387000.0,126382494.0,281714892286.465
7432,Africa,2854,NGA,Nigeria,2001,46.2,39.7,57.8,21.9,27.0,34.0,45.6,10.3,62.4,15.0,52.5,27.3,96.0,96.7,57.6,67.9,37.6,35.5,43,40,22,25,15,27.15,26935315648000.0,129862595.0,305104616258.886
7433,Africa,2855,NGA,Nigeria,2002,46.6,39.7,57.9,21.3,27.0,34.0,46.3,16.9,62.5,15.1,52.5,27.6,95.9,96.6,57.6,67.9,37.6,35.5,45,60,15,18,10,26.97,31064272133000.0,133471989.0,357342690194.807
7434,Africa,2856,NGA,Nigeria,2003,46.8,39.7,58.0,21.7,31.2,34.6,47.0,15.2,62.5,15.1,52.5,27.3,95.9,96.6,56.9,67.9,37.6,35.5,35,40,15,35,5,26.79,33346624772000.0,137202644.0,391170773323.801
7435,Africa,2857,NGA,Nigeria,2004,47.3,39.7,58.5,22.8,32.4,35.5,47.7,18.6,62.5,15.1,52.5,27.7,96.0,96.6,58.1,67.9,37.6,35.5,35,65,18,20,15,26.61,36431373714000.0,141057045.0,438848237510.466
7436,Africa,2858,NGA,Nigeria,2005,47.6,39.7,58.7,23.2,32.7,37.3,48.4,17.3,62.5,15.3,52.5,30.4,95.9,96.6,58.3,67.8,37.6,35.5,45,40,20,32,18,26.44,38777013731000.0,145017253.0,481749373478.028
7437,Africa,2859,NGA,Nigeria,2006,48.3,39.7,58.8,23.7,39.0,37.9,49.1,19.4,62.5,15.7,52.5,30.8,95.9,96.7,58.2,67.8,37.6,35.5,40,60,35,25,15,26.26,41126678971000.0,149077334.0,526697204901.115
7438,Africa,2860,NGA,Nigeria,2007,48.4,39.7,58.4,24.5,41.0,39.1,49.8,22.1,62.5,15.9,52.5,27.3,95.9,96.8,58.2,67.8,36.2,35.5,50,75,20,28,15,26.08,43837391995000.0,153267261.0,576622620194.56
7439,Africa,2861,NGA,Nigeria,2008,49.0,39.7,59.1,25.8,28.6,40.2,50.5,20.2,62.5,16.1,52.5,34.5,95.8,96.8,58.5,79.7,36.9,35.5,45,68,18,22,20,25.9,46802760443000.0,157595014.0,627489466688.419
7440,Africa,2862,NGA,Nigeria,2009,48.7,39.7,58.0,27.7,29.4,40.2,51.3,21.3,62.5,16.3,52.5,25.7,95.9,97.0,59.0,79.7,35.7,35.5,55,40,35,20,10,25.72,50564263245000.0,162049464.0,682101606958.029
7441,Africa,2863,NGA,Nigeria,2010,50.7,39.7,57.5,29.0,33.5,40.2,52.0,19.5,62.5,16.7,71.0,37.6,95.8,96.7,59.3,79.7,35.8,35.5,50,60,22,20,10,25.54,54612264177000.0,166642886.0,745661432652.967
7442,Africa,2864,NGA,Nigeria,2011,50.7,39.6,57.6,29.3,33.5,39.9,52.8,19.5,62.5,17.0,71.0,34.3,95.6,96.2,59.9,79.7,38.4,35.7,50,60,35,20,15,25.36,57511041765000.0,171379598.0,801440949035.347
7443,Africa,2865,NGA,Nigeria,2012,51.2,40.8,57.0,30.0,33.5,40.1,53.5,24.2,62.5,17.0,71.8,34.5,95.8,97.0,59.4,79.7,37.1,35.7,50,65,20,20,10,25.18,59943794014000.0,176200625.0,834681169054.687
7444,Africa,2866,NGA,Nigeria,2013,51.9,47.2,56.5,27.4,41.3,41.8,54.3,23.6,62.5,17.9,71.8,36.2,95.9,96.7,58.9,79.7,34.7,35.6,63,65,30,22,5,25.0,63942845560000.0,181049443.0,900501053734.077
7445,Africa,2867,NGA,Nigeria,2014,52.4,44.5,60.5,27.7,41.3,41.8,55.0,23.2,65.0,20.3,71.8,35.1,95.9,96.6,60.6,79.7,37.0,35.6,55,68,30,20,35,24.82,67977459215000.0,185896915.0,976358658638.933
7446,Africa,2868,NGA,Nigeria,2015,52.5,42.1,61.1,29.7,41.3,41.2,55.8,25.1,66.4,22.2,70.4,28.3,96.0,97.1,60.7,79.7,39.1,35.8,59,63,35,28,10,24.64,69780692718000.0,190671878.0,989482934627.144
7447,Africa,2869,NGA,Nigeria,2016,52.3,39.7,58.8,31.2,41.3,40.8,56.6,27.2,66.2,22.1,70.4,26.9,96.0,97.3,61.5,79.7,38.6,35.6,54,65,32,30,10,24.46,68652430365000.0,195443700.0,981583396343.35
7448,Africa,2870,NGA,Nigeria,2017,52.8,39.6,58.0,33.7,41.3,40.8,57.3,24.8,66.5,26.1,70.4,32.5,95.8,97.3,62.5,79.7,36.3,34.8,45,60,28,22,20,24.28,69205691115000.0,200254579.0,1000651050046.71
7449,Africa,2871,NGA,Nigeria,2018,53.2,42.3,61.3,34.2,38.8,40.1,58.1,23.7,65.9,31.1,72.8,33.6,95.7,96.9,63.3,74.6,36.3,35.0,55,70,28,30,65,24.1,70536348622000.0,204938755.0,1041739008970.11
7450,Africa,2872,NGA,Nigeria,2019,53.2,40.6,60.8,33.8,38.8,39.1,58.9,24.4,67.0,34.6,72.8,28.7,95.7,96.8,62.1,74.6,40.2,36.2,58,66,35,25,15,23.93,72094093996000.0,209485641.0,1123347541616.2
7451,Africa,2873,NGA,Nigeria,2020,53.3,38.9,60.9,36.1,38.8,41.0,59.7,25.0,65.8,39.2,72.8,25.0,95.7,96.8,62.1,74.6,37.3,37.3,45,65,23,20,10,23.75,70800543492000.0,213996181.0,1145672541683.2
7452,Africa,2874,NGA,Nigeria,2021,54.1,49.2,61.0,34.9,38.8,39.1,59.7,25.0,66.5,40.2,72.8,27.4,95.6,96.7,62.1,76.4,36.5,38.2,60,72,35,23,15,,73382771385000.0,218529286.0,1200097354375.41
7453,Africa,2875,NGA,Nigeria,2022,54.3,49.9,61.1,36.2,38.8,39.2,59.7,25.0,66.6,40.6,72.8,29.4,95.6,96.7,62.1,76.4,34.7,37.9,65,66,20,30,65,,75768945319000.0,223150896.0,1327463569776.87
7477,Europe,2899,MKD,North Macedonia,2000,65.9,93.5,59.4,70.0,70.5,34.4,71.3,64.3,61.7,23.6,39.0,74.7,80.4,86.3,0.0,80.6,74.3,70.9,35,45,20,30,12,37.97,279794000000.0,2026350.0,12467297223.0484
7478,Europe,2900,MKD,North Macedonia,2001,65.7,93.5,58.2,70.5,69.8,34.7,71.5,62.0,61.7,23.4,39.0,74.7,81.0,86.4,0.0,80.6,74.2,70.7,50,65,22,25,10,37.98,271212000000.0,2034882.0,12314477116.34
7479,Europe,2901,MKD,North Macedonia,2002,66.3,93.5,59.8,70.3,70.3,40.5,71.6,62.4,61.7,25.3,39.0,74.7,80.7,87.3,0.0,80.6,74.2,69.3,30,40,18,25,5,37.99,275263000000.0,2020157.0,12919294864.3966
7480,Europe,2902,MKD,North Macedonia,2003,66.4,93.5,58.9,71.3,69.0,41.1,70.7,64.6,61.7,25.5,39.0,74.7,80.7,87.1,0.0,80.6,74.1,69.6,35,38,20,32,5,38.0,281381000000.0,2022725.0,13368277064.8964
7481,Europe,2903,MKD,North Macedonia,2004,66.6,93.5,62.3,71.3,68.1,41.8,69.7,65.1,61.7,26.6,39.0,74.7,79.9,87.2,0.0,80.6,74.6,69.2,20,40,20,35,15,38.01,294533000000.0,2016186.0,14577821274.0794
7482,Europe,2904,MKD,North Macedonia,2005,66.7,93.5,61.3,71.8,68.4,42.1,68.9,66.2,61.7,27.1,39.0,75.3,80.1,87.2,0.0,80.6,75.2,68.7,37,50,15,35,15,38.02,308447000000.0,2005330.0,15987113957.0941
7483,Europe,2905,MKD,North Macedonia,2006,67.0,93.5,60.3,71.4,67.5,47.0,70.7,66.7,61.7,27.5,39.0,75.4,80.5,87.5,0.0,80.7,74.8,67.2,37,55,24,35,5,38.04,324292000000.0,1994287.0,17729889079.5501
7484,Europe,2906,MKD,North Macedonia,2007,67.0,93.5,57.4,71.5,67.1,47.7,72.5,65.9,61.7,29.0,39.0,75.4,79.6,88.6,0.0,80.7,74.8,67.6,35,38,22,30,10,38.05,345285000000.0,1982933.0,19113502068.5399
7485,Europe,2907,MKD,North Macedonia,2008,67.0,93.5,61.7,72.4,65.9,49.2,71.3,65.8,61.6,31.2,39.0,70.0,80.2,88.7,0.0,80.7,72.2,68.2,38,38,32,35,12,38.06,364179000000.0,1971493.0,21537235533.6943
7486,Europe,2908,MKD,North Macedonia,2009,67.4,93.5,62.2,72.6,67.1,49.8,70.1,68.3,61.7,32.4,39.0,72.8,80.9,89.3,0.0,80.7,72.2,66.6,30,60,22,30,15,38.07,362873000000.0,1958782.0,22577165164.6815
7487,Europe,2909,MKD,North Macedonia,2010,68.4,93.5,61.2,73.7,68.5,50.0,71.0,71.1,61.7,32.2,52.2,70.0,81.1,89.4,0.0,80.7,73.7,65.3,40,50,25,33,10,38.08,375061000000.0,1946298.0,23342986399.6477
7488,Europe,2910,MKD,North Macedonia,2011,68.7,92.4,63.0,74.0,68.5,49.4,71.9,68.7,61.6,33.7,56.4,71.2,80.7,88.2,0.0,80.7,74.3,64.7,35,40,22,35,12,38.35,383837000000.0,1937398.0,24064094439.3279
7489,Europe,2911,MKD,North Macedonia,2012,69.2,92.6,60.7,75.2,66.5,50.4,72.9,68.6,61.7,37.5,61.4,70.4,81.0,89.5,0.0,80.7,74.3,64.5,38,60,25,35,5,38.62,382086000000.0,1929821.0,24558758913.8755
7490,Europe,2912,MKD,North Macedonia,2013,70.6,92.9,62.6,75.9,66.8,51.8,73.7,70.9,61.7,39.6,69.7,74.1,81.2,90.3,0.0,80.7,73.4,63.7,35,60,22,32,15,38.89,393263000000.0,1922716.0,26269704512.3279
7491,Europe,2913,MKD,North Macedonia,2014,71.0,93.3,64.7,76.1,67.9,51.2,72.9,70.7,61.4,41.8,73.3,75.9,81.1,90.3,0.0,80.7,72.7,62.8,38,65,45,30,17,39.16,407535000000.0,1917557.0,27776051422.3132
7492,Europe,2914,MKD,North Macedonia,2015,70.9,93.9,62.4,75.9,71.5,51.2,72.1,72.8,59.3,42.6,71.9,73.2,81.4,91.0,0.0,80.7,70.4,63.7,35,55,33,28,15,39.43,423249000000.0,1912430.0,28759477964.6046
7493,Europe,2915,MKD,North Macedonia,2016,71.1,94.4,64.9,76.0,71.5,50.8,71.2,71.9,60.2,43.5,76.0,69.9,81.0,90.8,0.0,80.7,71.0,63.2,43,50,20,36,12,39.49,435304000000.0,1906313.0,31372563320.6069
7494,Europe,2916,MKD,North Macedonia,2017,71.6,94.7,60.7,76.7,73.6,53.3,71.4,70.6,64.8,44.3,77.1,71.9,80.8,90.2,0.0,80.7,71.6,63.8,38,52,30,35,5,39.54,440013000000.0,1898657.0,32582642852.9737
7495,Europe,2917,MKD,North Macedonia,2018,73.0,95.1,64.5,76.4,75.0,56.3,71.6,72.3,66.0,45.1,81.5,73.3,80.8,90.7,0.0,80.7,72.8,65.8,35,55,40,38,10,39.6,452688000000.0,1889051.0,34872106943.5014
7496,Europe,2918,MKD,North Macedonia,2019,73.0,95.6,62.6,76.9,72.8,58.2,71.7,69.7,68.1,45.5,81.5,73.1,80.6,89.9,0.0,80.7,73.1,68.6,37,60,33,43,10,39.65,470390000000.0,1876262.0,37942140168.2412
7497,Europe,2919,MKD,North Macedonia,2020,72.5,95.1,62.8,75.7,66.6,58.0,71.8,69.9,68.3,45.9,81.5,67.8,80.6,91.0,0.0,81.2,72.4,70.8,33,56,35,40,15,39.71,448336000000.0,1856124.0,37052260242.8725
7498,Europe,2920,MKD,North Macedonia,2021,73.1,95.6,62.6,77.4,66.6,58.8,71.8,69.9,70.1,46.7,81.5,69.9,81.2,90.8,0.0,81.2,73.5,72.6,40,45,40,40,12,,468559000000.0,1837114.0,40681504691.9464
7499,Europe,2921,MKD,North Macedonia,2022,72.5,96.2,62.6,76.9,66.6,59.0,71.8,69.9,70.0,46.7,81.5,65.6,81.2,90.8,0.0,81.2,73.9,72.7,36,55,35,20,20,,481486000000.0,1831712.0,44084717528.5101
7500,Europe,2922,NOR,Norway,2000,79.2,99.3,64.8,90.1,98.4,82.7,83.7,98.8,85.9,77.4,94.7,90.9,40.1,17.6,72.8,68.6,90.3,89.2,10,10,85,80,5,39.83,2604237598000.0,4490967.0,166105124890.993
7501,Europe,2923,NOR,Norway,2001,79.2,99.3,64.0,90.8,98.3,82.6,83.7,98.5,85.7,79.2,94.7,90.9,39.6,17.2,72.1,68.6,90.4,90.4,10,15,90,79,8,39.82,2658070586000.0,4513751.0,170770910037.424
7502,Europe,2924,NOR,Norway,2002,79.6,99.3,63.2,90.3,98.3,83.1,83.7,98.8,85.6,80.7,94.7,90.9,38.7,17.6,74.2,71.0,90.3,92.8,10,18,90,76,10,39.82,2694687024000.0,4538159.0,172705270003.633
7503,Europe,2925,NOR,Norway,2003,79.9,99.3,64.3,90.7,98.5,83.3,83.7,98.2,85.5,81.7,94.5,90.9,38.7,17.2,77.0,71.5,90.3,92.9,10,20,85,78,7,39.82,2720149374000.0,4564855.0,176590090417.754
7504,Europe,2926,NOR,Norway,2004,79.8,99.3,65.5,91.4,99.3,84.4,83.7,98.4,85.4,81.1,88.9,90.9,39.4,17.2,77.7,71.6,90.8,92.3,10,18,88,85,8,39.81,2829352165000.0,4591910.0,195950288595.853
7505,Europe,2927,NOR,Norway,2005,79.7,99.3,64.0,92.6,98.7,84.3,83.7,98.7,85.5,81.5,90.3,91.0,38.4,17.7,75.9,71.7,91.1,90.9,8,8,85,78,10,39.81,2905323748000.0,4623291.0,221764770681.486
7506,Europe,2928,NOR,Norway,2006,79.9,99.3,63.0,92.9,98.7,84.6,83.7,98.5,86.0,81.5,94.7,91.0,38.8,17.6,74.8,72.0,91.2,89.6,8,5,88,82,10,39.81,2976837511000.0,4660677.0,253397171103.576
7507,Europe,2929,NOR,Norway,2007,79.9,99.3,63.3,93.0,99.1,83.8,83.7,98.6,86.3,82.5,94.7,91.0,37.2,17.1,74.9,71.9,91.1,90.1,8,8,85,75,8,39.8,3063583747000.0,4709153.0,264566358944.122
7508,Europe,2930,NOR,Norway,2008,80.1,99.3,64.8,93.5,99.2,84.0,83.7,98.4,86.2,83.0,100.0,84.1,38.9,17.6,76.6,72.0,90.4,89.6,9,15,85,75,7,39.8,3078347756000.0,4768212.0,295976050426.666
7509,Europe,2931,NOR,Norway,2009,80.5,99.3,61.9,93.8,98.1,85.8,83.7,98.2,86.1,85.5,100.0,84.1,40.7,18.3,77.5,72.0,90.4,92.5,8,18,85,82,10,39.8,3018616582000.0,4828726.0,268567142941.591
7510,Europe,2932,NOR,Norway,2010,80.4,99.3,63.3,94.8,98.2,85.8,83.7,98.3,85.7,86.2,100.0,84.1,38.9,17.7,77.6,72.1,89.8,91.8,6,15,88,78,8,39.79,3042374660000.0,4889252.0,284650365882.132
7511,Europe,2933,NOR,Norway,2011,80.3,99.5,61.4,95.2,98.7,85.9,83.7,98.6,85.7,86.4,100.0,84.0,37.9,18.2,77.0,72.7,89.3,91.1,8,18,85,80,7,39.82,3076012859000.0,4953088.0,309370326298.155
7512,Europe,2934,NOR,Norway,2012,80.8,99.4,61.9,95.5,99.7,85.9,83.7,98.7,85.9,85.7,100.0,87.9,38.4,18.5,75.9,72.7,90.7,92.6,10,28,85,82,10,39.84,3159617635000.0,5018573.0,330093387414.194
7513,Europe,2935,NOR,Norway,2013,80.8,99.3,60.8,95.3,99.3,87.8,83.7,98.5,85.7,86.2,100.0,88.0,37.7,18.6,74.7,72.8,92.1,92.9,10,25,80,78,8,39.87,3191725380000.0,5079623.0,342254463749.269
7514,Europe,2936,NOR,Norway,2014,81.1,99.3,63.3,95.4,98.4,87.8,83.7,98.6,85.6,89.2,100.0,88.4,38.6,18.6,73.4,73.0,92.5,92.9,10,30,80,83,7,39.89,3257096129000.0,5137232.0,340765243535.079
7515,Europe,2937,NOR,Norway,2015,81.4,99.3,64.2,96.7,99.6,87.7,83.7,98.6,85.4,89.8,98.1,89.3,40.7,18.6,73.3,73.0,92.0,92.9,10,18,86,79,5,39.92,3317591469000.0,5188607.0,315229572404.503
7516,Europe,2938,NOR,Norway,2016,81.1,98.8,63.7,96.9,98.8,87.8,83.7,98.9,85.2,87.1,98.3,89.8,40.4,19.0,72.5,73.2,91.2,92.9,10,15,85,83,10,39.95,3356232261000.0,5234519.0,310303329051.275
7517,Europe,2939,NOR,Norway,2017,81.7,99.1,63.5,97.1,97.4,88.9,83.7,98.7,85.4,91.8,100.0,91.5,40.5,19.3,72.1,73.2,92.0,94.2,10,20,88,83,7,39.97,3438921308000.0,5276968.0,340837019722.395
7518,Europe,2940,NOR,Norway,2018,81.5,99.2,58.0,96.8,97.5,88.8,83.7,98.6,85.5,91.1,99.9,89.5,41.3,19.4,73.2,73.9,92.2,96.7,10,22,88,78,10,40.0,3467427610000.0,5311916.0,373182530590.832
7519,Europe,2941,NOR,Norway,2019,81.9,99.2,61.8,97.3,97.6,88.6,83.7,98.5,85.6,91.8,99.7,90.8,41.3,20.0,74.6,73.9,92.2,96.7,14,25,85,82,10,40.02,3506392722000.0,5347896.0,379377632591.483
7520,Europe,2942,NOR,Norway,2020,82.2,99.2,61.7,97.1,98.0,88.9,83.7,98.5,85.2,92.2,99.4,93.2,41.3,20.5,74.6,74.1,92.4,96.8,15,16,85,78,10,40.05,3461575000000.0,5379475.0,361019819522.16
7521,Europe,2943,NOR,Norway,2021,82.1,99.2,60.8,97.3,98.0,90.9,83.7,98.5,85.2,92.4,99.4,94.0,39.8,20.7,74.6,74.1,91.9,95.6,10,23,85,80,8,,3596877124000.0,5408320.0,481254696871.483
7522,Europe,2944,NOR,Norway,2022,82.0,99.2,60.8,97.1,98.0,92.9,83.7,98.5,85.9,92.4,99.4,91.2,39.8,20.7,74.6,74.1,91.7,94.0,12,23,86,80,10,,3713639978000.0,5457127.0,672046133630.964
7523,Asia,2945,OMN,Oman,2000,59.7,0.0,58.0,73.6,65.4,17.5,47.7,63.4,79.9,22.1,0.0,80.9,70.4,42.3,76.3,65.5,75.3,56.6,15,30,13,40,7,0.01,19004300000.0,2282131.0,90014688075.4391
7524,Asia,2946,OMN,Oman,2001,60.2,0.0,56.7,73.7,68.4,18.0,48.1,64.8,79.8,22.5,0.0,80.9,69.3,43.5,77.6,65.4,75.3,58.5,15,18,10,65,8,0.01,19881000000.0,2310217.0,96287569205.343
7525,Asia,2947,OMN,Oman,2002,59.8,0.0,58.0,73.1,68.7,18.5,48.5,63.4,79.8,22.8,0.0,80.9,69.0,40.1,74.2,65.1,75.3,59.5,15,20,12,65,12,0.01,19725100000.0,2337140.0,97017085208.8068
7526,Asia,2948,OMN,Oman,2003,59.4,0.0,57.6,73.8,68.0,18.9,49.9,60.8,79.7,23.2,0.0,80.9,69.4,35.6,75.3,64.9,75.2,58.5,20,30,11,60,10,0.01,19292200000.0,2363796.0,96761269994.2831
7527,Asia,2949,OMN,Oman,2004,59.7,0.0,57.9,73.4,68.0,19.5,49.3,63.9,79.6,23.1,0.0,80.9,68.0,38.9,75.3,64.7,75.0,58.3,18,15,8,60,10,0.01,19676600000.0,2404821.0,101343093383.116
7528,Asia,2950,OMN,Oman,2005,59.5,0.0,57.5,73.6,68.0,20.1,48.9,64.1,79.7,23.3,0.0,81.0,67.3,38.0,75.6,64.5,74.8,56.5,10,20,10,60,10,0.01,20223500000.0,2459802.0,107425752824.011
7529,Asia,2951,OMN,Oman,2006,58.9,0.0,56.9,73.8,68.0,20.6,48.5,62.6,79.6,23.7,0.0,81.3,66.4,32.0,76.3,64.4,73.4,56.7,20,23,12,60,10,0.01,21167900000.0,2514795.0,115909874629.131
7530,Asia,2952,OMN,Oman,2007,58.8,0.0,56.7,73.1,68.0,20.4,48.0,61.1,79.4,25.2,0.0,81.5,66.1,29.3,76.6,64.1,75.2,56.9,20,18,9,60,10,0.01,22222200000.0,2570174.0,124979650732.338
7531,Asia,2953,OMN,Oman,2008,58.8,0.0,56.0,72.5,68.2,20.8,47.8,63.1,79.3,25.9,0.0,81.8,66.1,28.4,76.3,64.0,75.0,56.1,18,15,15,60,10,0.01,24211100000.0,2626529.0,138788915177.733
7532,Asia,2954,OMN,Oman,2009,60.9,0.0,61.1,72.6,81.3,23.1,48.1,64.9,79.7,29.2,0.0,82.0,68.1,30.6,75.1,63.8,75.2,58.4,20,22,15,60,5,0.01,25659400000.0,2684659.0,147998452501.783
7533,Asia,2955,OMN,Oman,2010,61.1,0.0,61.2,74.5,81.3,25.4,48.3,64.6,79.5,32.0,0.0,82.6,65.2,26.9,76.1,63.5,75.1,59.8,20,20,18,60,10,0.01,26293700000.0,2757446.0,153500039111.647
7534,Asia,2956,OMN,Oman,2011,61.5,0.0,60.9,73.3,81.6,27.2,48.7,64.1,79.6,35.4,0.0,82.8,66.5,27.9,77.0,63.4,75.4,58.5,25,25,18,65,8,0.01,27054800000.0,3076763.0,161201808676.585
7535,Asia,2957,OMN,Oman,2012,61.7,0.0,61.1,73.4,80.1,28.5,49.0,64.5,79.7,38.6,0.0,82.9,66.6,25.7,77.1,63.3,75.4,59.4,25,40,12,70,10,0.01,29452700000.0,3547106.0,177317851461.746
7536,Asia,2958,OMN,Oman,2013,62.5,0.0,60.8,76.4,85.1,29.2,49.3,64.5,79.7,42.7,0.0,83.1,66.3,24.3,77.6,63.0,74.6,60.6,35,30,18,60,10,0.01,30992400000.0,3833913.0,180245565668.084
7537,Asia,2959,OMN,Oman,2014,64.7,0.0,60.1,78.3,90.9,35.5,49.6,65.6,80.0,44.0,0.0,84.0,69.2,32.7,77.6,63.7,76.4,62.2,18,30,18,75,10,0.01,31392900000.0,4002439.0,177051225729.964
7538,Asia,2960,OMN,Oman,2015,65.1,0.0,59.8,80.2,91.9,35.7,49.8,66.5,80.1,46.1,0.0,82.4,69.4,32.3,78.5,63.5,76.3,64.4,15,30,15,60,10,0.01,32967900000.0,4184895.0,150899641148.99
7539,Asia,2961,OMN,Oman,2016,66.2,0.0,59.0,80.7,94.0,35.9,50.0,67.0,80.3,51.4,0.0,83.7,71.2,36.9,78.7,63.3,75.7,64.6,20,33,18,75,20,0.01,34631600000.0,4390877.0,146364894955.712
7540,Asia,2962,OMN,Oman,2017,66.9,0.0,58.9,81.6,92.2,35.9,50.1,66.8,80.8,58.4,0.0,83.2,71.7,37.2,78.9,63.1,75.4,69.3,12,28,20,65,15,0.01,34736900000.0,4537396.0,152544979822.972
7541,Asia,2963,OMN,Oman,2018,66.7,0.0,58.6,82.0,90.2,35.9,50.3,67.0,81.5,55.9,0.0,83.1,73.8,37.3,78.6,62.9,77.5,66.5,25,39,17,60,30,0.01,35184000000.0,4597877.0,173709314188.187
7542,Asia,2964,OMN,Oman,2019,67.3,0.0,58.3,83.1,92.4,36.5,50.4,67.0,81.4,60.4,0.0,83.1,73.7,37.6,77.9,62.9,76.2,68.8,20,30,17,55,25,0.01,34786900000.0,4591241.0,171026532860.206
7543,Asia,2965,OMN,Oman,2020,67.8,0.0,58.0,83.5,93.2,36.4,50.5,67.0,80.6,62.8,0.0,83.3,73.7,37.3,77.9,62.7,76.8,73.0,15,22,17,55,15,0.01,33611200000.0,4522497.0,159026046195.661
7544,Asia,2966,OMN,Oman,2021,67.3,0.0,57.9,83.5,85.0,36.6,50.5,67.0,80.9,66.6,0.0,83.3,74.2,33.7,77.9,62.4,76.3,73.6,30,33,18,60,7,,34479100000.0,4500424.0,174253981507.44
7545,Asia,2967,OMN,Oman,2022,68.6,0.0,57.9,83.5,85.0,37.2,50.5,67.0,80.9,67.2,0.0,83.3,74.2,33.7,77.9,62.2,67.3,74.3,30,25,18,55,35,,37232500000.0,4730226.0,201584895347.812
7546,Asia,2968,PAK,Pakistan,2000,52.9,64.8,37.4,30.0,48.4,15.0,39.9,42.8,60.1,11.0,92.9,44.9,94.5,97.5,58.0,70.9,47.6,42.9,55,45,15,20,25,5.85,16640025682900.0,154879127.0,397295872793.651
7547,Asia,2969,PAK,Pakistan,2001,52.8,64.8,35.4,30.6,48.4,15.5,40.4,43.5,60.1,11.1,92.9,44.6,94.4,97.5,57.6,70.8,47.5,42.8,70,38,15,25,10,5.8,17247611289100.0,159270907.0,421075052526.708
7548,Asia,2970,PAK,Pakistan,2002,52.9,64.8,34.2,31.0,48.4,16.0,40.9,43.9,60.1,11.4,92.9,44.7,94.5,97.5,57.9,70.5,47.6,43.0,50,35,18,22,30,5.74,17695155184500.0,163222549.0,438714453464.953
7549,Asia,2971,PAK,Pakistan,2003,53.1,64.8,34.5,31.5,48.4,16.9,41.4,44.5,60.1,11.8,92.9,44.4,94.5,97.5,59.7,70.4,47.6,42.3,40,40,20,23,0,5.69,18650925525500.0,167110248.0,471540229068.59
7550,Asia,2972,PAK,Pakistan,2004,52.9,64.8,36.0,31.8,48.4,17.2,41.9,44.2,60.1,11.9,86.1,44.5,94.4,97.3,59.9,70.1,47.6,42.2,55,60,15,24,5,5.64,20111527169500.0,171286000.0,522140892728.21
7551,Asia,2973,PAK,Pakistan,2005,53.0,64.8,36.7,32.7,48.5,17.6,42.4,45.2,60.1,12.8,84.5,43.8,94.3,97.3,60.1,69.9,47.6,42.6,70,50,15,35,40,5.58,21574957414300.0,175453212.0,577697637564.775
7552,Asia,2974,PAK,Pakistan,2006,53.4,64.8,35.9,35.5,51.0,19.6,42.9,45.4,60.1,12.9,84.5,43.9,94.3,97.2,60.1,69.6,47.6,43.1,45,60,34,33,20,5.53,22880595665700.0,179682690.0,631551171914.0
7553,Asia,2975,PAK,Pakistan,2007,53.4,64.8,36.5,34.3,49.2,18.8,43.3,44.8,60.1,13.9,89.8,44.0,94.2,97.1,60.4,69.5,44.0,43.5,55,55,15,14,40,5.47,23897595662900.0,184493231.0,677493326139.475
7554,Asia,2976,PAK,Pakistan,2008,53.6,64.8,36.0,31.8,54.4,18.8,43.8,45.1,60.1,13.9,89.8,44.1,94.2,97.2,60.6,69.3,43.6,43.6,65,58,25,18,5,5.42,24404330089700.0,189499113.0,705189290476.96
7555,Asia,2977,PAK,Pakistan,2009,53.5,64.8,35.8,33.6,54.5,20.0,44.3,45.7,60.1,13.4,89.8,42.1,94.1,97.2,60.5,69.1,41.2,43.4,65,60,22,20,35,5.36,25251782799600.0,194376534.0,734177854517.791
7556,Asia,2978,PAK,Pakistan,2010,53.7,64.8,35.0,35.6,54.7,20.2,44.8,46.6,60.0,13.5,92.5,40.4,94.3,97.2,60.6,68.9,40.4,42.9,55,63,20,19,20,5.31,25630993246400.0,199239047.0,754259486425.175
7557,Asia,2979,PAK,Pakistan,2011,53.8,66.0,35.6,36.3,54.4,20.7,45.3,46.7,59.9,13.1,89.7,42.2,94.3,97.2,60.8,68.6,41.4,42.7,62,63,25,22,40,5.27,26317933816300.0,203746065.0,790452779286.801
7558,Asia,2980,PAK,Pakistan,2012,54.8,69.2,35.3,37.6,56.4,25.5,45.8,47.3,59.2,17.1,89.7,42.9,94.4,97.3,60.9,68.5,41.3,42.8,60,63,22,26,40,5.23,27114731346200.0,207667125.0,840345473962.346
7559,Asia,2981,PAK,Pakistan,2013,55.4,70.7,39.4,38.0,56.7,27.4,46.2,48.4,58.5,17.2,90.5,42.8,94.3,97.3,60.8,68.2,42.4,43.5,65,63,25,23,63,5.19,28298795072700.0,211073978.0,881009821208.77
7560,Asia,2982,PAK,Pakistan,2014,55.8,72.7,39.8,39.3,58.1,28.4,46.7,48.8,59.7,17.7,90.5,39.8,94.2,97.2,62.4,68.0,42.2,43.4,60,58,22,30,40,5.14,29463694645300.0,214264647.0,924121429937.152
7561,Asia,2983,PAK,Pakistan,2015,55.9,73.3,39.1,40.6,58.2,28.6,47.2,48.8,58.6,18.7,84.4,43.5,94.3,97.0,62.6,67.7,44.1,43.8,63,59,22,32,65,5.1,30706456224700.0,217290883.0,973520332591.722
7562,Asia,2984,PAK,Pakistan,2016,56.2,73.9,39.5,42.6,58.6,28.3,47.6,48.3,58.5,20.1,84.4,42.5,94.3,96.8,63.5,67.5,45.1,44.5,60,60,20,25,35,5.05,32725049000000.0,220138869.0,1019403996557.85
7563,Asia,2985,PAK,Pakistan,2017,57.2,73.8,40.5,43.3,59.7,29.8,48.1,47.7,59.9,27.6,84.4,44.8,94.2,96.5,63.4,67.3,45.8,45.4,72,60,30,30,40,4.99,34175628000000.0,223273967.0,1069378806760.21
7564,Asia,2986,PAK,Pakistan,2018,58.1,73.9,42.6,44.7,58.8,32.4,48.5,48.9,59.8,27.5,90.1,44.7,94.2,96.8,63.3,67.0,48.4,45.8,70,58,22,32,70,4.94,36278011000000.0,226928892.0,1129963710339.0
7565,Asia,2987,PAK,Pakistan,2019,58.4,75.8,42.9,44.3,59.7,37.0,49.0,49.5,59.6,27.2,90.1,44.2,94.2,96.8,63.2,66.9,47.6,45.5,68,63,20,33,10,4.89,37184104000000.0,230800899.0,1162667379542.97
7566,Asia,2988,PAK,Pakistan,2020,58.6,73.2,42.6,44.1,59.7,36.9,49.4,50.2,59.0,30.8,90.1,45.9,94.2,96.8,63.2,66.5,47.1,46.2,50,55,30,24,20,4.83,36710346000000.0,235001746.0,1186293820824.83
7567,Asia,2989,PAK,Pakistan,2021,59.1,77.1,43.4,44.5,59.7,37.2,49.4,50.2,59.6,33.5,90.1,46.3,94.3,96.6,63.3,66.3,45.3,48.5,63,63,22,28,50,,39101616000000.0,239477801.0,1285342890384.16
7568,Asia,2990,PAK,Pakistan,2022,59.0,79.1,43.6,45.2,59.7,37.2,49.4,50.2,59.4,33.5,90.1,43.9,94.3,96.6,63.3,65.8,42.2,48.8,60,64,15,22,70,,40969933000000.0,243700667.0,1442774797327.02
7592,North America,3014,PAN,Panama,2000,61.2,88.4,41.4,75.0,70.1,57.1,64.7,67.3,66.7,22.3,9.0,90.1,77.9,79.2,56.9,63.0,63.2,47.6,15,30,25,20,8,59.75,21680780400.0,3010369.0,24375848208.5943
7593,North America,3015,PAN,Panama,2001,61.1,88.4,41.6,74.8,71.0,57.1,65.0,64.9,66.7,22.5,8.9,90.1,77.0,78.6,58.8,64.6,63.2,45.9,25,25,23,25,7,59.6,21886727900.0,3069537.0,25161478641.3009
7594,North America,3016,PAN,Panama,2002,61.7,88.4,43.1,75.3,72.1,57.1,65.3,68.7,66.7,22.6,9.7,90.2,77.1,79.3,60.5,64.6,62.7,46.1,12,40,20,44,10,59.45,22435831700.0,3129344.0,26193558633.6771
7595,North America,3017,PAN,Panama,2003,61.8,88.4,43.3,75.7,72.1,57.1,65.7,69.7,66.7,22.9,10.3,90.2,77.8,79.2,57.2,65.3,63.0,45.5,15,20,18,30,7,59.29,23579354700.0,3189807.0,28072109076.6635
7596,North America,3018,PAN,Panama,2004,62.1,88.4,42.0,75.7,72.4,60.6,66.0,70.1,66.8,22.8,11.5,90.3,78.2,79.4,56.7,67.0,63.3,44.9,20,35,20,30,10,59.14,25507121000.0,3251155.0,31183787671.0616
7597,North America,3019,PAN,Panama,2005,62.0,88.4,41.5,76.2,72.6,60.6,66.3,67.8,66.8,22.9,13.0,90.4,77.4,78.9,58.3,66.9,62.7,43.1,20,30,30,44,7,58.99,27618137100.0,3313026.0,34823289276.603
7598,North America,3020,PAN,Panama,2006,62.1,88.4,42.0,75.1,78.6,60.6,66.6,67.5,66.8,23.8,11.8,90.4,77.6,78.6,53.1,67.0,63.8,43.9,15,38,25,40,7,58.83,30340522800.0,3375024.0,39435653647.307
7599,North America,3021,PAN,Panama,2007,61.7,88.4,43.2,77.2,78.6,60.6,66.9,68.6,66.7,24.5,14.5,81.5,77.2,78.8,47.5,66.9,61.6,45.8,18,40,12,40,8,58.68,34331231600.0,3437490.0,45831593911.4288
7600,North America,3022,PAN,Panama,2008,61.9,88.4,43.8,77.1,78.0,60.6,67.2,69.4,66.6,26.3,14.5,85.2,77.1,78.9,48.3,66.9,59.3,44.9,20,38,15,20,10,58.53,37832135800.0,3500648.0,51478329159.7242
7601,North America,3023,PAN,Panama,2009,62.0,88.4,44.2,77.4,77.4,56.4,67.5,68.3,66.6,26.9,15.8,86.0,77.1,78.4,53.7,68.4,56.6,45.1,18,43,20,30,10,58.37,38441938400.0,3564381.0,52630716055.5447
7602,North America,3024,PAN,Panama,2010,62.4,88.4,43.5,80.4,79.1,56.4,67.8,68.3,66.6,27.2,16.1,87.7,76.8,78.2,51.1,68.7,59.2,45.1,10,33,20,50,10,58.22,40776668600.0,3628535.0,56505646923.7502
7603,North America,3025,PAN,Panama,2011,62.9,90.8,45.1,78.9,78.8,56.4,68.1,68.6,67.6,29.2,16.5,85.7,76.7,77.4,59.5,68.7,57.6,43.4,30,37,18,45,6,58.07,45632712000.0,3693505.0,64539438913.9416
7604,North America,3026,PAN,Panama,2012,63.5,88.9,44.8,78.7,80.9,56.4,68.4,70.5,67.7,32.5,15.9,85.3,76.6,75.5,68.6,68.6,57.6,42.7,30,40,15,35,7,57.91,50025907100.0,3759256.0,73204937473.2873
7605,North America,3027,PAN,Panama,2013,62.8,91.4,45.5,77.8,80.3,58.5,68.7,69.5,67.7,32.9,16.2,87.6,76.7,76.1,51.5,68.6,54.8,43.6,25,38,25,60,10,57.76,53189722500.0,3825329.0,83865270123.4766
7606,North America,3028,PAN,Panama,2014,63.5,91.0,46.7,77.5,78.5,61.9,69.0,70.0,70.2,34.3,17.6,87.4,75.7,68.5,63.1,68.5,57.5,42.7,20,38,30,50,5,57.6,55650180000.0,3892101.0,94874168724.4033
7607,North America,3029,PAN,Panama,2015,64.9,92.8,45.6,77.5,77.4,61.9,69.4,71.8,73.2,41.2,17.2,85.1,77.7,79.2,60.6,68.5,60.7,42.7,25,38,38,60,8,57.45,58581228900.0,3960035.0,107892257844.093
7608,North America,3030,PAN,Panama,2016,65.5,92.7,47.8,78.6,75.2,62.0,69.8,72.7,72.9,41.9,17.7,88.7,78.5,82.6,60.1,68.4,60.0,42.9,25,37,10,30,5,57.3,61259543400.0,4029086.0,121987463715.67
7609,North America,3031,PAN,Panama,2017,65.9,92.9,48.2,79.6,75.3,62.3,70.2,73.4,73.0,44.4,18.5,90.4,77.9,80.0,60.1,68.4,62.2,44.4,30,37,25,45,7,57.14,64778328000.0,4098707.0,137443278041.997
7610,North America,3032,PAN,Panama,2018,66.3,93.9,49.1,80.1,76.0,62.7,70.5,74.2,72.6,45.2,19.4,91.8,76.1,72.4,66.7,66.8,62.3,46.7,30,42,25,35,7,56.99,67316471200.0,4167860.0,135303491321.191
7611,North America,3033,PAN,Panama,2019,66.9,95.1,49.6,80.8,76.9,65.0,70.9,71.3,73.0,45.8,18.6,94.4,75.9,71.4,70.3,67.3,62.7,48.5,20,55,30,30,8,56.84,69405347000.0,4234700.0,140760298314.01
7612,North America,3034,PAN,Panama,2020,66.9,93.2,49.8,79.2,75.2,65.6,71.2,71.5,68.3,46.6,18.6,94.5,75.9,72.2,70.3,67.2,62.4,55.2,25,38,25,45,8,56.68,57036460500.0,4293261.0,115991046900.546
7613,North America,3035,PAN,Panama,2021,67.3,93.8,50.2,80.0,80.7,65.9,71.2,71.5,70.6,46.6,18.6,90.8,76.2,71.7,70.4,66.7,63.1,56.2,25,38,20,55,8,,66428725700.0,4345405.0,134415382039.559
7614,North America,3036,PAN,Panama,2022,67.3,94.7,50.3,78.9,80.7,66.4,71.2,71.5,71.2,46.6,18.6,90.0,76.2,71.7,70.3,66.6,62.1,57.5,35,38,25,45,7,,73582877500.0,4400773.0,159506658380.049
7615,Oceania,3037,PNG,Papua New Guinea,2000,53.3,24.4,50.1,37.6,57.7,36.7,40.5,23.7,76.8,3.4,43.7,81.9,96.3,94.8,69.5,68.3,56.4,43.7,35,88,15,24,10,80.11,29285768300.0,5537064.0,12159159062.2461
7616,Oceania,3038,PNG,Papua New Guinea,2001,53.3,24.4,49.2,36.9,57.7,37.2,40.5,24.0,76.9,3.5,43.7,81.9,96.5,94.6,68.7,68.1,56.8,45.3,38,88,25,24,10,80.09,29250248000.0,5728435.0,12417865874.9028
7617,Oceania,3039,PNG,Papua New Guinea,2002,53.2,24.4,48.0,37.6,57.7,37.7,40.5,24.6,76.9,3.4,43.7,81.9,96.2,94.5,70.1,67.8,56.6,42.2,28,85,22,20,10,80.06,29203769200.0,5924003.0,12590800156.7602
7618,Oceania,3040,PNG,Papua New Guinea,2003,53.0,24.4,45.7,38.7,57.7,37.8,40.5,25.0,77.0,3.4,43.7,81.9,96.2,94.4,69.4,67.6,55.7,42.2,30,85,18,22,8,80.04,29835768700.0,6123997.0,13117239566.7217
7619,Oceania,3041,PNG,Papua New Guinea,2004,52.8,24.4,43.6,38.3,57.7,38.3,40.5,24.5,77.1,3.4,43.7,81.9,96.0,94.2,69.0,67.4,55.7,42.2,30,80,15,23,12,80.02,30647652400.0,6328041.0,13836515284.2341
7620,Oceania,3042,PNG,Papua New Guinea,2005,53.0,24.4,44.1,39.7,57.7,38.8,40.5,25.3,77.2,3.4,43.7,81.2,96.2,94.3,69.2,67.2,56.0,42.2,35,90,20,15,10,80.0,32592183400.0,6535905.0,15175777704.6925
7621,Oceania,3043,PNG,Papua New Guinea,2006,53.0,24.4,43.8,41.0,57.7,39.3,40.5,23.4,77.2,3.4,43.7,80.5,96.3,94.4,70.2,67.1,56.1,42.2,44,75,24,25,15,79.98,34355402300.0,6747720.0,16490093334.7225
7622,Oceania,3044,PNG,Papua New Guinea,2007,53.1,24.4,45.3,39.4,57.7,39.7,40.5,24.9,77.3,3.5,43.7,79.7,96.4,93.8,70.0,66.9,56.8,42.2,40,80,30,30,15,79.96,37040342000.0,6963345.0,18260499666.8031
7623,Oceania,3045,PNG,Papua New Guinea,2008,53.1,24.4,44.1,38.7,57.7,40.2,40.6,26.7,77.2,3.5,43.7,78.9,96.8,94.3,71.2,66.7,56.4,42.2,35,88,20,24,15,79.93,36930533000.0,7183002.0,18557148782.821
7624,Oceania,3046,PNG,Papua New Guinea,2009,53.0,24.4,43.8,40.0,57.7,40.7,40.6,25.0,77.4,3.4,43.7,78.1,96.6,94.3,70.7,66.5,56.0,42.2,40,90,22,18,10,79.91,39441964900.0,7406438.0,19941353582.512
7625,Oceania,3047,PNG,Papua New Guinea,2010,52.5,24.4,34.3,39.1,58.2,41.1,40.6,26.5,77.5,3.4,43.7,77.3,96.6,94.5,71.3,66.4,56.0,42.2,40,80,25,20,5,79.89,43436826200.0,7633523.0,22227994799.0017
7626,Oceania,3048,PNG,Papua New Guinea,2011,52.7,24.0,35.9,40.0,58.2,41.8,40.6,29.7,76.9,3.5,43.7,76.2,96.4,93.7,71.7,66.1,56.0,42.2,40,88,18,23,10,79.82,43917908000.0,7859346.0,22937846465.9927
7627,Oceania,3049,PNG,Papua New Guinea,2012,52.9,24.8,34.2,40.3,58.2,43.2,40.6,31.0,77.0,5.5,43.7,75.8,96.1,93.1,71.9,65.9,55.0,42.2,35,75,20,23,20,79.75,45963217500.0,8081390.0,24453122386.7706
7628,Oceania,3050,PNG,Papua New Guinea,2013,53.3,25.3,35.3,41.0,58.2,43.9,40.6,33.4,77.0,6.1,43.7,75.4,96.4,94.5,72.2,65.7,55.0,42.2,30,80,15,24,5,79.69,47721285900.0,8302698.0,25820522088.4781
7629,Oceania,3051,PNG,Papua New Guinea,2014,53.3,28.4,35.4,40.6,58.2,44.5,40.9,33.0,77.2,6.7,43.7,75.1,96.7,95.0,70.4,65.5,54.8,39.6,38,85,18,22,25,79.62,54184547400.0,8523441.0,29828194889.8498
7630,Oceania,3052,PNG,Papua New Guinea,2015,53.0,29.6,34.7,41.6,58.2,45.0,41.1,34.1,77.1,6.9,43.7,74.2,96.8,95.6,66.6,65.2,53.4,37.6,40,85,18,30,10,79.55,57749000000.0,8743246.0,32085428349.0734
7631,Oceania,3053,PNG,Papua New Guinea,2016,53.1,30.4,34.1,41.9,58.2,48.0,41.4,35.6,77.1,8.2,43.7,73.9,96.7,95.5,63.2,65.0,53.9,35.1,50,85,25,35,20,79.47,60919173600.0,8961718.0,34168434981.4146
7632,Oceania,3054,PNG,Papua New Guinea,2017,53.6,30.8,34.1,41.4,58.2,47.6,41.7,37.6,77.1,8.7,43.7,73.6,96.7,95.7,68.3,64.8,54.4,37.0,38,90,20,30,20,79.4,63072429300.0,9178714.0,36009673547.9047
7633,Oceania,3055,PNG,Papua New Guinea,2018,53.6,30.3,33.6,42.1,53.9,47.9,41.9,37.8,77.0,6.5,43.7,73.1,96.5,95.3,72.8,64.3,53.8,40.7,35,80,25,20,15,79.33,62896298100.0,9394513.0,36731754152.0914
7634,Oceania,3056,PNG,Papua New Guinea,2019,53.6,30.9,33.6,42.8,53.9,48.2,42.2,36.7,77.1,7.9,43.7,72.6,96.5,95.2,72.1,64.0,54.3,38.8,40,80,25,20,40,79.25,65714375900.0,9609010.0,39010933635.6234
7635,Oceania,3057,PNG,Papua New Guinea,2020,53.6,29.6,34.0,43.2,53.9,48.2,42.5,37.0,76.9,9.1,43.7,71.8,96.5,95.2,72.0,63.8,54.4,39.2,38,75,18,32,5,79.18,63632917700.0,9815746.0,38277259227.6824
7636,Oceania,3058,PNG,Papua New Guinea,2021,53.7,29.5,33.9,43.2,53.9,48.4,42.5,37.0,76.8,9.7,43.7,71.8,96.5,95.2,72.1,64.5,54.9,39.5,37,80,28,22,25,,63307528600.0,10012896.0,39820324163.1154
7637,Oceania,3059,PNG,Papua New Guinea,2022,53.6,30.8,33.9,43.2,53.9,48.4,42.5,37.0,76.9,9.7,43.7,71.8,96.5,95.2,72.1,64.1,52.1,39.6,35,85,25,25,20,,66920859000.0,10203169.0,45094122323.6713
7638,South America,3060,PRY,Paraguay,2000,60.6,81.0,67.7,68.3,81.0,53.8,63.6,77.8,67.8,17.6,11.8,67.1,80.3,94.3,0.0,41.7,45.8,49.5,18,10,15,20,5,57.87,106468267857100.0,5100868.0,35385622740.1581
7639,South America,3061,PRY,Paraguay,2001,60.9,81.0,69.0,68.5,80.9,54.0,64.4,77.0,68.6,17.6,11.8,67.4,80.4,94.3,0.0,46.3,44.4,48.2,20,25,30,35,10,57.01,105580264247200.0,5187689.0,35880616249.9131
7640,South America,3062,PRY,Paraguay,2002,60.5,81.0,67.9,69.1,80.0,54.2,65.2,76.4,66.8,17.7,8.0,68.6,80.9,94.3,0.0,46.2,44.2,46.7,20,30,20,32,5,56.15,105557665430400.0,5261328.0,36430399732.6955
7641,South America,3063,PRY,Paraguay,2003,61.1,81.0,69.4,68.4,79.3,57.6,66.0,76.1,68.3,17.6,11.4,68.9,80.1,94.2,0.0,46.8,44.7,46.9,30,25,30,24,10,55.29,110118543494100.0,5326436.0,38754792317.5114
7642,South America,3064,PRY,Paraguay,2004,61.5,81.0,70.0,68.0,79.3,57.6,66.8,76.6,68.4,17.8,15.1,70.1,80.3,94.2,0.0,46.9,45.1,46.0,30,15,15,35,7,54.43,114586513499600.0,5388175.0,41411671091.0752
7643,South America,3065,PRY,Paraguay,2005,62.6,81.0,69.3,69.3,84.6,57.1,67.5,78.4,69.4,18.5,16.3,70.3,81.6,94.4,0.0,50.8,46.6,46.0,15,18,15,42,10,53.56,117031206068000.0,5448097.0,43621331541.4204
7644,South America,3066,PRY,Paraguay,2006,62.6,81.0,69.2,69.3,83.8,56.8,68.2,79.9,69.1,18.5,14.1,71.4,80.9,94.3,0.0,50.8,47.1,46.4,5,19,18,30,10,52.7,122657033295700.0,5505148.0,47128136568.1343
7645,South America,3067,PRY,Paraguay,2007,62.6,81.0,70.2,70.4,80.9,57.1,69.0,80.7,69.4,19.0,14.1,71.8,80.5,94.3,0.0,50.8,47.0,45.5,10,30,20,30,10,51.84,129307035067200.0,5559386.0,51029293968.6202
7646,South America,3068,PRY,Paraguay,2008,62.9,81.0,70.0,69.5,79.3,61.1,69.7,80.5,69.6,19.4,17.3,71.3,80.7,94.2,0.0,51.2,47.3,45.3,25,30,20,25,10,50.98,137707197796500.0,5613574.0,55391362985.5046
7647,South America,3069,PRY,Paraguay,2009,62.8,81.0,69.0,68.8,75.6,58.9,70.4,80.9,69.0,20.1,19.6,71.7,80.6,94.1,0.0,51.9,46.9,46.7,25,30,30,23,7,50.12,137347592899600.0,5671236.0,55587466545.7634
7648,South America,3070,PRY,Paraguay,2010,63.4,81.0,72.2,70.5,75.9,60.0,71.1,81.3,69.5,20.4,16.9,73.3,81.7,93.9,0.0,51.9,47.3,46.8,20,20,18,25,10,49.26,152586625973600.0,5737971.0,62505525104.5648
7649,South America,3071,PRY,Paraguay,2011,63.5,82.1,71.8,70.9,75.6,61.1,71.8,81.9,69.4,21.5,15.1,71.2,81.4,93.3,0.0,51.9,46.8,49.7,20,38,20,30,10,48.22,159127055175100.0,5814626.0,66529576563.4646
7650,South America,3072,PRY,Paraguay,2012,65.0,87.1,69.2,71.0,76.3,62.2,72.5,83.0,69.8,22.2,21.7,77.9,81.9,94.6,0.0,51.9,47.8,51.5,5,30,30,20,8,47.17,158000367021100.0,5897008.0,64597743085.5266
7651,South America,3073,PRY,Paraguay,2013,65.6,90.8,71.0,71.4,76.2,68.0,73.1,84.3,69.6,25.9,21.3,71.9,81.2,94.4,0.0,51.9,46.1,52.0,35,28,20,30,10,46.13,171103458311700.0,5982445.0,72608983989.6986
7652,South America,3074,PRY,Paraguay,2014,65.5,88.8,70.8,70.5,75.8,65.5,73.8,84.8,69.3,28.9,17.3,76.5,80.8,94.4,0.0,52.0,44.9,53.6,5,33,18,40,10,45.09,180174060876600.0,6069811.0,76522545296.8012
7653,South America,3075,PRY,Paraguay,2015,66.2,90.4,73.1,71.3,75.3,65.8,74.5,84.7,69.5,32.0,21.7,75.1,81.0,94.4,0.0,52.0,46.3,51.7,35,33,45,35,10,44.04,185502081243600.0,6159103.0,78091620933.4249
7654,South America,3076,PRY,Paraguay,2016,66.5,90.8,74.6,72.4,72.9,65.4,75.1,84.0,69.2,33.2,21.3,78.6,81.1,94.4,0.0,51.9,47.6,51.5,30,30,20,35,10,43.34,193419357992100.0,6249126.0,83295458687.9189
7655,South America,3077,PRY,Paraguay,2017,67.0,93.0,74.7,73.7,72.9,64.8,75.8,83.5,73.7,35.1,20.4,78.6,80.5,92.8,0.0,51.9,47.8,52.1,35,25,35,40,15,42.64,202722981633400.0,6338660.0,88597623578.681
7656,South America,3078,PRY,Paraguay,2018,67.5,93.0,74.4,73.1,72.8,66.3,76.1,84.1,72.7,37.0,23.9,80.3,80.3,91.9,0.0,51.9,49.1,53.0,30,30,24,48,8,41.94,209218733463200.0,6427382.0,90877352659.2356
7657,South America,3079,PRY,Paraguay,2019,68.0,93.6,75.1,73.4,72.8,66.5,76.3,84.7,72.5,38.3,24.4,82.8,80.2,92.0,0.0,51.9,48.2,54.6,35,30,20,38,10,41.23,208377977311200.0,6515058.0,92185455052.434
7658,South America,3080,PRY,Paraguay,2020,68.7,94.3,75.3,72.3,76.0,66.3,76.5,85.0,72.0,39.2,35.7,78.0,80.2,92.1,0.0,51.9,48.5,56.3,38,28,20,32,8,40.53,206669725095200.0,6603739.0,94492100805.0321
7659,South America,3081,PRY,Paraguay,2021,68.9,94.8,73.7,71.2,75.3,67.1,76.5,85.0,72.5,40.2,35.7,77.6,80.2,92.0,0.0,51.9,49.5,59.4,30,30,28,50,15,,214971105067700.0,6684182.0,102977624582.579
7660,South America,3082,PRY,Paraguay,2022,68.8,95.1,73.8,72.0,75.3,67.2,76.5,85.0,73.0,40.2,35.7,80.0,80.2,92.0,0.0,51.9,47.5,59.9,30,35,18,45,15,,215349536688700.0,6760464.0,110513599071.106
7661,South America,3083,PER,Peru,2000,62.3,75.9,58.7,67.7,90.4,56.0,70.4,53.5,68.7,23.5,19.6,62.5,89.7,94.9,70.1,50.9,53.4,53.1,40,35,20,25,7,58.83,222207000000.0,26598331.0,133309382894.413
7662,South America,3084,PER,Peru,2001,62.5,75.9,58.6,67.5,91.5,56.4,70.8,55.8,68.7,24.2,16.5,62.6,89.7,95.2,71.2,52.4,53.4,52.5,25,35,25,20,10,58.73,223580000000.0,26964601.0,137153352638.529
7663,South America,3085,PER,Peru,2002,62.6,75.9,59.3,69.0,92.7,56.8,71.2,57.5,68.8,24.4,13.2,63.3,89.6,95.2,70.3,52.5,53.4,51.8,15,40,18,20,10,58.63,235773000000.0,27288217.0,146880640287.754
7664,South America,3086,PER,Peru,2003,62.9,75.9,59.7,68.4,91.9,57.2,71.7,58.7,69.2,24.8,13.9,63.4,89.7,95.2,71.1,52.6,53.4,52.1,35,35,20,32,10,58.53,245593000000.0,27580490.0,156018919945.834
7665,South America,3087,PER,Peru,2004,63.1,75.9,59.7,68.1,92.3,56.8,72.1,58.4,68.8,25.4,18.5,64.1,89.6,94.9,69.7,52.7,53.2,52.0,35,40,20,25,7,58.44,257770000000.0,27852190.0,168158161161.481
7666,South America,3088,PER,Peru,2005,63.3,75.9,62.0,69.3,92.2,55.3,72.5,59.5,68.7,25.8,17.6,63.9,89.4,94.6,70.5,53.0,53.2,53.3,20,35,25,30,8,58.34,273971000000.0,28101180.0,184330906997.207
7667,South America,3089,PER,Peru,2006,64.2,75.9,62.5,71.8,93.4,59.6,72.9,61.9,69.1,26.5,17.9,64.5,89.3,95.2,71.0,53.2,53.5,53.7,35,30,18,18,8,58.24,294598000000.0,28324491.0,204321436688.053
7668,South America,3090,PER,Peru,2007,64.7,75.9,62.9,72.6,93.2,59.9,73.4,61.8,69.1,27.1,18.3,67.9,89.1,94.8,70.9,53.2,54.9,54.4,35,35,20,15,8,58.14,319693000000.0,28530699.0,227733468343.031
7669,South America,3091,PER,Peru,2008,65.0,75.9,65.2,73.4,93.5,59.9,73.7,62.6,69.1,27.9,21.8,66.1,88.7,94.5,71.1,53.2,54.0,54.9,30,35,35,45,10,58.05,348870000000.0,28719041.0,253305933870.216
7670,South America,3092,PER,Peru,2009,65.5,75.9,65.8,74.0,94.0,59.5,74.1,62.9,69.2,28.1,22.5,66.7,88.9,93.9,74.4,54.6,54.0,54.1,35,32,18,48,5,57.95,352693000000.0,28896811.0,257661182883.791
7671,South America,3093,PER,Peru,2010,66.0,75.9,66.6,77.6,94.2,60.5,74.5,64.3,69.4,28.6,24.6,66.2,88.8,93.6,73.6,54.7,54.9,54.7,35,40,40,48,8,57.85,382081000000.0,29086019.0,282522933755.975
7672,South America,3094,PER,Peru,2011,66.1,77.9,67.0,77.4,90.2,58.4,74.8,65.6,69.4,28.6,28.0,65.8,88.6,93.5,74.0,55.0,54.7,54.6,35,43,35,35,15,57.72,406256000000.0,29304086.0,306596257463.361
7673,South America,3095,PER,Peru,2012,66.7,79.9,67.8,78.4,87.1,58.8,75.2,66.7,69.6,29.4,29.4,68.0,88.7,93.7,75.1,55.1,54.8,55.9,40,35,45,45,10,57.58,431199000000.0,29550366.0,317877785320.222
7674,South America,3096,PER,Peru,2013,67.6,81.3,68.8,77.9,92.3,63.4,75.5,67.6,69.4,30.7,32.6,66.5,88.3,93.5,74.7,55.2,54.1,56.8,40,46,18,35,8,57.45,456435000000.0,29817919.0,336660846713.936
7675,South America,3097,PER,Peru,2014,68.9,82.2,69.4,78.9,93.8,63.2,75.9,68.0,70.9,33.8,37.0,68.3,88.4,93.4,77.5,55.2,57.1,58.2,35,45,55,42,8,57.32,467308000000.0,30115826.0,346866168556.312
7676,South America,3098,PER,Peru,2015,69.3,83.0,69.9,79.8,95.2,64.7,76.3,69.1,70.7,37.9,35.9,70.1,88.4,93.6,76.3,55.2,55.6,57.0,35,40,35,30,15,57.18,482506000000.0,30457600.0,353319959252.515
7677,South America,3099,PER,Peru,2016,69.9,83.8,69.4,80.6,96.2,67.8,76.6,69.8,70.5,39.1,34.2,72.4,88.2,93.7,77.0,55.3,57.3,55.6,30,55,30,33,7,57.05,501581000000.0,30866494.0,372451971818.884
7678,South America,3100,PER,Peru,2017,70.4,84.2,68.8,80.8,96.8,68.1,77.0,71.3,72.6,40.4,35.8,71.9,87.9,93.6,78.2,55.3,57.4,56.5,25,35,22,35,8,56.91,514215000000.0,31324637.0,394435327375.369
7679,South America,3101,PER,Peru,2018,71.2,84.9,70.7,81.0,97.9,68.2,77.3,72.1,72.8,40.3,41.3,71.5,87.9,93.4,78.6,54.9,59.5,57.9,35,53,25,35,10,56.78,534626000000.0,31897584.0,417164014966.504
7680,South America,3102,PER,Peru,2019,71.8,85.5,70.5,81.7,98.4,69.8,77.6,72.8,72.0,43.0,45.2,72.3,87.8,93.4,78.5,55.1,58.9,58.6,35,45,35,35,5,56.64,546605000000.0,32449303.0,440127331383.878
7681,South America,3103,PER,Peru,2020,70.4,82.1,70.9,78.7,98.7,65.3,78.0,74.4,70.5,44.8,33.8,67.2,87.8,93.9,78.7,55.1,57.9,59.8,35,46,20,30,10,56.51,486843000000.0,32838579.0,412561044537.264
7682,South America,3104,PER,Peru,2021,71.9,85.1,71.3,80.5,98.8,74.1,78.0,74.4,73.8,45.5,33.8,72.1,87.8,93.5,78.7,55.3,58.3,60.6,46,50,30,25,20,,551898000000.0,33155882.0,506640152835.223
7683,South America,3105,PER,Peru,2022,71.7,86.0,71.4,80.8,98.8,74.9,78.0,74.4,74.6,44.8,33.8,70.5,87.8,93.5,78.7,55.3,54.3,60.7,40,55,32,25,15,,567401000000.0,33475438.0,558007303167.352
7684,Asia,3106,PHL,Philippines,2000,59.3,65.1,59.7,52.3,76.8,51.9,63.5,49.1,64.0,22.4,21.5,63.9,92.2,96.5,70.6,50.6,55.5,51.9,5,45,28,20,10,24.51,6985383240100.0,79625397.0,267983918581.132
7685,Asia,3107,PHL,Philippines,2001,59.6,65.1,60.0,52.2,76.8,55.3,63.7,49.9,64.0,22.5,21.5,64.2,92.3,96.6,71.3,51.5,55.5,51.4,35,40,30,20,15,24.36,7198383735400.0,81401488.0,282373530816.542
7686,Asia,3108,PHL,Philippines,2002,59.7,65.1,60.7,52.1,77.3,55.3,63.9,50.6,64.1,22.8,21.5,64.9,92.4,96.6,71.3,51.3,55.3,50.3,30,40,35,28,15,24.2,7465894031000.0,83068889.0,297418392710.962
7687,Asia,3109,PHL,Philippines,2003,60.0,65.1,60.8,52.9,78.0,55.3,64.1,51.3,64.1,22.8,23.1,65.2,92.5,96.6,70.8,51.2,55.3,50.8,25,35,35,35,20,24.04,7845677425800.0,84731835.0,318718479265.015
7688,Asia,3110,PHL,Philippines,2004,60.4,65.1,61.5,53.9,80.6,54.0,64.3,54.7,64.1,22.9,23.1,65.9,92.4,96.6,71.0,51.1,55.3,49.8,40,40,32,30,15,23.88,8361077904200.0,86394504.0,348789467139.567
7689,Asia,3111,PHL,Philippines,2005,60.2,65.1,62.7,53.9,79.9,54.0,64.6,52.8,64.0,22.8,23.1,66.1,92.4,96.6,70.9,51.1,53.6,50.2,30,30,30,30,18,23.73,8774324607600.0,88015962.0,377505058700.762
7690,Asia,3112,PHL,Philippines,2006,60.5,65.1,63.7,53.9,78.1,54.0,64.8,54.0,63.8,22.9,22.3,66.8,92.5,96.8,71.9,51.1,55.3,51.2,25,35,40,30,15,23.57,9240804277000.0,89508986.0,409835358908.747
7691,Asia,3113,PHL,Philippines,2007,60.6,65.1,64.2,54.6,75.9,56.7,65.0,54.0,64.2,22.9,22.3,67.9,92.5,96.7,72.0,51.0,53.5,51.0,37,45,35,35,20,23.41,9843239249400.0,91075184.0,448381089558.257
7692,Asia,3114,PHL,Philippines,2008,61.0,65.1,65.1,54.2,81.6,56.7,65.3,54.4,64.0,23.0,22.3,67.8,92.5,96.6,72.3,50.9,55.0,51.1,30,35,45,34,30,23.25,10270877529000.0,92699095.0,476875271356.607
7693,Asia,3115,PHL,Philippines,2009,61.2,65.1,64.4,54.1,81.9,56.9,65.8,54.9,63.9,23.4,23.5,70.5,92.5,96.7,72.4,52.5,51.6,50.3,40,30,40,33,18,23.1,10419633017000.0,94384250.0,486765839751.036
7694,Asia,3116,PHL,Philippines,2010,61.4,65.1,63.1,54.7,81.9,57.5,66.1,54.8,64.1,25.8,23.5,72.3,92.4,96.6,72.0,52.4,52.9,49.5,35,45,55,30,15,22.94,11183860996500.0,96337125.0,528817160215.178
7695,Asia,3117,PHL,Philippines,2011,61.8,64.9,63.8,56.2,81.9,60.2,66.5,55.8,64.1,26.5,23.5,71.6,92.5,96.7,71.3,52.9,53.2,49.8,40,45,38,45,60,23.06,11615360392900.0,98248614.0,560551170595.17
7696,Asia,3118,PHL,Philippines,2012,62.2,65.1,64.8,55.8,81.9,60.2,66.9,56.0,64.1,28.3,23.2,74.0,92.6,96.7,70.1,52.7,53.8,50.3,37,40,42,42,25,23.17,12416466190200.0,100175512.0,610496454569.407
7697,Asia,3119,PHL,Philippines,2013,62.4,67.4,64.1,55.4,82.0,62.3,67.3,55.7,64.1,31.7,23.2,72.7,92.6,96.4,69.9,52.5,51.7,51.5,37,45,30,35,20,23.29,13254643626900.0,102076336.0,650515526397.366
7698,Asia,3120,PHL,Philippines,2014,63.0,69.6,65.6,55.8,85.9,62.4,67.8,56.3,64.8,31.3,23.2,72.1,92.4,96.3,71.3,52.5,52.0,51.8,35,40,40,42,45,23.41,14096046745200.0,103767130.0,694071312888.333
7699,Asia,3121,PHL,Philippines,2015,63.9,72.0,66.6,55.7,86.2,62.5,68.1,56.0,64.7,33.7,30.4,73.8,92.5,96.0,71.7,52.2,51.2,53.3,30,40,35,37,15,23.52,14990907450400.0,105312992.0,726055887752.637
7700,Asia,3122,PHL,Philippines,2016,64.1,74.3,66.0,57.2,85.3,63.4,68.5,56.8,64.9,35.7,30.4,74.5,92.3,95.5,71.6,52.1,49.0,52.3,35,35,35,35,30,23.64,16062675895000.0,106735719.0,787994332750.166
7701,Asia,3123,PHL,Philippines,2017,64.8,76.1,67.0,59.4,84.6,63.8,68.6,57.0,64.9,38.0,30.4,74.8,91.9,95.3,72.8,51.9,50.9,54.7,35,40,33,33,15,23.76,17175978086100.0,108119693.0,840500711155.115
7702,Asia,3124,PHL,Philippines,2018,66.7,77.8,67.9,59.8,85.7,64.2,69.0,57.8,64.1,43.8,42.2,74.9,92.0,95.3,75.9,56.5,51.5,55.6,30,38,28,34,20,23.88,18265190258200.0,109465287.0,914882799585.1
7703,Asia,3125,PHL,Philippines,2019,67.2,79.7,68.2,60.3,87.2,64.0,69.9,58.2,65.8,44.4,42.2,75.4,91.9,95.3,74.6,56.3,53.8,55.4,37,40,30,40,55,23.99,19382750611400.0,110804683.0,988832200540.151
7704,Asia,3126,PHL,Philippines,2020,66.4,75.5,68.5,58.7,79.6,63.8,70.4,59.0,65.7,44.5,42.2,69.4,91.9,95.5,74.8,56.1,55.3,58.1,10,58,30,40,20,24.11,17537843279400.0,112081264.0,923366701020.759
7705,Asia,3127,PHL,Philippines,2021,67.1,76.7,68.8,58.2,78.5,63.9,70.4,59.0,69.0,45.6,42.2,73.5,92.2,95.4,74.9,59.0,53.6,59.5,35,44,35,40,45,,18540084219900.0,113100950.0,1001824458376.1
7706,Asia,3128,PHL,Philippines,2022,67.1,80.5,68.8,58.2,78.5,64.3,70.4,59.0,69.2,44.4,42.2,73.5,92.2,95.4,74.9,58.6,51.9,59.4,35,58,25,35,35,,19945604691100.0,113964338.0,1154612182082.28
7707,Europe,3129,POL,Poland,2000,73.1,98.6,65.8,76.0,93.6,58.0,78.7,67.4,76.6,37.0,74.3,83.6,76.0,76.7,68.8,76.5,79.1,56.8,20,25,60,48,10,29.59,1067425100000.0,38258629.0,410090821650.328
7708,Europe,3130,POL,Poland,2001,73.7,98.6,67.3,76.9,93.5,62.2,79.0,67.6,75.4,37.7,74.3,83.6,76.3,77.0,69.2,76.6,79.1,58.0,10,18,60,35,8,29.67,1080594400000.0,38248076.0,427478535031.188
7709,Europe,3131,POL,Poland,2002,73.6,98.6,66.8,77.4,93.0,62.6,79.4,67.8,74.6,39.7,74.3,83.6,75.8,77.3,66.4,76.8,79.2,58.5,18,15,40,49,7,29.76,1101138600000.0,38230364.0,452696001489.058
7710,Europe,3132,POL,Poland,2003,73.4,98.6,65.4,77.6,93.0,63.1,79.5,67.9,74.9,40.7,74.3,83.6,75.9,76.8,61.2,77.7,79.2,58.2,30,20,45,63,10,29.85,1139935800000.0,38204570.0,471080407788.89
7711,Europe,3133,POL,Poland,2004,74.5,98.6,68.1,77.8,93.2,63.6,79.6,68.1,75.0,42.8,74.3,83.6,76.0,76.5,66.9,84.9,79.7,58.0,25,18,70,58,7,29.94,1197967600000.0,38182222.0,512209063094.777
7712,Europe,3134,POL,Poland,2005,74.6,98.6,66.8,78.9,92.9,64.3,79.7,68.3,75.8,44.3,77.4,83.6,75.5,76.6,62.9,85.0,80.1,58.2,15,20,65,45,10,30.03,1237031200000.0,38165445.0,531856746243.163
7713,Europe,3135,POL,Poland,2006,74.9,98.6,64.7,79.4,92.9,64.8,79.8,68.1,77.9,45.7,81.1,83.6,75.0,76.0,62.9,85.1,80.0,57.8,25,18,60,50,7,30.12,1313753200000.0,38141267.0,580057218081.519
7714,Europe,3136,POL,Poland,2007,75.7,98.6,66.5,79.5,93.0,65.2,79.9,68.3,80.3,46.3,81.8,84.0,74.6,76.0,66.0,89.9,79.2,57.4,18,20,65,60,8,30.2,1402568800000.0,38120560.0,641715874972.687
7715,Europe,3137,POL,Poland,2008,76.1,98.6,66.5,79.5,93.2,65.6,80.5,68.4,81.6,47.8,84.0,80.8,74.8,76.3,67.1,91.3,79.9,58.5,30,18,65,65,7,30.29,1464054200000.0,38125759.0,700460796974.123
7716,Europe,3138,POL,Poland,2009,76.5,98.6,67.2,80.8,93.5,66.1,80.6,69.1,81.1,49.1,85.1,82.9,75.6,76.8,64.1,91.4,79.8,58.7,30,20,65,55,10,30.38,1502341100000.0,38151603.0,735949018061.631
7717,Europe,3139,POL,Poland,2010,76.6,98.6,66.4,82.2,93.9,66.5,81.3,68.9,80.2,51.2,85.1,82.5,75.0,76.1,63.7,91.5,80.1,58.6,25,18,55,55,15,30.47,1549949200000.0,38042794.0,798641868411.475
7718,Europe,3140,POL,Poland,2011,76.7,98.6,66.1,81.9,94.5,68.8,80.7,69.7,80.2,51.7,85.7,81.2,75.0,75.7,65.1,92.1,79.6,57.9,30,25,40,60,10,30.53,1631406200000.0,38063255.0,868165962038.92
7719,Europe,3141,POL,Poland,2012,77.4,98.7,66.7,82.9,95.6,69.1,81.2,70.0,80.0,55.3,86.6,82.6,75.0,75.1,66.1,92.3,81.3,57.8,15,20,45,55,10,30.59,1656069500000.0,38063164.0,903168300515.319
7720,Europe,3142,POL,Poland,2013,77.3,98.7,66.5,82.9,92.0,68.4,81.6,70.5,79.8,55.7,86.2,82.5,75.4,76.4,65.9,92.3,81.0,58.3,20,20,35,50,10,30.65,1667401000000.0,38040196.0,929470019210.633
7721,Europe,3143,POL,Poland,2014,78.2,98.7,68.6,83.4,95.8,69.1,82.3,70.7,81.7,61.6,87.2,83.3,75.4,76.6,63.5,92.4,81.7,58.2,20,18,55,60,10,30.71,1732771600000.0,38011735.0,967768860680.126
7722,Europe,3144,POL,Poland,2015,79.0,98.7,66.0,84.4,96.1,70.8,82.7,71.2,82.6,58.5,89.9,87.6,75.4,77.8,67.7,92.4,83.5,57.9,20,25,40,65,10,30.77,1809564000000.0,37986412.0,1025456140420.47
7723,Europe,3145,POL,Poland,2016,79.5,98.9,67.3,85.0,96.6,70.9,83.0,70.8,83.4,66.8,91.4,83.3,74.9,76.8,69.8,92.5,81.9,57.7,15,20,38,50,15,30.81,1864415100000.0,37970087.0,1076820000427.04
7724,Europe,3146,POL,Poland,2017,80.6,98.9,67.8,85.3,97.5,71.4,83.4,70.6,85.5,75.7,95.3,90.2,74.5,75.7,70.7,92.5,77.8,57.9,30,24,35,65,12,30.85,1960478300000.0,37974826.0,1145711205425.05
7725,Europe,3147,POL,Poland,2018,80.2,98.8,65.3,85.3,97.0,71.7,83.8,70.6,85.1,77.1,93.4,86.8,74.1,75.0,68.1,92.6,79.2,60.0,30,25,35,58,20,30.89,2082927000000.0,37974750.0,1228297337147.81
7726,Europe,3148,POL,Poland,2019,80.9,99.0,65.8,85.9,98.8,72.0,84.4,71.2,85.6,77.6,93.4,88.2,73.8,75.8,72.9,92.6,77.3,60.4,30,24,45,55,10,30.93,2178334600000.0,37965475.0,1362291050579.99
7727,Europe,3149,POL,Poland,2020,80.6,98.9,67.7,84.1,97.4,72.0,84.4,71.2,85.3,79.0,93.4,81.7,73.8,76.4,72.5,92.7,77.7,61.6,38,24,35,55,10,30.97,2133993100000.0,37515748.0,1391432848266.15
7728,Europe,3150,POL,Poland,2021,81.0,99.0,67.5,83.9,97.5,72.6,84.4,71.2,86.6,79.7,93.4,85.8,74.1,75.3,72.1,92.8,78.3,62.4,35,24,40,60,10,,2281818700000.0,36981559.0,1518447457166.84
7729,Europe,3151,POL,Poland,2022,81.8,99.0,67.5,85.2,97.5,73.1,84.4,71.2,86.9,80.3,93.4,87.8,74.1,75.3,72.1,92.9,77.4,72.6,35,28,60,50,5,,2401738700000.0,36821749.0,1696649925504.66
7730,Europe,3152,PRT,Portugal,2000,71.3,100.0,62.4,81.1,96.6,64.0,77.3,77.3,81.1,37.2,59.1,89.2,64.8,79.7,40.5,63.9,76.5,62.1,5,20,60,60,8,35.81,191176071000.0,10289898.0,194263583306.103
7731,Europe,3153,PRT,Portugal,2001,71.6,100.0,61.4,81.2,97.9,65.1,77.4,78.0,81.1,38.2,59.1,89.3,65.0,79.9,39.9,64.1,76.6,62.5,12,18,55,72,7,35.78,194891907000.0,10362722.0,202390992092.181
7732,Europe,3154,PRT,Portugal,2002,71.6,100.0,61.8,81.8,97.9,66.0,77.6,76.3,80.7,38.7,59.1,89.3,65.3,79.3,39.6,64.0,76.5,62.8,15,20,30,60,6,35.75,196394377000.0,10419631.0,212108753260.396
7733,Europe,3155,PRT,Portugal,2003,72.1,100.0,61.2,82.9,97.6,66.5,77.8,78.8,79.9,41.2,59.1,89.3,65.6,80.1,40.4,65.7,76.5,63.0,15,10,35,63,8,35.72,194566886000.0,10458821.0,218089850095.557
7734,Europe,3156,PRT,Portugal,2004,72.3,100.0,62.7,83.2,97.7,66.8,78.0,77.3,79.7,42.5,58.9,89.4,65.3,79.7,41.6,65.9,77.0,63.1,12,30,65,70,7,35.69,198047173000.0,10483861.0,225176871834.919
7735,Europe,3157,PRT,Portugal,2005,72.4,100.0,59.7,84.0,97.8,68.2,78.1,76.3,79.0,44.2,60.8,89.3,65.3,79.4,42.7,66.3,76.9,63.3,12,20,45,70,15,35.66,199595600000.0,10503330.0,238691088867.445
7736,Europe,3158,PRT,Portugal,2006,73.2,100.0,61.8,85.2,97.7,68.6,78.4,79.2,78.9,47.4,64.1,89.3,65.4,80.1,43.5,66.3,76.9,61.5,20,25,70,60,8,35.62,202839099000.0,10522288.0,259717053549.113
7737,Europe,3159,PRT,Portugal,2007,73.8,100.0,61.2,85.9,97.5,72.6,78.4,79.5,78.7,49.1,67.8,89.4,64.5,80.5,44.7,66.3,77.2,61.3,14,15,62,68,10,35.59,207923422000.0,10542964.0,271364685233.581
7738,Europe,3160,PRT,Portugal,2008,74.9,100.0,61.7,87.0,97.4,72.8,78.5,79.6,79.0,52.5,69.7,91.0,64.8,80.9,47.5,73.3,77.1,61.3,10,10,33,65,7,35.56,208587212000.0,10558177.0,281542630016.914
7739,Europe,3161,PRT,Portugal,2009,75.5,100.0,61.3,86.3,97.9,72.6,78.6,80.9,78.0,54.3,76.1,87.8,66.3,81.4,48.2,73.5,77.0,63.5,15,10,70,58,6,35.53,202074956000.0,10568247.0,279615838418.23
7740,Europe,3162,PRT,Portugal,2010,75.9,100.0,61.4,87.3,97.9,73.1,78.7,83.2,77.3,55.4,73.6,90.0,66.2,82.1,49.6,73.6,77.2,63.6,18,23,55,65,10,35.5,205586260000.0,10573100.0,288593859409.849
7741,Europe,3163,PRT,Portugal,2011,76.2,99.9,62.2,88.2,99.2,73.8,78.8,82.9,76.2,55.9,73.9,90.4,66.8,83.3,51.0,74.2,77.2,62.5,18,25,70,59,10,35.63,202063483000.0,10557560.0,282976747881.101
7742,Europe,3164,PRT,Portugal,2012,76.1,99.6,62.4,88.6,98.8,74.0,78.9,81.6,74.6,58.8,74.6,85.4,68.0,85.4,50.4,74.3,76.7,61.6,15,15,65,61,5,35.76,193878088000.0,10514844.0,278393304900.247
7743,Europe,3165,PRT,Portugal,2013,76.8,99.4,62.9,89.3,98.0,77.9,79.0,84.4,74.2,59.4,73.7,89.1,67.8,85.9,50.7,74.3,77.4,62.0,15,25,70,62,8,35.89,191970121000.0,10457295.0,292449626203.935
7744,Europe,3166,PRT,Portugal,2014,76.8,99.4,62.3,89.2,98.7,78.0,79.1,84.7,76.5,60.6,74.8,88.9,67.9,85.3,45.8,74.2,78.9,61.6,18,20,70,65,10,36.02,193393371000.0,10401062.0,299181613079.32
7745,Europe,3167,PRT,Portugal,2015,77.1,99.8,62.9,89.8,97.4,80.1,79.1,82.7,77.6,62.1,75.9,86.8,68.1,85.1,47.1,74.2,80.9,61.2,18,18,65,60,10,36.15,196467935000.0,10358076.0,306764323945.348
7746,Europe,3168,PRT,Portugal,2016,77.3,99.7,62.0,90.6,98.3,80.1,79.2,84.2,78.4,62.0,76.7,87.8,67.6,84.9,45.8,74.2,81.8,61.1,18,36,70,65,10,36.15,200405430000.0,10325452.0,326173486566.704
7747,Europe,3169,PRT,Portugal,2017,78.5,99.9,63.3,91.3,98.7,80.2,80.3,81.5,80.7,73.6,81.1,88.3,67.3,83.6,45.6,74.1,83.6,61.5,18,28,70,70,15,36.15,207048310000.0,10300300.0,339609538500.021
7748,Europe,3170,PRT,Portugal,2018,78.5,99.8,63.2,91.5,95.8,80.5,80.3,83.3,81.8,74.9,81.9,87.9,66.5,82.4,44.8,73.9,84.1,61.1,15,18,70,73,10,36.15,213148538000.0,10283822.0,358872472764.768
7749,Europe,3171,PRT,Portugal,2019,79.1,99.9,63.9,92.4,95.0,82.8,80.3,83.5,81.8,77.0,84.4,87.2,66.4,83.0,49.4,73.9,83.5,61.0,18,30,75,63,15,36.15,219000925000.0,10286263.0,389495112468.607
7750,Europe,3172,PRT,Portugal,2020,79.7,99.9,63.3,91.8,98.6,83.5,80.3,83.5,81.5,79.5,84.4,88.4,66.4,83.9,49.5,73.8,82.8,63.5,20,15,70,60,7,36.15,201032705000.0,10297081.0,370352154969.925
7751,Europe,3173,PRT,Portugal,2021,80.1,99.9,64.3,92.4,98.6,84.0,80.3,83.5,80.9,82.3,84.4,89.6,67.4,84.1,49.4,74.0,82.0,64.5,15,24,70,62,10,,212207626000.0,10361831.0,400564219793.068
7752,Europe,3174,PRT,Portugal,2022,80.0,99.9,64.3,92.1,98.6,84.2,80.3,83.5,81.2,82.2,84.4,88.0,67.4,84.1,49.4,73.9,80.9,65.9,15,20,75,72,10,,227032115000.0,10434332.0,464925463530.28
7753,Asia,3175,QAT,Qatar,2000,55.0,0.0,66.3,69.4,88.8,48.8,53.1,54.9,70.7,25.2,0.0,54.2,54.0,0.0,67.0,55.1,87.5,29.9,5,15,17,60,10,0.0,135255123900.0,644989.0,57306387097.2175
7754,Asia,3176,QAT,Qatar,2001,55.1,0.0,65.6,72.2,89.4,48.8,53.1,54.3,70.6,26.2,0.0,54.2,53.7,0.0,67.0,54.8,87.3,29.3,5,15,10,70,15,0.0,140527621100.0,677925.0,60880959902.7435
7755,Asia,3177,QAT,Qatar,2002,55.2,0.0,65.5,71.8,89.9,48.8,53.1,56.5,70.5,27.1,0.0,54.2,51.2,0.0,67.0,54.4,87.3,31.0,20,12,15,65,10,0.0,150620528000.0,711205.0,66267559043.9083
7756,Asia,3178,QAT,Qatar,2003,55.4,0.0,64.6,71.7,89.0,48.8,53.1,57.7,70.4,28.7,0.0,54.2,51.8,0.0,66.9,54.1,87.3,32.3,30,15,20,75,5,0.0,156223549400.0,744682.0,70089684360.8507
7757,Asia,3179,QAT,Qatar,2004,55.6,0.0,65.4,73.5,88.4,48.8,53.1,59.0,70.5,29.4,0.0,54.2,51.8,0.0,67.0,53.7,87.4,32.0,30,7,18,70,10,0.0,186248021100.0,773332.0,85807167401.3331
7758,Asia,3180,QAT,Qatar,2005,55.5,0.0,64.3,73.6,90.1,48.8,53.1,60.1,70.2,30.4,0.0,53.9,51.2,0.0,67.0,53.4,84.1,32.1,40,15,18,80,5,0.0,200203135500.0,825408.0,95128524484.739
7759,Asia,3181,QAT,Qatar,2006,55.5,0.0,64.0,73.5,85.5,48.8,53.1,59.3,69.4,30.9,0.0,53.9,51.6,0.0,70.9,59.8,80.3,31.6,10,25,15,70,10,0.0,252596787900.0,972831.0,123725233949.107
7760,Asia,3182,QAT,Qatar,2007,57.6,0.0,65.2,75.6,88.3,48.8,53.1,61.4,69.9,32.3,0.0,53.9,52.8,0.0,79.0,72.7,80.2,31.3,40,9,18,73,15,0.0,298027979300.0,1208595.0,149932952085.01
7761,Asia,3183,QAT,Qatar,2008,58.7,0.0,66.7,76.8,91.0,48.8,53.1,62.3,70.2,34.1,0.0,53.9,53.9,0.0,79.0,72.4,87.3,31.1,42,20,15,75,20,0.0,350670319400.0,1426938.0,179815476311.974
7762,Asia,3184,QAT,Qatar,2009,59.2,0.0,69.5,78.7,90.7,48.8,53.1,63.0,70.3,36.7,0.0,53.4,54.7,0.0,79.0,72.1,87.4,30.3,20,15,15,80,5,0.0,392598430500.0,1608903.0,202556897128.38
7763,Asia,3185,QAT,Qatar,2010,60.1,0.0,70.7,80.7,89.6,48.8,53.1,63.4,70.5,45.5,0.0,53.9,55.2,0.0,79.0,71.8,87.5,32.0,45,15,16,68,10,0.0,469517616600.0,1616832.0,245186456996.118
7764,Asia,3186,QAT,Qatar,2011,60.1,0.0,68.5,80.8,91.4,48.8,53.0,63.2,70.1,47.1,0.0,56.0,56.4,0.0,79.1,71.4,84.9,30.5,30,20,18,75,5,0.0,532316426100.0,1624761.0,283715621799.724
7765,Asia,3187,QAT,Qatar,2012,60.3,0.0,68.3,81.6,90.3,48.8,53.0,63.0,70.1,52.7,0.0,57.1,55.2,0.0,79.1,71.2,84.9,29.9,30,18,18,75,15,0.0,557495056100.0,1722438.0,311656942652.869
7766,Asia,3188,QAT,Qatar,2013,60.2,0.0,67.3,82.5,80.2,51.5,53.0,64.3,70.0,59.3,0.0,57.1,55.3,0.0,79.2,70.8,80.5,31.9,44,15,18,73,10,0.0,588469708000.0,1916426.0,324265528776.434
7767,Asia,3189,QAT,Qatar,2014,61.0,0.0,68.7,81.7,83.3,52.0,53.0,62.8,69.8,67.8,0.0,60.7,54.9,0.0,78.3,70.5,80.3,31.7,60,20,15,75,20,0.0,619860584700.0,2151745.0,319295523267.788
7768,Asia,3190,QAT,Qatar,2015,61.7,0.0,67.0,86.3,87.7,52.5,53.0,63.6,69.9,69.5,0.0,57.1,55.4,0.0,78.2,70.1,80.4,34.1,55,20,20,75,15,0.0,649324701300.0,2344557.0,240424800591.957
7769,Asia,3191,QAT,Qatar,2016,61.8,0.0,64.4,86.9,90.4,52.7,52.9,64.3,69.8,71.1,0.0,57.1,56.1,0.0,78.3,69.8,79.8,33.8,55,40,18,63,20,0.0,669221256100.0,2477113.0,222778394716.76
7770,Asia,3192,QAT,Qatar,2017,62.7,0.0,65.1,87.8,88.5,57.3,52.9,65.4,69.9,80.0,0.0,57.1,56.2,0.0,78.4,69.5,79.1,32.7,40,20,18,72,15,0.0,659198967100.0,2545820.0,252948449980.88
7771,Asia,3193,QAT,Qatar,2018,63.3,0.0,69.3,88.1,90.6,57.5,52.9,67.0,69.9,81.3,0.0,57.1,56.2,0.0,78.5,69.3,78.8,32.4,45,15,15,80,15,0.0,667339231900.0,2580734.0,283965164161.23
7772,Asia,3194,QAT,Qatar,2019,63.7,0.0,68.5,88.7,91.7,57.7,52.9,66.7,69.9,81.8,0.0,57.1,55.8,0.0,79.8,68.8,78.1,37.2,55,10,20,75,30,0.0,671932133800.0,2638657.0,283662144439.194
7773,Asia,3195,QAT,Qatar,2020,64.1,0.0,69.4,87.6,92.7,57.9,52.9,66.7,69.9,82.2,0.0,57.1,55.8,0.0,79.8,68.6,78.3,42.2,10,10,18,65,10,0.0,648027449400.0,2794148.0,229537462611.12
7774,Asia,3196,QAT,Qatar,2021,64.1,0.0,69.5,88.7,89.9,55.2,52.9,66.7,69.9,84.0,0.0,57.1,55.8,0.0,79.7,68.1,78.3,45.4,35,9,15,80,18,,658569862700.0,2504910.0,292655073655.389
7775,Asia,3197,QAT,Qatar,2022,66.2,0.0,69.6,88.7,89.9,55.3,52.9,66.7,69.9,84.1,0.0,57.1,55.8,0.0,79.7,67.6,76.7,48.2,40,15,18,50,8,,686131075400.0,2657333.0,326640697729.822
7776,Europe,3198,ROU,Romania,2000,67.9,96.2,60.4,72.7,89.4,52.0,73.5,66.8,78.5,22.1,58.9,81.6,81.6,88.8,61.7,56.1,72.8,41.4,30,30,40,35,8,27.67,218047100000.0,22442971.0,131265368638.614
7777,Europe,3199,ROU,Romania,2001,68.1,96.2,65.5,72.6,89.6,52.1,73.5,65.3,78.7,22.4,58.9,81.6,81.1,88.4,61.6,56.1,72.6,42.3,30,40,25,40,10,27.73,229425200000.0,22131970.0,144313746888.219
7778,Europe,3200,ROU,Romania,2002,68.2,96.2,62.8,72.9,91.3,52.2,73.5,66.1,77.9,22.7,58.9,81.6,81.7,88.3,62.1,56.1,72.7,43.0,30,20,20,60,7,27.8,242509300000.0,21730496.0,155640707751.418
7779,Europe,3201,ROU,Romania,2003,68.5,96.2,62.4,72.8,93.1,52.5,73.5,66.9,78.5,23.4,58.9,81.5,81.4,87.9,62.1,56.1,72.6,44.4,30,35,35,55,8,27.86,248186800000.0,21574326.0,163109936634.122
7780,Europe,3202,ROU,Romania,2004,69.1,96.2,69.1,73.1,94.9,53.2,73.5,68.6,78.0,24.4,58.9,81.5,81.3,87.9,62.1,56.1,72.9,43.3,25,30,35,35,5,27.93,274068000000.0,21451748.0,192862740038.77
7781,Europe,3203,ROU,Romania,2005,69.3,96.2,65.4,73.5,94.4,53.3,73.5,69.8,78.4,25.9,58.9,81.7,81.0,88.0,62.1,58.3,73.1,44.3,40,45,50,45,15,27.99,286861900000.0,21319685.0,204714602990.454
7782,Europe,3204,ROU,Romania,2006,69.2,96.2,64.0,73.8,92.4,53.6,73.7,69.4,78.3,26.8,58.9,81.7,81.0,87.7,62.2,58.3,73.5,44.9,25,35,35,55,7,28.06,309893500000.0,21193760.0,244927155069.454
7783,Europe,3205,ROU,Romania,2007,71.1,96.2,57.3,75.0,94.2,52.9,73.9,70.1,78.7,28.4,67.8,83.7,80.7,87.2,69.5,74.6,73.6,44.8,30,35,50,50,10,28.12,332310600000.0,20882982.0,286163460636.105
7784,Europe,3206,ROU,Romania,2008,72.1,96.2,63.8,74.8,95.0,54.3,74.1,72.3,79.0,30.7,72.2,83.7,80.2,87.3,69.5,75.1,73.5,44.7,25,44,50,50,10,28.19,363240300000.0,20537875.0,344669013802.194
7785,Europe,3207,ROU,Romania,2009,72.8,96.2,62.3,75.3,95.5,54.6,74.3,73.6,78.5,32.6,77.0,86.5,80.9,88.8,69.5,76.6,71.3,44.7,40,33,35,30,5,28.25,343201400000.0,20367487.0,338754727660.486
7786,Europe,3208,ROU,Romania,2010,73.1,96.2,64.4,76.1,94.7,54.6,74.5,75.3,78.4,34.6,75.9,85.6,80.9,89.0,69.5,76.6,71.8,44.6,30,40,30,40,10,28.32,329796600000.0,20246871.0,351418032858.337
7787,Europe,3209,ROU,Romania,2011,73.7,96.5,67.3,76.7,97.7,54.8,74.7,73.8,78.3,35.7,76.0,85.0,80.6,87.9,73.7,79.1,72.9,42.1,30,37,32,45,10,28.65,344622900000.0,20147528.0,378852429060.781
7788,Europe,3210,ROU,Romania,2012,74.3,96.7,61.8,77.4,93.1,56.1,74.8,74.1,78.5,40.7,73.6,86.7,81.0,88.4,85.8,79.1,72.8,42.1,30,40,50,30,11,28.99,351183200000.0,20058035.0,397298685084.564
7789,Europe,3211,ROU,Romania,2013,74.4,96.6,67.3,77.8,89.0,53.3,75.0,75.8,78.3,43.1,72.4,86.9,80.6,89.0,85.9,79.5,71.7,43.0,35,25,40,45,7,29.32,352162200000.0,19983693.0,393241674839.457
7790,Europe,3212,ROU,Romania,2014,74.6,96.8,67.8,78.2,89.0,53.3,75.2,77.1,81.0,47.2,66.8,87.1,80.6,88.9,85.5,79.5,70.8,42.9,35,40,22,42,10,29.66,366657200000.0,19908979.0,410782149153.117
7791,Europe,3213,ROU,Romania,2015,75.0,97.0,65.5,78.6,87.1,52.8,75.4,76.7,82.5,50.2,74.1,88.2,80.3,89.0,84.9,79.5,71.0,42.7,35,45,58,45,7,29.99,378232700000.0,19815616.0,428618003572.133
7792,Europe,3214,ROU,Romania,2016,75.5,97.3,66.9,79.1,84.6,52.9,75.5,77.0,83.0,53.0,79.3,88.3,79.7,88.5,85.1,79.5,72.1,42.6,35,40,45,40,7,30.02,389049900000.0,19702267.0,470976157183.804
7793,Europe,3215,ROU,Romania,2017,75.9,97.8,71.9,78.6,80.8,57.1,75.7,76.5,82.0,60.3,72.7,89.2,79.3,88.0,85.2,79.5,73.2,43.0,40,35,45,40,10,30.04,420934400000.0,19588715.0,527779211230.481
7794,Europe,3216,ROU,Romania,2018,76.3,98.1,74.3,79.5,82.5,57.0,75.9,76.3,82.5,62.1,73.0,86.0,78.8,87.2,85.4,79.5,73.5,46.0,35,35,43,48,10,30.07,446699500000.0,19473970.0,576157161634.811
7795,Europe,3217,ROU,Romania,2019,76.7,98.2,73.3,80.0,83.4,57.5,76.1,76.4,83.3,64.0,77.2,84.5,78.6,87.5,86.2,79.5,71.5,47.1,35,40,42,53,10,30.09,464224700000.0,19371648.0,651626633701.773
7796,Europe,3218,ROU,Romania,2020,77.1,98.1,69.6,81.4,84.5,57.4,76.3,76.4,82.0,64.7,77.2,85.7,78.6,87.7,86.4,79.5,73.9,50.9,30,45,50,50,15,30.12,447167300000.0,19265250.0,662457212259.124
7797,Europe,3219,ROU,Romania,2021,77.3,98.4,72.9,80.7,84.6,54.8,76.3,76.4,83.0,68.0,77.2,84.9,79.2,87.2,86.7,79.5,74.4,50.0,40,40,35,53,18,,471965900000.0,19122059.0,721523865728.457
7798,Europe,3220,ROU,Romania,2022,77.5,98.6,72.9,80.6,84.6,55.1,76.3,76.4,83.2,69.4,77.2,85.3,79.2,87.2,86.7,79.5,73.4,51.3,40,45,50,48,10,,490680800000.0,19048502.0,804188142123.286
7799,Europe,3221,RUS,Russian Federation,2000,66.8,98.5,54.2,62.9,88.1,63.3,73.4,66.9,72.1,43.0,64.9,78.5,81.6,70.8,50.4,64.4,39.6,62.5,70,35,10,23,6,49.42,48910393496000.0,146596869.0,1000581025238.43
7800,Europe,3222,RUS,Russian Federation,2001,67.1,98.5,56.8,62.9,88.1,63.3,73.5,67.0,73.0,43.8,65.2,78.6,81.4,70.3,49.4,64.5,39.3,65.1,35,20,12,35,7,49.45,51404848619000.0,145976482.0,1074585972513.87
7801,Europe,3223,RUS,Russian Federation,2002,67.5,98.5,57.1,63.0,88.8,63.3,73.6,67.0,73.6,44.3,64.6,78.7,81.5,70.3,49.7,64.6,39.0,70.4,40,45,10,22,10,49.49,53820872345000.0,145306497.0,1167897269467.94
7802,Europe,3224,RUS,Russian Federation,2003,67.2,98.5,57.4,62.8,88.4,63.3,73.6,66.7,73.4,45.1,60.8,78.8,81.5,69.9,51.9,64.8,39.4,66.3,38,25,12,30,10,49.52,57749770378000.0,144648618.0,1338656016289.8
7803,Europe,3225,RUS,Russian Federation,2004,67.4,98.5,58.6,63.5,86.7,64.4,73.7,67.1,73.6,45.3,60.4,78.9,81.2,69.8,54.8,64.8,39.8,65.2,70,40,12,30,8,49.56,61907723740000.0,144067316.0,1473342751130.22
7804,Europe,3226,RUS,Russian Federation,2005,67.5,98.5,57.9,63.3,85.6,64.4,73.8,67.1,74.0,45.5,59.0,79.0,81.0,69.5,55.0,65.0,40.4,68.6,60,33,15,37,8,49.59,65869796669000.0,143518814.0,1696729209914.69
7805,Europe,3227,RUS,Russian Federation,2006,67.4,98.5,58.1,63.8,84.0,64.4,73.9,67.2,74.0,45.6,59.4,79.1,80.9,68.7,54.4,65.1,41.8,67.5,35,30,15,33,8,49.63,71271164955000.0,143049637.0,2133189651004.95
7806,Europe,3228,RUS,Russian Federation,2007,67.6,98.5,57.7,64.2,83.6,66.6,74.0,67.4,74.5,46.8,57.6,77.0,80.9,68.7,54.2,65.2,42.5,69.7,50,25,12,40,7,49.67,77329198132000.0,142805114.0,2377454045310.01
7807,Europe,3229,RUS,Russian Federation,2008,68.3,98.5,59.4,65.7,85.7,66.6,74.1,67.1,74.4,47.6,58.6,79.8,80.7,68.4,53.3,65.2,44.0,72.2,55,38,20,40,10,49.7,81350292667000.0,142742366.0,2878201315078.6
7808,Europe,3230,RUS,Russian Federation,2009,68.2,98.5,58.2,66.1,86.4,66.6,74.2,67.3,73.3,50.1,61.1,78.8,81.1,69.6,53.2,65.3,44.1,66.1,45,35,20,35,8,49.74,75004974791000.0,142785348.0,2768599517953.77
7809,Europe,3231,RUS,Russian Federation,2010,68.3,98.5,54.9,70.4,86.4,66.5,74.2,67.0,73.7,50.6,61.5,80.8,81.0,68.6,50.4,65.3,46.2,65.5,50,40,10,45,8,49.77,78380198656000.0,142849468.0,2927003701123.47
7810,Europe,3232,RUS,Russian Federation,2011,69.0,98.6,58.0,71.0,91.1,66.3,74.3,66.4,74.2,53.7,61.3,78.3,80.5,67.3,51.2,65.3,45.7,69.3,55,40,10,40,8,49.77,81750570074000.0,143018195.0,3259319197327.18
7811,Europe,3233,RUS,Russian Federation,2012,68.7,98.6,55.6,71.8,88.9,66.3,74.4,66.3,74.8,56.1,59.8,77.7,80.5,66.7,52.5,65.4,45.4,66.5,55,40,12,35,10,49.77,85040283448000.0,143378447.0,3480299219245.86
7812,Europe,3234,RUS,Russian Federation,2013,69.2,98.7,57.5,72.3,90.7,66.2,74.5,66.6,74.8,57.8,59.6,80.8,80.5,67.5,53.0,65.6,45.0,65.9,45,40,12,35,10,49.77,86533099419000.0,143805638.0,3741783381914.27
7813,Europe,3235,RUS,Russian Federation,2014,70.5,98.7,58.5,72.8,92.6,66.1,74.6,66.2,78.0,60.7,61.0,82.9,80.9,68.9,55.9,65.7,47.7,66.8,68,38,15,18,8,49.76,87170214266000.0,144237223.0,3763534951277.15
7814,Europe,3236,RUS,Russian Federation,2015,71.0,98.7,58.5,75.8,95.1,65.9,74.7,64.6,78.8,62.3,64.1,80.7,81.3,71.5,56.1,65.8,48.6,64.2,67,45,16,35,10,49.76,85450590690000.0,144640716.0,3526235948513.73
7815,Europe,3237,RUS,Russian Federation,2016,71.4,98.7,59.4,76.6,96.0,65.5,74.8,65.7,78.8,55.1,75.0,81.7,81.2,72.0,56.4,65.8,48.1,63.7,73,40,15,45,10,49.77,85616100000000.0,145015460.0,3538975998887.58
7816,Europe,3238,RUS,Russian Federation,2017,72.6,98.7,60.4,77.5,95.8,66.8,74.8,65.5,79.1,65.1,77.3,83.9,81.0,70.7,56.6,66.0,48.5,66.2,70,38,15,50,8,49.77,87179270247000.0,145293260.0,3807101264909.25
7817,Europe,3239,RUS,Russian Federation,2018,72.9,98.7,58.9,77.8,96.0,67.0,74.9,65.0,79.0,70.5,76.9,82.5,80.8,70.5,55.0,66.0,49.4,69.6,75,40,15,34,7,49.78,89626606310000.0,145398106.0,4231842328030.95
7818,Europe,3240,RUS,Russian Federation,2019,73.2,98.8,59.1,79.0,97.1,67.0,75.0,64.8,79.6,73.7,76.6,84.4,80.7,70.6,53.4,66.1,50.3,68.9,70,45,13,40,8,49.78,91596666976000.0,145453291.0,4579553861372.4
7819,Europe,3241,RUS,Russian Federation,2020,74.0,98.8,59.5,79.3,97.1,67.1,75.1,64.4,79.4,75.4,79.0,86.1,80.7,71.4,53.4,66.1,51.8,73.3,67,45,11,30,6,49.78,89166007900000.0,145245148.0,4651428694918.23
7820,Europe,3242,RUS,Russian Federation,2021,74.1,98.9,59.1,79.2,97.1,67.3,75.1,64.4,81.6,75.9,79.0,85.5,80.6,69.9,53.4,66.1,51.3,74.4,66,40,15,42,7,,94396924417700.0,144746762.0,5688268314339.54
7821,Europe,3243,RUS,Russian Federation,2022,73.8,98.8,59.1,80.3,97.1,67.3,75.1,64.4,81.6,75.9,79.0,83.4,80.6,69.9,53.4,66.1,47.8,74.6,80,57,6,15,7,,93041495840600.0,144236933.0,6006312352159.35
7822,Africa,3244,RWA,Rwanda,2000,45.9,12.3,50.5,23.9,37.4,35.9,49.2,6.6,65.0,10.9,20.4,44.9,95.4,99.4,0.0,64.6,67.2,50.4,88,15,9,15,7,11.63,2239221257800.0,8213931.0,5004467698.10714
7823,Africa,3245,RWA,Rwanda,2001,45.8,12.3,50.8,23.8,37.4,36.5,49.9,2.3,65.0,10.9,20.4,45.0,95.4,99.4,0.0,64.6,67.2,52.8,5,35,10,18,5,11.54,2429209336600.0,8287094.0,5551320709.32467
7824,Africa,3246,RWA,Rwanda,2002,46.2,12.3,51.9,24.4,37.4,37.0,50.6,4.4,65.0,10.9,20.4,46.1,95.4,99.4,0.0,64.6,67.2,52.9,84,20,10,20,8,11.46,2749672420800.0,8400180.0,6381302687.72686
7825,Africa,3247,RWA,Rwanda,2003,47.9,12.3,52.2,28.8,39.7,49.4,51.1,8.3,64.9,10.9,20.4,46.2,95.4,99.4,0.0,64.6,67.2,55.5,75,25,15,20,15,11.37,2810230862800.0,8586875.0,6650605420.44309
7826,Africa,3248,RWA,Rwanda,2004,47.8,12.3,51.7,31.2,39.7,49.8,51.6,2.9,64.9,10.9,20.4,47.3,95.3,99.4,0.0,64.6,67.2,54.9,70,15,8,20,10,11.28,3019527509800.0,8816844.0,7338080449.46763
7827,Africa,3249,RWA,Rwanda,2005,48.3,12.3,55.4,34.3,36.4,50.4,52.2,9.3,65.0,10.9,15.5,47.6,95.3,99.5,0.0,67.1,67.2,54.3,45,35,15,45,5,11.19,3302695755000.0,9054528.0,8277897287.50844
7828,Africa,3250,RWA,Rwanda,2006,49.0,12.3,56.1,37.1,36.4,51.3,52.7,15.3,65.0,10.9,15.5,48.7,95.4,99.5,0.0,67.1,67.2,54.1,65,20,15,53,7,11.1,3607437994700.0,9299246.0,9320536566.8454
7829,Africa,3251,RWA,Rwanda,2007,49.6,12.3,56.6,38.9,36.4,58.4,53.2,14.8,65.0,10.9,15.5,48.8,95.4,99.5,0.0,67.1,67.3,53.2,50,50,14,55,10,11.01,3882804493900.0,9549933.0,10303793752.125
7830,Africa,3252,RWA,Rwanda,2008,50.2,12.3,58.1,42.7,36.4,59.9,53.7,16.0,65.0,11.3,15.5,49.9,95.2,99.5,0.0,67.1,67.3,52.5,42,50,15,48,5,10.92,4316173906600.0,9804269.0,11674507626.4737
7831,Africa,3253,RWA,Rwanda,2009,50.4,12.3,59.3,43.8,36.4,60.7,54.2,19.8,65.0,11.8,15.5,46.8,95.1,99.5,0.0,67.1,66.1,52.6,45,45,15,70,8,10.83,4585859566700.0,10060432.0,12480466164.1991
7832,Africa,3254,RWA,Rwanda,2010,52.1,12.3,61.3,49.5,39.6,68.1,54.8,19.1,65.0,11.9,22.3,48.3,95.0,99.5,0.0,67.1,65.7,54.7,45,35,15,40,8,10.74,4922216611200.0,10317553.0,13558663650.0134
7833,Africa,3255,RWA,Rwanda,2011,52.5,14.4,60.7,50.6,39.6,68.5,55.1,19.6,65.0,11.7,22.3,48.4,95.0,99.4,0.0,67.1,67.5,54.6,45,55,14,55,8,10.78,5313945741700.0,10573733.0,14939706886.5951
7834,Africa,3256,RWA,Rwanda,2012,52.9,16.4,62.0,50.7,41.9,69.0,55.5,20.9,65.0,13.8,22.3,46.5,95.2,99.4,0.0,67.1,66.9,54.4,35,40,15,62,8,10.82,5773150796500.0,10829901.0,15752362606.6545
7835,Africa,3257,RWA,Rwanda,2013,54.1,17.4,62.4,51.7,41.9,71.4,55.8,20.4,65.0,14.4,27.4,54.7,95.1,99.4,0.0,67.1,66.2,55.1,35,30,18,65,6,10.86,6045634771800.0,11093340.0,16775811479.3717
7836,Africa,3258,RWA,Rwanda,2014,55.0,17.9,61.5,53.2,43.0,72.8,56.1,23.5,66.4,18.4,27.4,58.5,95.2,99.4,0.0,67.1,65.6,54.2,38,70,18,40,10,10.9,6418479113100.0,11364757.0,19065160590.414
7837,Africa,3259,RWA,Rwanda,2015,55.5,19.7,60.1,57.0,42.7,73.4,56.5,25.0,66.5,21.0,27.4,56.1,95.1,99.3,0.0,68.0,66.1,53.8,45,25,18,55,10,10.94,6986954539700.0,11640022.0,20727872754.8486
7838,Africa,3260,RWA,Rwanda,2016,57.2,19.4,60.6,57.1,50.2,74.0,56.8,27.3,66.4,23.5,34.9,60.5,95.0,99.3,0.0,68.0,67.2,54.5,38,35,18,65,10,10.99,7404127796300.0,11919183.0,22245840208.4371
7839,Africa,3261,RWA,Rwanda,2017,57.6,18.6,60.5,58.3,51.1,74.6,57.1,29.4,67.7,24.7,34.9,59.2,95.0,99.3,0.0,68.0,67.4,56.2,38,35,18,50,10,11.04,7694234179700.0,12202060.0,24012956927.8089
7840,Africa,3262,RWA,Rwanda,2018,58.0,20.7,61.5,59.3,52.2,74.0,57.5,30.5,67.5,26.5,34.9,58.7,94.7,99.3,0.0,66.8,68.1,56.6,35,40,15,75,12,11.09,8349511111900.0,12487996.0,26543175894.3984
7841,Africa,3263,RWA,Rwanda,2019,58.8,21.4,61.6,59.2,54.7,76.8,57.7,31.9,70.1,27.7,34.9,56.8,94.7,99.3,0.0,66.8,69.5,57.6,35,40,19,63,5,11.14,9138321587800.0,12776103.0,29845483474.6833
7842,Africa,3264,RWA,Rwanda,2020,58.9,19.5,62.4,59.3,54.7,77.5,57.8,33.7,67.7,28.3,34.9,57.3,94.7,99.3,0.0,66.8,69.3,60.0,35,50,18,60,7,11.19,8830023178000.0,13065837.0,29854116562.1372
7843,Africa,3265,RWA,Rwanda,2021,59.7,21.0,62.8,59.0,61.3,77.3,57.8,33.7,68.7,30.2,34.9,57.3,94.7,99.3,0.0,67.3,68.9,61.2,44,50,17,60,15,,9788825242000.0,13355260.0,36505744034.3984
7844,Africa,3266,RWA,Rwanda,2022,60.2,23.5,63.0,59.0,61.3,77.2,57.8,33.7,69.1,30.2,34.9,57.3,94.7,99.3,0.0,67.3,68.0,60.9,35,35,12,60,15,,10587711553300.0,13651030.0,42300132773.9933
7960,Africa,3382,STP,Sao Tome and Principe,2000,53.5,33.7,58.4,47.9,49.1,32.2,39.6,29.8,50.8,14.2,83.7,61.5,96.4,99.2,54.1,36.1,74.4,48.0,18,35,20,20,5,60.79,1810259700.0,144018.0,263605693.710886
7961,Africa,3383,STP,Sao Tome and Principe,2001,53.7,33.7,58.6,49.6,49.1,32.7,40.3,27.6,48.2,14.5,83.7,61.8,96.4,99.1,59.0,36.0,74.4,48.0,15,20,35,18,10,60.76,1865734800.0,146375.0,277801323.03047
7962,Africa,3384,STP,Sao Tome and Principe,2002,53.6,33.7,58.8,50.8,49.1,33.1,40.9,28.7,44.4,14.8,83.7,62.1,96.4,99.0,57.5,36.0,74.4,48.0,20,30,25,22,12,60.74,1928427000.0,149922.0,291598047.849038
7963,Africa,3385,STP,Sao Tome and Principe,2003,54.5,33.7,58.4,52.4,49.8,33.5,41.5,28.2,46.9,15.4,83.7,62.4,96.4,98.9,58.5,36.0,74.4,56.2,18,25,15,18,5,60.71,2088322900.0,153814.0,322010367.88493
7964,Africa,3386,STP,Sao Tome and Principe,2004,54.8,33.7,58.8,49.9,52.6,34.0,42.1,28.7,47.4,15.7,83.7,62.7,96.4,98.8,59.4,36.2,74.4,57.0,20,20,30,20,5,60.68,2162205800.0,157705.0,342368284.965889
7965,Africa,3387,STP,Sao Tome and Principe,2005,55.3,33.7,59.3,50.0,53.6,34.4,42.8,29.5,46.7,15.6,83.7,63.4,96.4,98.8,66.5,36.2,74.4,54.4,22,20,30,20,10,60.66,2305227600.0,161639.0,376459531.150897
7966,Africa,3388,STP,Sao Tome and Principe,2006,58.6,33.7,60.0,51.6,53.6,33.9,43.4,29.2,46.3,15.9,83.7,63.7,96.4,98.7,82.5,81.1,74.7,47.1,15,20,35,35,8,60.63,2509611600.0,165638.0,422475544.05156
7967,Africa,3389,STP,Sao Tome and Principe,2007,59.7,33.7,59.3,54.0,48.0,31.6,44.1,30.2,47.0,15.9,83.7,64.0,96.4,98.7,81.9,81.2,74.8,70.3,20,20,18,35,8,60.6,2600998400.0,169700.0,449722627.808042
7968,Africa,3390,STP,Sao Tome and Principe,2008,58.3,33.7,58.3,56.0,41.2,34.8,44.7,30.8,48.4,16.1,83.7,64.7,96.4,98.8,81.7,81.2,72.3,48.4,20,25,40,40,15,60.58,2763009000.0,173793.0,486939448.043886
7969,Africa,3391,STP,Sao Tome and Principe,2009,59.0,33.7,56.7,56.0,41.5,35.2,45.3,30.2,49.1,16.3,83.7,65.0,96.4,98.7,80.9,81.3,74.6,58.8,18,23,40,40,10,60.55,2854254600.0,177853.0,506122665.925758
7970,Africa,3392,STP,Sao Tome and Principe,2010,60.4,33.7,56.8,58.7,41.1,41.2,45.9,31.6,50.4,16.7,87.6,66.9,96.4,98.6,81.8,81.4,78.4,59.4,18,25,40,20,10,60.52,2895597200.0,181802.0,519693559.688637
7971,Africa,3393,STP,Sao Tome and Principe,2011,60.9,34.7,57.7,58.9,48.6,41.6,46.6,31.9,51.4,16.9,87.6,66.9,96.4,98.7,78.7,81.3,78.4,58.3,20,20,30,37,15,59.88,2953492700.0,185649.0,541020702.680323
7972,Africa,3394,STP,Sao Tome and Principe,2012,61.0,35.6,58.0,58.6,57.8,42.0,47.2,30.5,52.4,17.1,87.6,68.8,96.4,98.4,76.2,81.3,78.4,51.1,23,30,25,40,10,59.23,3040412300.0,189439.0,510473177.606587
7973,Africa,3395,STP,Sao Tome and Principe,2013,62.3,37.6,59.1,59.7,65.5,42.7,47.8,33.1,52.3,18.3,87.6,68.3,96.4,98.4,79.9,81.2,78.4,52.4,10,20,35,40,15,58.58,3196071600.0,193148.0,568963141.090766
7974,Africa,3396,STP,Sao Tome and Principe,2014,63.1,39.9,60.8,61.2,61.9,44.7,48.4,34.7,52.3,22.1,87.6,69.3,96.4,98.5,83.7,81.3,82.7,46.4,18,20,38,45,10,57.94,3352877600.0,196767.0,636217933.350876
7975,Africa,3397,STP,Sao Tome and Principe,2015,63.6,41.9,61.1,61.8,65.0,45.1,49.0,34.8,52.0,23.2,87.6,69.3,96.4,98.5,83.4,81.2,83.7,46.8,18,25,25,40,12,57.29,3404502000.0,200291.0,635224720.801456
7976,Africa,3398,STP,Sao Tome and Principe,2016,63.8,43.7,59.5,61.8,65.0,45.5,49.6,35.4,51.9,21.2,87.6,70.3,96.2,98.5,82.6,81.2,84.6,49.0,30,18,35,53,10,56.65,3580747100.0,203689.0,676154316.181896
7977,Africa,3399,STP,Sao Tome and Principe,2017,61.7,45.2,60.1,63.8,68.5,46.0,50.2,36.8,51.7,23.4,48.3,70.6,96.1,98.4,80.3,81.2,78.1,50.0,25,28,30,60,5,56.0,3728022500.0,206970.0,711213101.655078
7978,Africa,3400,STP,Sao Tome and Principe,2018,62.0,46.1,60.2,64.6,68.9,44.5,50.6,36.4,51.6,24.8,48.3,70.9,95.9,98.4,81.2,81.2,78.3,51.3,15,28,45,35,5,55.35,3891240100.0,210187.0,828353862.937865
7979,Africa,3401,STP,Sao Tome and Principe,2019,61.3,46.5,60.3,65.7,55.2,46.6,51.0,38.3,51.4,25.3,48.3,71.1,95.8,98.5,79.8,81.2,78.3,48.5,18,25,40,40,15,54.71,3969622000.0,213392.0,993443247.544168
7980,Africa,3402,STP,Sao Tome and Principe,2020,61.7,47.5,60.3,64.6,55.2,51.2,51.4,38.8,48.7,27.1,48.3,71.1,95.8,98.6,79.8,81.1,78.5,51.3,18,18,40,55,5,54.06,4073819000.0,217435.0,1118602098.8079
7981,Africa,3403,STP,Sao Tome and Principe,2021,62.7,47.6,60.5,63.6,69.1,51.3,51.4,38.8,48.9,29.9,48.3,71.1,95.8,98.5,79.9,81.1,78.0,52.0,22,23,22,40,10,,4151193000.0,221961.0,1272434617.36875
7982,Africa,3404,STP,Sao Tome and Principe,2022,62.7,48.2,60.7,63.6,69.1,51.4,51.4,38.8,48.6,29.9,48.3,71.1,95.8,98.5,79.9,81.1,78.0,52.1,25,19,22,35,5,,4158196000.0,226305.0,1365452217.67886
7983,Asia,3405,SAU,Saudi Arabia,2000,57.4,100.0,52.0,75.2,65.8,17.5,57.9,64.5,72.6,21.2,0.0,67.4,57.9,39.2,59.5,51.9,65.6,51.0,78,10,7,80,75,0.45,1903694000000.0,16177722.0,786942500319.904
7984,Asia,3406,SAU,Saudi Arabia,2001,58.5,100.0,53.1,75.5,65.8,19.3,57.9,65.1,72.5,21.5,0.0,67.4,64.2,39.7,62.2,51.8,65.5,54.4,80,10,12,55,78,0.45,1910254000000.0,17041397.0,807434815802.741
7985,Asia,3407,SAU,Saudi Arabia,2002,58.1,100.0,53.9,75.7,65.8,21.2,57.9,64.8,72.1,21.8,0.0,67.4,58.1,38.1,62.1,52.1,65.5,54.0,70,12,7,50,85,0.45,1897104000000.0,17910910.0,814337632395.963
7986,Asia,3408,SAU,Saudi Arabia,2003,58.3,100.0,53.7,75.7,65.8,23.0,58.0,65.5,71.8,22.2,0.0,67.4,57.8,38.6,62.8,51.9,65.5,52.8,55,9,10,55,75,0.45,2063456000000.0,18786767.0,903232120247.593
7987,Asia,3409,SAU,Saudi Arabia,2004,58.0,100.0,54.4,75.3,65.7,24.8,58.0,64.0,71.6,22.4,0.0,67.4,56.7,34.3,65.7,51.8,65.5,50.9,75,15,8,45,90,0.45,2241553000000.0,19669480.0,1007575196084.01
7988,Asia,3410,SAU,Saudi Arabia,2005,58.0,100.0,54.5,74.6,65.7,25.2,58.1,65.0,71.4,22.7,0.0,67.7,58.2,34.8,63.7,51.6,65.5,49.3,55,18,7,60,80,0.45,2374811000000.0,20559890.0,1100944673778.9
7989,Asia,3411,SAU,Saudi Arabia,2006,58.1,100.0,55.3,74.9,65.7,25.6,58.2,64.4,71.1,23.8,0.0,67.7,56.6,33.5,64.9,51.5,65.6,50.3,75,15,10,45,70,0.45,2453500000000.0,21459144.0,1172500616123.68
7990,Asia,3412,SAU,Saudi Arabia,2007,58.4,100.0,54.8,75.6,66.0,26.0,58.3,66.0,71.3,25.4,0.0,66.1,57.2,37.5,64.5,51.3,63.6,50.1,80,13,10,66,70,0.45,2507812000000.0,22368313.0,1230924985846.62
7991,Asia,3413,SAU,Saudi Arabia,2008,58.3,100.0,54.5,75.1,66.6,26.3,58.4,65.7,71.8,26.4,0.0,65.0,60.7,35.6,65.0,51.1,62.8,47.8,78,18,10,70,75,0.45,2664249000000.0,23287877.0,1332905707164.03
7992,Asia,3414,SAU,Saudi Arabia,2009,58.0,100.0,52.1,74.6,66.6,26.6,58.4,65.6,71.5,27.3,0.0,60.7,59.4,34.6,65.1,51.0,65.6,49.3,75,12,6,60,70,0.45,2635829000000.0,24217654.0,1326820783280.99
7993,Asia,3415,SAU,Saudi Arabia,2010,58.7,100.0,52.7,75.3,74.2,27.0,58.5,65.5,71.5,31.6,0.0,59.1,61.7,32.6,64.1,50.9,65.6,48.5,82,15,11,60,85,0.45,2768662000000.0,23978487.0,1410623398554.68
7994,Asia,3416,SAU,Saudi Arabia,2011,58.9,100.0,51.6,76.1,74.3,27.3,58.6,66.3,71.2,35.8,0.0,57.6,61.1,34.3,63.0,50.8,65.6,48.8,75,18,10,55,85,0.45,3094225000000.0,25091867.0,1609021434441.12
7995,Asia,3417,SAU,Saudi Arabia,2012,59.0,100.0,50.9,75.9,75.8,27.6,58.7,66.5,71.4,39.4,0.0,58.4,62.2,29.1,62.9,50.6,65.6,49.3,75,10,8,65,80,0.45,3272499000000.0,26168861.0,1701855662189.08
7996,Asia,3418,SAU,Saudi Arabia,2013,59.9,100.0,51.8,76.5,76.2,38.8,58.7,67.3,71.3,44.8,0.0,51.6,62.1,30.7,62.6,50.5,65.9,49.9,78,15,10,60,80,0.45,3368897000000.0,27624004.0,1718292769472.73
7997,Asia,3419,SAU,Saudi Arabia,2014,60.6,100.0,51.7,76.7,76.0,39.3,58.8,67.3,76.1,48.9,0.0,57.4,61.5,26.4,62.2,50.3,66.1,50.9,70,20,10,63,83,0.45,3504483000000.0,28309273.0,1771539691265.8
7998,Asia,3420,SAU,Saudi Arabia,2015,60.9,100.0,56.9,76.8,77.0,40.2,58.9,67.2,76.2,51.5,0.0,53.9,60.8,24.1,62.2,50.1,66.3,51.5,74,18,10,60,80,0.45,3667621000000.0,29816382.0,1608022150954.67
7999,Asia,3421,SAU,Saudi Arabia,2016,61.9,100.0,57.3,76.8,77.4,41.1,59.0,68.3,76.4,47.7,0.0,57.3,63.3,30.0,62.9,50.0,65.1,57.8,70,12,8,70,72,0.45,3730120000000.0,30954198.0,1545761853587.76
8000,Asia,3422,SAU,Saudi Arabia,2017,63.4,100.0,57.4,76.3,78.2,40.5,59.0,68.3,76.7,63.6,0.0,60.7,63.5,32.1,64.0,49.9,65.6,58.5,70,17,10,68,85,0.45,3774213000000.0,30977355.0,1645531261860.11
8001,Asia,3423,SAU,Saudi Arabia,2018,63.7,100.0,58.1,76.0,77.8,41.5,59.1,68.7,76.6,65.3,0.0,62.0,64.5,34.9,64.7,49.7,61.6,58.7,70,20,8,70,75,0.45,3896005000000.0,30196281.0,1792988810566.04
8002,Asia,3424,SAU,Saudi Arabia,2019,64.9,100.0,56.9,76.7,79.5,42.5,59.1,68.6,76.9,68.5,0.0,61.5,64.4,34.2,64.6,49.6,75.1,59.6,72,18,12,64,80,0.45,3960350000000.0,30063799.0,1790607498345.21
8003,Asia,3425,SAU,Saudi Arabia,2020,65.2,100.0,56.5,76.8,78.9,44.6,59.1,68.6,75.5,71.3,0.0,60.4,64.4,34.7,64.7,49.4,74.4,64.1,62,18,9,64,82,0.45,3809668000000.0,31552510.0,1499327559869.91
8004,Asia,3426,SAU,Saudi Arabia,2021,67.5,100.0,56.8,80.7,78.5,44.2,59.1,68.6,76.6,74.1,0.0,65.3,66.0,33.8,64.8,49.3,75.6,87.4,70,15,10,68,78,,4058043000000.0,30784383.0,1929888259783.05
8005,Asia,3427,SAU,Saudi Arabia,2022,67.7,100.0,56.9,80.7,78.5,44.6,59.1,68.6,77.5,74.7,0.0,63.6,66.0,33.8,64.8,49.0,75.2,80.9,70,18,12,65,75,,4545032000000.0,32175224.0,2315588932554.49
8006,Africa,3428,SEN,Senegal,2000,48.1,28.2,48.3,31.6,4.5,18.0,52.1,31.4,68.9,16.5,47.1,45.9,94.9,98.3,52.5,64.8,66.9,48.2,25,60,25,30,10,45.98,6113044876800.0,9968260.0,19570436636.2383
8007,Africa,3429,SEN,Senegal,2001,48.6,28.2,49.0,32.5,4.5,20.5,52.7,32.7,68.9,16.5,47.1,45.9,94.8,98.3,53.6,65.1,66.9,48.5,20,35,25,30,10,45.78,6376569161500.0,10212942.0,20873751077.3476
8008,Africa,3430,SEN,Senegal,2002,48.9,28.2,50.0,33.3,4.5,21.9,53.3,32.6,68.8,16.5,47.1,46.8,94.8,98.3,54.1,65.1,66.9,48.6,20,40,20,60,10,45.58,6380949646100.0,10466214.0,21212690441.3542
8009,Africa,3431,SEN,Senegal,2003,49.7,28.2,52.5,35.8,8.8,22.0,53.9,33.7,68.3,16.6,47.1,46.8,95.1,98.2,55.9,65.0,66.9,49.2,40,40,18,40,20,45.38,6737896839100.0,10721176.0,22841550966.6433
8010,Africa,3432,SEN,Senegal,2004,49.8,28.2,51.3,37.0,7.2,22.1,54.6,32.8,67.6,16.9,47.1,47.8,94.8,98.2,58.5,65.4,66.9,49.9,30,30,30,40,7,45.18,7050757194500.0,10975704.0,24544901105.2273
8011,Africa,3433,SEN,Senegal,2005,51.0,28.2,54.1,39.5,7.1,22.3,55.2,36.5,67.0,17.0,56.2,49.4,94.7,98.2,58.7,65.4,66.9,51.5,30,30,24,30,5,44.98,7354661647500.0,11235472.0,26405610456.2947
8012,Africa,3434,SEN,Senegal,2006,51.6,28.2,54.7,41.1,11.6,23.1,55.9,39.4,66.4,17.0,56.2,50.3,94.9,98.4,56.1,66.4,67.0,51.3,20,40,20,25,5,44.78,7526081967100.0,11500094.0,27854350284.0448
8013,Africa,3435,SEN,Senegal,2007,52.3,28.2,55.4,43.1,15.6,25.3,56.5,38.6,66.3,17.3,56.2,53.6,94.8,98.3,55.5,66.5,67.3,50.6,25,40,25,30,10,44.58,7738853275500.0,11770344.0,29417807069.8791
8014,Africa,3436,SEN,Senegal,2008,52.4,28.2,57.3,42.5,14.5,26.0,57.2,39.3,66.3,17.3,56.2,52.1,94.6,98.3,57.0,67.0,66.0,51.0,20,40,28,35,5,44.38,8025436095900.0,12048959.0,31094983347.2252
8015,Africa,3437,SEN,Senegal,2009,52.8,28.2,55.8,42.9,20.8,26.9,57.8,40.2,66.3,17.4,56.2,49.7,94.8,98.3,57.4,66.9,65.7,52.6,30,35,25,60,20,44.18,8246304482600.0,12337389.0,32147815840.6992
8016,Africa,3438,SEN,Senegal,2010,53.6,28.2,56.2,46.6,22.3,28.6,58.5,37.6,66.2,18.0,56.2,53.5,94.8,98.1,60.7,66.9,65.6,52.7,30,30,20,45,15,43.98,8525927535100.0,12635413.0,33641848599.7654
8017,Africa,3439,SEN,Senegal,2011,53.7,27.5,55.0,48.1,24.5,29.0,59.1,36.9,66.2,18.4,51.0,58.7,94.9,97.9,62.5,67.0,64.0,52.4,20,60,25,60,5,43.78,8639671173800.0,12958897.0,34793989168.2758
8018,Africa,3440,SEN,Senegal,2012,55.0,29.2,56.7,48.1,26.6,42.3,59.8,37.9,66.7,16.8,51.0,62.3,95.0,97.9,65.0,67.0,59.9,52.0,20,45,20,45,15,43.57,8985516826500.0,13310495.0,36793686306.646
8019,Africa,3441,SEN,Senegal,2013,54.7,31.9,56.0,47.9,22.6,46.0,60.4,37.7,67.2,18.7,51.0,55.1,95.0,98.0,65.7,67.0,55.8,53.5,10,60,35,60,15,43.36,9202282111400.0,13710849.0,37962162529.6039
8020,Africa,3442,SEN,Senegal,2014,56.2,36.9,59.5,50.4,24.5,46.9,61.0,38.0,68.9,20.8,51.0,59.2,95.0,98.0,67.6,67.0,57.2,53.4,35,60,40,42,18,43.15,9775039000000.0,14152102.0,40387333256.6553
8021,Africa,3443,SEN,Senegal,2015,56.3,41.8,60.6,51.3,26.0,45.1,61.7,36.8,69.9,22.4,51.0,55.4,95.0,98.0,65.5,66.9,56.6,52.9,25,55,30,62,10,42.94,10397420000000.0,14593331.0,43696523920.8699
8022,Africa,3444,SEN,Senegal,2016,57.5,47.5,60.7,54.1,26.0,45.1,62.3,38.3,71.2,22.4,51.0,62.3,95.0,98.0,65.5,66.9,56.8,53.7,35,45,42,65,15,42.74,11058287144900.0,15034521.0,46623906157.9398
8023,Africa,3445,SEN,Senegal,2017,58.6,53.4,59.6,55.8,29.6,44.9,62.9,38.4,76.7,23.2,51.0,58.5,95.0,97.8,69.0,67.4,57.4,55.0,30,55,40,60,10,42.53,11877428237600.0,15475002.0,50051751949.2583
8024,Africa,3446,SEN,Senegal,2018,59.6,59.5,61.2,56.2,29.6,43.9,63.6,38.7,75.9,26.1,60.3,58.8,95.2,97.7,68.3,67.4,55.7,55.3,35,55,45,63,30,42.32,12614926385500.0,15914498.0,53794440219.2467
8025,Africa,3447,SEN,Senegal,2019,60.4,60.4,61.1,58.9,28.1,43.3,64.2,41.3,76.6,28.0,60.3,61.8,95.2,97.6,68.4,67.3,57.2,56.7,30,50,55,45,5,42.11,13196932173700.0,16352922.0,59654664271.8226
8026,Africa,3448,SEN,Senegal,2020,60.7,60.1,61.6,57.8,28.6,43.9,64.8,41.1,76.1,31.5,60.3,60.3,95.2,97.6,68.4,67.4,58.0,59.6,36,60,45,35,40,41.91,13374044739200.0,16789219.0,63008586953.5983
8027,Africa,3449,SEN,Senegal,2021,61.7,62.8,61.7,57.8,31.7,44.1,64.8,41.1,78.7,36.9,60.3,63.2,95.0,97.6,68.4,66.4,57.3,61.0,30,45,20,42,20,,14249242374000.0,17220867.0,71874343647.3324
8028,Africa,3450,SEN,Senegal,2022,61.8,67.9,61.8,57.8,31.7,44.3,64.8,41.1,78.7,36.9,60.3,63.6,95.0,97.6,68.4,66.3,54.0,60.9,35,59,20,35,15,,14797899753200.0,17651103.0,79963390334.37
8029,Europe,3451,SRB,Serbia,2000,69.7,100.0,66.7,71.6,93.1,41.9,72.5,66.0,73.5,28.2,53.2,76.3,85.8,86.3,0.0,56.2,66.6,78.1,30,50,10,12,10,28.13,3431605000000.0,7516346.0,48212406012.359
8030,Europe,3452,SRB,Serbia,2001,69.5,100.0,67.1,71.7,93.1,42.2,72.5,65.1,73.3,26.0,53.2,76.3,84.7,85.3,0.0,56.8,66.5,78.1,35,55,12,22,8,28.42,3664217000000.0,7503433.0,51049545262.8293
8031,Europe,3453,SRB,Serbia,2002,69.6,100.0,66.8,73.1,93.1,42.5,72.5,64.6,72.8,27.6,53.2,76.3,84.4,84.7,0.0,56.8,66.6,78.1,20,20,10,25,7,28.71,3903895200000.0,7500031.0,56720688820.7597
8032,Europe,3454,SRB,Serbia,2003,69.5,100.0,67.4,73.0,93.1,43.1,72.5,63.7,72.0,27.1,53.2,76.3,84.7,83.9,0.0,56.8,66.7,78.1,30,25,20,20,7,28.99,4081900700000.0,7480591.0,60023937397.8356
8033,Europe,3455,SRB,Serbia,2004,69.2,100.0,67.8,73.1,93.1,43.8,72.5,63.5,70.0,26.6,53.2,76.3,82.9,83.0,0.0,56.8,66.7,78.1,30,35,18,18,10,29.28,4354852000000.0,7463157.0,65051058715.4117
8034,Europe,3456,SRB,Serbia,2005,69.6,100.0,66.7,76.5,93.1,44.3,72.7,64.3,68.7,28.1,53.2,76.1,83.4,84.7,0.0,57.3,66.8,78.1,30,20,20,25,8,29.57,4611940600000.0,7440769.0,69925508616.3632
8035,Europe,3457,SRB,Serbia,2006,69.7,100.0,69.4,74.6,93.1,44.8,72.8,64.3,68.7,28.7,53.2,76.1,84.5,82.7,0.0,57.5,66.8,78.1,20,33,25,10,8,29.86,4791836900000.0,7411569.0,77566242918.0489
8036,Europe,3458,SRB,Serbia,2007,70.1,100.0,64.5,76.4,92.6,49.6,73.0,64.1,70.2,30.6,53.2,76.1,85.0,82.9,0.0,57.5,67.1,78.1,5,43,28,25,15,30.15,5167137000000.0,7381579.0,86259818628.7086
8037,Europe,3459,SRB,Serbia,2008,71.2,100.0,69.6,76.6,92.5,50.7,73.1,65.1,72.6,33.2,53.2,79.9,84.9,84.5,0.0,57.6,67.1,78.6,30,40,18,25,15,30.44,5433807400000.0,7350222.0,96453310769.8579
8038,Europe,3460,SRB,Serbia,2009,71.2,100.0,69.1,76.8,91.5,51.0,73.3,68.6,71.4,35.1,53.2,77.2,85.0,85.8,0.0,57.6,67.2,77.3,30,40,30,30,8,30.73,5263044000000.0,7320807.0,95399006505.6812
8039,Europe,3461,SRB,Serbia,2010,71.3,100.0,71.1,77.8,90.3,51.0,73.5,68.6,69.6,35.9,53.2,78.0,85.0,85.8,0.0,57.6,66.6,77.0,30,33,25,40,8,31.02,5347830200000.0,7291436.0,97132913474.1468
8040,Europe,3462,SRB,Serbia,2011,71.4,100.0,70.5,78.8,96.3,52.0,73.6,67.0,67.4,40.1,53.2,76.1,84.5,83.7,0.0,57.6,66.4,75.2,35,40,20,35,15,31.03,5350732600000.0,7236519.0,103470091703.986
8041,Europe,3463,SRB,Serbia,2012,72.0,100.0,65.1,79.2,97.3,57.8,73.8,68.8,66.9,48.3,53.2,72.9,84.4,86.0,0.0,57.6,66.0,75.3,35,38,18,25,5,31.05,5326977700000.0,7201497.0,104466206525.612
8042,Europe,3464,SRB,Serbia,2013,72.9,100.0,70.2,80.0,96.4,57.7,74.0,69.7,67.9,48.0,55.1,71.4,84.4,86.1,0.0,58.3,67.8,78.8,38,50,22,35,10,31.06,5351033200000.0,7166553.0,109268355623.316
8043,Europe,3465,SRB,Serbia,2014,73.8,100.0,72.4,79.5,97.3,60.0,74.1,71.5,72.8,51.9,50.6,69.6,84.7,87.9,0.0,58.7,69.7,79.4,10,45,32,32,8,31.08,5254486100000.0,7131787.0,109089071122.197
8044,Europe,3466,SRB,Serbia,2015,73.6,100.0,69.1,80.5,97.8,60.6,74.3,70.5,75.2,52.7,50.2,68.2,85.2,87.2,0.0,59.2,68.3,78.7,38,38,25,50,15,31.09,5322570500000.0,7095383.0,110336653309.674
8045,Europe,3467,SRB,Serbia,2016,74.8,100.0,72.9,81.0,95.4,61.3,74.5,70.8,76.5,52.0,58.6,75.5,84.6,86.7,0.0,59.3,69.6,78.7,35,40,40,41,5,31.1,5480927500000.0,7058322.0,116145024614.706
8046,Europe,3468,SRB,Serbia,2017,75.7,100.0,66.0,79.9,96.6,61.8,74.6,70.3,76.9,57.4,69.6,78.7,84.3,85.7,0.0,59.3,69.2,80.3,5,38,24,50,15,31.11,5610463400000.0,7020858.0,121357054729.466
8047,Europe,3469,SRB,Serbia,2018,76.7,100.0,75.1,82.6,96.1,62.0,74.8,71.2,78.2,59.9,73.5,71.9,84.4,85.6,0.0,60.2,70.4,81.2,30,45,25,35,15,31.12,5871313500000.0,6982604.0,128959381818.704
8048,Europe,3470,SRB,Serbia,2019,77.5,100.0,76.2,83.0,94.5,64.0,74.9,71.0,79.7,64.6,75.3,74.3,84.3,85.6,0.0,60.7,69.9,81.4,30,40,20,50,10,31.12,6150213100000.0,6945235.0,142981510856.386
8049,Europe,3471,SRB,Serbia,2020,77.5,100.0,77.2,81.6,94.2,64.5,75.0,71.4,79.7,65.3,75.3,73.2,84.3,85.5,0.0,60.7,68.7,83.6,36,50,28,45,10,31.13,6091784600000.0,6899126.0,144971610190.422
8050,Europe,3472,SRB,Serbia,2021,78.4,100.0,75.8,82.0,93.6,64.8,75.0,71.4,81.9,70.7,75.3,76.5,85.4,88.5,0.0,60.8,68.3,83.8,35,45,22,45,7,,6576024000000.0,6834326.0,159966578501.841
8051,Europe,3473,SRB,Serbia,2022,77.3,100.0,75.8,82.5,93.6,64.9,75.0,71.4,81.7,71.9,75.3,73.2,85.4,88.5,0.0,60.8,65.9,83.5,41,45,30,35,5,,6749038300000.0,6664449.0,174890782225.665
8075,Africa,3497,SLE,Sierra Leone,2000,45.1,15.5,45.9,16.0,25.2,31.4,40.0,14.5,64.0,7.3,51.4,41.4,97.8,99.5,57.7,58.0,57.8,43.4,40,33,12,15,15,40.59,21251646462.8465,4423611.0,5494453617.1521
8076,Africa,3498,SLE,Sierra Leone,2001,45.6,15.5,46.3,15.5,25.2,31.5,40.1,19.6,64.0,7.3,51.4,41.4,97.8,99.4,62.7,58.0,57.8,41.6,50,42,14,9,15,40.31,19903132671.528,4692716.0,5261673086.04525
8077,Africa,3499,SLE,Sierra Leone,2002,45.8,15.5,45.6,18.4,25.2,31.6,40.6,18.0,64.0,7.3,51.4,41.1,97.8,99.4,64.7,58.0,57.8,42.3,40,38,13,35,20,40.04,25182266455.9942,4971435.0,6760740234.31567
8078,Africa,3500,SLE,Sierra Leone,2003,46.2,15.5,45.3,20.7,25.2,34.6,41.1,15.7,64.0,7.3,51.4,40.9,97.8,99.4,69.1,58.0,57.8,40.8,38,35,10,28,10,39.77,27570459792.6874,5177687.0,7548040797.73179
8079,Africa,3501,SLE,Sierra Leone,2004,46.1,15.5,44.3,20.3,25.2,34.7,41.5,14.7,64.0,7.3,51.4,41.0,97.8,99.4,70.6,58.0,57.8,40.4,40,38,12,15,7,39.49,29356707410.0752,5355717.0,8253190498.19189
8080,Africa,3502,SLE,Sierra Leone,2005,45.9,15.5,45.6,20.5,25.2,34.8,42.0,9.6,63.9,7.3,51.4,41.0,97.9,99.5,71.7,58.0,57.8,39.2,40,40,18,23,10,39.22,30634751636.036,5501712.0,8882533946.52934
8081,Africa,3503,SLE,Sierra Leone,2006,45.8,15.5,46.1,18.3,25.2,35.1,42.5,9.6,63.8,7.3,51.4,41.5,97.9,99.4,71.4,58.0,57.2,38.2,40,42,18,20,10,38.95,31946871900.0,5624466.0,9548637953.60345
8082,Africa,3504,SLE,Sierra Leone,2007,45.7,15.5,46.3,18.8,25.2,34.7,43.0,10.4,63.8,7.3,51.4,42.1,98.0,99.4,70.8,58.0,54.4,37.7,38,38,20,22,10,38.67,33144802300.0,5749352.0,10175086579.955
8083,Africa,3505,SLE,Sierra Leone,2008,45.7,15.5,45.6,20.5,30.0,35.0,43.4,10.4,63.7,7.3,51.4,37.7,98.0,99.4,70.4,58.0,53.4,36.8,35,38,15,18,10,38.4,34366539500.0,5894722.0,10753417038.6619
8084,Africa,3506,SLE,Sierra Leone,2009,45.9,15.5,48.2,21.2,30.0,35.3,43.9,11.4,63.6,7.3,51.4,37.5,97.9,99.5,69.1,58.0,53.5,37.9,38,38,30,30,15,38.13,34892623600.0,6055646.0,10985371002.627
8085,Africa,3507,SLE,Sierra Leone,2010,47.4,15.5,52.5,24.8,30.0,36.6,44.4,20.7,63.6,7.3,51.4,40.7,97.9,99.4,68.4,62.3,52.2,38.1,40,38,15,35,15,37.85,37110282200.0,6222714.0,11825553291.1596
8086,Africa,3508,SLE,Sierra Leone,2011,50.4,27.1,54.1,26.5,36.1,37.0,44.9,17.8,63.5,7.4,76.5,37.5,97.7,99.1,77.0,62.3,53.0,38.8,35,50,15,20,15,37.58,40116458200.0,6387251.0,13047238199.0292
8087,Africa,3509,SLE,Sierra Leone,2012,51.2,29.1,53.7,28.1,38.6,37.4,45.3,15.7,63.4,13.2,76.5,37.8,97.7,99.0,78.8,63.7,53.2,39.2,37,55,15,25,15,37.31,44360110200.0,6551080.0,15180106235.0926
8088,Africa,3510,SLE,Sierra Leone,2013,51.9,40.9,54.1,29.1,39.6,44.3,45.8,10.6,63.4,13.4,76.5,38.2,97.5,98.9,78.7,63.7,50.4,37.6,35,37,18,35,10,37.03,50864776800.0,6714051.0,18132893193.6871
8089,Africa,3511,SLE,Sierra Leone,2014,52.3,31.7,56.1,28.1,39.6,44.7,46.3,12.0,63.3,15.2,76.5,44.5,97.5,99.0,79.6,63.7,53.7,38.4,38,40,10,15,10,36.76,46889686800.0,6876385.0,18992888503.1033
8090,Africa,3512,SLE,Sierra Leone,2015,52.8,31.4,55.9,29.2,38.2,44.8,46.8,18.1,63.4,15.6,76.5,40.0,97.7,99.1,79.6,63.7,52.5,45.0,35,40,20,25,5,36.49,44843733800.0,7037655.0,18016747683.9373
8091,Africa,3513,SLE,Sierra Leone,2016,53.4,34.4,55.3,30.7,41.9,44.8,47.2,19.2,63.7,14.6,76.5,41.2,97.7,99.1,79.7,63.7,51.7,47.0,35,55,35,22,10,36.21,47730520700.0,7205328.0,18985500633.4743
8092,Africa,3514,SLE,Sierra Leone,2017,53.7,34.2,53.6,33.3,40.9,43.5,47.7,21.1,65.9,15.6,76.5,40.1,97.7,99.2,79.5,63.7,54.2,46.9,38,55,15,22,20,35.94,49261649400.0,7379299.0,18458970768.5457
8093,Africa,3515,SLE,Sierra Leone,2018,54.0,31.7,53.3,35.4,46.5,43.4,48.2,21.1,65.5,12.4,69.7,42.8,97.8,99.4,79.4,63.7,53.5,53.5,35,55,42,35,18,35.67,50687210800.0,7554563.0,19947639782.9398
8094,Africa,3516,SLE,Sierra Leone,2019,54.5,32.4,55.8,36.7,53.1,46.6,48.6,15.5,66.0,12.9,69.7,40.3,97.8,99.4,78.5,63.7,54.4,54.9,30,50,18,27,5,35.39,53476380700.0,7731991.0,20916106901.8837
8095,Africa,3517,SLE,Sierra Leone,2020,54.9,33.1,56.3,36.3,54.7,46.6,49.1,16.5,65.8,13.8,69.7,40.8,97.8,99.4,78.5,63.7,53.4,57.5,38,35,15,30,5,35.12,52806135000.0,7912558.0,21532775187.7736
8096,Africa,3518,SLE,Sierra Leone,2021,55.6,47.5,56.5,37.3,50.3,46.6,49.1,16.5,67.1,14.2,69.7,38.4,97.8,99.3,78.5,63.7,53.8,59.5,38,45,20,22,8,,55920035000.0,8094602.0,23085417016.3665
8097,Africa,3519,SLE,Sierra Leone,2022,55.7,49.1,56.7,36.6,50.3,46.6,49.1,16.5,67.1,14.2,69.7,38.0,97.8,99.3,78.5,63.7,53.3,59.7,38,60,18,22,10,,58891376600.0,8276807.0,26045397865.5962
8098,Asia,3520,SGP,Singapore,2000,66.2,0.0,76.6,87.2,99.8,51.9,70.1,67.9,75.7,74.5,0.0,95.9,41.4,46.6,46.8,39.0,83.9,35.2,18,65,30,82,5,23.96,193208700000.0,4027887.0,176346004851.501
8099,Asia,3521,SGP,Singapore,2001,66.6,0.0,76.6,87.4,99.8,56.1,70.1,68.5,76.0,76.1,0.0,95.9,41.7,46.6,46.8,38.6,84.0,35.0,13,60,18,82,10,24.06,191139700000.0,4138012.0,178385824943.607
8100,Asia,3522,SGP,Singapore,2002,66.9,0.0,76.5,87.5,99.8,56.5,70.1,69.0,75.0,76.9,0.0,95.9,42.1,47.8,47.4,38.9,84.0,36.1,18,55,18,80,10,24.16,198638800000.0,4175950.0,188265410325.5
8101,Asia,3523,SGP,Singapore,2003,67.2,0.0,76.5,87.7,99.8,59.1,70.1,68.9,74.9,77.8,0.0,95.9,42.7,47.1,47.4,38.7,84.0,37.0,18,72,20,80,10,24.27,207673400000.0,4114826.0,200714210204.552
8102,Asia,3524,SGP,Singapore,2004,67.3,0.0,76.4,88.4,99.8,59.5,70.1,69.4,74.7,79.3,0.0,95.9,42.8,48.3,47.4,38.6,84.0,35.5,15,60,25,83,8,24.37,228316100000.0,4166664.0,226599047614.941
8103,Asia,3525,SGP,Singapore,2005,67.7,0.0,76.4,89.7,99.8,59.8,70.1,70.8,74.7,79.4,0.0,95.5,43.1,51.0,47.4,38.6,84.0,34.5,20,45,22,80,8,24.47,245134600000.0,4265762.0,250919344759.03
8104,Asia,3526,SGP,Singapore,2006,67.7,0.0,76.4,89.8,99.8,62.8,70.1,70.2,75.3,79.0,0.0,95.5,43.3,49.1,47.4,38.7,84.1,33.7,15,60,20,82,7,24.57,267213300000.0,4401365.0,281953944534.812
8105,Asia,3527,SGP,Singapore,2007,68.0,0.0,76.4,90.1,99.8,64.7,70.1,69.9,75.4,81.4,0.0,95.5,43.4,49.5,47.4,38.6,84.8,33.8,15,60,20,80,5,24.68,291320000000.0,4588599.0,315718477176.864
8106,Asia,3528,SGP,Singapore,2008,67.9,0.0,76.4,89.9,99.8,64.8,70.1,68.9,74.9,84.2,0.0,95.5,43.6,45.6,47.4,38.4,84.7,33.9,25,45,30,85,7,24.78,296748700000.0,4839396.0,327798172582.134
8107,Asia,3529,SGP,Singapore,2009,68.0,0.0,76.4,89.9,99.8,64.3,70.1,65.6,74.2,84.4,0.0,95.5,43.3,52.1,47.4,38.2,84.8,34.5,15,60,25,78,7,24.88,297128400000.0,4987573.0,330241984295.075
8108,Asia,3530,SGP,Singapore,2010,68.5,0.0,76.3,92.4,99.9,64.6,70.1,69.4,75.1,88.1,0.0,95.6,43.2,48.7,47.4,37.9,84.8,34.5,20,60,30,82,10,24.99,340270700000.0,5076732.0,382788414439.613
8109,Asia,3531,SGP,Singapore,2011,69.1,0.0,76.3,92.8,99.9,64.1,70.1,72.1,75.2,89.1,0.0,92.5,43.1,56.7,47.4,37.8,84.2,34.5,18,60,40,85,5,24.63,361418300000.0,5183688.0,414966621180.859
8110,Asia,3532,SGP,Singapore,2012,68.8,0.0,76.3,92.8,99.9,65.3,70.1,70.4,75.4,88.7,0.0,94.4,43.4,51.6,47.4,37.6,84.6,34.9,20,55,35,82,8,24.27,377449000000.0,5312437.0,436192127374.617
8111,Asia,3533,SGP,Singapore,2013,69.0,0.0,76.3,93.1,99.9,68.7,70.1,69.9,75.3,90.0,0.0,95.1,43.6,51.1,47.4,37.3,82.3,34.9,15,55,35,84,7,23.91,395633100000.0,5399162.0,448607292111.358
8112,Asia,3534,SGP,Singapore,2014,69.4,0.0,76.3,94.3,99.9,69.9,70.1,70.0,75.3,90.8,0.0,96.6,43.8,50.9,44.0,37.1,86.7,35.5,35,55,25,80,8,23.55,411203400000.0,5469724.0,462493850769.64
8113,Asia,3535,SGP,Singapore,2015,69.5,0.0,76.2,94.5,99.9,69.7,73.6,69.5,75.0,91.3,0.0,95.6,43.9,49.9,44.0,36.9,86.4,35.9,20,65,30,85,10,23.2,423444100000.0,5535002.0,482409671479.023
8114,Asia,3536,SGP,Singapore,2016,69.9,0.0,76.1,93.5,100.0,69.8,73.5,71.5,74.8,91.1,0.0,96.1,43.8,56.2,44.0,36.6,84.9,36.1,25,55,25,80,7,22.94,439313000000.0,5607283.0,504104924057.74
8115,Asia,3537,SGP,Singapore,2017,69.9,0.0,76.1,94.4,100.0,69.3,73.9,71.7,76.3,90.4,0.0,96.0,43.5,55.9,44.0,36.4,84.1,37.1,18,55,35,83,10,22.69,458980600000.0,5612253.0,537340573560.544
8116,Asia,3538,SGP,Singapore,2018,69.6,0.0,76.1,94.5,99.8,69.5,74.3,71.8,75.3,90.6,0.0,96.1,44.3,53.4,44.0,27.3,85.4,41.1,35,75,38,82,7,22.44,474824500000.0,5638676.0,586215721477.775
8117,Asia,3539,SGP,Singapore,2019,70.1,0.0,76.1,94.7,98.8,70.5,74.2,72.0,75.3,91.0,0.0,96.1,44.1,58.1,47.2,27.1,84.9,41.7,30,65,30,85,12,22.18,481035400000.0,5703569.0,600787105909.488
8118,Asia,3540,SGP,Singapore,2020,70.5,0.0,76.2,94.6,98.6,74.2,74.2,72.0,74.7,91.5,0.0,96.1,44.1,58.2,47.2,27.0,83.1,45.9,30,50,30,80,8,21.93,462685300000.0,5685807.0,577213563024.154
8119,Asia,3541,SGP,Singapore,2021,71.2,0.0,76.2,94.9,98.6,75.1,74.2,72.0,74.5,91.4,0.0,96.1,51.6,57.5,47.2,27.0,82.8,48.6,15,48,35,78,8,,507828600000.0,5453566.0,723237492898.215
8120,Asia,3542,SGP,Singapore,2022,71.8,0.0,76.2,94.4,98.6,75.1,74.2,72.0,74.8,91.4,0.0,96.1,51.6,57.5,47.2,26.5,83.2,49.0,18,58,40,78,8,,528690200000.0,5637022.0,806629380658.055
8121,Europe,3543,SVK,Slovak Republic,2000,72.5,99.0,67.4,78.0,82.7,62.7,81.7,70.3,72.2,33.3,99.1,79.0,68.7,68.9,0.0,71.4,73.1,52.3,12,25,18,49,6,39.55,47158878000.0,5388720.0,61256649592.8426
8122,Europe,3544,SVK,Slovak Republic,2001,72.9,99.0,71.3,78.3,82.7,63.6,81.7,71.1,72.0,33.6,99.1,79.0,68.7,68.2,0.0,72.6,73.2,52.5,25,20,35,40,10,39.58,48538351000.0,5378867.0,66529367504.9256
8123,Europe,3545,SVK,Slovak Republic,2002,73.3,99.0,71.0,78.9,80.7,65.4,81.7,70.9,72.4,37.6,99.1,78.9,68.6,68.6,0.0,73.2,73.1,53.3,15,20,20,55,10,39.62,50682413000.0,5376912.0,71468766178.7321
8124,Europe,3546,SVK,Slovak Republic,2003,73.4,99.0,68.6,78.8,79.7,66.5,81.6,70.6,73.2,38.5,99.1,78.9,68.7,68.5,0.0,76.5,73.1,53.0,15,25,30,55,8,39.65,53143905000.0,5373374.0,75711230771.7745
8125,Europe,3547,SVK,Slovak Republic,2004,74.3,99.0,74.4,79.4,79.2,65.3,81.6,71.0,72.3,40.2,99.1,78.9,68.0,68.4,0.0,86.2,73.3,53.3,20,30,28,55,8,39.68,56008095000.0,5372280.0,81486342989.5548
8126,Europe,3548,SVK,Slovak Republic,2005,74.0,99.0,72.7,80.6,79.9,65.4,81.5,71.1,73.6,41.0,91.8,78.8,67.9,68.4,0.0,86.5,73.5,52.6,25,20,25,45,7,39.72,59640182000.0,5372807.0,89028795055.9132
8127,Europe,3549,SVK,Slovak Republic,2006,74.8,99.0,70.1,80.8,83.0,67.2,81.5,71.3,75.2,41.6,100.0,78.8,67.8,68.5,0.0,86.5,74.2,52.3,18,30,35,51,10,39.75,64963478000.0,5373054.0,101603248473.221
8128,Europe,3550,SVK,Slovak Republic,2007,75.0,99.0,69.2,81.3,83.1,67.0,81.5,71.8,76.2,43.1,100.0,78.8,67.0,68.9,0.0,86.6,74.7,52.2,10,25,40,60,8,39.79,71991636000.0,5374622.0,114119549668.013
8129,Europe,3551,SVK,Slovak Republic,2008,75.7,99.0,75.5,81.2,83.3,67.1,81.4,71.5,77.0,46.0,100.0,78.8,66.9,68.8,0.0,86.6,75.2,52.7,30,30,40,40,8,39.82,75852819000.0,5379233.0,127563859479.374
8130,Europe,3552,SVK,Slovak Republic,2009,75.6,99.0,71.6,82.5,81.6,66.6,81.5,72.7,75.8,47.0,99.4,78.7,67.4,70.0,0.0,86.7,75.5,54.3,35,19,62,38,10,39.86,71676865000.0,5386406.0,124239476858.982
8131,Europe,3553,SVK,Slovak Republic,2010,75.7,99.0,67.9,84.6,81.8,65.3,81.6,72.5,74.4,50.4,99.7,80.9,66.8,69.8,0.0,86.8,76.1,54.0,30,30,55,52,15,39.89,76544141000.0,5391428.0,136858656279.808
8132,Europe,3554,SVK,Slovak Republic,2011,76.5,98.9,72.5,84.7,81.9,65.8,81.6,73.1,74.7,52.8,100.0,84.9,66.2,66.6,0.0,89.0,77.9,53.5,25,35,35,55,15,39.91,78505527000.0,5398384.0,141446569656.423
8133,Europe,3555,SVK,Slovak Republic,2012,76.7,98.9,69.0,85.3,81.9,67.4,81.7,73.4,74.6,55.5,100.0,83.0,66.5,69.6,0.0,89.1,77.5,53.5,25,20,45,55,10,39.92,79737413000.0,5407579.0,146127789163.241
8134,Europe,3556,SVK,Slovak Republic,2013,76.8,98.9,69.9,85.7,79.0,66.9,81.7,73.6,74.5,58.9,98.2,82.7,66.5,71.2,0.0,89.1,78.0,54.1,20,20,60,60,15,39.94,80298225000.0,5413393.0,151983350436.957
8135,Europe,3557,SVK,Slovak Republic,2014,77.8,98.9,74.7,85.8,82.0,67.2,81.8,74.4,74.7,62.3,100.0,84.3,66.2,71.4,0.0,89.1,78.2,54.3,30,35,60,55,8,39.95,82472662000.0,5418649.0,157726426211.136
8136,Europe,3558,SVK,Slovak Republic,2015,78.0,99.0,71.7,86.6,82.2,68.1,81.8,74.8,75.7,64.2,100.0,82.5,66.1,71.9,0.0,89.1,79.4,54.7,25,25,65,55,20,39.97,86742172000.0,5423801.0,163560289937.06
8137,Europe,3559,SVK,Slovak Republic,2016,78.0,99.0,74.4,86.4,76.8,69.4,81.8,74.5,76.8,65.0,100.0,84.9,65.3,71.4,0.0,89.2,79.0,54.1,20,35,60,60,10,39.99,88431752000.0,5430798.0,162206967889.124
8138,Europe,3560,SVK,Slovak Republic,2017,78.6,99.1,69.6,87.6,79.2,69.8,81.8,74.1,78.7,71.3,100.0,86.5,65.5,71.5,0.0,89.2,79.0,54.8,20,30,33,60,8,40.0,90973929000.0,5439232.0,164513828512.121
8139,Europe,3561,SVK,Slovak Republic,2018,78.7,99.1,71.3,87.4,81.0,69.9,81.8,74.0,79.5,70.6,100.0,86.3,66.4,70.3,0.0,89.2,78.3,54.8,30,25,58,45,7,40.02,94669399000.0,5446771.0,171626766869.264
8140,Europe,3562,SVK,Slovak Republic,2019,79.1,99.1,71.2,88.0,83.1,70.1,81.8,77.2,79.9,70.2,100.0,85.6,66.2,71.0,0.0,89.2,76.7,55.5,30,30,65,55,5,40.04,96823979000.0,5454147.0,185362871936.432
8141,Europe,3563,SVK,Slovak Republic,2020,79.6,99.1,72.6,88.5,82.0,71.8,81.8,77.2,79.4,71.3,100.0,86.8,66.2,71.9,0.0,89.2,79.0,57.5,30,35,50,48,5,40.06,94320583000.0,5458827.0,192849134106.197
8142,Europe,3564,SVK,Slovak Republic,2021,79.9,99.1,72.3,88.3,82.0,73.5,81.8,77.2,81.1,71.5,100.0,85.2,69.4,70.6,0.0,89.2,77.8,58.7,25,30,55,65,5,,99696472000.0,5447247.0,208880643198.039
8143,Europe,3565,SVK,Slovak Republic,2022,79.1,99.2,72.3,87.8,82.0,73.7,81.8,77.2,81.5,73.6,100.0,84.0,69.4,70.6,0.0,89.2,77.8,59.0,30,30,55,60,6,,100132504000.0,5431752.0,223223380690.808
8144,Europe,3566,SVN,Slovenia,2000,74.2,99.3,65.2,83.2,92.1,61.0,87.8,77.7,83.7,45.0,100.0,80.7,54.8,66.8,64.5,57.1,82.7,59.9,20,18,55,60,7,61.22,31295675000.0,1988925.0,35577452322.9334
8145,Europe,3567,SVN,Slovenia,2001,74.5,99.3,63.3,83.8,94.5,61.6,87.8,78.1,84.4,47.1,100.0,80.7,54.7,65.8,64.6,57.1,82.8,61.3,15,30,40,63,5,61.29,32180931000.0,1992060.0,37381898557.2193
8146,Europe,3568,SVN,Slovenia,2002,75.1,99.3,67.3,84.5,95.3,62.1,87.8,76.9,84.3,48.0,100.0,80.7,54.7,65.5,64.5,61.1,82.7,61.6,20,25,35,60,10,61.36,33237297000.0,1994530.0,39899174675.888
8147,Europe,3569,SVN,Slovenia,2003,74.8,99.3,61.5,84.9,94.7,62.6,87.8,76.9,83.9,47.8,100.0,80.7,54.3,65.8,64.4,61.6,82.9,61.6,15,20,35,68,8,61.43,34299239000.0,1995733.0,41747228377.727
8148,Europe,3570,SVN,Slovenia,2004,76.7,99.3,66.6,85.0,95.6,63.1,87.8,77.7,84.1,49.6,100.0,80.7,52.9,65.5,68.6,83.0,82.3,61.4,20,25,50,65,7,61.5,35858490000.0,1997012.0,45114082973.0246
8149,Europe,3571,SVN,Slovenia,2005,76.8,99.3,66.8,85.4,96.2,63.2,87.8,78.0,84.0,50.7,100.0,80.6,53.0,65.4,68.8,83.0,82.9,61.4,20,25,45,60,8,61.57,37240522000.0,2000474.0,47375967613.7248
8150,Europe,3572,SVN,Slovenia,2006,76.9,99.3,64.4,85.9,95.7,63.9,87.8,77.4,84.2,52.2,100.0,80.6,53.6,65.2,69.1,83.0,83.4,61.1,18,22,33,67,7,61.64,39440983000.0,2006868.0,51328698168.0764
8151,Europe,3573,SVN,Slovenia,2007,76.8,99.3,64.6,85.7,95.3,64.7,87.8,77.8,84.6,52.1,100.0,80.6,53.2,65.1,68.8,83.0,83.4,59.8,20,25,45,60,7,61.71,42256766000.0,2018122.0,55435876564.1314
8152,Europe,3574,SVN,Slovenia,2008,77.0,99.3,64.2,87.0,95.4,64.9,87.8,77.5,84.8,53.1,100.0,80.6,53.5,64.4,68.6,83.1,83.9,60.4,15,35,60,58,8,61.78,43681765000.0,2021316.0,59549872276.1045
8153,Europe,3575,SVN,Slovenia,2009,77.4,99.3,63.6,87.5,96.6,65.7,87.8,79.0,84.2,54.7,100.0,80.6,55.0,66.2,68.7,83.1,82.8,61.9,15,16,62,45,8,61.85,40366063000.0,2039669.0,55508501254.0802
8154,Europe,3576,SVN,Slovenia,2010,77.9,99.3,64.9,90.0,96.4,66.0,87.8,79.1,83.4,56.5,100.0,79.9,55.2,66.1,68.7,83.1,85.8,62.0,20,22,45,62,7,61.92,40814989000.0,2048583.0,56505035971.223
8155,Europe,3577,SVN,Slovenia,2011,78.6,99.3,66.1,90.0,96.0,75.5,87.8,78.5,82.8,58.2,100.0,79.0,54.6,64.3,72.9,83.0,86.0,61.9,15,30,45,40,10,61.93,41082506000.0,2052843.0,58948688238.2166
8156,Europe,3578,SVN,Slovenia,2012,79.7,99.3,64.7,90.3,96.5,76.0,87.8,79.1,82.5,63.8,100.0,82.5,54.8,68.1,78.0,83.0,86.1,62.1,20,35,60,50,8,61.94,39884730000.0,2057159.0,59218840691.9658
8157,Europe,3579,SVN,Slovenia,2013,79.5,99.2,61.9,90.2,95.4,76.7,87.8,80.5,81.8,65.3,100.0,83.7,54.8,67.9,77.7,83.5,84.3,61.7,12,20,65,50,5,61.95,39556169000.0,2059953.0,61044782666.8722
8158,Europe,3580,SVN,Slovenia,2014,79.3,99.2,66.5,90.1,96.4,78.8,87.8,81.4,82.0,65.4,100.0,84.5,54.7,68.6,64.9,83.5,83.7,61.2,18,28,55,59,8,61.96,40649040000.0,2061980.0,63038801633.1833
8159,Europe,3581,SVN,Slovenia,2015,79.1,99.2,66.3,90.3,97.2,79.9,87.8,80.1,81.7,65.5,100.0,84.3,55.6,71.7,57.8,83.5,83.4,60.7,20,33,38,55,7,61.97,41621896000.0,2063531.0,64680613571.9783
8160,Europe,3582,SVN,Slovenia,2016,79.4,99.3,66.3,90.6,97.0,81.0,87.8,80.2,82.2,66.1,100.0,88.6,54.9,69.9,57.4,83.5,84.0,60.6,18,20,60,60,7,61.87,42884877000.0,2065042.0,69334151784.9407
8161,Europe,3583,SVN,Slovenia,2017,79.7,99.3,64.0,91.7,96.9,81.3,87.8,79.5,82.0,74.7,100.0,87.5,54.8,69.6,59.1,83.5,83.3,60.7,20,18,54,65,10,61.76,45103913000.0,2066388.0,74761997302.4595
8162,Europe,3584,SVN,Slovenia,2018,79.3,99.3,65.2,92.0,96.2,74.9,87.8,79.9,83.6,76.5,100.0,86.6,54.2,67.5,56.4,83.3,83.8,61.4,20,30,50,63,7,61.66,47079051000.0,2073894.0,80094210481.808
8163,Europe,3585,SVN,Slovenia,2019,80.5,99.4,65.9,93.3,95.4,76.8,87.8,80.2,85.0,78.3,100.0,84.0,54.1,67.9,71.3,83.3,83.8,61.6,25,25,65,66,5,61.56,48729291000.0,2088385.0,88491661031.4007
8164,Europe,3586,SVN,Slovenia,2020,81.0,99.3,66.9,93.0,95.6,77.2,87.8,80.2,84.3,80.4,100.0,87.3,54.1,68.9,71.3,83.3,82.3,64.5,20,30,60,55,10,61.46,46738699000.0,2102419.0,87812276776.0687
8165,Europe,3587,SVN,Slovenia,2021,80.8,99.4,66.6,92.5,95.6,77.0,87.8,80.2,84.6,79.7,100.0,84.0,54.1,69.1,71.3,83.6,81.7,66.0,18,30,60,68,10,,50659913000.0,2108079.0,96790459870.841
8166,Europe,3588,SVN,Slovenia,2022,81.0,99.4,66.6,92.4,95.6,77.0,87.8,80.2,84.9,80.8,100.0,85.6,54.1,69.1,71.3,83.6,80.5,68.2,20,20,72,60,7,,52027345000.0,2112076.0,107883106099.669
8190,Africa,3612,SOM,Somalia,2000,43.2,11.3,26.1,12.5,55.6,14.0,39.6,26.9,56.3,3.9,73.8,46.0,90.9,99.9,53.7,57.2,33.3,33.3,85,85,10,5,5,11.98,68814165041030.3,8838713.0,4128217444.11005
8191,Africa,3613,SOM,Somalia,2001,43.3,11.3,26.2,12.7,55.6,14.0,39.7,26.9,56.4,3.9,73.8,46.9,91.0,99.9,53.4,57.0,33.3,33.3,75,75,15,5,10,11.86,73707068466214.0,9198493.0,4521310704.14783
8192,Africa,3614,SOM,Somalia,2002,43.3,11.3,25.8,13.1,55.6,14.0,39.8,26.1,56.4,3.9,73.8,47.9,91.2,99.9,53.0,56.9,33.3,33.3,80,35,15,8,20,11.73,79331114804188.5,9550063.0,4941920819.23799
8193,Africa,3615,SOM,Somalia,2003,43.3,11.3,25.4,12.8,55.6,14.0,40.0,26.7,56.4,3.9,73.8,48.8,91.4,99.9,52.7,56.7,33.3,33.3,78,15,10,12,12,11.61,85384290910584.7,9909157.0,5424016437.43473
8194,Africa,3616,SOM,Somalia,2004,43.4,11.3,25.0,12.7,55.6,14.0,40.2,27.6,56.4,3.9,73.8,49.7,91.6,99.9,52.4,56.6,33.3,33.3,75,83,10,7,10,11.49,91455382366829.9,10280998.0,5965908467.33035
8195,Africa,3617,SOM,Somalia,2005,43.6,11.3,25.0,13.2,55.6,14.0,40.4,28.8,56.4,3.9,73.8,50.9,91.7,99.9,52.6,56.5,33.3,33.3,78,70,10,8,10,11.37,97958147507661.8,10644228.0,6590462096.47949
8196,Africa,3618,SOM,Somalia,2006,43.6,11.3,24.6,12.0,55.6,13.8,40.6,29.4,56.4,3.9,73.8,51.8,92.2,99.9,52.5,56.3,33.3,33.3,75,70,10,8,70,11.25,104312076117894.0,10975502.0,7234365833.09903
8197,Africa,3619,SOM,Somalia,2007,43.7,11.3,24.9,12.1,55.6,14.1,40.5,31.0,56.5,3.9,73.8,52.7,92.7,99.9,51.3,56.2,33.3,33.3,70,75,7,8,40,11.12,111295093594134.0,11322582.0,7927778185.58666
8198,Africa,3620,SOM,Somalia,2008,43.8,11.3,24.9,12.1,55.6,14.1,40.8,32.3,56.5,3.9,73.8,53.6,92.9,99.9,49.9,56.1,33.3,33.3,75,80,10,8,70,11.0,118745578835361.0,11663084.0,8621462134.44866
8199,Africa,3621,SOM,Somalia,2009,43.8,11.3,23.8,12.3,55.6,13.2,41.1,33.4,56.5,3.9,73.8,54.5,92.9,99.9,48.9,55.9,33.3,33.3,84,45,5,12,20,10.88,126694825778713.0,11961201.0,9255348422.64424
8200,Africa,3622,SOM,Somalia,2010,44.3,11.3,24.4,12.6,55.6,13.1,41.5,40.9,56.5,4.0,73.8,55.7,93.0,99.9,49.1,55.8,33.3,33.3,83,75,7,8,70,10.76,135176223287819.0,12261756.0,9994942776.10102
8201,Africa,3623,SOM,Somalia,2011,44.4,11.2,24.4,12.1,55.6,13.1,42.6,40.6,56.5,4.0,73.8,56.3,93.0,99.9,49.6,55.6,33.3,33.3,83,78,10,12,65,10.63,144225395394487.0,12348830.0,10884050227.9368
8202,Africa,3624,SOM,Somalia,2012,45.0,10.8,26.8,12.4,55.6,18.0,43.3,41.8,56.5,3.9,73.8,56.8,93.1,99.9,49.4,55.5,33.3,33.3,80,78,10,8,70,10.51,153880350928200.0,12461160.0,12497699432.2334
8203,Africa,3625,SOM,Somalia,2013,45.2,11.4,26.3,12.4,55.6,17.7,44.0,43.7,56.6,4.0,73.8,58.6,93.2,99.9,49.3,55.3,33.3,33.3,75,78,10,13,20,10.39,170744558098500.0,12869594.0,12154103352.6435
8204,Africa,3626,SOM,Somalia,2014,45.3,11.4,25.4,12.6,55.6,17.8,44.8,43.1,56.6,4.0,73.8,58.9,93.4,99.9,50.0,55.2,33.3,33.3,75,80,12,10,20,10.27,186074014608300.0,13339491.0,15043200412.4411
8205,Africa,3627,SOM,Somalia,2015,46.3,11.9,25.7,12.9,55.6,18.0,45.5,43.4,56.7,4.0,73.8,68.5,93.6,99.9,50.3,55.1,38.2,33.3,75,85,12,12,70,10.14,205541428065600.0,13806963.0,18520522054.2121
8206,Africa,3628,SOM,Somalia,2016,46.2,12.2,25.6,12.8,55.6,18.1,46.3,43.2,56.7,4.0,73.8,66.3,93.8,99.9,50.8,54.9,38.2,33.3,78,83,13,11,80,10.02,220001005671100.0,14348740.0,21071187605.581
8207,Africa,3629,SOM,Somalia,2017,46.9,12.1,25.9,14.1,55.6,25.4,47.0,43.9,56.6,4.1,73.8,67.0,94.0,99.9,51.4,54.7,38.2,33.3,74,80,12,12,60,9.9,252419904194700.0,14916629.0,23819083389.0575
8208,Africa,3630,SOM,Somalia,2018,47.2,12.2,26.8,14.9,55.6,25.5,47.8,43.4,56.7,5.5,73.8,67.8,94.1,99.9,51.4,54.6,38.2,33.3,75,78,15,15,40,9.78,257605404332800.0,15452487.0,23976304650.2748
8209,Africa,3631,SOM,Somalia,2019,47.4,12.1,26.6,17.2,55.6,25.7,48.5,43.1,56.7,5.5,73.8,68.5,94.1,99.9,50.3,54.5,39.4,33.3,74,75,15,15,70,9.65,264880988197500.0,16030971.0,24817512990.2401
8210,Africa,3632,SOM,Somalia,2020,47.6,11.4,26.8,17.5,55.6,25.7,49.3,43.3,56.2,5.6,73.8,69.4,94.1,99.9,50.2,54.3,40.1,35.7,76,80,17,15,70,9.53,257590189220700.0,16651191.0,24216384566.5524
8211,Africa,3633,SOM,Somalia,2021,48.0,11.4,27.1,17.9,55.6,25.8,49.3,43.3,56.0,5.6,73.8,69.4,94.1,99.9,50.2,53.8,40.1,42.5,80,70,14,15,70,,266498245087700.0,17271431.0,24049850383.6657
8212,Africa,3634,SOM,Somalia,2022,48.0,11.3,27.3,17.9,55.6,25.9,49.3,43.3,55.7,5.6,73.8,69.4,94.1,99.9,50.3,53.4,40.0,43.7,75,78,15,15,20,,273765956827600.0,17801897.0,26467106675.8023
8213,Africa,3635,ZAF,South Africa,2000,59.1,54.9,54.8,36.7,74.2,71.9,60.1,46.5,66.2,45.8,7.3,81.4,84.3,80.4,64.5,56.9,56.1,61.8,37,60,40,40,7,14.66,2826727799800.0,47159719.0,381771803876.42
8214,Africa,3636,ZAF,South Africa,2001,59.0,54.9,53.5,36.3,74.7,71.8,60.4,47.3,66.2,46.0,7.3,81.4,83.8,80.8,64.2,56.9,56.1,61.7,40,45,40,40,5,14.63,2903049450400.0,47566800.0,400908060374.458
8215,Africa,3637,ZAF,South Africa,2002,59.5,54.9,53.9,35.6,80.6,72.4,60.7,50.2,66.3,46.1,7.3,81.5,83.5,81.4,63.4,56.7,56.1,60.3,40,65,50,34,10,14.6,3010473149200.0,48019415.0,422203786105.169
8216,Africa,3638,ZAF,South Africa,2003,59.1,54.9,53.0,34.5,77.5,72.0,60.9,50.8,66.4,46.4,7.3,81.5,83.5,79.9,62.8,56.6,56.1,60.8,42,45,55,50,15,14.57,3099254274300.0,48500348.0,443236349881.91
8217,Africa,3639,ZAF,South Africa,2004,59.3,54.9,53.1,34.0,77.2,74.3,61.2,51.5,66.4,47.0,7.3,81.6,83.1,78.4,63.0,56.8,56.1,62.1,40,65,65,55,7,14.54,3240411666900.0,48991421.0,475885687316.484
8218,Africa,3640,ZAF,South Africa,2005,59.3,54.9,54.4,35.3,77.3,73.5,61.4,52.6,66.5,47.1,0.0,81.7,83.2,79.7,63.0,57.5,56.1,63.5,43,70,35,35,10,14.51,3411409874700.0,49490033.0,516707000243.864
8219,Africa,3641,ZAF,South Africa,2006,59.3,54.9,52.4,36.1,77.3,73.6,61.7,53.0,66.6,47.4,0.0,81.8,83.2,78.8,63.5,57.4,56.1,65.3,43,60,50,55,10,14.48,3602578681600.0,49998277.0,562489593734.226
8220,Africa,3642,ZAF,South Africa,2007,59.4,54.9,51.0,36.7,77.3,74.0,61.9,53.9,66.6,47.5,0.0,81.8,83.0,78.3,64.5,57.4,55.1,65.6,45,50,45,32,12,14.45,3795693977100.0,50528584.0,608697898076.516
8221,Africa,3643,ZAF,South Africa,2008,59.7,54.9,55.0,38.9,77.3,73.7,62.1,53.8,66.6,47.8,0.0,81.1,83.0,77.5,65.4,57.2,55.3,65.3,50,72,45,30,5,14.42,3916816237700.0,51114599.0,640223797147.009
8222,Africa,3644,ZAF,South Africa,2009,60.4,54.9,55.5,39.9,77.6,80.1,62.4,53.9,66.1,48.1,0.0,82.7,83.4,78.2,65.7,57.1,56.1,65.1,40,60,35,40,5,14.39,3856572112700.0,51728516.0,634264625674.37
8223,Africa,3645,ZAF,South Africa,2010,60.2,54.9,54.9,40.7,77.8,80.1,62.6,56.1,64.6,50.0,0.0,73.6,83.2,78.9,65.5,57.0,56.6,66.5,43,60,40,45,5,14.36,3973801603300.0,52344051.0,661487016257.719
8224,Africa,3646,ZAF,South Africa,2011,60.9,54.7,54.7,42.6,77.8,79.7,62.8,56.8,65.6,52.0,0.0,79.4,83.3,78.8,65.5,56.9,57.6,67.3,40,65,50,45,5,14.33,4099713743500.0,52995205.0,696526225201.767
8225,Africa,3647,ZAF,South Africa,2012,61.1,54.2,54.8,43.6,77.9,79.4,63.0,57.7,65.3,56.6,0.0,76.7,83.3,79.4,64.7,57.6,56.6,68.2,43,60,45,45,5,14.3,4197952411900.0,53782567.0,698463315669.415
8226,Africa,3648,ZAF,South Africa,2013,61.5,52.8,54.4,43.4,77.9,81.7,64.1,57.9,65.2,62.4,0.0,77.9,83.5,79.7,63.0,57.6,55.3,68.6,40,65,38,37,20,14.27,4302291176100.0,54678791.0,731024717341.774
8227,Africa,3649,ZAF,South Africa,2014,61.7,51.3,56.6,45.8,77.9,81.4,62.9,58.0,67.5,57.9,0.0,77.9,83.6,80.0,63.5,57.9,56.9,70.5,40,63,38,35,5,14.24,4363118106800.0,55594838.0,742688200700.391
8228,Africa,3650,ZAF,South Africa,2015,62.1,51.6,53.0,48.4,78.5,81.6,61.6,58.6,68.6,60.0,0.0,76.9,84.0,81.1,65.5,57.9,57.7,71.5,35,72,40,33,10,14.21,4420792517400.0,56723537.0,759954918901.854
8229,Africa,3651,ZAF,South Africa,2016,62.2,51.3,54.3,48.2,80.6,81.4,61.7,58.7,67.9,56.0,0.0,78.9,84.1,81.7,66.2,57.9,57.3,70.9,40,68,55,33,10,14.18,4450170996100.0,57259551.0,774110394019.95
8230,Africa,3652,ZAF,South Africa,2017,63.0,51.5,58.2,49.9,77.2,82.0,61.8,59.0,66.9,66.2,0.0,80.6,84.0,81.9,66.6,57.9,56.5,70.9,37,63,55,37,15,14.15,4501701615500.0,57635162.0,791817133500.013
8231,Africa,3653,ZAF,South Africa,2018,62.5,52.1,56.4,52.1,75.2,78.2,61.8,59.7,67.0,64.5,0.0,76.7,84.2,82.3,67.5,57.8,55.8,70.5,40,65,55,45,10,14.12,4571783379100.0,58613001.0,782329029153.218
8232,Africa,3654,ZAF,South Africa,2019,63.2,52.2,55.2,54.2,76.7,76.7,62.1,59.7,67.1,69.6,0.0,79.3,84.2,81.5,70.8,58.2,56.6,71.1,46,75,45,37,15,14.09,4583667070600.0,59587885.0,796182639290.773
8233,Africa,3655,ZAF,South Africa,2020,63.8,49.2,56.8,54.6,76.6,76.8,62.4,59.7,68.1,70.1,0.0,83.3,84.2,82.6,70.9,58.1,57.6,72.8,50,70,40,40,5,14.06,4300904420700.0,60562381.0,767391152773.916
8234,Africa,3656,ZAF,South Africa,2021,63.9,51.0,56.8,57.0,76.6,76.7,62.4,59.7,69.8,70.8,0.0,80.5,84.4,82.7,70.9,58.0,55.2,74.7,50,63,45,33,5,,4514015636600.0,61502603.0,843280245239.583
8235,Africa,3657,ZAF,South Africa,2022,64.0,51.7,56.8,57.0,76.6,76.8,62.4,59.7,69.8,70.8,0.0,80.5,84.4,82.7,70.9,57.8,55.1,75.2,55,65,40,40,40,,4600300140900.0,62378410.0,920670092262.266
8236,Asia,3658,KOR,"Korea, Rep.",2000,72.6,98.9,83.0,80.1,97.7,52.2,74.6,68.3,86.6,71.0,67.8,80.2,70.3,74.5,50.0,53.7,73.5,52.3,38,8,72,63,10,66.46,903550900000000.0,47008111.0,871475638525.286
8237,Asia,3659,KOR,"Korea, Rep.",2001,73.1,98.9,82.9,81.3,98.1,52.6,74.1,68.8,86.9,74.0,67.8,80.2,70.5,74.1,52.2,53.6,73.5,53.2,25,12,65,65,15,66.37,947394800000000.0,47370164.0,934349291854.747
8238,Asia,3660,KOR,"Korea, Rep.",2002,72.8,98.9,81.2,82.2,98.1,52.9,73.6,68.9,87.2,74.6,67.8,80.2,70.1,73.5,48.7,53.4,73.5,52.9,35,10,60,62,5,66.28,1020582400000000.0,47644736.0,1019446685620.94
8239,Asia,3661,KOR,"Korea, Rep.",2003,73.0,98.9,80.5,82.3,98.6,53.3,73.6,69.2,87.0,76.9,67.8,80.2,70.6,73.2,49.4,53.3,73.5,53.2,30,12,60,65,10,66.18,1052703100000000.0,47892330.0,1058222737252.78
8240,Asia,3662,KOR,"Korea, Rep.",2004,73.4,98.9,82.5,82.2,97.9,57.2,73.6,69.4,87.0,79.7,67.8,80.2,69.9,73.1,47.9,53.1,73.7,53.2,28,10,55,50,10,66.09,1107416200000000.0,48082519.0,1143105567943.22
8241,Asia,3663,KOR,"Korea, Rep.",2005,73.7,98.9,81.8,84.2,97.0,57.5,73.6,69.8,87.0,81.3,67.8,80.0,70.5,72.9,50.0,52.9,74.4,53.4,30,15,55,62,10,66.0,1155129700000000.0,48184561.0,1213618156671.84
8242,Asia,3664,KOR,"Korea, Rep.",2006,74.1,98.9,81.8,84.9,98.6,57.5,73.6,69.9,87.1,84.2,67.8,80.0,69.8,72.8,51.9,53.3,73.9,53.9,33,15,50,45,10,65.91,1215939500000000.0,48438292.0,1302227991055.99
8243,Asia,3665,KOR,"Korea, Rep.",2007,74.3,98.9,80.7,85.3,98.5,58.0,73.6,70.0,87.2,85.8,67.8,80.0,69.6,72.2,54.8,53.2,73.1,54.0,30,10,60,60,12,65.82,1286458500000000.0,48683638.0,1414985950534.54
8244,Asia,3666,KOR,"Korea, Rep.",2008,74.9,98.9,82.9,85.1,98.5,57.6,73.7,70.1,87.2,87.2,67.0,82.7,70.6,71.9,56.3,55.7,73.1,54.2,30,6,65,60,10,65.73,1325219300000000.0,49054708.0,1468996086974.66
8245,Asia,3667,KOR,"Korea, Rep.",2009,75.0,98.9,83.4,85.8,98.4,58.0,73.7,70.1,87.0,90.8,67.0,80.5,71.8,71.8,55.6,55.6,73.2,53.9,28,11,60,68,7,65.64,1335724300000000.0,49307835.0,1454994406417.93
8246,Asia,3668,KOR,"Korea, Rep.",2010,75.5,98.9,81.7,88.7,99.1,59.4,73.7,70.1,87.0,94.4,67.4,84.0,71.3,69.9,54.2,55.5,73.4,54.0,34,15,60,68,10,65.54,1426618000000000.0,49554112.0,1572680440074.07
8247,Asia,3669,KOR,"Korea, Rep.",2011,75.4,99.0,82.0,91.1,98.7,59.6,73.8,70.1,87.2,96.0,67.4,83.4,70.7,67.5,52.5,55.4,72.6,54.0,38,10,60,65,5,65.44,1479198400000000.0,49936638.0,1625275455251.2
8248,Asia,3670,KOR,"Korea, Rep.",2012,75.8,99.0,81.0,89.8,97.9,60.2,73.8,70.3,87.2,97.2,68.9,84.2,71.2,67.6,55.3,55.7,74.6,54.1,30,5,60,63,10,65.34,1514736600000000.0,50199853.0,1684562928828.18
8249,Asia,3671,KOR,"Korea, Rep.",2013,76.0,99.2,82.3,90.2,96.5,61.4,73.8,70.3,87.3,97.4,72.7,84.3,71.4,67.9,54.7,55.6,72.4,54.2,25,18,65,65,5,65.24,1562673600000000.0,50428893.0,1726902752731.95
8250,Asia,3672,KOR,"Korea, Rep.",2014,76.1,99.3,83.3,90.2,95.3,62.2,73.8,70.3,87.3,98.1,75.7,81.8,71.5,68.5,53.3,55.4,73.2,54.3,33,18,60,63,10,65.13,1612717500000000.0,50746659.0,1792600237630.01
8251,Asia,3673,KOR,"Korea, Rep.",2015,76.9,99.4,83.0,90.9,95.5,62.6,73.9,70.3,86.0,98.4,78.5,85.2,71.7,69.2,54.5,55.2,76.5,57.2,30,10,55,68,5,65.03,1658020400000000.0,51014947.0,1933849119227.42
8252,Asia,3674,KOR,"Korea, Rep.",2016,76.9,99.4,82.6,91.5,96.7,63.4,73.9,70.2,86.0,98.9,77.3,86.5,71.5,69.7,52.7,55.0,74.9,57.3,25,18,65,55,7,64.93,1706880300000000.0,51217803.0,2026967821102.36
8253,Asia,3675,KOR,"Korea, Rep.",2017,76.8,99.5,82.2,91.5,95.8,63.8,73.9,70.2,83.9,99.2,77.6,88.1,71.1,68.3,52.0,54.9,75.1,58.3,30,18,65,68,12,64.83,1760811500000000.0,51361911.0,2103651261121.49
8254,Asia,3676,KOR,"Korea, Rep.",2018,77.4,99.5,82.0,91.8,99.0,64.3,74.0,70.4,83.8,98.9,80.1,87.3,70.7,67.9,52.9,54.9,77.9,61.1,30,16,55,68,5,64.72,1812005400000000.0,51585058.0,2220442287180.66
8255,Asia,3677,KOR,"Korea, Rep.",2019,77.6,99.5,81.8,92.4,94.5,64.6,74.0,70.6,83.8,98.9,81.4,87.6,70.5,68.7,55.4,54.8,77.5,63.3,30,15,72,68,10,64.62,1852666400000000.0,51764822.0,2270666072345.05
8256,Asia,3678,KOR,"Korea, Rep.",2020,77.8,99.5,81.8,92.4,92.3,65.8,74.0,70.6,84.3,99.0,82.6,86.5,70.5,70.3,55.4,54.6,79.3,63.4,30,10,75,68,15,64.52,1839523300000000.0,51836239.0,2340031075342.67
8257,Asia,3679,KOR,"Korea, Rep.",2021,78.2,99.5,82.9,93.0,92.3,66.0,74.0,70.6,85.1,99.1,82.6,88.7,73.1,69.7,55.4,54.5,79.5,63.9,32,17,66,68,10,,1918709900000000.0,51769539.0,2506662609666.9
8258,Asia,3680,KOR,"Korea, Rep.",2022,78.1,99.5,82.9,92.8,92.3,66.3,74.0,70.6,85.5,99.1,82.6,87.0,73.1,69.7,55.4,54.1,77.9,64.1,35,10,64,65,18,,1968839500000000.0,51672569.0,2647260793541.75
8259,Africa,3681,SSD,South Sudan,2000,37.4,24.1,7.8,24.5,0.0,51.0,39.8,9.9,51.5,0.0,23.5,14.6,96.6,99.8,0.0,71.2,43.5,40.6,70,80,5,5,15,11.33,,6032267.0,
8260,Africa,3682,SSD,South Sudan,2001,37.4,24.1,7.8,24.7,0.0,51.0,39.8,9.9,51.5,0.0,23.5,14.6,96.6,99.8,0.0,71.2,43.5,40.6,60,75,5,5,15,11.33,,6308391.0,
8261,Africa,3683,SSD,South Sudan,2002,37.4,24.1,7.7,24.9,0.0,51.0,39.8,9.9,51.5,0.0,23.5,14.6,96.6,99.7,0.0,71.2,43.5,40.6,75,75,5,5,15,11.33,,6596806.0,
8262,Africa,3684,SSD,South Sudan,2003,37.4,24.1,8.1,24.9,0.0,51.0,39.8,9.9,51.5,0.0,23.5,14.6,96.6,99.7,0.0,71.1,43.5,40.6,70,80,5,8,15,11.33,,6903127.0,
8263,Africa,3685,SSD,South Sudan,2004,37.5,24.1,8.8,24.8,0.0,51.0,39.8,9.9,51.5,0.0,23.5,14.6,96.6,99.7,0.0,71.1,43.5,40.6,70,82,8,5,10,11.33,,7233041.0,
8264,Africa,3686,SSD,South Sudan,2005,37.5,24.1,9.2,24.8,0.0,51.0,39.8,9.9,51.5,0.0,23.5,14.9,96.5,99.7,0.0,71.1,43.5,40.6,78,83,10,10,15,11.33,,7590143.0,
8265,Africa,3687,SSD,South Sudan,2006,37.8,24.1,10.0,24.8,0.0,51.0,39.8,9.9,51.5,0.0,23.5,14.9,96.5,99.7,0.0,74.9,43.5,40.6,70,70,7,12,10,11.33,,7976526.0,
8266,Africa,3688,SSD,South Sudan,2007,37.8,24.1,10.5,25.0,0.0,51.0,39.8,9.9,51.5,0.0,23.5,14.9,96.5,99.6,0.0,74.9,43.5,40.6,70,80,8,13,15,11.33,,8388788.0,
8267,Africa,3689,SSD,South Sudan,2008,37.8,24.1,10.8,25.2,0.0,51.0,39.8,9.9,51.5,0.0,23.5,14.9,96.1,99.6,0.0,74.8,43.5,40.6,70,78,10,8,5,11.33,26896000000.0,8817647.0,25459846093.883
8268,Africa,3690,SSD,South Sudan,2009,37.9,24.1,11.4,25.3,0.0,51.0,39.8,9.9,51.4,0.0,23.5,14.9,96.1,99.6,0.0,74.8,43.5,40.6,55,68,7,10,18,11.33,28252000000.0,9243556.0,26908388739.2192
8269,Africa,3691,SSD,South Sudan,2010,38.0,24.1,11.8,27.2,0.0,51.0,39.8,9.9,51.5,0.0,23.5,14.8,96.2,99.7,0.0,74.8,43.5,40.6,70,85,8,10,15,11.33,29804000000.0,9745953.0,28731556887.2399
8270,Africa,3692,SSD,South Sudan,2011,37.8,21.6,12.3,26.9,0.0,51.0,39.8,9.9,51.4,0.0,23.5,15.0,95.7,98.8,0.0,74.8,43.5,40.6,78,80,10,5,10,11.33,28421000000.0,10288109.0,27963579014.1695
8271,Africa,3693,SSD,South Sudan,2012,37.4,19.1,14.3,26.1,0.0,51.0,39.8,9.9,51.3,0.0,23.5,15.1,90.9,98.9,0.0,74.8,43.5,40.6,70,75,10,8,15,11.33,15324000000.0,10756240.0,15245740378.7431
8272,Africa,3694,SSD,South Sudan,2013,37.2,15.8,15.1,25.5,0.0,51.9,39.8,9.3,51.6,0.0,23.5,14.6,91.1,98.8,0.0,74.8,43.5,40.6,82,78,10,5,40,11.33,17336000000.0,11166275.0,21404113972.9807
8273,Africa,3695,SSD,South Sudan,2014,37.4,11.7,20.3,25.1,0.0,52.0,39.8,8.9,51.5,0.1,23.5,15.8,91.1,98.7,0.0,74.8,43.8,40.6,68,85,5,12,5,11.33,17920855700.0,11235073.0,15423015948.6817
8274,Africa,3696,SSD,South Sudan,2015,36.6,6.2,19.0,25.1,0.0,52.2,40.0,8.0,51.3,0.2,23.5,14.1,90.1,97.5,0.0,74.7,43.4,40.6,78,83,10,5,10,11.33,15986592400.0,11107561.0,12827976279.3273
8275,Africa,3697,SSD,South Sudan,2016,36.6,2.2,18.8,23.3,0.0,53.3,40.3,8.6,51.3,0.2,26.6,13.9,91.3,99.3,0.0,74.7,40.6,40.6,75,78,8,9,30,11.33,,10830102.0,
8276,Africa,3698,SSD,South Sudan,2017,36.4,0.0,19.2,23.7,0.0,53.4,40.5,11.1,51.4,0.9,26.6,14.2,91.1,99.3,0.0,74.7,38.6,38.3,78,75,6,10,10,11.33,,10259154.0,
8277,Africa,3699,SSD,South Sudan,2018,36.6,0.0,19.2,23.7,1.2,53.6,40.7,11.7,51.4,1.3,26.6,14.0,91.0,99.4,0.0,74.7,39.0,38.3,82,85,10,12,5,11.33,,10122977.0,
8278,Africa,3700,SSD,South Sudan,2019,36.8,0.0,19.4,23.9,1.2,53.7,41.0,11.4,51.4,1.4,26.6,13.8,91.0,99.4,0.0,74.7,39.4,40.9,70,75,10,10,10,11.33,,10423384.0,
8279,Africa,3701,SSD,South Sudan,2020,36.7,0.0,19.6,23.9,1.2,53.7,41.0,11.4,50.2,1.4,26.6,13.8,91.0,99.4,0.0,74.7,39.8,39.7,77,80,10,15,25,11.33,,10698467.0,
8280,Africa,3702,SSD,South Sudan,2021,37.0,0.0,19.6,23.9,1.2,55.9,41.0,11.4,50.3,1.7,26.6,13.8,91.0,99.4,0.0,74.7,39.4,42.7,78,80,10,15,10,,,10865780.0,
8281,Africa,3703,SSD,South Sudan,2022,38.7,0.0,19.8,23.9,1.2,56.0,41.0,11.4,50.9,1.7,26.6,13.8,91.0,99.4,0.0,74.7,38.1,41.6,73,80,10,12,35,,,11021177.0,
8282,Europe,3704,ESP,Spain,2000,73.6,99.0,66.1,88.8,99.5,67.3,85.3,71.7,78.2,56.5,82.9,87.7,61.8,74.7,42.2,58.2,77.4,53.1,10,35,60,75,20,34.21,929859000000.0,40567864.0,875357033268.134
8283,Europe,3705,ESP,Spain,2001,73.8,99.0,63.1,89.5,99.6,67.7,85.4,72.5,80.2,57.5,82.9,87.7,61.7,74.7,42.6,59.6,77.4,52.9,10,10,60,58,10,34.5,966301000000.0,40850412.0,937713874448.508
8284,Europe,3706,ESP,Spain,2002,73.8,99.0,64.6,89.9,99.6,68.0,85.5,71.6,79.7,58.7,82.9,87.7,61.5,74.0,41.3,59.7,77.4,53.0,15,20,35,55,8,34.79,992927000000.0,41431558.0,1010011962624.88
8285,Europe,3707,ESP,Spain,2003,74.4,99.0,64.3,90.0,99.6,68.3,85.3,72.6,79.6,62.4,86.4,87.8,61.1,74.0,43.5,60.3,77.4,53.9,20,20,38,60,12,35.08,1022112000000.0,42187645.0,1057244126223.95
8286,Europe,3708,ESP,Spain,2004,74.9,99.0,65.8,90.6,99.6,72.6,85.1,72.2,79.7,63.8,84.3,87.8,61.6,73.6,44.7,60.8,77.5,54.0,30,25,42,63,10,35.37,1053946000000.0,42921895.0,1122978613947.74
8287,Europe,3709,ESP,Spain,2005,75.0,99.0,61.0,91.2,99.5,72.9,84.9,71.9,80.7,66.0,85.6,87.8,61.5,73.3,45.2,62.5,77.4,54.1,20,18,35,65,8,35.66,1091374000000.0,43653155.0,1206123912941.78
8288,Europe,3710,ESP,Spain,2006,75.6,99.0,63.4,91.7,99.6,73.2,85.3,72.7,81.1,67.7,84.0,87.8,61.3,73.8,48.7,63.8,77.3,54.3,20,20,45,60,10,35.95,1135503000000.0,44397319.0,1365452811269.53
8289,Europe,3711,ESP,Spain,2007,76.0,99.0,65.4,91.5,99.6,73.8,85.7,73.0,81.2,69.3,83.2,91.1,61.4,73.8,49.9,63.9,75.8,54.6,25,20,60,60,10,36.24,1175626000000.0,45226803.0,1471560026439.27
8290,Europe,3712,ESP,Spain,2008,76.4,99.0,65.4,92.6,99.6,74.1,85.7,73.8,79.5,70.4,79.9,93.5,62.7,75.2,51.2,64.3,76.6,55.8,25,20,60,60,10,36.53,1184645000000.0,45954106.0,1532566796443.4
8291,Europe,3713,ESP,Spain,2009,76.1,99.0,62.7,91.0,93.4,74.5,85.3,75.2,75.9,71.0,77.7,94.8,63.8,76.8,53.7,64.5,76.0,57.6,30,25,50,60,15,36.83,1140006000000.0,46362946.0,1492955355627.23
8292,Europe,3714,ESP,Spain,2010,76.4,99.0,63.1,92.3,92.8,74.6,85.6,76.7,74.7,73.5,76.0,93.7,64.1,77.3,54.8,64.6,78.6,57.4,25,20,48,63,10,37.12,1141079000000.0,46576897.0,1481528092978.47
8293,Europe,3715,ESP,Spain,2011,76.7,98.8,64.3,93.4,99.1,74.4,85.6,76.7,73.9,75.5,75.3,92.7,64.5,77.7,51.6,64.9,78.0,57.4,30,35,45,61,7,37.12,1133777000000.0,46742697.0,1496494330856.19
8294,Europe,3716,ESP,Spain,2012,77.0,98.8,61.0,93.2,99.0,74.7,85.1,77.3,72.0,77.1,77.0,92.6,65.0,79.7,56.3,64.9,79.8,56.4,30,23,40,48,8,37.12,1101293000000.0,46773055.0,1490647159038.59
8295,Europe,3717,ESP,Spain,2013,77.8,98.7,65.2,93.1,98.8,80.8,86.5,78.1,71.4,79.4,73.7,91.5,65.2,80.7,62.0,64.9,77.2,56.0,25,33,48,60,5,37.12,1085574000000.0,46604197.0,1519934795494.96
8296,Europe,3718,ESP,Spain,2014,78.1,98.6,62.4,93.8,96.0,83.0,86.3,78.3,72.8,82.8,74.1,92.1,65.1,80.5,60.9,65.4,79.2,55.8,20,18,65,63,10,37.13,1102080000000.0,46460733.0,1568558742313.46
8297,Europe,3719,ESP,Spain,2015,77.9,98.7,62.4,94.0,94.6,84.0,86.7,77.5,73.6,84.3,73.4,92.4,65.2,80.6,54.1,66.5,80.1,56.0,35,10,46,62,10,37.13,1146834000000.0,46422303.0,1635832322642.58
8298,Europe,3720,ESP,Spain,2016,78.2,98.3,64.5,94.1,94.1,83.4,86.8,78.0,74.9,85.4,75.2,93.4,65.0,80.3,54.4,66.6,80.1,55.7,20,30,45,61,8,37.14,1180266000000.0,46458139.0,1747416921343.7
8299,Europe,3721,ESP,Spain,2017,78.1,99.0,60.8,93.8,94.4,83.4,87.2,76.9,75.9,86.7,78.3,90.9,64.7,79.7,53.8,66.7,79.2,55.7,15,45,60,48,7,37.14,1214447000000.0,46571232.0,1854710948435.34
8300,Europe,3722,ESP,Spain,2018,78.9,98.8,65.4,94.6,95.6,83.4,87.4,77.8,78.0,88.2,78.6,91.8,64.3,78.8,54.8,66.5,80.5,56.1,37,35,45,60,10,37.15,1243538000000.0,46782011.0,1918771506082.64
8301,Europe,3723,ESP,Spain,2019,79.5,98.7,64.0,94.9,95.7,86.3,87.4,78.1,78.2,89.2,81.4,91.1,64.3,79.5,59.5,66.5,79.8,56.7,30,20,55,68,10,37.16,1267926000000.0,47118501.0,2075228716950.46
8302,Europe,3724,ESP,Spain,2020,80.0,98.6,65.9,94.8,97.4,86.5,87.4,78.1,77.7,90.1,81.4,91.5,64.3,80.9,59.6,66.5,80.4,59.6,35,40,60,52,8,37.17,1129214000000.0,47359424.0,1862544224980.41
8303,Europe,3725,ESP,Spain,2021,80.5,98.7,65.4,94.6,97.4,86.7,87.4,78.1,78.9,90.2,81.4,93.1,67.9,80.2,59.6,66.5,80.3,61.6,10,35,55,58,8,,1204681000000.0,47443821.0,2099468112223.22
8304,Europe,3726,ESP,Spain,2022,80.4,98.7,65.4,94.2,97.4,86.9,87.4,78.1,79.4,90.2,81.4,91.9,67.9,80.2,59.5,66.4,79.2,63.0,42,30,62,60,15,,1279122000000.0,47786102.0,2411673616292.85
8305,Asia,3727,LKA,Sri Lanka,2000,63.9,83.2,58.1,71.9,93.0,45.1,42.3,48.4,75.2,19.8,51.8,69.2,92.4,96.8,65.9,55.8,61.6,55.3,40,30,12,18,5,34.55,5132360583100.0,19293054.0,84268270519.9234
8306,Asia,3728,LKA,Sri Lanka,2001,64.0,83.2,58.3,72.1,93.0,45.1,42.7,45.6,75.1,19.8,51.8,69.4,92.4,96.7,70.5,55.6,61.6,55.0,40,55,15,18,10,34.45,5053044665200.0,19600362.0,84834118463.209
8307,Asia,3729,LKA,Sri Lanka,2002,64.4,83.2,57.9,72.7,93.4,45.2,43.1,51.0,74.7,19.9,51.8,69.6,92.2,96.7,71.2,55.5,61.6,54.9,35,35,15,25,20,34.35,5253381498400.0,19805752.0,89568100817.4846
8308,Asia,3730,LKA,Sri Lanka,2003,64.1,83.2,58.3,73.1,94.3,45.3,43.6,50.1,75.0,19.9,51.8,69.8,92.3,96.7,65.2,55.3,61.6,53.6,35,45,20,20,15,34.25,5565446495100.0,19951521.0,96762088315.6222
8309,Asia,3731,LKA,Sri Lanka,2004,64.0,83.2,58.8,72.3,92.3,45.6,44.0,50.8,74.9,20.1,51.8,70.0,92.3,96.6,64.7,55.1,61.6,53.6,70,65,10,35,20,34.15,5868488467200.0,20087605.0,104774542076.052
8310,Asia,3732,LKA,Sri Lanka,2005,64.7,83.2,59.9,73.6,94.1,45.7,44.5,52.2,75.3,20.1,51.8,70.2,92.1,96.6,70.7,54.9,61.6,52.6,45,58,18,20,15,34.05,6234784731300.0,20216524.0,114804514457.854
8311,Asia,3733,LKA,Sri Lanka,2006,65.2,83.2,60.1,74.3,96.1,49.8,44.9,54.1,75.9,20.2,53.9,70.4,92.2,96.7,67.7,54.7,60.6,53.2,40,42,15,22,10,33.95,6712886223900.0,20352411.0,127419930495.518
8312,Asia,3734,LKA,Sri Lanka,2007,65.0,83.2,61.3,74.9,94.7,50.3,45.3,53.7,76.2,20.4,53.9,64.6,92.2,96.6,69.0,54.6,61.4,52.5,40,55,15,20,15,33.85,7169149428100.0,20492545.0,139767212523.979
8313,Asia,3735,LKA,Sri Lanka,2008,65.2,83.2,61.5,75.0,94.4,50.4,45.8,54.4,76.6,20.2,53.9,68.1,92.2,96.7,68.4,54.9,61.2,51.0,40,60,15,18,5,33.75,7595720138300.0,20629378.0,150936623732.283
8314,Asia,3736,LKA,Sri Lanka,2009,66.1,83.2,64.9,73.8,90.4,50.4,46.2,55.4,76.3,20.2,68.3,70.4,91.5,96.6,68.4,55.9,62.0,50.7,65,58,15,12,10,33.65,7864525993800.0,20756435.0,157242031516.717
8315,Asia,3737,LKA,Sri Lanka,2010,66.5,83.2,65.5,75.5,94.2,50.3,46.6,56.0,76.9,20.4,68.3,70.6,91.3,96.6,68.6,56.0,61.7,48.1,40,45,15,22,18,33.55,8494943831300.0,20879089.0,171910623369.945
8316,Asia,3738,LKA,Sri Lanka,2011,66.8,84.8,63.3,76.4,93.8,50.7,47.1,56.2,77.2,20.5,68.3,71.8,90.4,95.8,72.2,55.9,62.9,48.5,44,43,18,35,10,33.63,9231411543600.0,21009048.0,190668570948.271
8317,Asia,3739,LKA,Sri Lanka,2012,66.2,83.6,61.0,77.0,92.3,50.9,47.5,54.8,77.4,25.4,57.9,70.3,91.8,96.2,72.4,56.0,62.9,47.0,38,40,18,30,15,33.71,10028283732000.0,21169458.0,216969311691.012
8318,Asia,3740,LKA,Sri Lanka,2013,66.8,85.8,63.7,77.5,94.4,50.7,48.0,58.8,77.2,25.4,57.9,72.7,91.6,96.5,71.9,57.0,59.7,47.5,40,42,16,28,25,33.79,10434604350000.0,20585000.0,231635412206.587
8319,Asia,3741,LKA,Sri Lanka,2014,67.3,86.5,62.7,77.8,95.4,50.6,48.4,58.0,79.4,25.4,57.9,78.6,92.2,95.9,71.0,57.0,59.8,47.4,37,50,18,35,5,33.87,11100121213000.0,20778000.0,243530581325.688
8320,Asia,3742,LKA,Sri Lanka,2015,68.0,88.2,63.3,79.5,96.6,50.8,48.8,58.3,81.1,26.6,57.9,78.3,92.0,95.2,73.6,57.0,59.1,49.5,38,44,20,25,15,33.95,11566987369087.0,20970000.0,256403786039.428
8321,Asia,3743,LKA,Sri Lanka,2016,68.9,88.6,66.7,79.4,96.4,52.8,49.3,58.5,81.3,31.6,54.6,83.2,89.5,95.2,73.2,57.0,61.8,51.9,46,58,18,27,20,33.9,12151539521787.9,21209000.0,277383189833.412
8322,Asia,3744,LKA,Sri Lanka,2017,68.5,88.2,63.0,79.2,97.3,53.1,49.7,59.4,79.6,34.6,54.6,79.8,89.9,95.2,74.3,57.0,59.7,50.5,40,45,18,40,40,33.85,12936611759768.6,21453000.0,291985462544.986
8323,Asia,3745,LKA,Sri Lanka,2018,69.7,89.4,67.2,79.2,97.4,52.3,50.2,61.8,80.6,41.9,54.6,82.9,90.1,95.8,75.0,56.7,59.1,49.9,40,46,30,25,40,33.8,13235458391220.8,21670000.0,307237748359.208
8324,Asia,3746,LKA,Sri Lanka,2019,69.6,90.3,69.1,79.1,98.2,52.0,50.2,61.3,78.6,41.5,54.6,84.8,90.0,95.7,73.9,56.7,58.3,48.6,38,63,23,30,5,33.75,13206276338119.9,21803000.0,307704703449.53
8325,Asia,3747,LKA,Sri Lanka,2020,70.1,88.5,69.2,79.8,98.9,52.5,50.2,61.8,78.2,48.0,54.6,84.8,90.0,95.8,74.2,56.7,59.5,48.2,50,45,17,25,5,33.7,12595550102970.4,21919000.0,283651681999.953
8326,Asia,3748,LKA,Sri Lanka,2021,70.2,90.0,68.9,78.7,98.9,52.6,50.2,61.8,80.8,52.0,54.6,81.6,90.1,95.9,73.6,56.9,57.3,49.4,38,50,18,18,35,,13125504912983.4,22156000.0,317188291991.223
8327,Asia,3749,LKA,Sri Lanka,2022,69.4,86.2,69.0,78.5,98.9,52.4,50.2,61.8,79.7,53.9,54.6,76.2,90.1,95.9,72.7,56.9,53.6,49.3,59,45,18,15,10,,12160886222988.6,22181000.0,314829453164.917
8328,Africa,3750,SDN,Sudan,2000,43.6,49.1,16.5,32.9,30.0,17.2,23.3,31.5,44.8,4.0,71.9,40.1,97.3,99.5,50.8,50.4,46.7,35.8,5,70,10,8,5,11.69,15263610300.0,27816745.0,88564739249.0336
8329,Africa,3751,SDN,Sudan,2001,43.7,49.1,16.7,33.5,30.0,18.0,23.3,33.3,44.8,3.6,71.9,40.1,97.3,99.4,49.7,50.2,46.7,35.7,80,63,5,15,10,11.6,16255800000.0,28516770.0,96445600317.7709
8330,Africa,3752,SDN,Sudan,2002,43.7,49.1,16.7,34.0,30.0,18.7,23.3,31.4,44.9,3.4,71.9,40.1,97.3,99.3,49.7,50.1,46.7,36.0,82,60,5,15,10,11.51,17232200000.0,29228727.0,103827359884.418
8331,Africa,3753,SDN,Sudan,2003,44.1,49.1,17.4,35.5,30.0,19.5,23.3,32.0,44.9,3.3,71.9,40.1,97.3,99.3,52.6,49.9,46.7,36.2,82,65,7,12,15,11.41,18315900000.0,29896035.0,112535655148.557
8332,Africa,3754,SDN,Sudan,2004,44.3,49.1,18.1,36.4,30.0,20.2,23.3,30.2,45.0,3.1,71.9,40.1,97.3,99.2,55.2,49.7,46.7,36.9,83,68,12,10,20,11.32,19257500000.0,30556637.0,121502742732.612
8333,Africa,3755,SDN,Sudan,2005,44.9,49.1,18.2,37.3,30.0,23.4,24.1,32.3,45.0,3.1,71.9,41.5,97.3,99.2,58.2,49.7,46.7,36.8,78,64,10,15,12,11.23,20344300000.0,31262444.0,132384431093.173
8334,Africa,3756,SDN,Sudan,2006,45.4,49.1,19.6,38.5,30.0,25.2,24.8,34.7,45.0,3.1,71.9,41.9,97.3,99.2,58.4,49.5,46.7,37.7,82,63,8,9,20,11.13,21673070000.0,31992435.0,145380169265.989
8335,Africa,3757,SDN,Sudan,2007,45.7,49.1,20.5,40.1,30.0,25.6,25.6,34.3,45.0,4.1,71.9,42.2,97.3,99.1,58.5,49.3,46.7,38.1,83,65,15,14,20,11.04,22916080000.0,32764135.0,157882741887.181
8336,Africa,3758,SDN,Sudan,2008,45.1,49.1,20.3,40.7,24.4,25.8,26.3,32.1,45.1,4.1,71.9,42.6,97.3,99.1,54.5,49.2,46.7,38.1,78,63,8,11,20,10.94,23797603100.0,33623980.0,167115045790.856
8337,Africa,3759,SDN,Sudan,2009,45.7,49.1,20.5,42.7,24.4,26.5,27.1,37.1,46.2,4.1,71.9,43.0,97.3,99.1,52.7,49.0,46.7,39.9,78,70,12,10,10,10.85,23138955800.0,34569113.0,163492001090.788
8338,Africa,3760,SDN,Sudan,2010,46.1,49.1,19.5,46.8,24.4,30.1,27.8,42.0,45.0,4.1,71.9,44.2,97.3,99.1,51.5,48.9,46.8,35.8,75,68,10,12,5,10.76,24031712700.0,35414399.0,171863473858.078
8339,Africa,3761,SDN,Sudan,2011,45.2,33.3,20.4,47.3,24.4,30.5,28.6,45.0,43.7,6.5,71.9,40.0,97.3,99.1,49.9,48.7,46.0,35.1,80,75,8,12,25,10.66,23259445900.0,36140806.0,169772374359.292
8340,Africa,3762,SDN,Sudan,2012,44.8,31.9,21.3,49.0,22.4,31.4,29.4,46.9,43.5,8.2,71.9,40.3,97.3,99.1,40.8,48.6,44.8,34.4,80,55,12,12,10,10.57,19304249600.0,36923178.0,136998908640.888
8341,Africa,3763,SDN,Sudan,2013,45.7,33.6,22.8,49.5,22.7,32.3,30.1,48.3,43.7,9.0,71.9,41.5,97.3,99.0,48.6,48.5,43.6,34.0,75,63,8,12,18,10.48,19681675600.0,37785849.0,140750771539.855
8342,Africa,3764,SDN,Sudan,2014,46.4,38.0,23.2,49.2,22.6,35.4,30.9,49.9,44.8,8.5,75.0,36.4,97.3,99.1,50.5,48.3,44.1,35.1,80,63,8,8,10,10.38,20599113200.0,38823318.0,165409530125.751
8343,Africa,3765,SDN,Sudan,2015,46.9,40.5,21.4,50.4,23.0,39.5,31.7,49.9,44.8,8.8,75.0,33.5,97.3,98.9,53.6,48.2,44.1,35.9,75,70,5,9,15,10.29,20992592700.0,40024431.0,168783439920.87
8344,Africa,3766,SDN,Sudan,2016,48.2,43.5,22.2,50.5,23.9,40.2,32.4,51.3,44.8,10.9,75.0,35.7,97.3,99.0,63.2,50.2,44.2,34.0,82,68,13,10,15,10.2,21720540700.0,41259892.0,184446367323.917
8345,Africa,3767,SDN,Sudan,2017,48.4,43.2,21.1,51.4,25.2,40.9,32.5,52.6,44.8,12.2,75.0,35.7,97.4,98.9,63.2,50.0,44.5,33.7,75,67,8,10,25,10.11,21874595000.0,42714306.0,181639236414.642
8346,Africa,3768,SDN,Sudan,2018,48.8,38.1,22.6,51.6,31.8,41.7,32.5,53.3,44.7,13.3,75.0,35.3,97.2,99.0,63.2,49.6,44.5,36.5,72,63,12,10,5,10.02,21288152300.0,44230596.0,185735342775.64
8347,Africa,3769,SDN,Sudan,2019,48.7,36.1,22.2,52.2,31.8,42.4,32.6,54.4,44.7,14.3,75.0,34.8,97.3,99.1,61.7,49.4,44.5,34.8,75,65,15,10,5,9.93,20824442900.0,45548175.0,178285831253.721
8348,Africa,3770,SDN,Sudan,2020,48.6,34.0,21.6,52.3,31.8,42.4,32.6,55.1,43.8,15.3,75.0,34.8,97.3,99.2,61.7,49.3,45.5,35.6,73,78,10,12,20,9.84,20068557100.0,46789231.0,156677404687.453
8349,Africa,3771,SDN,Sudan,2021,48.6,33.1,21.8,51.9,31.8,42.5,32.6,55.1,43.9,15.4,75.0,34.8,97.3,99.1,61.7,49.4,44.9,36.3,77,68,12,10,30,,19693572000.0,48066924.0,156168260027.791
8350,Africa,3772,SDN,Sudan,2022,48.6,32.5,21.9,51.9,31.8,42.6,32.6,55.1,44.2,15.4,75.0,34.8,97.3,99.1,61.7,49.2,43.8,36.3,73,75,12,9,10,,19504943700.0,49383346.0,165699797555.15
8351,South America,3773,SUR,Suriname,2000,62.2,0.0,54.8,58.2,61.6,57.2,64.4,67.7,51.6,11.9,0.0,82.5,82.2,88.5,59.0,78.5,60.3,54.7,10,45,15,20,7,98.34,9980149000.0,476643.0,3591720896.43492
8352,South America,3774,SUR,Suriname,2001,62.4,0.0,56.0,60.8,61.6,57.2,64.6,67.7,52.4,12.2,0.0,82.6,82.2,87.8,58.1,78.5,59.9,54.7,25,60,15,20,8,98.31,10399315300.0,486560.0,3826844332.47182
8353,South America,3775,SUR,Suriname,2002,63.1,0.0,55.6,62.0,61.6,57.2,64.9,73.0,53.2,12.4,0.0,82.4,82.2,92.1,59.0,78.5,61.0,51.7,20,40,10,10,10,98.29,10690496200.0,496551.0,3995130087.71496
8354,South America,3776,SUR,Suriname,2003,63.1,0.0,55.8,61.8,61.6,57.2,65.2,72.1,54.0,12.4,0.0,82.4,82.2,92.3,58.3,78.5,60.9,52.1,10,50,25,25,8,98.26,11363997400.0,506414.0,4330668916.7416
8355,South America,3777,SUR,Suriname,2004,63.3,0.0,54.9,61.9,61.6,58.2,65.5,71.5,54.8,12.8,0.0,82.2,82.2,92.3,58.8,78.4,61.6,51.9,10,33,15,20,5,98.23,12329937200.0,513923.0,4825129979.64054
8356,South America,3778,SUR,Suriname,2005,63.7,0.0,56.4,65.4,61.6,61.6,65.8,70.2,54.9,13.0,0.0,82.4,82.2,92.3,58.2,78.4,60.5,52.7,18,40,10,20,10,98.21,12884784400.0,519313.0,5200358636.26088
8357,South America,3779,SUR,Suriname,2006,64.2,0.0,58.9,65.8,62.7,62.0,66.2,70.6,55.1,13.4,0.0,82.2,82.2,91.6,60.5,78.4,60.9,53.0,20,60,15,25,10,98.18,13631270000.0,524997.0,5671305389.2406
8358,South America,3780,SUR,Suriname,2007,64.7,0.0,59.9,66.3,61.7,62.4,66.6,73.0,55.2,14.7,0.0,82.3,82.2,91.6,59.9,78.4,61.7,54.9,30,40,22,20,7,98.15,14328030700.0,531016.0,6122697611.01588
8359,South America,3781,SUR,Suriname,2008,65.7,0.0,57.9,67.2,66.1,62.8,66.9,73.5,55.4,16.1,0.0,82.1,82.2,90.9,71.2,78.4,61.8,52.9,25,60,17,20,10,98.13,14921699300.0,537245.0,6499240326.10661
8360,South America,3782,SUR,Suriname,2009,66.2,0.0,60.2,67.1,67.9,63.1,67.3,73.7,55.5,18.0,0.0,82.2,82.2,90.7,69.5,78.4,61.8,55.1,30,40,20,20,5,98.1,15371394400.0,543568.0,6736401999.72809
8361,South America,3783,SUR,Suriname,2010,65.4,0.0,59.2,69.6,67.2,55.4,67.6,70.4,57.1,18.1,0.0,82.1,82.2,89.1,70.7,78.3,61.8,51.8,25,44,22,20,10,98.08,16165914900.0,549923.0,7170692978.31323
8362,South America,3784,SUR,Suriname,2011,65.6,0.0,59.1,68.5,65.0,56.7,68.0,72.1,56.7,18.1,0.0,81.8,82.2,88.9,71.6,78.3,61.8,54.5,40,60,20,30,7,98.01,17111518700.0,556269.0,7746725931.88615
8363,South America,3785,SUR,Suriname,2012,66.2,0.0,60.5,69.5,67.2,57.1,68.4,68.9,56.1,21.7,0.0,82.3,82.2,90.2,72.0,78.3,61.8,56.2,25,65,25,24,10,97.95,17571878400.0,562633.0,8543540170.86024
8364,South America,3786,SUR,Suriname,2013,66.9,0.0,62.0,71.3,70.2,60.6,68.7,69.6,57.6,22.1,0.0,82.4,82.2,87.3,72.0,78.3,62.4,56.2,35,55,15,20,12,97.89,18087339200.0,569020.0,9202587589.4457
8365,South America,3787,SUR,Suriname,2014,67.9,0.0,62.8,70.2,72.1,61.1,69.1,67.5,57.3,33.6,0.0,82.9,82.2,87.3,76.0,78.3,62.3,56.2,25,65,20,20,8,97.83,18133552900.0,575373.0,9549802477.86613
8366,South America,3788,SUR,Suriname,2015,68.9,0.0,61.8,72.3,75.4,68.7,69.5,67.5,57.0,33.7,0.0,83.1,82.2,89.5,76.2,78.3,62.2,56.2,30,55,28,22,10,97.77,17514647000.0,581627.0,9622189492.37402
8367,South America,3789,SUR,Suriname,2016,68.9,0.0,61.1,72.3,74.2,68.9,69.9,69.3,56.3,31.1,0.0,83.2,82.1,89.8,77.0,78.3,63.3,57.3,10,55,25,30,5,97.7,16654387000.0,587757.0,8507962995.52901
8368,South America,3790,SUR,Suriname,2017,69.0,0.0,62.7,71.0,70.1,69.0,70.2,70.7,55.3,31.4,0.0,83.3,81.9,91.0,77.8,78.3,64.3,57.9,35,40,18,30,10,97.63,16915201000.0,593713.0,10430160138.1193
8369,South America,3791,SUR,Suriname,2018,69.3,0.0,63.8,72.9,71.4,64.5,70.6,71.1,55.7,31.8,0.0,83.3,81.8,92.1,74.8,78.0,65.0,63.1,30,55,20,30,5,97.55,17752211000.0,599513.0,10704591610.3525
8370,South America,3792,SUR,Suriname,2019,69.7,0.0,63.2,71.0,72.4,67.6,71.0,70.4,56.4,30.1,0.0,83.5,81.7,88.8,76.9,78.0,66.4,68.3,30,40,25,28,10,97.48,17959484000.0,605768.0,11976970718.446
8371,South America,3793,SUR,Suriname,2020,69.1,0.0,62.6,68.7,73.3,66.5,71.4,70.6,53.2,32.4,0.0,83.4,81.7,89.2,76.9,78.0,63.5,64.4,25,55,12,20,8,97.41,15090422000.0,612317.0,10376871438.022
8372,South America,3794,SUR,Suriname,2021,69.7,0.0,63.3,70.2,67.3,66.7,71.4,70.6,55.1,42.1,0.0,83.4,80.7,88.6,77.0,78.1,65.7,65.6,30,65,20,30,15,,14722912000.0,617896.0,11405269573.3629
8373,South America,3795,SUR,Suriname,2022,68.2,0.0,63.4,70.2,67.3,66.9,71.4,70.6,55.9,42.1,0.0,83.4,80.7,88.6,77.0,78.1,63.4,65.5,30,50,24,25,5,,15077178000.0,623164.0,12512408102.7077
8374,Europe,3796,SWE,Sweden,2000,84.0,98.6,66.9,90.6,97.1,88.9,94.8,91.2,87.8,87.0,99.1,89.5,52.1,62.1,74.6,77.4,88.4,82.6,10,14,80,80,8,69.14,3457756000000.0,8872109.0,262879690462.463
8375,Europe,3797,SWE,Sweden,2001,84.1,98.6,66.7,91.1,97.1,88.9,94.9,90.1,88.3,87.9,99.1,89.5,53.0,61.9,72.9,77.9,88.4,82.9,10,15,80,75,10,69.12,3504808000000.0,8895960.0,266427022654.496
8376,Europe,3798,SWE,Sweden,2002,84.2,98.6,67.0,91.5,97.1,90.1,94.9,89.0,88.2,90.6,99.1,89.5,53.1,61.8,70.9,78.1,88.4,83.9,7,20,80,80,7,69.1,3584636000000.0,8924958.0,276560060890.271
8377,Europe,3799,SWE,Sweden,2003,84.3,98.6,66.4,91.8,96.8,90.2,94.9,88.4,87.8,91.4,99.1,89.5,53.1,61.7,72.8,78.1,88.4,83.9,10,10,85,79,10,69.08,3652061000000.0,8958229.0,284796233898.644
8378,Europe,3800,SWE,Sweden,2004,84.2,98.6,67.0,92.3,95.2,90.2,94.9,89.1,87.0,91.3,99.1,89.5,52.7,61.9,72.6,78.7,88.3,83.3,7,10,85,82,10,69.06,3804700000000.0,8993531.0,304065756556.434
8379,Europe,3801,SWE,Sweden,2005,84.4,98.6,66.5,92.8,94.1,90.2,94.9,91.0,86.6,91.4,99.1,89.7,52.6,62.4,74.7,78.7,88.5,83.1,10,15,83,78,7,69.03,3910972000000.0,9029572.0,308796792803.43
8380,Europe,3802,SWE,Sweden,2006,84.4,98.6,64.1,93.1,93.9,91.2,94.9,91.3,86.8,92.3,99.1,89.7,53.5,62.5,73.0,79.0,88.3,82.7,10,10,85,78,10,69.01,4093849000000.0,9080505.0,342150890773.634
8381,Europe,3803,SWE,Sweden,2007,84.5,98.6,66.6,92.7,94.8,91.1,94.9,92.2,87.2,90.5,99.1,88.5,53.3,62.7,74.9,79.0,87.7,82.3,20,20,85,81,8,68.99,4225872000000.0,9148092.0,373372894927.264
8382,Europe,3804,SWE,Sweden,2008,84.9,98.6,65.8,93.5,96.4,91.1,94.9,92.9,87.1,92.6,98.2,87.2,53.6,63.1,78.6,79.4,87.3,82.9,10,23,85,78,8,68.97,4186862000000.0,9219637.0,386364552808.263
8383,Europe,3805,SWE,Sweden,2009,85.4,98.6,66.9,93.6,97.1,90.8,95.0,94.1,86.2,93.1,99.1,88.1,55.0,63.9,78.1,79.5,87.9,84.4,11,15,85,78,8,68.95,4008687000000.0,9298515.0,372620769211.713
8384,Europe,3806,SWE,Sweden,2010,84.8,98.6,64.2,95.4,96.9,90.1,95.0,93.5,85.9,94.1,98.8,86.0,54.1,62.9,74.5,79.5,89.3,83.3,12,30,85,85,8,68.92,4239216000000.0,9378126.0,393469864282.61
8385,Europe,3807,SWE,Sweden,2011,84.8,98.6,65.0,95.3,96.0,89.9,95.0,93.9,86.3,96.5,98.9,87.2,53.9,61.6,68.9,79.8,89.0,86.0,11,35,85,78,10,68.88,4373341000000.0,9449213.0,418907440738.07
8386,Europe,3808,SWE,Sweden,2012,85.5,98.7,66.3,95.9,96.5,89.9,95.0,95.6,86.3,97.2,98.9,89.0,54.9,64.8,69.0,79.9,89.5,86.0,18,15,82,78,8,68.83,4355215000000.0,9519374.0,430342211368.346
8387,Europe,3809,SWE,Sweden,2013,85.3,98.6,65.9,95.5,98.2,90.4,95.0,95.0,86.2,97.5,97.2,88.7,55.0,64.0,67.7,79.9,88.4,86.0,10,28,85,78,7,68.79,4404765000000.0,9600379.0,442560499744.059
8388,Europe,3810,SWE,Sweden,2014,85.3,98.7,67.3,95.3,98.9,90.3,95.0,95.7,86.3,96.6,96.9,87.7,55.1,65.3,66.8,79.8,87.9,86.0,10,38,85,75,10,68.74,4505888000000.0,9696110.0,454179386100.656
8389,Europe,3811,SWE,Sweden,2015,85.5,98.7,68.2,96.3,99.0,90.0,95.0,97.6,86.6,96.7,95.1,88.3,55.9,68.0,63.6,79.9,88.0,86.0,10,38,86,78,10,68.69,4704604000000.0,9799186.0,478054809710.972
8390,Europe,3812,SWE,Sweden,2016,85.5,98.8,66.3,96.4,99.2,90.0,95.0,96.9,86.8,96.7,93.6,89.6,55.8,67.3,67.2,80.0,87.4,86.0,15,30,82,78,8,68.69,4815150000000.0,9923085.0,499029649583.467
8391,Europe,3813,SWE,Sweden,2017,85.5,99.0,67.8,96.2,99.7,89.5,95.1,97.4,85.4,97.6,94.4,89.6,55.8,68.5,64.3,80.1,86.9,86.3,10,38,85,78,7,68.69,4903034000000.0,10057698.0,517711152885.815
8392,Europe,3814,SWE,Sweden,2018,85.3,98.6,60.3,96.4,99.8,91.0,95.1,97.3,85.0,96.9,94.3,90.0,56.0,68.8,66.3,80.1,88.4,86.3,35,35,86,75,8,68.69,4996337000000.0,10175214.0,540532181742.57
8393,Europe,3815,SWE,Sweden,2019,86.0,98.9,65.3,96.9,99.9,91.5,95.1,98.0,85.1,98.0,94.7,89.2,56.0,69.1,69.2,80.2,88.5,86.2,15,40,85,80,10,68.69,5123726000000.0,10278887.0,586373975348.365
8394,Europe,3816,SWE,Sweden,2020,86.3,98.8,64.8,96.7,99.8,91.1,95.1,98.0,84.2,98.5,95.0,92.4,56.0,69.9,69.4,80.2,88.8,87.8,15,30,86,77,10,68.69,5020978000000.0,10353442.0,595211778250.693
8395,Europe,3817,SWE,Sweden,2021,86.1,98.9,63.1,96.9,99.8,91.2,95.1,98.0,84.3,97.6,95.0,92.0,56.8,70.0,69.5,80.2,88.6,86.2,15,35,75,78,8,,5319099000000.0,10415811.0,653401537327.892
8396,Europe,3818,SWE,Sweden,2022,86.0,98.9,63.1,96.9,99.8,91.4,95.1,98.0,85.0,97.6,95.0,90.4,56.8,70.0,69.3,80.2,88.5,85.8,30,25,85,78,8,,5396720000000.0,10486941.0,696077173608.22
8397,Europe,3819,CHE,Switzerland,2000,76.7,99.4,72.4,90.6,98.4,67.8,90.5,79.7,82.3,75.8,84.5,97.0,43.0,56.5,0.0,62.1,81.0,46.4,10,45,80,78,8,30.27,504843873000.0,7184250.0,263627541287.892
8398,Europe,3820,CHE,Switzerland,2001,77.1,99.4,70.9,91.0,98.3,68.1,90.5,79.9,82.4,77.0,84.5,97.0,44.0,56.2,0.0,65.5,81.0,47.1,10,25,75,75,8,30.37,512798506000.0,7229854.0,273454243730.002
8399,Europe,3821,CHE,Switzerland,2002,77.4,99.4,71.7,91.3,98.3,68.4,90.5,79.6,82.3,77.9,86.9,97.0,44.2,56.7,0.0,65.5,81.0,48.1,10,45,80,80,10,30.46,512423049000.0,7284753.0,281956062254.352
8400,Europe,3822,CHE,Switzerland,2003,77.4,99.4,68.6,91.2,98.3,69.7,90.5,79.5,81.5,78.5,86.9,97.0,44.9,56.5,0.0,65.6,81.0,48.6,15,45,82,82,8,30.56,512257032000.0,7339001.0,284293141607.109
8401,Europe,3823,CHE,Switzerland,2004,77.8,99.4,72.3,91.5,98.2,70.1,90.5,79.5,81.2,80.2,86.9,97.0,46.5,56.4,0.0,65.6,81.2,48.4,10,55,78,85,7,30.66,526096727000.0,7389625.0,296889791565.933
8402,Europe,3824,CHE,Switzerland,2005,77.9,99.4,71.1,93.0,98.4,70.4,90.5,79.4,81.5,80.5,86.9,97.0,47.2,56.4,0.0,65.6,81.7,48.0,10,35,80,75,8,30.76,540562804000.0,7437115.0,308825076428.302
8403,Europe,3825,CHE,Switzerland,2006,77.8,99.4,70.5,93.4,98.4,70.8,90.5,79.3,81.6,81.3,83.8,97.0,47.1,56.5,0.0,65.6,81.7,47.2,10,60,85,78,8,30.85,562583324000.0,7483934.0,346323158154.133
8404,Europe,3826,CHE,Switzerland,2007,77.9,99.4,71.1,93.4,98.4,72.9,90.5,80.4,81.8,81.5,81.7,97.0,47.5,57.0,0.0,65.7,81.8,46.7,15,25,82,80,10,30.95,584616201000.0,7551117.0,384574558162.247
8405,Europe,3827,CHE,Switzerland,2008,78.0,99.4,70.9,94.2,97.7,73.3,90.5,80.3,81.8,82.0,83.6,97.0,46.7,56.8,0.0,65.7,81.3,47.2,15,35,78,78,8,31.05,601032128000.0,7647675.0,411512093039.143
8406,Europe,3828,CHE,Switzerland,2009,78.3,99.4,71.1,94.3,96.6,73.9,90.5,80.5,81.5,82.3,86.5,96.6,46.9,57.2,0.0,65.8,81.1,47.9,15,45,82,75,10,31.15,587224169000.0,7743831.0,410201362487.713
8407,Europe,3829,CHE,Switzerland,2010,78.3,99.4,69.6,95.3,96.6,74.2,90.5,80.9,81.0,83.4,86.6,96.6,46.4,57.0,0.0,65.9,81.2,47.7,15,40,75,85,8,31.24,606270181000.0,7824909.0,425928052343.424
8408,Europe,3830,CHE,Switzerland,2011,78.7,99.6,71.5,95.6,97.0,74.1,90.5,80.9,80.8,84.3,89.7,96.6,44.8,58.0,0.0,65.9,81.6,47.9,20,45,80,78,7,31.33,617262516000.0,7912398.0,454912095759.708
8409,Europe,3831,CHE,Switzerland,2012,79.0,99.6,70.4,95.8,98.1,74.4,90.5,81.7,81.0,85.8,90.2,97.2,45.5,57.8,0.0,66.0,81.6,48.2,18,23,80,80,8,31.42,624541608000.0,7996861.0,475340741851.246
8410,Europe,3832,CHE,Switzerland,2013,79.1,99.6,68.7,96.1,97.8,78.1,90.5,81.5,80.8,89.7,87.0,97.3,45.5,57.7,0.0,66.0,81.6,48.2,15,35,80,82,8,31.5,635734293000.0,8089346.0,498760487993.313
8411,Europe,3833,CHE,Switzerland,2014,79.8,99.6,71.3,96.1,97.9,78.5,90.5,82.1,80.8,92.9,86.7,98.3,46.5,58.6,0.0,66.0,82.8,48.2,15,45,80,79,6,31.59,650673295000.0,8188649.0,519299912386.162
8412,Europe,3834,CHE,Switzerland,2015,80.1,99.6,69.6,96.5,98.4,79.4,90.5,82.8,80.9,95.6,87.3,97.9,46.8,58.8,0.0,66.0,83.5,48.4,18,45,83,80,7,31.68,661374447000.0,8282396.0,540696214191.359
8413,Europe,3835,CHE,Switzerland,2016,79.8,99.5,66.4,96.3,99.2,79.4,90.5,82.8,80.8,95.9,85.4,98.6,45.9,58.8,0.0,66.0,83.2,48.4,15,55,83,82,7,31.76,675056232000.0,8373338.0,563950610001.631
8414,Europe,3836,CHE,Switzerland,2017,80.3,99.5,70.5,96.7,98.1,79.7,90.5,83.1,81.0,95.8,86.4,98.9,46.6,59.1,0.0,66.0,83.5,48.9,15,40,80,77,8,31.85,684255896000.0,8451840.0,576360598319.814
8415,Europe,3837,CHE,Switzerland,2018,80.3,99.5,69.4,96.8,97.9,80.1,90.5,83.0,81.1,96.2,83.4,99.0,48.2,60.4,0.0,66.4,83.9,49.1,10,25,85,75,10,31.94,703828665000.0,8514329.0,601867859451.371
8416,Europe,3838,CHE,Switzerland,2019,80.7,99.5,69.9,97.2,98.0,85.2,90.5,83.4,81.3,96.9,82.4,99.1,48.2,60.5,0.0,66.4,83.8,49.2,8,65,78,80,7,32.03,711866263000.0,8575280.0,632274562999.588
8417,Europe,3839,CHE,Switzerland,2020,80.9,99.4,70.6,97.1,98.5,85.1,90.5,83.4,81.0,97.0,82.4,99.1,48.2,61.1,0.0,66.4,82.9,52.1,12,35,80,85,8,32.11,696619959000.0,8638167.0,630567393919.535
8418,Europe,3840,CHE,Switzerland,2021,81.5,99.4,67.9,96.7,98.5,85.8,90.5,83.4,81.0,97.2,82.4,99.1,58.2,61.0,0.0,66.3,83.4,52.9,12,40,83,80,10,,735349383000.0,8704546.0,705080509164.276
8419,Europe,3841,CHE,Switzerland,2022,80.5,99.5,67.9,96.0,98.5,85.9,90.5,83.4,81.6,97.2,82.4,99.1,58.2,61.0,0.0,66.3,81.0,54.4,15,40,83,85,10,,757733867000.0,8777088.0,801577494672.78
8420,Asia,3842,SYR,Syrian Arab Republic,2000,58.7,0.0,45.3,63.2,60.8,33.0,62.2,63.6,70.0,15.8,63.0,73.2,89.1,89.1,48.3,56.4,60.8,45.2,75,38,5,15,10,2.35,904623000000.0,16637888.0,
8421,Asia,3843,SYR,Syrian Arab Republic,2001,58.7,0.0,43.5,63.6,61.4,32.8,62.3,64.6,68.0,15.8,63.0,72.9,89.1,89.7,47.1,56.4,60.8,47.8,85,30,5,9,5,2.39,914097000000.0,17051338.0,
8422,Asia,3844,SYR,Syrian Arab Republic,2002,59.2,0.0,44.0,64.6,61.9,32.5,62.4,64.8,68.7,15.8,63.0,72.4,89.1,91.3,50.0,56.3,60.8,50.0,86,35,5,12,15,2.42,950248000000.0,17468332.0,
8423,Asia,3845,SYR,Syrian Arab Republic,2003,59.3,0.0,43.0,64.2,63.3,32.8,62.5,64.6,69.4,16.0,63.0,71.8,89.2,89.2,50.0,56.3,60.7,53.2,78,30,7,20,7,2.45,1018708000000.0,17889296.0,
8424,Asia,3846,SYR,Syrian Arab Republic,2004,59.3,0.0,41.7,64.2,63.7,32.4,62.6,65.7,70.0,16.2,63.0,71.3,88.9,89.9,50.7,56.3,62.1,50.0,75,35,10,10,5,2.48,1089029000000.0,18336875.0,
8425,Asia,3847,SYR,Syrian Arab Republic,2005,59.6,0.0,40.8,65.4,65.0,32.0,62.6,66.2,70.7,16.4,63.0,71.6,88.6,90.1,52.0,56.4,62.1,49.9,80,45,8,14,15,2.52,1156713000000.0,18814091.0,
8426,Asia,3848,SYR,Syrian Arab Republic,2006,59.4,0.0,39.9,65.8,64.9,31.7,62.7,68.3,71.4,16.7,63.0,71.0,88.7,89.9,48.4,56.4,62.1,49.0,80,35,5,12,10,2.55,1215083000000.0,19637022.0,
8427,Asia,3849,SYR,Syrian Arab Republic,2007,59.0,0.0,37.5,65.7,65.5,31.4,62.7,64.9,71.2,17.2,63.0,70.5,88.8,88.7,50.5,56.4,62.0,48.1,82,45,8,12,15,2.58,1284034000000.0,20884125.0,
8428,Asia,3850,SYR,Syrian Arab Republic,2008,58.8,0.0,33.2,65.5,66.8,32.1,62.8,65.1,68.7,17.6,63.0,70.0,89.5,89.1,52.8,56.4,62.0,47.0,80,35,5,9,8,2.61,1341516000000.0,21636564.0,
8429,Asia,3851,SYR,Syrian Arab Republic,2009,59.6,0.0,38.1,65.8,66.5,32.7,62.8,65.9,71.4,18.1,63.0,71.0,89.7,89.8,52.8,56.5,61.9,48.3,80,63,6,6,10,2.65,1420827000000.0,21976969.0,
8430,Asia,3852,SYR,Syrian Arab Republic,2010,59.3,0.0,35.7,66.4,66.6,36.1,62.8,66.8,71.0,18.6,63.0,66.1,90.2,90.1,52.1,56.5,58.7,48.0,78,35,10,5,10,2.68,1494595000000.0,22482421.0,
8431,Asia,3853,SYR,Syrian Arab Republic,2011,59.1,0.0,37.9,64.4,70.3,36.1,62.8,66.4,70.9,18.9,63.0,55.3,90.3,90.2,57.9,56.5,57.2,47.3,90,38,5,8,10,2.71,1537191000000.0,22878098.0,
8432,Asia,3854,SYR,Syrian Arab Republic,2012,58.3,0.0,37.1,58.5,71.3,35.9,62.8,66.6,70.7,19.9,63.0,48.1,91.3,93.0,57.2,56.5,53.2,47.8,85,78,5,5,15,2.75,1132310000000.0,22759763.0,
8433,Asia,3855,SYR,Syrian Arab Republic,2013,55.5,0.0,29.4,57.1,44.3,34.5,62.8,65.8,70.8,20.4,63.0,45.5,92.1,95.3,56.0,56.5,47.4,47.8,85,65,5,5,10,2.78,834511477400.0,21666917.0,
8434,Asia,3856,SYR,Syrian Arab Republic,2014,55.4,0.0,32.6,56.7,46.0,34.7,62.8,65.6,70.9,18.5,63.0,45.0,92.1,95.5,51.0,56.5,48.0,47.8,85,65,7,3,10,2.81,748470507500.0,20273659.0,
8435,Asia,3857,SYR,Syrian Arab Republic,2015,54.9,0.0,29.1,54.1,46.0,34.3,62.8,64.7,70.9,19.3,63.0,43.3,92.1,95.8,51.1,56.5,47.6,47.8,90,75,9,5,20,2.84,717186000000.0,19424618.0,
8436,Asia,3858,SYR,Syrian Arab Republic,2016,54.7,0.0,31.3,54.0,46.0,34.8,62.9,64.7,70.9,16.5,63.0,43.1,92.0,95.8,49.2,56.5,46.7,47.8,90,75,5,5,15,2.84,671246000000.0,19193834.0,
8437,Asia,3859,SYR,Syrian Arab Republic,2017,54.9,0.0,30.5,58.4,46.0,34.8,62.9,65.1,70.9,16.5,63.0,42.0,92.0,95.4,49.2,56.5,46.9,47.8,90,75,5,9,40,2.84,666391000000.0,19224668.0,62769892394.0055
8438,Asia,3860,SYR,Syrian Arab Republic,2018,54.9,0.0,30.2,58.2,46.0,34.9,62.9,61.4,70.9,23.0,63.0,41.1,92.0,95.6,48.7,56.3,46.7,48.2,82,78,7,5,15,2.84,675675000000.0,19577845.0,67658923201.3911
8439,Asia,3861,SYR,Syrian Arab Republic,2019,55.5,0.0,33.9,62.0,46.0,34.9,62.9,61.9,70.9,22.2,63.0,40.3,91.9,96.1,50.0,56.3,46.7,48.4,88,65,9,5,20,2.84,683923000000.0,20353534.0,71281640286.0085
8440,Asia,3862,SYR,Syrian Arab Republic,2020,56.3,0.0,33.2,61.4,62.9,33.8,62.9,61.8,69.6,23.2,63.0,39.7,91.9,96.4,50.0,56.3,46.9,48.0,85,65,9,5,5,2.84,679155000000.0,21049429.0,78675556558.0617
8441,Asia,3863,SYR,Syrian Arab Republic,2021,56.4,0.0,30.9,61.3,62.5,34.0,62.9,61.8,69.8,23.9,63.0,39.7,91.9,96.4,49.9,56.5,46.7,50.6,84,73,8,9,20,,691748000000.0,21628839.0,99337766654.2033
8442,Asia,3864,SYR,Syrian Arab Republic,2022,58.2,0.0,31.1,61.3,61.8,34.1,62.9,61.8,70.2,23.9,63.0,39.7,91.9,96.4,49.9,56.5,46.7,50.9,85,45,6,10,20,,696817000000.0,22462173.0,107199859817.267
8466,Asia,3888,TJK,Tajikistan,2000,60.0,47.4,47.0,49.9,68.3,48.3,47.0,82.7,66.0,9.4,81.2,53.0,95.1,98.0,0.0,60.1,67.1,39.3,30,25,10,15,10,2.95,1786700000.0,6284735.0,6511801775.93701
8467,Asia,3889,TJK,Tajikistan,2001,59.5,47.4,41.0,51.7,63.5,47.1,47.7,83.6,66.2,9.4,81.2,53.0,95.1,98.0,0.0,60.1,67.5,39.9,40,30,8,25,15,2.95,1957880800.0,6407377.0,7296360377.61162
8468,Asia,3890,TJK,Tajikistan,2002,60.7,47.4,54.0,53.0,63.1,47.1,48.5,85.0,66.4,9.3,81.2,54.3,95.0,98.1,0.0,60.1,67.9,40.4,43,26,11,25,10,2.95,2169332000.0,6531669.0,8209998212.67869
8469,Asia,3891,TJK,Tajikistan,2003,61.3,47.4,53.4,53.6,69.6,47.1,49.3,86.2,66.7,9.3,81.2,54.3,94.9,98.0,0.0,60.1,68.0,41.4,30,30,15,30,10,2.95,2407958500.0,6658575.0,9293019173.13866
8470,Asia,3892,TJK,Tajikistan,2004,61.4,47.4,55.2,53.6,69.3,47.1,50.1,86.8,66.9,9.3,77.8,55.6,94.8,97.9,0.0,60.0,68.2,42.4,28,20,15,20,7,2.95,2655978200.0,6790547.0,10525836908.176
8471,Asia,3893,TJK,Tajikistan,2005,61.7,47.4,52.5,54.6,69.6,49.5,50.9,88.0,67.3,9.4,77.8,56.3,94.6,98.0,0.0,60.0,68.1,43.8,40,22,15,22,15,2.95,2833928700.0,6924720.0,11583212853.0447
8472,Asia,3894,TJK,Tajikistan,2006,62.0,47.4,53.1,54.4,70.8,49.5,51.7,88.7,67.5,9.7,77.8,57.5,94.5,97.9,0.0,60.0,67.9,43.5,38,35,14,28,10,2.95,3032303800.0,7057566.0,12776250025.3119
8473,Asia,3895,TJK,Tajikistan,2007,63.0,47.4,56.1,56.0,70.8,49.5,52.3,88.7,67.7,10.0,83.1,58.3,94.4,97.8,0.0,60.1,71.2,43.8,40,25,15,15,15,2.95,3268823500.0,7194477.0,14145938228.5982
8474,Asia,3896,TJK,Tajikistan,2008,63.5,47.4,54.9,57.1,70.3,49.5,53.0,89.9,68.0,10.3,83.1,65.7,94.1,97.9,0.0,60.1,71.1,44.3,40,29,15,22,10,2.95,3527060500.0,7338403.0,15557549805.2658
8475,Asia,3897,TJK,Tajikistan,2009,64.6,47.4,62.2,57.3,69.5,49.5,53.6,90.9,68.3,10.5,87.8,68.6,94.1,98.0,0.0,60.1,70.9,44.9,30,23,15,25,10,2.95,3664615900.0,7490230.0,16263992676.7335
8476,Asia,3898,TJK,Tajikistan,2010,65.0,47.4,62.6,59.0,72.4,50.3,54.3,91.3,68.7,10.8,87.8,65.5,94.1,98.0,0.0,60.1,73.6,44.9,20,25,10,20,15,2.95,3902815900.0,7652141.0,17531653706.3314
8477,Asia,3899,TJK,Tajikistan,2011,65.3,50.9,61.7,59.5,73.3,50.2,54.9,91.9,69.1,11.1,87.8,63.2,93.9,97.5,0.0,60.1,74.3,45.0,37,30,15,25,15,2.97,4191624300.0,7824785.0,19217458989.9627
8478,Asia,3900,TJK,Tajikistan,2012,65.4,54.1,56.5,59.9,70.4,50.2,55.6,92.3,69.5,11.5,87.8,66.7,93.7,97.5,0.0,60.1,74.5,45.7,30,20,15,20,15,2.99,4505996100.0,8014084.0,21470286380.6837
8479,Asia,3901,TJK,Tajikistan,2013,65.7,57.1,57.8,61.6,70.4,51.4,56.3,92.6,70.0,11.8,87.8,63.1,93.5,97.5,0.0,61.0,72.5,46.1,30,18,15,28,10,3.01,4839439800.0,8216724.0,23981005942.072
8480,Asia,3902,TJK,Tajikistan,2014,66.4,59.4,58.1,62.3,72.1,50.8,56.9,88.3,71.1,14.6,87.8,69.0,93.4,97.2,0.0,61.0,74.2,46.4,38,20,10,25,15,3.02,5163682300.0,8425552.0,26555018899.7668
8481,Asia,3903,TJK,Tajikistan,2015,66.3,61.0,56.8,64.2,73.2,52.4,57.6,89.2,71.5,15.2,76.4,68.8,93.6,97.7,0.0,61.0,74.7,48.0,40,30,10,30,20,3.04,5474500000.0,8643840.0,25719495030.4775
8482,Asia,3904,TJK,Tajikistan,2016,67.0,64.4,65.1,64.3,73.8,52.9,60.7,86.3,72.0,14.8,76.4,71.3,93.8,97.7,0.0,61.0,67.8,49.2,55,28,12,35,35,3.04,5852240500.0,8865631.0,25833179135.519
8483,Asia,3905,TJK,Tajikistan,2017,68.5,67.8,65.1,65.8,73.5,53.2,62.3,86.8,78.4,15.7,76.4,78.0,93.9,97.5,0.0,61.0,69.9,50.9,40,30,15,33,20,3.04,6267749600.0,9085946.0,27412327692.495
8484,Asia,3906,TJK,Tajikistan,2018,68.7,71.4,63.6,66.2,73.5,53.5,60.2,86.4,78.3,15.9,76.4,79.8,93.9,97.3,0.0,61.0,70.8,50.5,37,30,15,33,20,3.05,6744098500.0,9307333.0,28565171550.94
8485,Asia,3907,TJK,Tajikistan,2019,68.9,74.7,64.6,67.5,73.5,53.8,59.5,86.4,78.3,16.2,76.4,79.0,93.9,97.2,0.0,61.0,70.0,50.8,35,25,18,33,20,3.05,7243161800.0,9529966.0,32973431253.3471
8486,Asia,3908,TJK,Tajikistan,2020,69.3,76.2,64.5,67.5,73.5,56.3,59.5,86.6,78.0,16.4,76.4,79.7,93.9,97.3,0.0,61.0,69.3,51.9,58,28,14,35,15,3.05,7561861000.0,9749310.0,35623586501.7738
8487,Asia,3909,TJK,Tajikistan,2021,69.3,80.0,65.1,67.4,73.5,56.5,59.5,86.6,76.5,16.3,76.4,78.5,93.7,97.2,0.0,61.0,69.8,51.4,55,28,12,25,30,,8272675900.0,9966908.0,39727222945.4623
8488,Asia,3910,TJK,Tajikistan,2022,69.2,83.0,65.3,67.2,73.5,56.5,59.5,86.6,76.1,16.3,76.4,79.7,93.7,97.2,0.0,61.0,68.0,50.8,40,30,18,30,20,,8934490000.0,10182222.0,45964333259.2586
8489,Africa,3911,TZA,Tanzania,2000,49.1,21.0,54.4,18.8,17.4,54.3,40.0,28.2,61.1,13.5,64.4,43.6,95.4,99.2,71.9,59.9,47.6,43.8,20,60,15,35,5,60.59,36786387947000.0,34260139.0,38735486575.7509
8490,Africa,3912,TZA,Tanzania,2001,49.5,21.0,55.8,21.5,19.7,54.3,40.0,28.1,61.2,13.5,64.4,43.4,95.5,99.2,72.2,59.8,47.6,44.4,30,34,15,25,15,60.17,39019619035100.0,35198299.0,42012196526.7003
8491,Africa,3913,TZA,Tanzania,2002,50.3,21.0,55.7,24.8,27.8,54.4,39.9,27.9,61.1,13.5,64.4,44.5,95.4,99.2,72.1,60.2,47.6,44.8,20,33,15,20,5,59.75,41787356695100.0,36121304.0,45691379981.6238
8492,Africa,3914,TZA,Tanzania,2003,50.4,21.0,52.8,26.4,32.4,54.4,39.9,27.5,61.1,13.5,64.4,44.3,95.3,99.2,72.7,60.0,47.6,45.1,25,30,22,22,10,59.33,44575739183100.0,37089555.0,49702556051.3793
8493,Africa,3915,TZA,Tanzania,2004,51.2,21.0,55.3,27.3,34.9,54.8,40.1,26.9,61.1,13.5,64.4,45.4,95.3,99.2,74.9,60.1,47.5,48.2,30,60,15,20,7,58.91,47920620034100.0,38109668.0,54868980890.2991
8494,Africa,3916,TZA,Tanzania,2005,51.7,21.0,55.5,28.2,37.5,59.9,40.3,27.0,61.0,13.5,64.4,45.3,95.4,99.1,73.9,60.1,47.5,48.7,35,20,20,60,5,58.49,51503318579100.0,39182076.0,60820175034.8265
8495,Africa,3917,TZA,Tanzania,2006,51.9,21.0,56.9,29.1,40.7,60.3,40.6,26.3,61.0,13.6,64.4,46.3,95.4,99.1,72.1,60.6,47.5,47.9,25,38,15,23,10,58.07,54867629371100.0,40294902.0,66791196428.0246
8496,Africa,3918,TZA,Tanzania,2007,51.5,21.0,57.4,30.2,40.7,60.6,40.9,28.3,61.1,13.6,51.1,47.0,95.4,99.1,71.4,60.9,48.2,48.9,10,50,18,25,15,57.65,58581364180100.0,41435512.0,73244007996.3247
8497,Africa,3919,TZA,Tanzania,2008,51.9,21.0,57.2,31.8,41.9,61.0,41.4,27.3,61.3,13.6,51.1,50.0,95.4,99.1,72.0,60.8,47.2,49.7,30,40,15,58,10,57.23,61912544749100.0,42570728.0,78900413702.286
8498,Africa,3920,TZA,Tanzania,2009,52.0,21.0,56.6,31.1,42.9,64.1,42.3,27.8,61.4,13.6,51.1,50.3,95.4,99.1,72.8,60.6,46.1,48.0,30,30,15,20,5,56.81,65174781894100.0,43633982.0,83570043783.4841
8499,Africa,3921,TZA,Tanzania,2010,51.9,21.0,57.2,35.4,37.6,64.5,43.2,28.4,61.1,13.9,51.1,45.7,95.4,99.1,72.7,60.5,47.6,47.5,40,45,18,20,15,56.39,69304597217100.0,44758488.0,89945449520.1172
8500,Africa,3922,TZA,Tanzania,2011,53.1,24.1,56.1,38.2,37.6,67.5,44.1,27.2,60.8,13.9,61.2,50.9,95.2,98.9,73.1,60.2,48.2,45.5,25,55,30,30,20,55.97,74621753639100.0,46029367.0,98844247428.6534
8501,Africa,3923,TZA,Tanzania,2012,54.0,22.3,56.4,41.5,49.2,67.8,45.0,26.7,61.0,16.8,61.2,47.9,95.2,99.0,73.4,60.1,47.8,46.0,30,40,17,30,15,55.55,77979847142100.0,47374260.0,95839768784.7191
8502,Africa,3924,TZA,Tanzania,2013,54.0,22.5,58.7,42.2,45.8,67.1,45.9,26.7,61.1,17.5,61.2,49.2,95.0,98.9,73.6,59.9,47.4,45.9,35,50,18,45,15,55.13,83268117227300.0,48824128.0,103152549535.165
8503,Africa,3925,TZA,Tanzania,2014,54.6,22.6,59.8,41.1,44.9,67.2,46.8,29.2,65.1,17.4,61.2,50.1,95.0,98.9,75.2,59.6,46.8,46.7,20,35,22,33,10,54.71,88874111468100.0,50351512.0,108559934988.865
8504,Africa,3926,TZA,Tanzania,2015,55.3,23.9,59.0,43.3,41.7,68.9,47.7,29.9,69.9,18.7,61.2,52.0,95.1,99.0,75.1,59.5,46.7,47.4,30,37,25,30,10,54.29,94349315551900.0,52020962.0,116992999511.588
8505,Africa,3927,TZA,Tanzania,2016,56.0,23.6,58.9,41.8,43.1,69.5,48.7,32.5,69.9,22.5,61.2,56.5,95.1,99.1,75.0,59.3,46.2,48.7,30,55,18,35,5,53.76,100828392681400.0,53824013.0,127160946763.025
8506,Africa,3928,TZA,Tanzania,2017,56.8,23.4,59.1,43.7,45.4,70.3,49.6,32.1,71.4,22.8,61.2,58.7,95.2,99.2,74.5,59.1,48.5,51.3,38,60,20,35,10,53.23,107646688058900.0,55652890.0,133500817705.841
8507,Africa,3929,TZA,Tanzania,2018,56.5,24.7,60.4,44.4,45.3,70.7,50.6,33.0,73.1,23.0,50.4,63.4,95.2,99.1,74.1,58.5,47.4,48.0,40,60,20,36,10,52.7,113532897033400.0,57437145.0,151987436389.558
8508,Africa,3930,TZA,Tanzania,2019,56.9,24.7,61.8,46.2,49.2,71.0,51.5,33.7,72.4,23.3,50.4,62.5,95.2,99.1,69.9,60.2,48.5,47.9,35,55,18,30,15,52.17,120117805061300.0,59174891.0,171137212069.963
8509,Africa,3931,TZA,Tanzania,2020,56.9,24.1,61.9,47.0,47.6,70.2,51.7,34.3,71.8,25.3,50.4,63.9,95.2,99.1,69.9,60.0,46.6,48.8,37,65,30,30,30,51.64,122510509224200.0,60972798.0,194561908147.279
8510,Africa,3932,TZA,Tanzania,2021,57.1,24.4,62.0,46.4,48.7,70.6,51.7,34.3,73.4,27.2,50.4,61.8,95.3,99.1,69.8,60.0,46.1,49.3,44,45,14,46,20,,127804659129300.0,62830412.0,212790081675.953
8511,Africa,3933,TZA,Tanzania,2022,56.8,25.6,61.0,46.2,48.7,70.8,51.7,34.3,73.3,27.2,50.4,59.8,95.3,99.1,69.8,59.6,42.9,50.5,37,63,22,40,10,,133640227232200.0,64711821.0,238369618090.938
8512,Asia,3934,THA,Thailand,2000,66.9,95.8,58.4,65.9,91.4,64.0,72.6,55.2,75.2,24.8,39.9,78.4,81.1,86.1,65.6,63.4,60.2,58.6,15,30,18,35,8,37.19,5254382000000.0,63007815.0,459270578997.915
8513,Asia,3935,THA,Thailand,2001,67.2,95.8,59.2,66.8,91.4,66.8,72.8,57.0,75.1,25.1,39.9,78.7,81.0,85.6,64.1,63.3,60.2,58.9,40,35,25,22,12,37.4,5435356000000.0,63651141.0,485786532524.361
8514,Asia,3936,THA,Thailand,2002,67.4,95.8,59.3,67.0,91.4,67.3,73.0,58.2,75.6,25.4,43.8,79.0,80.8,85.3,62.5,63.2,60.4,57.5,35,30,20,60,10,37.61,5769578000000.0,64266437.0,523671014978.533
8515,Asia,3937,THA,Thailand,2003,67.5,95.8,59.5,67.6,91.4,67.7,73.2,59.3,75.7,25.8,43.8,79.2,80.5,85.0,61.9,63.0,59.7,59.0,40,20,20,23,10,37.82,6184367000000.0,64868166.0,572401201883.642
8516,Asia,3938,THA,Thailand,2004,67.4,95.8,59.3,67.5,91.4,67.9,73.4,59.7,75.7,26.1,40.2,79.6,80.5,84.5,62.0,62.9,60.6,59.4,30,35,20,18,15,38.03,6573323000000.0,65452047.0,624761920445.432
8517,Asia,3939,THA,Thailand,2005,67.9,95.8,60.0,70.4,91.5,68.5,73.6,60.8,75.8,26.8,40.2,79.8,80.4,84.3,62.6,62.7,60.4,60.4,25,18,30,25,10,38.24,6848590000000.0,66017420.0,671334138606.991
8518,Asia,3940,THA,Thailand,2006,68.3,95.8,60.2,70.7,91.5,67.3,73.8,63.5,75.9,27.4,44.1,80.3,80.5,84.3,63.4,62.6,60.0,60.2,40,45,30,20,7,38.45,7188815000000.0,66567687.0,726416076225.396
8519,Asia,3941,THA,Thailand,2007,69.0,95.8,61.2,71.0,91.2,69.3,73.9,62.8,75.9,27.7,53.5,81.4,80.3,84.1,61.7,62.6,60.2,59.4,40,35,17,20,20,38.66,7579538000000.0,67102394.0,786648045500.206
8520,Asia,3942,THA,Thailand,2008,68.9,95.8,61.3,71.3,90.9,69.6,74.1,64.1,75.9,27.7,51.2,78.7,80.3,84.3,62.9,62.7,60.4,60.0,38,45,20,24,15,38.87,7710338000000.0,67619830.0,815641200192.586
8521,Asia,3943,THA,Thailand,2009,69.3,95.8,60.4,71.7,91.1,70.9,74.3,65.5,75.7,28.2,54.2,81.8,80.2,83.9,62.3,62.9,60.3,59.5,35,30,35,35,15,39.08,7657089000000.0,68121080.0,815004207911.254
8522,Asia,3944,THA,Thailand,2010,69.7,95.8,60.6,75.2,90.4,71.2,74.5,65.9,76.2,28.7,54.9,83.6,79.8,83.4,62.5,62.7,59.8,60.0,40,35,20,25,15,39.29,8232396000000.0,68579447.0,886887468620.454
8523,Asia,3945,THA,Thailand,2011,70.8,97.4,61.5,76.1,90.9,72.4,74.7,66.3,76.1,29.5,63.0,84.0,79.7,82.4,62.4,62.6,62.1,63.2,35,40,23,30,10,39.29,8301559000000.0,69007208.0,912789677004.354
8524,Asia,3946,THA,Thailand,2012,69.9,97.0,60.1,75.8,90.2,70.5,74.9,67.3,76.2,31.0,55.6,82.6,79.5,80.9,62.5,62.5,62.1,60.4,47,40,27,30,15,39.28,8902824000000.0,69436098.0,1014923127426.43
8525,Asia,3947,THA,Thailand,2013,70.7,97.8,59.9,76.1,91.8,69.8,75.1,67.2,76.2,37.5,62.1,81.5,79.5,80.3,62.6,62.4,59.8,62.0,35,30,25,25,20,39.28,9142087000000.0,69845114.0,1062759710029.05
8526,Asia,3948,THA,Thailand,2014,71.6,97.9,60.6,78.0,91.6,64.9,75.2,68.2,77.0,44.6,65.2,81.2,79.8,81.4,63.2,62.3,64.4,61.7,40,45,15,20,10,39.27,9232088000000.0,70216367.0,1078896775480.04
8527,Asia,3949,THA,Thailand,2015,72.4,98.4,60.0,77.8,91.5,65.1,75.4,68.0,77.6,46.9,68.9,85.5,80.1,81.4,63.1,62.1,66.5,62.3,42,33,25,23,15,39.27,9521426000000.0,70540795.0,1113921789913.93
8528,Asia,3950,THA,Thailand,2016,72.3,98.3,60.3,77.9,91.9,65.2,75.5,70.1,77.6,48.0,65.8,83.9,80.0,82.0,63.1,62.0,65.0,61.7,30,43,30,40,10,39.19,9848502000000.0,70859841.0,1181322173179.74
8529,Asia,3951,THA,Thailand,2017,72.7,98.3,60.4,78.3,96.2,64.5,75.7,70.4,75.8,55.3,67.2,83.0,79.7,81.9,63.1,61.9,64.6,60.0,38,35,28,35,15,39.12,10259941000000.0,71160187.0,1250522147488.09
8530,Asia,3952,THA,Thailand,2018,73.2,98.3,60.7,78.9,96.4,64.7,75.8,71.5,77.3,58.2,67.6,86.7,79.6,81.4,64.1,58.5,64.6,59.9,40,45,25,35,10,39.05,10693205000000.0,71376079.0,1347310632514.94
8531,Asia,3953,THA,Thailand,2019,73.8,98.5,58.6,79.4,97.0,70.8,75.9,72.5,76.8,59.4,73.4,86.8,79.5,81.2,63.5,58.4,63.8,59.4,40,55,25,40,20,38.97,10919319000000.0,71522271.0,1427827121310.44
8532,Asia,3954,THA,Thailand,2020,73.8,98.5,58.4,79.4,97.5,70.7,76.0,72.7,75.0,63.1,73.2,82.5,79.5,81.6,63.5,58.2,63.0,61.3,46,40,22,35,20,38.9,10258696000000.0,71641484.0,1372918881143.84
8533,Asia,3955,THA,Thailand,2021,74.3,98.5,58.6,79.0,96.5,70.8,76.0,72.7,77.1,67.4,73.2,82.1,80.6,81.6,64.2,60.5,62.3,61.6,38,45,28,35,10,,10417928000000.0,71727332.0,1451959884645.39
8534,Asia,3956,THA,Thailand,2022,74.7,98.6,58.6,79.7,98.0,70.7,76.0,72.7,77.2,67.4,73.2,86.6,80.6,81.6,64.2,60.2,62.8,62.3,43,38,25,40,15,,10686750000000.0,71735329.0,1595614286791.42
8558,Africa,3980,TGO,Togo,2000,48.5,15.1,55.4,24.9,56.5,26.0,41.2,6.0,67.0,10.5,43.0,43.6,96.4,98.8,68.0,82.8,45.0,43.9,25,40,8,12,5,23.32,2095102818000.0,5140037.0,6757797630.08489
8559,Africa,3981,TGO,Togo,2001,48.7,15.1,56.4,23.4,59.3,26.0,41.6,6.9,66.9,10.5,43.0,43.1,96.5,98.8,69.5,82.8,45.0,43.7,30,35,10,15,7,23.27,2112354706500.0,5277382.0,6966861585.32922
8560,Africa,3982,TGO,Togo,2002,49.0,15.1,56.8,25.0,60.8,26.0,42.1,8.4,66.9,10.5,43.0,43.6,96.5,98.8,69.0,82.8,45.0,43.3,30,35,15,15,8,23.21,2193186548600.0,5413274.0,7345864620.12529
8561,Africa,3983,TGO,Togo,2003,49.4,15.1,56.9,30.2,61.6,27.5,42.6,7.8,66.9,10.5,43.0,43.1,96.4,98.7,69.4,82.8,45.0,43.1,40,30,8,15,5,23.16,2340572444300.0,5552167.0,7994296097.79888
8562,Africa,3984,TGO,Togo,2004,49.7,15.1,57.5,30.7,63.0,27.0,43.0,9.5,66.9,10.5,43.0,43.6,96.5,98.7,69.2,82.8,45.0,42.8,20,35,12,15,7,23.1,2317666073200.0,5696508.0,8128928446.10685
8563,Africa,3985,TGO,Togo,2005,50.2,15.1,57.2,31.1,64.6,27.8,43.6,11.7,66.8,10.5,43.0,45.0,96.5,98.7,71.3,82.9,45.0,43.0,40,35,12,18,7,23.05,2209516835500.0,5844631.0,7992593755.10839
8564,Africa,3986,TGO,Togo,2006,50.9,15.1,57.4,31.3,66.1,28.6,44.1,17.6,66.9,10.5,43.0,45.5,96.6,98.8,71.7,82.9,45.0,44.7,25,55,15,20,10,23.0,2268071950400.0,6010668.0,8457418597.03521
8565,Africa,3987,TGO,Togo,2007,50.6,15.1,57.7,30.9,62.7,30.1,44.6,13.7,67.1,10.5,43.0,45.0,96.6,98.8,71.3,82.9,45.0,45.7,20,35,15,15,5,22.94,2241419374400.0,6188344.0,8584474484.96093
8566,Africa,3988,TGO,Togo,2008,50.1,15.1,58.1,30.1,63.8,30.2,45.1,10.7,67.4,10.6,43.0,41.0,96.7,98.8,71.4,82.9,43.1,44.5,20,60,11,20,8,22.89,2331875109500.0,6368812.0,9102986199.14688
8567,Africa,3989,TGO,Togo,2009,50.5,15.1,58.9,31.6,66.2,30.4,45.6,10.4,67.6,10.6,43.0,40.5,96.4,98.5,71.2,82.9,43.1,46.5,25,40,15,13,10,22.83,2459051473700.0,6551865.0,9658654582.45049
8568,Africa,3990,TGO,Togo,2010,50.6,15.1,59.5,31.4,66.2,29.2,46.1,9.8,67.9,10.7,43.0,41.1,96.5,98.5,70.7,82.9,43.1,48.9,40,40,12,20,10,22.78,2603013019900.0,6732590.0,10348358489.4101
8569,Africa,3991,TGO,Togo,2011,50.0,14.8,60.2,32.8,66.5,29.1,46.6,13.2,68.1,10.8,23.9,40.6,96.4,98.4,71.4,82.9,44.9,49.0,38,44,15,20,10,22.72,2754593033800.0,6916474.0,11176899996.0281
8570,Africa,3992,TGO,Togo,2012,50.4,15.0,59.7,34.5,66.5,29.1,47.1,13.5,68.1,14.9,23.9,41.3,96.5,98.6,69.1,82.9,44.9,50.5,50,38,20,20,10,22.67,2928206642800.0,7100736.0,11682939062.7945
8571,Africa,3993,TGO,Togo,2013,50.8,16.0,59.6,34.4,66.3,35.5,47.7,13.5,68.1,15.0,23.9,41.0,96.4,98.7,69.6,82.9,44.7,50.4,38,40,15,20,15,22.61,3098753181800.0,7285442.0,12497168116.4143
8572,Africa,3994,TGO,Togo,2014,51.4,17.0,59.6,35.7,66.2,37.4,48.2,16.2,69.3,13.1,23.9,42.2,96.4,98.8,70.4,82.9,44.6,51.9,30,38,15,18,5,22.56,3273313392300.0,7472450.0,13473941586.2337
8573,Africa,3995,TGO,Togo,2015,53.0,17.9,58.9,38.9,70.3,38.2,48.7,18.5,69.3,13.8,38.1,41.3,96.4,98.7,70.6,82.9,45.7,52.7,15,40,12,25,10,22.51,3452299192900.0,7663195.0,14404273148.1027
8574,Africa,3996,TGO,Togo,2016,53.3,21.0,58.2,39.7,69.6,38.9,49.2,18.7,68.8,17.3,38.1,48.1,96.3,98.7,71.8,82.9,43.8,45.7,35,38,18,20,5,22.45,3597810000000.0,7858289.0,15189500689.044
8575,Africa,3997,TGO,Togo,2017,55.0,25.2,59.8,44.3,71.2,40.2,49.7,28.6,72.6,18.4,38.1,45.6,96.5,98.9,71.2,82.9,44.7,47.3,25,45,22,18,10,22.4,3742015019300.0,8057140.0,15997658425.3211
8576,Africa,3998,TGO,Togo,2018,54.7,29.0,59.8,43.4,72.8,40.8,50.3,21.7,72.6,19.7,41.6,40.6,96.3,98.9,70.8,77.6,43.7,49.7,50,40,15,18,7,22.34,3921446894800.0,8258778.0,17071648256.6892
8577,Africa,3999,TGO,Togo,2019,55.2,29.1,60.1,45.6,75.7,41.0,50.8,26.6,70.3,19.6,41.6,42.1,96.3,98.9,70.9,77.6,43.3,49.1,38,40,22,20,10,22.29,4114496820300.0,8463068.0,18743273071.2737
8578,Africa,4000,TGO,Togo,2020,55.8,28.3,60.7,45.3,78.9,42.1,50.9,27.2,70.6,22.5,41.6,42.5,96.3,98.9,70.9,77.6,43.4,50.2,30,38,15,20,5,22.23,4196463975200.0,8669720.0,20432437140.6536
8579,Africa,4001,TGO,Togo,2021,56.1,29.3,60.8,45.4,80.1,42.3,50.9,27.2,70.6,23.1,41.6,41.3,96.3,98.9,70.9,77.7,44.8,51.8,30,55,15,20,15,,4447868932700.0,8878379.0,22881375789.0174
8580,Africa,4002,TGO,Togo,2022,56.3,31.4,61.0,45.7,80.1,42.4,50.9,27.2,70.7,23.1,41.6,44.5,96.3,98.9,70.9,77.7,42.4,51.6,42,42,15,18,15,,4704045834900.0,9089738.0,25924518421.0834
8604,North America,4026,TTO,Trinidad and Tobago,2000,61.2,98.4,60.3,66.7,83.7,53.9,67.1,52.7,65.4,21.0,0.0,76.9,62.9,45.4,55.8,55.2,65.0,48.0,25,58,20,40,15,46.13,91808820500.0,1319774.0,18414986312.3139
8605,North America,4027,TTO,Trinidad and Tobago,2001,60.9,98.4,58.3,66.9,83.4,54.0,67.3,53.0,66.3,22.3,0.0,76.9,62.9,41.1,54.8,55.1,64.4,49.1,35,65,24,40,7,46.05,95635893200.0,1325567.0,19614552541.2731
8606,North America,4028,TTO,Trinidad and Tobago,2002,61.1,98.4,57.7,67.5,81.0,58.3,67.4,51.5,66.7,23.7,0.0,76.9,62.9,40.9,54.9,55.0,64.1,50.7,38,55,30,40,5,45.97,103226236400.0,1332011.0,21500303544.3031
8607,North America,4029,TTO,Trinidad and Tobago,2003,61.2,98.4,56.1,66.5,87.0,58.4,67.5,51.8,66.6,24.2,0.0,76.9,62.9,40.9,54.9,54.9,63.1,49.6,25,25,24,45,15,45.88,118133126400.0,1338709.0,25090943424.7232
8608,North America,4030,TTO,Trinidad and Tobago,2004,61.2,98.4,54.9,67.9,85.9,58.5,67.6,51.6,68.3,24.7,0.0,76.9,62.9,40.9,54.1,54.9,62.5,49.5,30,55,30,40,15,45.8,127524770800.0,1345380.0,27814044184.8483
8609,North America,4031,TTO,Trinidad and Tobago,2005,61.1,98.4,54.8,70.8,82.4,58.5,68.3,50.1,68.6,25.4,0.0,76.6,62.9,40.9,53.9,54.8,60.4,50.2,25,55,42,60,5,45.72,135442704600.0,1294494.0,30467245569.9527
8610,North America,4032,TTO,Trinidad and Tobago,2006,61.1,98.4,54.8,70.2,82.4,58.6,68.5,50.0,69.9,25.1,0.0,76.6,62.9,40.9,53.7,54.7,60.7,49.5,30,42,60,60,5,45.63,153332056400.0,1297944.0,35555034981.247
8611,North America,4033,TTO,Trinidad and Tobago,2007,61.8,98.4,55.5,70.4,88.3,62.4,68.6,50.0,70.5,25.9,0.0,76.6,62.9,40.9,54.5,54.6,60.3,49.6,20,55,30,50,5,45.55,160621783900.0,1303188.0,38254469952.5593
8612,North America,4034,TTO,Trinidad and Tobago,2008,61.8,98.4,55.6,71.2,87.8,62.5,68.7,50.0,71.2,26.0,0.0,79.8,62.9,40.9,53.4,54.6,57.2,49.3,38,45,38,38,5,45.47,166069652500.0,1308587.0,40314012462.614
8613,North America,4035,TTO,Trinidad and Tobago,2009,62.3,98.4,54.7,72.7,89.2,62.4,68.9,49.7,70.7,28.2,0.0,79.8,62.9,40.9,54.2,54.5,57.7,51.2,25,65,35,45,5,45.39,158776323000.0,1310106.0,38781259246.7827
8614,North America,4036,TTO,Trinidad and Tobago,2010,62.4,98.4,54.5,74.6,85.5,63.5,69.0,50.1,71.7,28.6,0.0,80.1,62.9,40.9,54.4,54.5,58.3,50.8,30,45,45,60,18,45.3,164052817000.0,1317714.0,40557013589.9624
8615,North America,4037,TTO,Trinidad and Tobago,2011,63.6,98.4,54.4,75.9,85.5,64.4,69.2,51.1,72.2,29.9,0.0,87.2,62.9,40.9,53.1,54.4,64.2,53.2,20,55,42,55,20,45.22,163569920300.0,1328019.0,41271904854.1059
8616,North America,4038,TTO,Trinidad and Tobago,2012,63.6,98.4,53.7,75.4,85.5,64.4,69.4,52.3,72.0,30.6,0.0,88.0,62.9,40.9,52.8,54.3,62.8,53.8,38,45,55,60,20,45.14,174545598800.0,1335194.0,42570297060.6539
8617,North America,4039,TTO,Trinidad and Tobago,2013,63.5,98.4,53.5,76.8,85.5,67.1,69.8,53.4,72.8,32.4,0.0,80.8,62.9,40.9,52.6,54.2,60.0,55.5,30,40,28,35,15,45.06,180383462200.0,1340557.0,42557597455.346
8618,North America,4040,TTO,Trinidad and Tobago,2014,63.7,98.4,54.6,77.0,85.5,67.3,70.0,52.7,72.9,34.8,0.0,81.7,62.9,40.9,51.2,54.1,59.4,56.1,15,38,30,40,10,44.97,187049289800.0,1345343.0,43086668717.1986
8619,North America,4041,TTO,Trinidad and Tobago,2015,63.6,98.4,54.1,78.4,85.5,68.0,70.2,53.7,73.0,34.9,0.0,81.7,62.9,40.9,51.1,54.1,58.3,52.8,30,45,42,45,30,44.89,185992803700.0,1349667.0,40254444954.3607
8620,North America,4042,TTO,Trinidad and Tobago,2016,64.0,98.3,54.5,78.6,85.5,68.6,70.4,55.8,72.4,37.7,0.0,82.0,62.5,40.9,50.6,54.0,57.0,54.8,25,45,35,40,15,44.81,172222913400.0,1353895.0,38222751751.5697
8621,North America,4043,TTO,Trinidad and Tobago,2017,63.8,98.2,54.5,79.6,85.5,68.3,70.6,55.6,73.2,38.1,0.0,78.3,62.2,40.9,50.7,53.9,55.0,56.2,30,55,40,55,20,44.73,163924199200.0,1356633.0,38670271303.4351
8622,North America,4044,TTO,Trinidad and Tobago,2018,64.1,98.2,54.6,80.2,85.5,68.1,70.6,56.0,74.6,37.8,0.0,78.5,62.0,40.9,50.8,53.8,56.5,58.3,30,40,37,38,10,44.65,162308685100.0,1359193.0,38982018420.5546
8623,North America,4045,TTO,Trinidad and Tobago,2019,64.1,98.2,54.2,81.7,85.5,68.8,70.6,56.2,73.7,38.6,0.0,78.7,61.9,40.9,51.6,53.7,55.7,56.1,30,40,65,50,30,44.56,163074479200.0,1363985.0,40174163569.8835
8624,North America,4046,TTO,Trinidad and Tobago,2020,64.4,98.0,54.1,81.5,85.5,66.6,70.6,56.2,74.6,39.6,0.0,78.7,61.9,40.9,51.5,53.6,57.7,59.2,38,55,25,45,15,44.48,148556293500.0,1366725.0,36714254092.0185
8625,North America,4047,TTO,Trinidad and Tobago,2021,64.8,98.0,54.3,81.9,85.5,66.9,70.6,56.2,74.8,39.9,0.0,78.7,62.8,40.9,51.5,54.3,56.9,64.0,35,45,55,45,20,,147201470700.0,1367558.0,41607493861.9341
8626,North America,4048,TTO,Trinidad and Tobago,2022,63.0,98.2,54.3,81.9,85.5,66.9,70.6,56.2,75.4,39.9,0.0,78.7,62.8,40.9,51.5,54.1,56.7,63.5,35,38,35,40,20,,148794517900.0,1365805.0,45056280789.3976
8627,Africa,4049,TUN,Tunisia,2000,64.9,93.2,60.3,70.9,81.2,32.7,63.2,64.7,63.0,25.3,48.4,74.9,84.7,92.8,55.9,58.6,68.2,65.5,35,20,10,30,10,4.3,54870862400.0,9764935.0,61313898053.8926
8628,Africa,4050,TUN,Tunisia,2001,65.2,93.2,61.4,71.1,82.5,33.3,62.2,65.8,63.3,25.7,48.4,75.0,84.8,92.7,56.6,58.8,68.2,65.6,30,22,10,60,10,4.31,56953909400.0,9869677.0,65074550336.3664
8629,Africa,4051,TUN,Tunisia,2002,65.4,93.2,59.3,71.8,84.1,33.9,62.5,66.5,63.2,26.1,48.4,75.1,86.3,92.7,55.7,58.8,68.2,65.6,25,28,15,35,15,4.32,57707157400.0,9971515.0,66959827913.5561
8630,Africa,4052,TUN,Tunisia,2003,65.7,93.2,63.1,71.6,83.9,34.4,62.8,67.0,63.3,26.9,48.4,75.2,86.6,92.7,54.5,58.8,68.2,67.0,20,28,15,40,18,4.34,60420778500.0,10071632.0,71492709892.8304
8631,Africa,4053,TUN,Tunisia,2004,66.3,93.2,62.1,72.5,83.7,40.6,63.1,67.4,63.4,27.9,48.4,75.3,86.4,92.6,56.2,58.8,68.2,66.6,40,35,15,30,15,4.35,64188491800.0,10166163.0,77993230437.0265
8632,Africa,4054,TUN,Tunisia,2005,67.3,93.2,62.2,73.9,83.2,41.1,63.4,67.9,64.2,28.5,62.1,75.7,86.3,92.5,56.9,58.8,68.1,65.8,30,20,20,22,12,4.36,66426452800.0,10255472.0,83243203695.8432
8633,Africa,4055,TUN,Tunisia,2006,67.4,93.2,60.8,74.8,82.2,41.9,63.6,68.1,64.4,29.3,62.1,75.8,86.3,92.5,57.6,58.8,68.1,66.1,30,28,15,35,10,4.37,69909922300.0,10346410.0,90310265369.8293
8634,Africa,4056,TUN,Tunisia,2007,67.9,93.2,61.7,75.0,82.7,42.6,63.9,67.6,64.4,30.3,62.1,75.9,85.6,92.4,59.7,61.9,68.0,66.7,35,28,15,30,5,4.39,74600543200.0,10441702.0,98980554529.7408
8635,Africa,4057,TUN,Tunisia,2008,68.3,93.2,60.3,75.2,85.1,43.3,64.1,67.8,64.4,32.4,62.1,76.0,85.7,92.3,60.4,61.9,68.0,68.3,28,35,17,25,20,4.4,77761951200.0,10542635.0,105163019449.886
8636,Africa,4058,TUN,Tunisia,2009,69.0,93.2,62.5,75.5,89.1,46.5,63.9,68.2,63.9,34.3,62.1,76.1,86.3,92.4,60.1,61.9,68.1,68.6,30,23,15,35,10,4.41,80128597400.0,10650681.0,109031969301.752
8637,Africa,4059,TUN,Tunisia,2010,69.2,93.2,60.4,76.8,86.9,47.2,63.7,67.9,64.1,34.9,70.3,75.8,86.1,92.0,59.5,62.4,68.0,67.1,38,30,20,10,15,4.42,82509324400.0,10765980.0,113635873878.191
8638,Africa,4060,TUN,Tunisia,2011,69.1,94.5,61.7,76.4,86.9,47.6,63.4,68.4,61.1,36.9,70.3,71.8,86.3,92.3,59.9,62.4,62.4,73.2,40,45,30,10,5,4.43,80820660600.0,10886035.0,113606614096.659
8639,Africa,4061,TUN,Tunisia,2012,69.6,95.6,61.8,73.9,86.5,47.7,63.2,68.6,61.5,40.1,70.3,72.3,86.6,92.1,61.3,68.1,64.3,69.6,35,38,30,18,20,4.44,84228606900.0,11009647.0,116862242696.596
8640,Africa,4062,TUN,Tunisia,2013,69.8,96.4,60.1,74.9,85.1,49.5,63.1,68.7,62.4,43.1,70.3,70.3,86.7,92.5,61.6,69.5,61.4,71.8,30,30,40,30,20,4.45,86275303900.0,11141361.0,118895810770.27
8641,Africa,4063,TUN,Tunisia,2014,70.4,96.7,62.4,74.7,85.4,52.7,62.9,68.9,63.4,42.5,70.3,71.6,86.5,92.3,62.6,69.5,63.1,71.5,38,38,38,32,5,4.46,88941493800.0,11274288.0,123418430878.512
8642,Africa,4064,TUN,Tunisia,2015,71.0,97.7,60.3,75.7,85.0,53.7,62.8,68.8,63.0,45.1,80.8,70.6,86.5,92.4,63.3,69.5,61.7,69.7,38,45,35,33,40,4.47,89802183400.0,11402264.0,122945411435.233
8643,Africa,4065,TUN,Tunisia,2016,71.5,97.8,59.2,74.6,84.9,54.7,62.6,69.0,62.8,47.3,80.8,74.8,86.3,92.7,63.2,69.5,63.6,71.7,38,35,35,35,18,4.48,90805656300.0,11528674.0,126742366551.332
8644,Africa,4066,TUN,Tunisia,2017,71.7,97.8,59.9,74.9,86.1,55.3,64.2,69.1,64.5,49.3,80.8,71.7,86.4,92.9,63.0,69.5,63.5,70.8,32,38,45,42,40,4.49,92837740400.0,11650498.0,131519908969.82
8645,Africa,4067,TUN,Tunisia,2018,71.9,97.9,61.3,78.7,87.8,52.7,63.1,70.1,63.3,49.5,80.8,70.0,86.5,93.2,62.9,66.5,65.7,71.9,35,35,40,30,30,4.5,95274666200.0,11765514.0,139320230402.965
8646,Africa,4068,TUN,Tunisia,2019,71.9,98.0,62.6,79.2,87.8,48.9,63.5,70.2,63.9,51.1,80.8,70.9,86.5,93.3,62.7,66.5,65.1,71.5,32,40,32,35,20,4.51,96787481800.0,11875081.0,148376650136.515
8647,Africa,4069,TUN,Tunisia,2020,72.0,97.7,61.3,79.8,87.9,50.0,63.9,70.2,62.9,52.1,80.8,71.1,86.5,93.6,63.0,66.4,64.1,73.6,35,32,35,35,15,4.52,88065057700.0,11974057.0,142707604074.227
8648,Africa,4070,TUN,Tunisia,2021,72.9,97.8,61.5,79.3,93.1,50.8,63.9,70.2,62.5,54.7,80.8,69.1,86.7,93.1,63.3,71.0,65.9,76.3,35,45,30,24,35,,92236101300.0,12048622.0,149936984870.616
8649,Africa,4071,TUN,Tunisia,2022,72.5,97.9,61.5,78.9,93.1,51.0,63.9,70.2,62.5,55.9,80.8,65.4,86.7,93.1,63.3,70.9,60.6,76.7,30,33,22,20,30,,94701865800.0,12119334.0,164920776695.978
8650,Asia,4072,TUR,Türkiye,2000,66.2,95.5,66.6,68.6,73.6,27.5,72.6,72.5,71.4,41.1,49.5,69.5,82.3,87.1,61.2,54.2,62.2,69.8,20,42,20,35,15,26.18,735234598400.0,65425961.0,609012301398.467
8651,Asia,4073,TUR,Türkiye,2001,66.5,95.5,66.3,70.2,73.6,27.9,72.9,73.2,70.4,41.9,49.5,69.5,83.2,87.6,61.5,54.2,62.2,70.7,40,35,18,27,20,26.3,692958560800.0,66245128.0,595895417268.146
8652,Asia,4074,TUR,Türkiye,2002,66.6,95.5,67.1,69.5,73.6,28.4,73.3,73.0,69.3,43.2,49.5,69.9,83.0,87.5,62.2,54.2,62.2,71.3,35,40,18,18,10,26.42,737638602700.0,67048795.0,612446571084.024
8653,Asia,4075,TUR,Türkiye,2003,66.5,95.5,65.7,69.2,73.6,28.9,73.7,72.4,69.2,43.7,48.4,69.9,82.8,87.2,62.1,54.1,62.2,71.6,40,42,35,25,15,26.54,780150235400.0,67831730.0,641096984002.846
8654,Asia,4076,TUR,Türkiye,2004,66.7,95.5,66.1,71.4,73.6,29.3,73.9,72.9,69.0,44.6,49.6,70.3,82.8,87.1,60.4,54.1,61.4,71.7,38,30,17,28,15,26.67,856573256200.0,68592617.0,735785897620.4
8655,Asia,4077,TUR,Türkiye,2005,66.8,95.5,66.5,73.5,75.2,29.1,74.0,72.1,69.1,45.3,47.8,71.0,82.7,86.7,60.5,54.1,61.3,71.4,43,35,30,33,10,26.79,933598935400.0,69329557.0,815102819831.078
8656,Asia,4078,TUR,Türkiye,2006,67.0,95.5,66.1,74.1,74.9,29.2,74.1,71.5,70.2,46.0,52.0,71.4,82.5,86.3,59.8,54.1,60.4,71.3,30,38,30,20,10,26.91,998465278200.0,70045349.0,945291887133.81
8657,Asia,4079,TUR,Türkiye,2007,67.9,95.5,64.6,77.4,75.7,32.1,74.2,70.5,70.1,48.3,53.7,75.5,82.3,85.7,60.7,54.1,61.6,71.4,45,38,35,35,20,27.03,1048822953700.0,70158112.0,1043000500284.33
8658,Asia,4080,TUR,Türkiye,2008,68.0,95.5,65.7,77.5,76.8,34.9,74.3,70.6,69.6,49.3,52.9,73.5,82.7,85.8,58.6,54.1,62.2,71.7,42,50,35,35,10,27.15,1057371118500.0,71051678.0,1139547816150.73
8659,Asia,4081,TUR,Türkiye,2009,68.4,95.5,65.9,78.0,76.5,35.3,74.0,71.0,68.0,50.6,52.9,75.9,82.9,85.8,58.7,54.1,63.4,73.4,40,45,15,45,20,27.27,1006372481600.0,72039206.0,1112437870348.36
8660,Asia,4082,TUR,Türkiye,2010,69.3,95.5,65.8,79.9,78.7,35.5,73.9,71.9,69.1,52.3,53.1,78.8,82.6,85.9,59.2,54.1,66.8,74.3,45,40,17,35,5,27.39,1091180540500.0,73142150.0,1268553834186.7
8661,Asia,4083,TUR,Türkiye,2011,69.2,96.1,67.1,78.9,80.9,38.6,73.8,70.9,70.1,54.4,51.5,73.4,82.5,84.7,59.3,54.0,65.6,73.9,43,50,35,28,35,27.54,1213393967700.0,74223629.0,1454111481655.52
8662,Asia,4084,TUR,Türkiye,2012,69.6,96.5,65.5,79.4,81.9,38.9,73.7,71.2,70.5,59.4,52.1,76.1,82.5,86.1,54.8,54.0,66.9,74.0,38,38,25,40,15,27.68,1271497249400.0,75175827.0,1550688774591.71
8663,Asia,4085,TUR,Türkiye,2013,69.9,97.0,65.3,79.6,84.1,42.4,73.8,71.8,70.1,60.6,55.2,76.7,82.1,85.2,50.5,54.0,66.3,73.8,42,38,18,35,10,27.82,1379394179100.0,76147624.0,1703669566586.39
8664,Asia,4086,TUR,Türkiye,2014,69.5,97.3,63.8,80.7,84.2,42.6,73.9,70.3,69.3,60.7,51.3,75.2,82.2,85.3,50.3,54.0,66.1,73.4,42,30,15,35,10,27.96,1447532322500.0,77181884.0,1860471150579.8
8665,Asia,4087,TUR,Türkiye,2015,69.5,96.9,65.4,83.0,83.2,43.5,73.7,71.5,67.4,64.3,46.7,75.7,82.4,85.5,51.9,54.0,63.5,73.2,60,42,15,25,15,28.1,1535607237100.0,78218479.0,2022939852651.27
8666,Asia,4088,TUR,Türkiye,2016,69.6,97.6,64.1,83.2,82.6,44.3,72.9,71.5,67.0,67.4,48.2,75.2,82.2,85.7,54.5,54.0,59.3,74.3,60,55,30,18,15,28.26,1586636758700.0,79277962.0,2116397789617.2
8667,Asia,4089,TUR,Türkiye,2017,69.3,97.8,65.1,83.7,80.9,44.8,73.2,70.4,67.2,66.5,47.0,73.4,82.0,85.5,54.1,54.0,59.1,73.9,65,38,15,30,18,28.41,1705666208500.0,80312698.0,2264269908091.15
8668,Asia,4090,TUR,Türkiye,2018,70.1,98.0,65.4,83.7,83.8,47.0,73.0,70.7,67.7,66.1,50.3,73.7,82.3,86.9,53.4,53.9,61.0,74.8,55,50,18,35,10,28.56,1757060837700.0,81407204.0,2303774665903.06
8669,Asia,4091,TUR,Türkiye,2019,70.3,97.2,65.5,84.2,84.7,47.6,73.1,72.1,66.4,67.0,45.0,73.6,82.1,87.4,57.2,53.9,62.2,75.2,45,35,20,45,30,28.72,1771442635900.0,82579440.0,2350308130312.31
8670,Asia,4092,TUR,Türkiye,2020,70.6,97.3,65.8,84.1,89.4,46.7,73.3,72.1,68.0,69.1,45.0,72.4,82.1,87.3,58.0,53.9,61.8,73.7,61,45,20,25,30,28.87,1804389219900.0,83384680.0,2391489351774.66
8671,Asia,4093,TUR,Türkiye,2021,70.7,97.9,65.1,83.3,89.4,47.2,73.3,72.1,68.8,71.9,45.0,71.1,82.2,86.7,58.7,53.9,60.4,74.5,55,60,18,32,20,,2010800442600.0,84147318.0,2637031078345.11
8672,Asia,4094,TUR,Türkiye,2022,70.8,98.1,65.2,84.6,89.4,47.6,73.3,72.1,70.0,71.9,45.0,71.5,82.2,86.7,58.6,53.9,58.5,74.5,55,55,24,30,20,,2122066634800.0,84979913.0,3322805935564.67
8673,Asia,4095,TKM,Turkmenistan,2000,65.7,98.8,50.2,60.9,99.6,74.3,51.6,56.7,60.3,10.8,0.0,84.2,86.2,73.0,0.0,64.0,72.2,42.1,80,10,4,18,5,8.78,13930091900.0,4582677.0,19286953004.5509
8674,Asia,4096,TKM,Turkmenistan,2001,66.0,98.8,51.0,61.1,99.6,74.3,51.8,57.7,60.8,10.8,0.0,84.1,85.2,76.1,0.0,64.0,72.3,42.1,75,8,6,20,7,8.78,14535193600.0,4675409.0,20577895419.2653
8675,Asia,4097,TKM,Turkmenistan,2002,66.4,98.8,55.3,60.8,99.6,74.3,52.0,56.7,61.4,10.8,0.0,83.9,84.4,78.7,0.0,64.0,72.4,42.1,70,8,5,22,10,8.78,14572575200.0,4769465.0,20951419438.6908
8676,Asia,4098,TKM,Turkmenistan,2003,65.9,98.8,56.6,60.5,99.6,74.2,52.3,54.7,61.9,10.8,0.0,83.8,83.2,73.8,0.0,64.0,72.5,42.1,65,15,6,22,5,8.78,15048927700.0,4863865.0,22063453785.708
8677,Asia,4099,TKM,Turkmenistan,2004,65.9,98.8,56.7,63.0,99.6,74.2,52.5,55.9,62.4,10.8,0.0,83.6,82.9,69.4,0.0,63.9,72.7,42.1,45,15,5,30,5,8.78,15801435400.0,4958093.0,23789689667.2872
8678,Asia,4100,TKM,Turkmenistan,2005,65.8,98.8,57.2,64.6,99.6,69.1,52.8,56.5,62.9,10.8,0.0,83.8,82.4,70.2,0.0,63.9,72.6,42.1,75,5,5,28,10,8.78,17861000000.0,5052257.0,27733583832.6714
8679,Asia,4101,TKM,Turkmenistan,2006,66.1,98.8,60.4,64.8,99.6,69.0,53.1,57.3,63.5,10.8,0.0,83.7,82.4,69.8,0.0,63.9,72.1,42.1,80,15,5,20,15,8.78,19820942600.0,5147105.0,31725984088.6731
8680,Asia,4102,TKM,Turkmenistan,2007,65.8,98.8,55.4,64.9,99.6,69.1,53.5,57.0,64.1,10.8,0.0,83.6,82.6,70.2,0.0,63.9,72.1,42.1,55,15,5,20,5,8.78,22013000000.0,5244046.0,36189253577.8937
8681,Asia,4103,TKM,Turkmenistan,2008,65.5,98.8,54.9,64.9,99.6,69.2,53.8,56.8,64.6,10.8,0.0,83.5,82.2,65.6,0.0,63.9,72.1,42.1,85,15,5,20,10,8.78,25248911000.0,5345029.0,42308833205.7908
8682,Asia,4104,TKM,Turkmenistan,2009,66.2,98.8,56.6,65.1,99.6,69.7,54.1,59.9,65.2,10.8,0.0,83.4,82.8,69.2,0.0,63.9,72.1,42.1,75,18,5,35,8,8.78,26789094600.0,5451592.0,45166542919.474
8683,Asia,4105,TKM,Turkmenistan,2010,66.2,98.8,57.4,67.0,99.6,69.8,54.4,58.8,65.2,10.9,0.0,83.1,83.0,66.3,0.0,63.9,72.7,42.1,80,15,5,18,5,8.78,29253691300.0,5564356.0,49921266918.3145
8684,Asia,4106,TKM,Turkmenistan,2011,65.9,98.9,56.6,66.1,99.6,69.9,54.8,58.1,65.1,11.3,0.0,82.7,82.8,63.2,0.0,63.9,72.8,42.1,75,16,6,20,20,8.78,33553983900.0,5683417.0,58441023273.0774
8685,Asia,4107,TKM,Turkmenistan,2012,65.5,99.0,54.0,65.9,99.6,70.0,55.1,57.6,65.1,11.7,0.0,86.1,82.2,59.4,0.0,63.9,71.6,42.1,78,15,5,30,15,8.78,37278476100.0,5808546.0,64099926378.1677
8686,Asia,4108,TKM,Turkmenistan,2013,65.6,98.9,54.9,65.7,99.6,70.0,55.4,58.3,65.0,12.0,0.0,85.0,82.0,58.0,0.0,63.9,72.0,42.6,78,10,5,30,10,8.78,41080880700.0,5939341.0,69625757915.0254
8687,Asia,4109,TKM,Turkmenistan,2014,66.2,99.0,55.4,66.8,99.6,75.1,55.7,59.3,65.0,12.7,0.0,87.4,81.8,57.8,0.0,63.9,70.3,42.7,85,8,5,70,10,8.78,45312211400.0,6075283.0,75798477556.9655
8688,Asia,4110,TKM,Turkmenistan,2015,66.8,99.0,57.9,68.1,99.6,77.3,56.1,60.4,65.1,13.2,0.0,87.0,81.9,59.0,0.0,63.9,71.0,42.8,80,18,5,28,15,8.78,48257505100.0,6215770.0,79032357701.4529
8689,Asia,4111,TKM,Turkmenistan,2016,67.3,99.0,57.7,68.8,99.6,77.4,56.4,60.5,65.0,16.2,0.0,87.2,81.8,60.9,0.0,63.9,73.4,42.5,82,16,2,25,10,8.78,51249470400.0,6360041.0,82167730668.8496
8690,Asia,4112,TKM,Turkmenistan,2017,67.1,99.0,56.6,68.4,99.6,77.5,56.7,60.7,70.9,17.0,0.0,77.4,82.0,61.6,0.0,63.9,72.3,42.9,80,18,7,30,5,8.78,54580686000.0,6507061.0,86403378533.5301
8691,Asia,4113,TKM,Turkmenistan,2018,67.1,99.0,57.4,67.4,99.6,77.0,56.9,59.3,70.9,16.2,0.0,77.5,81.8,61.8,0.0,63.9,75.1,42.3,80,12,5,35,15,8.78,57964688500.0,6655524.0,95629644637.5132
8692,Asia,4114,TKM,Turkmenistan,2019,67.6,98.9,58.6,69.5,99.6,78.4,57.1,57.8,70.9,16.1,0.0,82.8,81.7,61.7,0.0,63.9,74.9,42.5,70,10,5,80,20,8.78,61616463900.0,6803944.0,105309565740.432
8693,Asia,4115,TKM,Turkmenistan,2020,67.8,98.9,58.7,69.5,99.6,78.4,57.3,57.9,70.5,16.1,0.0,82.7,81.7,63.3,0.0,63.9,74.9,43.5,82,18,5,60,5,8.78,65251835300.0,6949912.0,104880701502.71
8694,Asia,4116,TKM,Turkmenistan,2021,67.6,98.9,58.5,69.4,99.6,78.4,57.3,57.9,70.5,16.1,0.0,82.7,81.7,59.3,0.0,63.9,74.9,44.1,75,10,3,35,15,,69297449100.0,7092043.0,116551626881.618
8695,Asia,4117,TKM,Turkmenistan,2022,68.5,98.9,58.6,69.4,99.6,78.4,57.3,57.9,70.1,16.1,0.0,82.7,81.7,59.3,0.0,63.8,74.9,45.3,76,15,5,80,10,,73593890900.0,7230193.0,132602544199.709
8719,Africa,4141,UGA,Uganda,2000,46.5,21.7,61.7,16.6,38.6,41.0,41.4,29.6,63.5,13.0,27.6,35.2,96.5,99.4,0.0,66.1,45.4,46.0,5,55,10,20,10,15.77,37892699632000.0,24000150.0,26981198607.2246
8720,Africa,4142,UGA,Uganda,2001,46.8,21.7,62.2,17.7,38.6,44.9,41.5,30.0,63.5,13.0,27.6,35.1,96.4,99.4,0.0,66.0,45.4,46.1,30,60,14,18,10,15.57,39856928772000.0,24745676.0,29018837888.2364
8721,Africa,4143,UGA,Uganda,2002,47.0,21.7,62.2,18.7,38.8,45.2,41.5,30.1,63.5,12.9,27.6,35.8,96.4,99.4,0.0,65.9,45.4,46.3,38,33,15,22,15,15.36,43337509117000.0,25532870.0,32043293153.7008
8722,Africa,4144,UGA,Uganda,2003,47.2,21.7,62.1,20.1,39.0,48.0,41.5,30.5,63.4,12.5,27.6,35.6,96.4,99.4,0.0,65.8,45.4,46.3,35,35,20,30,12,15.16,46142858184000.0,26352124.0,34791125984.3477
8723,Africa,4145,UGA,Uganda,2004,47.8,21.7,61.3,21.6,38.9,50.4,41.6,30.7,63.9,12.6,27.6,36.3,96.4,99.4,0.0,65.6,45.6,50.3,35,40,18,30,5,14.95,49283910212000.0,27154515.0,38158688982.7834
8724,Africa,4146,UGA,Uganda,2005,48.4,21.7,61.3,22.8,38.9,53.2,41.6,29.0,64.4,12.4,39.1,36.6,96.6,99.4,0.0,65.5,45.6,46.3,35,55,15,35,15,14.75,52404845918000.0,27963289.0,41847327034.6383
8725,Africa,4147,UGA,Uganda,2006,49.0,21.7,60.2,24.6,41.0,58.3,41.6,26.8,64.2,12.8,39.1,37.3,96.5,99.4,0.0,68.2,46.0,45.6,35,55,18,30,12,14.54,58056574596000.0,28794003.0,47790135007.3016
8726,Africa,4148,UGA,Uganda,2007,49.6,21.7,60.0,28.6,41.5,61.6,41.7,28.7,63.9,13.4,39.1,40.0,96.5,99.4,0.0,68.0,44.7,45.4,30,65,20,18,10,14.33,62940540952000.0,29653430.0,53214123604.0574
8727,Africa,4149,UGA,Uganda,2008,50.0,21.7,59.6,29.4,42.0,64.3,41.7,29.8,63.7,13.1,39.1,42.3,96.1,99.4,0.0,67.8,45.7,44.6,37,65,16,20,10,14.13,68421876509000.0,30539553.0,58962980523.9542
8728,Africa,4150,UGA,Uganda,2009,49.3,21.7,61.8,31.0,42.4,60.2,41.8,28.0,63.4,13.0,32.2,42.2,96.1,99.4,0.0,67.7,44.2,43.9,40,60,20,18,10,13.92,73075602310000.0,31451151.0,63361765399.2623
8729,Africa,4151,UGA,Uganda,2010,49.2,21.7,62.1,32.7,42.8,56.4,41.9,28.2,63.4,13.5,32.2,41.2,96.1,99.4,0.0,67.5,44.4,44.4,35,60,15,22,15,13.72,77195320970000.0,32390802.0,67747293893.5972
8730,Africa,4152,UGA,Uganda,2011,50.0,23.8,62.3,37.2,44.2,57.9,42.4,28.3,63.5,13.7,32.2,43.0,96.0,99.3,0.0,67.4,43.0,45.1,30,60,20,35,5,13.51,84445239572000.0,33354543.0,75638854428.333
8731,Africa,4153,UGA,Uganda,2012,50.6,26.5,62.6,37.7,42.0,54.4,42.9,28.6,63.5,14.5,47.9,39.8,96.2,99.4,0.0,67.3,42.4,44.3,40,50,18,28,10,13.3,87685788152000.0,34337438.0,69771843672.1953
8732,Africa,4154,UGA,Uganda,2013,51.1,24.4,62.7,37.9,43.7,56.7,43.5,28.4,64.4,14.9,47.9,42.7,96.3,99.4,0.0,67.1,42.7,44.5,40,50,20,22,5,13.1,90830994796000.0,35337042.0,72260074930.0597
8733,Africa,4155,UGA,Uganda,2014,51.5,23.1,63.8,39.1,42.8,57.1,44.0,30.4,67.9,14.9,47.9,43.4,96.2,99.4,0.0,67.0,42.9,44.5,40,63,18,28,10,12.89,95469104537000.0,36395539.0,77668413711.6786
8734,Africa,4156,UGA,Uganda,2015,51.5,24.5,62.5,41.7,37.3,60.2,44.6,29.2,66.5,15.6,47.9,43.7,96.3,99.4,0.0,66.8,42.1,44.9,35,60,18,30,15,12.69,100421907890000.0,37531446.0,82192547854.5883
8735,Africa,4157,UGA,Uganda,2016,51.8,23.0,64.5,44.6,38.9,61.5,45.1,32.6,66.3,18.4,39.4,43.4,96.3,99.4,0.0,66.7,43.3,44.9,42,63,18,30,15,12.48,105223079600000.0,38799152.0,84011710476.5525
8736,Africa,4158,UGA,Uganda,2017,52.9,21.7,65.3,46.0,37.6,62.7,45.7,34.1,69.2,29.0,39.4,41.4,96.3,99.4,0.0,66.6,46.1,46.5,40,60,23,32,55,12.28,108518040920000.0,40177388.0,86701094761.929
8737,Africa,4159,UGA,Uganda,2018,53.3,23.1,66.3,46.9,40.2,63.9,46.3,37.4,69.2,27.5,39.4,43.0,96.3,99.4,0.0,62.3,46.0,46.1,50,55,20,30,40,12.07,115358935510000.0,41565831.0,96102592476.7351
8738,Africa,4160,UGA,Uganda,2019,53.6,23.8,66.9,49.2,40.2,64.9,46.8,38.0,68.2,27.7,39.7,43.9,96.3,99.4,0.0,62.1,44.9,45.3,10,63,17,20,30,11.86,122786603240000.0,42999637.0,104978215231.617
8739,Africa,4161,UGA,Uganda,2020,53.5,23.4,66.6,49.3,40.2,65.5,47.4,38.2,67.9,27.6,39.7,42.1,96.3,99.4,0.0,62.0,43.8,46.8,35,65,18,40,5,11.66,126410412147000.0,44457152.0,112575267254.241
8740,Africa,4162,UGA,Uganda,2021,54.6,24.3,66.5,49.0,40.8,67.8,47.4,38.2,69.3,32.2,39.7,46.2,96.3,99.4,0.0,64.4,44.2,48.2,40,60,22,35,15,,130881017931600.0,45910930.0,123267190675.87
8741,Africa,4163,UGA,Uganda,2022,55.0,25.4,66.7,49.3,40.8,67.8,47.4,38.2,69.3,30.3,39.7,43.3,96.3,99.4,0.0,64.1,42.8,48.2,45,63,20,30,30,,136885867725800.0,47312719.0,138114236789.416
8742,Europe,4164,UKR,Ukraine,2000,69.1,0.0,55.2,67.6,96.4,61.6,74.3,63.6,71.2,12.8,93.2,83.2,86.5,81.3,59.6,77.8,57.2,63.2,35,45,20,20,7,16.42,1786380478800.0,49556660.0,209531326339.562
8743,Europe,4165,UKR,Ukraine,2001,69.4,0.0,58.6,66.8,97.3,62.1,74.6,63.9,71.5,13.5,93.2,83.0,86.5,80.3,59.3,77.8,57.0,64.4,10,30,18,20,10,16.42,1943581961000.0,49106855.0,233103262447.443
8744,Europe,4166,UKR,Ukraine,2002,69.7,0.0,58.1,66.6,97.3,62.5,74.9,64.2,72.0,13.2,93.2,82.8,86.4,80.5,61.2,77.8,57.2,68.1,20,30,15,23,8,16.43,2047362380900.0,48677281.0,249365990564.603
8745,Europe,4167,UKR,Ukraine,2003,69.4,0.0,56.2,66.4,92.8,61.8,75.1,63.7,72.6,13.9,94.1,82.5,86.2,79.8,60.2,77.8,57.4,69.9,25,30,10,20,10,16.44,2242201871200.0,48315136.0,278488976786.558
8746,Europe,4168,UKR,Ukraine,2004,69.6,0.0,58.4,66.7,92.5,62.1,75.2,64.2,72.9,13.8,93.6,82.4,86.6,79.5,60.9,78.0,57.8,69.7,30,40,25,15,10,16.44,2506677486300.0,47979507.0,319709877735.402
8747,Europe,4169,UKR,Ukraine,2005,70.0,0.0,58.1,65.9,92.6,62.1,75.3,64.7,73.7,13.8,93.2,82.2,86.6,79.2,62.0,78.0,58.1,75.0,38,30,35,35,10,16.45,2583663327100.0,47585556.0,339861133733.497
8748,Europe,4170,UKR,Ukraine,2006,69.7,0.0,57.2,66.1,91.7,63.8,75.2,65.5,73.9,13.3,90.5,82.1,86.4,78.1,59.1,78.0,58.1,76.3,25,20,40,25,10,16.46,2779283348700.0,47278694.0,376867755295.552
8749,Europe,4171,UKR,Ukraine,2007,69.7,0.0,55.7,65.9,91.0,63.6,75.1,65.8,74.1,13.3,98.6,79.9,86.0,77.8,58.7,78.1,58.1,74.0,25,23,35,24,10,16.46,3007624945500.0,47062798.0,418879809643.468
8750,Europe,4172,UKR,Ukraine,2008,70.4,0.0,60.7,66.2,91.2,63.6,75.0,66.0,74.1,14.1,99.0,80.7,85.5,78.2,60.5,78.2,58.7,74.9,35,45,25,25,5,16.47,3075100758400.0,46819175.0,436529004077.399
8751,Europe,4173,UKR,Ukraine,2009,69.9,0.0,59.6,66.0,76.2,63.5,75.0,66.6,72.8,15.3,100.0,83.7,86.3,80.8,60.5,78.2,57.9,76.7,30,33,30,23,8,16.48,2609639118900.0,46623731.0,372738819856.649
8752,Europe,4174,UKR,Ukraine,2010,70.6,0.0,58.4,66.2,93.2,63.5,74.9,66.1,73.1,16.3,100.0,78.6,85.6,79.8,60.7,78.2,57.5,76.9,25,40,35,22,10,16.48,2716425665600.0,46456003.0,392706515347.88
8753,Europe,4175,UKR,Ukraine,2011,71.0,0.0,62.5,66.7,94.7,63.5,75.1,66.8,73.3,17.0,100.0,78.9,85.1,78.4,61.8,78.2,59.2,75.5,25,35,15,25,8,16.52,2864342671100.0,46307853.0,422633627957.62
8754,Europe,4176,UKR,Ukraine,2012,71.6,0.0,60.1,69.7,95.4,64.7,75.2,66.7,73.4,20.6,100.0,81.1,85.0,77.8,61.5,78.5,58.7,77.8,35,42,25,25,10,16.56,2868705493700.0,46210056.0,441412985744.166
8755,Europe,4177,UKR,Ukraine,2013,71.7,0.0,63.2,70.0,94.6,63.6,75.5,67.4,73.6,22.0,100.0,81.1,84.6,78.6,61.0,78.9,57.4,76.0,38,45,15,14,8,16.6,2870009007500.0,46126770.0,502958216930.577
8756,Europe,4178,UKR,Ukraine,2014,72.1,0.0,64.6,65.3,91.9,64.4,75.7,68.2,74.3,22.6,100.0,83.5,85.1,83.2,62.4,78.9,58.7,74.4,50,30,25,10,7,16.63,2580743813600.0,45972380.0,458591716288.241
8757,Europe,4179,UKR,Ukraine,2015,72.4,0.0,64.3,66.7,91.9,64.4,76.2,68.6,75.3,23.0,100.0,79.5,85.5,85.9,64.2,78.9,58.6,76.3,50,40,30,15,7,16.67,2328528050700.0,45784896.0,431227247239.316
8758,Europe,4180,UKR,Ukraine,2016,72.3,0.0,65.5,66.8,91.9,64.0,76.2,69.4,75.2,24.6,100.0,79.1,85.1,85.1,61.4,79.5,61.0,71.2,40,37,20,30,10,16.68,2385367000000.0,45616832.0,469908642632.233
8759,Europe,4181,UKR,Ukraine,2017,73.4,0.0,64.2,70.5,91.9,63.9,76.0,70.1,76.7,33.4,99.6,83.0,84.8,85.3,62.2,79.5,59.8,73.1,38,38,40,22,7,16.69,2441661000000.0,45436041.0,496521669473.448
8760,Europe,4182,UKR,Ukraine,2018,73.4,0.0,65.9,73.4,91.9,63.6,76.0,70.3,76.3,34.0,99.5,81.3,84.6,84.3,59.7,79.6,60.8,73.0,42,50,45,22,8,16.7,2526834982800.0,45208907.0,537198415902.321
8761,Europe,4183,UKR,Ukraine,2019,74.3,0.0,66.3,75.7,91.9,67.6,76.0,70.7,76.2,41.1,98.7,78.4,84.5,84.8,61.8,79.6,61.9,73.4,42,45,60,30,8,16.72,2607681165700.0,44957458.0,604396090412.295
8762,Europe,4184,UKR,Ukraine,2020,75.0,0.0,65.1,76.9,91.9,67.7,76.1,70.7,75.3,45.3,100.0,79.8,84.5,85.6,61.7,79.6,63.4,76.1,44,45,20,22,7,16.73,2509819639100.0,44680014.0,656105592902.923
8763,Europe,4185,UKR,Ukraine,2021,75.7,0.0,67.6,76.6,91.9,67.7,76.1,70.7,78.4,50.4,100.0,80.2,84.5,85.8,61.4,79.6,63.8,77.3,35,38,55,20,10,,2596298503100.0,44298640.0,746470597165.436
8764,Europe,4186,UKR,Ukraine,2022,76.5,0.0,67.9,75.4,91.9,67.7,76.1,70.7,78.4,49.9,100.0,80.2,84.5,85.8,61.4,79.6,62.8,76.8,50,35,15,6,10,,1849639811600.0,41048766.0,569710531654.787
8765,Asia,4187,ARE,United Arab Emirates,2000,59.8,99.5,67.4,76.2,86.4,39.3,57.6,62.6,62.0,35.8,84.3,82.0,45.0,9.8,64.9,45.9,69.3,29.1,38,30,15,83,10,4.36,754146375700.0,3493575.0,319024983517.667
8766,Asia,4188,ARE,United Arab Emirates,2001,60.1,99.5,67.1,76.4,85.5,39.6,57.6,64.6,61.7,36.3,84.3,82.0,44.5,9.8,66.0,48.0,69.3,29.1,20,60,12,85,25,4.37,764697524800.0,3723590.0,330772370346.192
8767,Asia,4189,ARE,United Arab Emirates,2002,60.0,99.5,65.5,74.9,84.7,39.8,57.6,67.1,61.7,36.7,84.3,82.0,44.6,9.8,65.6,47.8,69.3,29.1,38,20,10,80,40,4.38,783306108800.0,3956826.0,344086842258.602
8768,Asia,4190,ARE,United Arab Emirates,2003,59.8,99.5,63.9,74.5,85.1,40.0,57.6,65.5,61.5,37.5,84.3,82.0,44.5,9.8,65.5,47.6,69.3,29.1,40,18,15,78,5,4.39,852241282600.0,4192457.0,381759554538.276
8769,Asia,4191,ARE,United Arab Emirates,2004,60.0,99.5,64.6,75.6,86.7,40.2,57.6,65.6,61.1,37.5,84.3,82.0,44.8,9.8,65.3,47.3,69.3,29.1,40,18,20,75,10,4.4,933770404900.0,4428967.0,429528265203.628
8770,Asia,4192,ARE,United Arab Emirates,2005,60.8,99.5,63.7,79.0,86.1,40.4,57.6,66.8,61.2,39.4,84.3,82.2,44.8,9.8,68.2,51.9,69.3,29.1,40,20,15,85,40,4.41,979106276500.0,4664790.0,464504006610.807
8771,Asia,4193,ARE,United Arab Emirates,2006,61.0,99.5,63.9,79.0,85.5,42.6,57.6,67.0,60.8,41.1,84.3,82.2,45.9,9.8,68.2,51.7,69.1,29.1,38,18,15,73,60,4.42,1075424091800.0,5009100.0,525932447588.067
8772,Asia,4194,ARE,United Arab Emirates,2007,61.5,99.5,62.1,78.9,84.0,51.7,57.6,67.7,61.1,42.1,84.3,82.2,47.4,9.8,68.0,51.4,69.1,29.1,44,30,15,80,70,4.43,1109669790900.0,5624635.0,557382797831.616
8773,Asia,4195,ARE,United Arab Emirates,2008,61.5,99.5,61.7,79.3,84.0,51.2,57.6,67.0,61.1,42.3,84.3,82.2,48.2,9.8,67.2,51.2,69.1,29.1,40,17,19,70,80,4.45,1145088633800.0,6302664.0,586255468615.885
8774,Asia,4196,ARE,United Arab Emirates,2009,61.0,99.5,61.2,79.6,87.0,50.2,57.6,66.9,61.4,42.7,84.3,70.8,49.7,9.8,67.3,50.9,69.1,29.1,43,24,15,65,70,4.46,1085052531000.0,6707058.0,558944883526.871
8775,Asia,4197,ARE,United Arab Emirates,2010,62.2,99.5,61.7,80.3,87.1,49.2,57.7,67.8,61.9,43.6,84.3,86.3,50.5,9.8,68.0,50.7,69.1,29.1,55,35,17,85,5,4.47,1102444296000.0,6869838.0,574805592711.487
8776,Asia,4198,ARE,United Arab Emirates,2011,62.1,99.5,62.1,80.6,86.6,45.7,57.7,67.5,62.0,46.3,84.3,86.6,50.5,9.8,68.3,50.5,69.2,29.1,43,30,20,76,45,4.47,1170973576400.0,7104538.0,623132238927.049
8777,Asia,4199,ARE,United Arab Emirates,2012,62.3,99.4,62.2,81.3,81.6,44.9,57.7,66.0,62.1,51.7,84.3,86.1,51.9,9.8,69.0,52.6,70.8,28.3,50,30,15,70,30,4.47,1192337764300.0,7391448.0,645566759660.909
8778,Asia,4200,ARE,United Arab Emirates,2013,62.9,99.4,61.8,80.7,81.2,48.5,57.8,66.1,62.2,59.4,84.3,84.2,52.1,11.1,69.1,52.5,69.7,28.7,40,20,17,80,5,4.47,1252617111300.0,7693031.0,657868026081.152
8779,Asia,4201,ARE,United Arab Emirates,2014,63.8,99.6,64.6,80.9,85.6,48.2,57.8,66.9,66.5,60.4,84.3,84.4,50.8,9.8,68.2,54.7,72.2,28.8,43,40,10,78,20,4.47,1304797280100.0,8059440.0,687052388186.095
8780,Asia,4202,ARE,United Arab Emirates,2015,64.4,99.5,64.5,81.5,91.9,50.5,57.8,66.8,67.5,63.0,84.3,82.0,50.9,9.8,69.2,54.4,72.4,29.1,50,30,15,75,75,4.47,1393350908000.0,8505237.0,609998221091.021
8781,Asia,4203,ARE,United Arab Emirates,2016,64.8,99.6,64.0,83.7,91.7,50.3,57.9,67.3,67.6,64.6,84.3,85.2,49.8,9.8,70.8,54.2,71.8,29.0,50,30,10,75,10,4.47,1470841990000.0,8935095.0,604925118660.42
8782,Asia,4204,ARE,United Arab Emirates,2017,66.0,99.6,64.5,85.0,91.2,57.6,57.9,68.9,66.1,74.0,84.3,83.3,49.6,9.8,71.4,56.0,70.9,31.0,42,30,17,80,40,4.47,1481653689300.0,9223225.0,627578031229.294
8783,Asia,4205,ARE,United Arab Emirates,2018,67.4,99.7,64.6,85.1,91.2,58.5,57.9,69.1,66.2,78.4,100.0,82.5,49.5,9.8,72.1,56.6,73.1,30.8,60,25,15,76,60,4.47,1501121342800.0,9346701.0,701667873659.965
8784,Asia,4206,ARE,United Arab Emirates,2019,69.5,99.7,64.7,86.5,98.2,74.6,57.9,69.2,66.0,81.9,100.0,84.5,49.3,9.8,72.8,56.4,74.3,35.0,48,35,15,80,60,4.47,1517758993200.0,9445785.0,726238678138.084
8785,Asia,4207,ARE,United Arab Emirates,2020,69.6,99.6,64.8,85.0,97.1,76.6,58.0,69.2,64.1,85.0,100.0,84.0,49.3,9.8,72.7,56.2,73.7,38.6,45,25,16,80,50,4.47,1442522884100.0,9401038.0,614384479773.466
8786,Asia,4208,ARE,United Arab Emirates,2021,69.9,99.6,64.8,86.2,98.7,73.5,58.0,69.2,63.5,87.5,100.0,85.4,51.9,9.8,72.7,55.9,73.5,38.8,45,30,15,76,50,,1505341225800.0,9575152.0,645375981350.196
8787,Asia,4209,ARE,United Arab Emirates,2022,69.7,99.7,64.8,86.2,98.2,74.3,58.0,69.2,63.7,88.3,100.0,85.4,51.9,9.8,72.7,55.5,70.4,37.1,52,30,15,79,60,,1618387791200.0,10074977.0,743309077886.72
8788,Europe,4210,GBR,United Kingdom,2000,76.5,99.8,73.1,85.5,99.5,72.3,92.8,68.5,82.7,72.1,65.5,87.7,50.2,60.3,70.8,84.3,81.9,54.3,44,15,75,78,10,12.21,1702616295000.0,58892514.0,1562409690541.96
8789,Europe,4211,GBR,United Kingdom,2001,76.8,99.8,70.8,85.2,99.5,71.9,92.8,68.6,83.2,73.0,67.9,87.7,50.4,60.1,73.0,84.6,81.8,54.8,20,23,70,79,8,12.25,1746420874000.0,59119673.0,1650357031262.37
8790,Europe,4212,GBR,United Kingdom,2002,77.3,99.8,72.6,85.4,99.4,71.7,92.8,68.9,83.0,76.4,71.0,87.7,50.4,60.7,71.5,84.5,81.8,56.3,25,10,65,75,10,12.3,1777780668000.0,59370479.0,1727031050462.62
8791,Europe,4213,GBR,United Kingdom,2003,77.4,99.8,72.3,85.1,99.5,71.6,92.7,68.9,83.2,77.5,71.2,87.7,50.8,60.4,71.7,84.7,81.9,57.0,15,15,65,68,7,12.34,1833822475000.0,59647577.0,1808366865946.19
8792,Europe,4214,GBR,United Kingdom,2004,77.4,99.8,72.1,85.3,99.1,71.1,92.7,68.8,83.3,77.4,70.5,87.7,50.5,60.5,72.6,84.8,81.9,57.4,35,35,65,75,6,12.38,1878896079000.0,59987905.0,1922940594923.09
8793,Europe,4215,GBR,United Kingdom,2005,77.8,99.8,71.8,86.5,99.5,71.5,92.7,68.8,83.4,78.1,71.7,87.7,50.7,60.7,74.0,85.6,81.9,58.0,30,32,65,70,8,12.43,1930239935000.0,60401206.0,1976697912294.61
8794,Europe,4216,GBR,United Kingdom,2006,77.5,99.8,71.5,87.1,99.3,71.7,92.6,68.8,83.0,78.0,70.0,87.7,50.5,60.8,70.3,85.7,81.9,58.4,20,18,75,70,10,12.47,1976193042000.0,60846820.0,2113503098384.48
8795,Europe,4217,GBR,United Kingdom,2007,77.4,99.8,70.1,87.2,97.9,71.9,94.4,68.9,83.0,79.1,66.0,88.5,51.4,61.2,70.0,85.7,81.7,58.3,20,18,65,72,8,12.51,2028065737000.0,61322463.0,2178376960471.15
8796,Europe,4218,GBR,United Kingdom,2008,77.9,99.8,71.7,88.0,98.8,72.1,94.4,68.9,82.9,79.6,69.5,88.9,52.3,61.7,69.1,85.7,82.3,58.7,20,20,60,69,8,12.56,2023019965000.0,61806995.0,2271085135764.89
8797,Europe,4219,GBR,United Kingdom,2009,78.3,99.8,71.1,88.3,98.2,72.3,94.5,69.5,82.0,80.5,67.6,91.8,53.5,63.2,70.2,85.7,82.1,60.3,20,25,60,67,10,12.6,1929545241000.0,62276270.0,2181122499274.74
8798,Europe,4220,GBR,United Kingdom,2010,79.0,99.8,70.4,90.6,98.4,73.7,94.5,69.6,81.8,81.5,73.4,91.4,53.7,62.8,71.2,86.1,83.4,61.2,25,30,78,72,8,12.64,1972638066000.0,62766365.0,2290198529537.39
8799,Europe,4221,GBR,United Kingdom,2011,79.5,99.9,70.5,90.9,97.9,73.7,94.7,70.3,81.6,84.4,74.2,93.7,53.8,63.4,72.1,86.1,83.6,61.0,35,30,70,66,7,12.72,1995093836000.0,63258810.0,2354769903633.16
8800,Europe,4222,GBR,United Kingdom,2012,79.6,100.0,68.2,91.5,97.6,74.1,94.6,70.1,81.8,86.4,76.1,93.2,53.8,63.4,71.8,86.1,84.1,61.1,25,13,72,62,7,12.8,2025199769000.0,63711000.0,2442462879506.98
8801,Europe,4223,GBR,United Kingdom,2013,79.8,99.9,69.0,91.9,97.8,75.7,94.7,70.7,81.9,88.4,73.2,93.7,53.9,63.3,72.8,86.1,82.7,60.7,25,33,78,70,10,12.88,2061651775000.0,64139000.0,2562195072837.32
8802,Europe,4224,GBR,United Kingdom,2014,80.0,99.9,69.6,91.9,97.7,76.2,94.8,71.6,82.9,88.9,72.4,93.5,53.9,63.0,73.2,86.1,83.7,60.8,30,28,78,68,10,12.96,2127514072000.0,64620000.0,2666661894153.29
8803,Europe,4225,GBR,United Kingdom,2015,80.4,99.8,69.1,92.0,98.3,79.8,94.5,72.5,82.7,88.8,72.6,96.0,54.2,63.9,72.9,86.1,83.6,60.6,33,35,70,61,10,13.04,2174806336000.0,65088000.0,2767977872942.74
8804,Europe,4226,GBR,United Kingdom,2016,80.5,99.9,68.6,92.4,99.1,80.1,94.4,72.8,83.1,88.9,72.5,94.4,54.5,66.6,72.3,86.1,82.7,60.4,25,22,75,65,7,13.07,2216599809000.0,65607000.0,2892297884267.13
8805,Europe,4227,GBR,United Kingdom,2017,80.9,99.0,68.8,93.3,99.7,81.8,94.4,73.4,82.9,89.0,71.2,94.0,54.5,69.2,72.7,86.1,85.3,60.6,25,35,65,65,10,13.1,2275483891000.0,65966000.0,3041891554350.64
8806,Europe,4228,GBR,United Kingdom,2018,80.9,99.0,68.1,93.7,99.5,82.0,94.4,74.1,83.2,90.9,69.0,93.3,54.2,70.0,73.7,86.2,84.2,60.4,35,40,75,58,10,13.13,2307458769000.0,66289000.0,3129649825363.45
8807,Europe,4229,GBR,United Kingdom,2019,81.0,99.0,68.5,94.0,99.2,82.2,94.4,74.8,82.4,91.2,68.4,93.7,54.2,70.4,76.0,86.2,82.3,60.7,30,45,75,38,8,13.16,2344942864000.0,66631000.0,3335878386954.67
8808,Europe,4230,GBR,United Kingdom,2020,81.3,98.9,67.1,93.2,98.2,83.6,94.4,74.8,82.1,91.6,71.5,93.3,54.2,71.4,76.1,86.2,82.1,63.9,42,45,72,58,10,13.19,2103486000000.0,66744000.0,3219066303872.09
8809,Europe,4231,GBR,United Kingdom,2021,81.7,98.9,68.4,93.5,98.2,84.1,94.4,74.8,83.5,91.8,71.5,92.9,63.5,70.9,76.0,86.2,80.5,59.7,25,45,75,68,8,,2283879926000.0,66984000.0,3416480549650.65
8810,Europe,4232,GBR,United Kingdom,2022,81.7,99.0,68.4,93.1,98.2,84.1,94.4,74.8,84.0,91.8,71.5,91.3,63.5,70.9,76.1,86.2,81.1,59.9,35,40,68,75,12,,2394398821000.0,67604000.0,3957840318954.8
8811,North America,4233,USA,United States,2000,71.5,98.6,69.0,84.3,94.2,70.5,82.9,69.8,84.5,74.3,53.5,86.1,51.3,42.7,57.3,56.4,71.5,69.5,35,20,80,75,8,33.18,14096033000000.0,282162411.0,10250952000000.0
8812,North America,4234,USA,United States,2001,71.6,98.6,68.4,84.4,94.2,70.6,82.9,69.5,84.1,75.3,52.8,86.1,51.7,42.7,59.5,56.6,71.2,69.5,25,10,75,65,5,33.24,14230726000000.0,284968955.0,10581929000000.0
8813,North America,4235,USA,United States,2002,71.6,98.6,67.1,84.5,94.2,70.5,82.9,69.7,83.5,76.3,53.1,86.1,52.0,42.7,59.0,56.6,71.4,69.5,30,20,50,71,6,33.3,14472712000000.0,287625193.0,10929108000000.0
8814,North America,4236,USA,United States,2003,71.8,98.6,68.1,85.0,94.2,70.8,82.9,69.9,83.4,76.8,52.5,86.1,52.0,42.7,59.7,56.6,71.4,69.5,20,20,80,65,8,33.35,14877312000000.0,290107933.0,11456450000000.0
8815,North America,4237,USA,United States,2004,72.0,98.6,70.1,85.3,94.2,71.2,82.8,70.1,83.6,77.0,53.2,86.1,52.0,42.7,58.7,56.6,71.6,69.5,10,15,70,75,7,33.41,15449757000000.0,292805298.0,12217196000000.0
8816,North America,4238,USA,United States,2005,72.0,98.6,68.8,85.7,94.2,71.4,82.8,70.3,83.8,77.5,52.2,86.1,51.8,42.7,61.2,56.7,71.4,69.5,30,10,5,68,8,33.47,15987957000000.0,295516599.0,13039197000000.0
8817,North America,4239,USA,United States,2006,72.2,98.6,68.0,85.8,94.2,72.3,83.0,70.7,84.1,77.8,51.7,86.1,51.7,42.7,60.0,60.0,71.5,69.5,40,18,65,68,10,33.52,16433148000000.0,298379912.0,13815583000000.0
8818,North America,4240,USA,United States,2007,72.6,98.6,68.7,86.6,94.2,72.5,83.2,70.7,84.1,79.0,52.5,87.3,52.1,42.7,60.5,60.1,71.2,69.5,40,50,85,67,10,33.58,16762445000000.0,301231207.0,14474228000000.0
8819,North America,4241,USA,United States,2008,72.4,98.6,68.6,86.7,94.2,72.6,83.4,71.1,83.4,79.4,52.5,83.2,53.2,43.6,59.3,60.4,71.8,69.5,40,28,75,55,10,33.64,16781485000000.0,304093966.0,14769862000000.0
8820,North America,4242,USA,United States,2009,73.0,98.6,69.6,86.9,94.2,72.6,83.5,71.5,81.5,83.7,52.8,87.7,54.5,46.3,56.0,60.3,71.5,69.5,20,20,85,68,5,33.69,16349110000000.0,306771529.0,14478067000000.0
8821,North America,4243,USA,United States,2010,73.4,98.6,69.6,88.1,93.7,72.6,83.7,71.6,81.3,86.4,53.6,88.2,54.2,45.5,58.7,60.5,72.0,69.5,20,40,50,78,10,33.75,16789750000000.0,309378227.0,15048971000000.0
8822,North America,4244,USA,United States,2011,73.7,98.6,68.4,88.2,93.6,72.6,83.7,72.2,81.6,88.7,52.4,90.1,54.3,47.1,60.8,60.5,71.8,69.2,20,40,70,75,8,33.78,17052410000000.0,311839461.0,15599732000000.0
8823,North America,4245,USA,United States,2012,73.8,98.6,66.4,88.0,93.6,73.1,83.6,72.4,82.1,90.8,52.4,88.7,53.9,47.9,63.0,60.5,71.5,68.7,40,18,65,75,7,33.81,17442759000000.0,314339099.0,16253970000000.0
8824,North America,4246,USA,United States,2013,73.8,98.7,68.6,88.8,91.8,70.9,83.6,72.6,82.5,91.7,52.7,88.8,54.2,48.0,63.2,60.6,69.6,68.7,43,15,70,78,7,33.84,17812167000000.0,316726282.0,16880683000000.0
8825,North America,4247,USA,United States,2014,74.1,98.4,68.6,88.9,92.7,71.7,83.5,72.6,84.0,92.3,52.5,89.3,54.3,48.1,61.0,60.7,71.9,69.1,40,30,65,66,8,33.87,18261714000000.0,319257560.0,17608138000000.0
8826,North America,4248,USA,United States,2015,74.0,98.5,68.3,88.5,93.6,71.6,83.5,72.6,81.9,92.7,54.1,88.6,54.4,49.1,61.9,60.7,70.3,67.5,35,35,60,74,8,33.9,18799622000000.0,321815121.0,18295019000000.0
8827,North America,4249,USA,United States,2016,74.4,98.7,68.7,88.3,95.2,71.5,83.5,73.0,82.2,94.6,53.7,89.2,54.2,50.0,62.7,60.7,70.4,67.4,42,60,85,50,10,33.89,19141672000000.0,324353340.0,18804913000000.0
8828,North America,4250,USA,United States,2017,74.7,98.5,68.5,88.8,94.8,72.2,83.6,73.2,82.5,95.0,53.8,90.4,54.3,50.2,65.7,60.7,70.2,67.1,40,30,55,64,10,33.89,19612102000000.0,326608609.0,19612102000000.0
8829,North America,4251,USA,United States,2018,74.4,98.7,68.7,88.9,94.4,74.3,83.6,73.3,82.1,95.6,52.6,86.8,54.4,50.3,63.7,60.5,69.9,67.3,35,35,60,72,8,33.88,20193896000000.0,328529577.0,20656516000000.0
8830,North America,4252,USA,United States,2019,74.9,98.8,68.7,88.8,94.1,74.4,83.6,73.5,82.3,96.4,51.8,92.2,54.3,51.0,65.7,60.4,69.1,67.5,40,33,58,70,10,33.87,20715671000000.0,330226227.0,21539981999999.9
8831,North America,4253,USA,United States,2020,75.6,98.8,68.7,89.2,93.9,76.5,83.6,73.5,79.7,97.7,56.8,92.6,54.3,53.9,65.7,60.4,69.3,70.5,42,42,75,55,10,33.87,20267585000000.0,331577720.0,21354104999999.9
8832,North America,4254,USA,United States,2021,76.0,98.8,68.6,89.2,93.9,76.6,83.6,73.5,81.5,97.8,57.5,90.6,59.9,52.5,65.7,60.5,69.3,72.5,45,55,62,48,10,,21494798000000.0,332099760.0,23681171000000.0
8833,North America,4255,USA,United States,2022,75.9,98.9,68.6,88.7,93.9,76.8,83.6,73.5,81.9,97.8,57.5,89.3,59.9,52.5,65.7,60.4,68.6,72.9,45,40,65,60,5,,22034828000000.0,334017321.0,26006893000000.0
8834,South America,4256,URY,Uruguay,2000,68.8,97.0,58.9,76.2,90.0,65.3,73.9,82.8,71.7,28.5,24.1,91.5,71.4,92.3,53.4,50.7,75.5,65.5,18,25,55,60,10,7.82,1071295690700.0,3266206.0,35697346087.4916
8835,South America,4257,URY,Uruguay,2001,69.0,97.0,56.8,77.2,90.0,65.4,73.9,84.7,70.4,28.6,24.1,91.5,71.5,92.5,54.8,50.7,75.5,67.6,15,20,60,20,8,8.03,1030113692100.0,3274251.0,35097988387.1678
8836,South America,4258,URY,Uruguay,2002,69.2,97.0,59.3,78.4,91.0,65.4,74.0,85.4,69.5,28.9,24.1,91.5,72.0,92.7,53.3,50.7,75.4,67.1,10,30,50,40,10,8.24,950465227100.0,3278867.0,32887458275.7678
8837,South America,4259,URY,Uruguay,2003,69.3,97.0,60.4,78.1,91.4,65.5,74.0,85.4,69.5,29.7,24.1,91.5,71.8,92.7,53.0,50.7,75.6,67.4,20,20,65,65,5,8.44,958119170700.0,3281186.0,33806826336.5553
8838,South America,4260,URY,Uruguay,2004,69.3,97.0,62.9,78.3,90.9,65.5,74.0,81.7,71.6,30.1,24.1,91.5,71.3,92.2,53.9,50.8,76.1,66.8,10,23,60,65,10,8.65,1006064990400.0,3283148.0,36453161893.2765
8839,South America,4261,URY,Uruguay,2005,69.6,97.0,63.5,79.4,90.2,65.1,74.1,83.6,72.1,30.8,24.1,91.6,71.7,92.1,55.6,50.8,76.1,65.5,20,15,60,60,12,8.86,1081118768000.0,3285771.0,40400855508.5102
8840,South America,4262,URY,Uruguay,2006,69.6,97.0,64.0,79.1,89.5,65.1,74.3,80.6,72.8,32.7,24.1,91.6,71.5,91.7,57.2,50.8,75.6,66.2,15,20,70,70,10,9.06,1125429257000.0,3289506.0,43353676275.3724
8841,South America,4263,URY,Uruguay,2007,70.0,97.0,64.6,79.0,88.0,65.7,74.4,86.0,73.6,33.7,23.4,92.1,71.6,92.0,55.4,50.8,76.2,66.1,20,28,65,70,10,9.27,1199049333900.0,3295153.0,47441059040.0868
8842,South America,4264,URY,Uruguay,2008,70.4,97.0,63.7,79.1,90.0,65.7,74.5,86.1,74.3,34.8,26.8,92.5,70.9,90.9,55.2,51.6,76.1,68.2,12,28,75,75,8,9.48,1285094848700.0,3302177.0,51825143210.0126
8843,South America,4265,URY,Uruguay,2009,70.8,97.0,63.9,80.3,90.9,66.8,74.7,86.8,74.5,35.5,24.6,94.1,71.7,91.0,55.3,51.8,75.8,68.5,18,40,65,66,7,9.69,1339627774000.0,3310091.0,54357551863.8989
8844,South America,4266,URY,Uruguay,2010,72.3,97.0,66.0,81.1,91.4,67.4,74.8,92.7,74.8,37.5,30.2,95.0,71.4,91.9,57.8,56.0,75.6,68.6,18,30,80,65,10,9.89,1444164417000.0,3318580.0,59311443732.2357
8845,South America,4267,URY,Uruguay,2011,72.9,97.8,65.6,81.9,90.9,65.9,74.9,90.4,75.2,39.9,42.5,91.9,70.9,90.4,55.9,56.1,76.7,72.2,10,23,80,70,8,10.11,1518714105300.0,3326825.0,63660006329.3378
8846,South America,4268,URY,Uruguay,2012,73.8,97.8,66.1,82.0,91.6,65.9,75.0,89.3,75.2,43.8,53.6,89.0,72.0,91.8,57.8,56.0,75.4,72.8,15,30,75,65,7,10.32,1572448924600.0,3335401.0,65025051255.2609
8847,South America,4269,URY,Uruguay,2013,74.0,98.0,64.1,81.3,91.6,67.8,75.1,92.1,75.2,46.3,50.3,87.0,71.8,92.4,60.0,56.0,75.6,73.7,15,40,82,72,10,10.54,1645371850900.0,3345337.0,69119276780.88
8848,South America,4270,URY,Uruguay,2014,75.1,98.2,66.7,82.3,90.0,68.9,75.2,95.2,78.5,45.5,52.2,89.7,71.8,93.0,62.3,56.9,76.7,74.1,15,30,75,75,10,10.75,1698662010100.0,3356334.0,73395678328.8813
8849,South America,4271,URY,Uruguay,2015,75.8,97.7,67.0,83.3,91.7,70.6,75.4,96.8,78.1,50.4,52.2,88.2,72.2,94.1,64.5,57.8,74.0,74.4,15,30,85,75,15,10.97,1704959651000.0,3368017.0,74664260125.477
8850,South America,4272,URY,Uruguay,2016,76.3,98.4,68.3,83.3,91.8,70.9,75.5,97.5,77.9,56.6,53.8,87.1,72.0,94.5,63.1,57.8,74.4,74.8,10,40,80,72,10,11.1,1733770029000.0,3379283.0,77184684714.7372
8851,South America,4273,URY,Uruguay,2017,76.6,98.5,66.8,84.1,90.8,73.2,75.6,98.0,82.1,56.3,55.2,89.1,71.6,94.1,58.9,57.7,73.9,76.4,15,25,75,75,7,11.22,1763944154000.0,3388438.0,79989594692.0731
8852,South America,4274,URY,Uruguay,2018,76.2,98.6,64.5,83.7,91.4,73.4,75.7,97.3,81.7,56.3,54.0,90.4,70.6,92.5,57.7,56.3,75.0,76.9,18,30,75,75,15,11.35,1766850739000.0,3394534.0,82780785900.3077
8853,South America,4275,URY,Uruguay,2019,77.3,98.5,67.1,85.1,95.9,73.1,75.7,97.5,81.4,57.3,53.7,92.5,70.5,92.6,59.6,58.0,79.3,76.3,18,30,78,63,10,11.48,1783253318000.0,3397206.0,87589105834.4946
8854,South America,4276,URY,Uruguay,2020,77.2,98.2,66.5,84.4,90.7,74.5,75.8,97.5,81.2,58.1,51.8,92.5,70.5,92.7,59.9,58.0,81.1,78.3,18,31,75,63,8,11.6,1652053539000.0,3398968.0,87439329471.1228
8855,South America,4277,URY,Uruguay,2021,77.9,98.3,67.5,84.4,90.7,76.2,75.8,97.5,83.5,59.9,51.8,93.3,70.8,92.5,60.0,59.1,80.8,82.2,18,30,75,68,10,,1748604060000.0,3396695.0,99971136649.7861
8856,South America,4278,URY,Uruguay,2022,77.7,98.5,67.6,84.7,90.7,76.4,75.8,97.5,84.2,59.9,51.8,92.5,70.8,92.5,60.0,59.1,78.1,81.5,20,35,75,60,5,,1827050408000.0,3390913.0,111903244231.607
8857,Asia,4279,UZB,Uzbekistan,2000,60.9,17.9,48.5,63.3,69.8,69.8,52.8,59.0,67.2,16.3,68.5,87.1,94.2,90.9,0.0,64.7,50.5,54.1,44,35,10,40,15,6.96,40809457428000.0,24787054.0,65543503196.7469
8858,Asia,4280,UZB,Uzbekistan,2001,61.2,17.9,50.5,64.1,69.8,70.1,53.4,59.1,67.8,16.2,68.5,86.9,94.4,90.9,0.0,64.7,50.5,54.1,60,30,6,23,7,7.05,42508697226000.0,25090283.0,69809916551.1331
8859,Asia,4281,UZB,Uzbekistan,2002,62.1,17.9,52.5,64.6,71.0,70.4,54.0,59.1,68.4,16.0,79.2,86.8,94.5,90.6,0.0,64.6,50.5,54.1,40,35,15,40,15,7.14,44197775291000.0,25399980.0,73711753798.0964
8860,Asia,4282,UZB,Uzbekistan,2003,61.8,17.9,52.5,64.8,70.7,70.5,54.6,59.4,69.0,15.9,71.5,86.7,94.5,90.9,0.0,64.6,50.7,54.1,55,28,10,27,15,7.24,46068502430000.0,25711259.0,78348597178.3527
8861,Asia,4283,UZB,Uzbekistan,2004,62.3,17.9,55.3,64.6,69.3,75.9,55.2,59.7,69.5,16.0,71.5,86.5,94.6,91.0,0.0,64.6,50.7,54.1,55,20,10,20,15,7.33,49500145455000.0,26029350.0,86448587262.8211
8862,Asia,4284,UZB,Uzbekistan,2005,62.6,17.9,57.2,65.1,68.8,76.0,55.8,60.5,70.1,16.0,71.5,86.7,94.5,91.7,0.0,64.6,50.7,54.1,65,30,10,15,10,7.42,52940409126000.0,26356975.0,95355710317.7964
8863,Asia,4285,UZB,Uzbekistan,2006,63.1,17.9,62.7,65.9,70.3,76.0,56.4,59.4,70.7,16.4,71.5,86.6,94.3,91.6,0.0,64.5,50.8,54.1,75,35,10,30,5,7.51,56885220553000.0,26699043.0,105620795244.455
8864,Asia,4286,UZB,Uzbekistan,2007,63.3,17.9,64.2,66.4,70.6,76.1,56.9,59.8,71.3,16.5,71.5,86.5,94.1,91.6,0.0,64.5,50.9,54.1,50,19,7,33,15,7.6,62273960514000.0,27076008.0,118758873009.41
8865,Asia,4287,UZB,Uzbekistan,2008,63.2,17.9,64.6,67.3,69.5,76.2,57.4,58.2,71.3,16.6,71.5,85.8,93.9,91.5,0.0,64.5,50.1,54.1,55,28,13,23,12,7.69,67896776681000.0,27494774.0,131976541330.994
8866,Asia,4288,UZB,Uzbekistan,2009,63.7,17.9,66.2,67.4,68.7,78.6,57.7,61.2,71.3,17.1,71.5,86.5,93.7,92.7,0.0,64.5,50.1,54.1,65,33,15,30,10,7.78,73363100903000.0,27939328.0,143481425602.427
8867,Asia,4289,UZB,Uzbekistan,2010,64.3,17.9,67.3,70.8,69.9,78.7,57.9,62.5,71.1,18.6,71.5,86.2,93.9,92.9,0.0,64.5,51.1,54.1,40,32,14,40,10,7.87,78936618900000.0,28385506.0,156258133784.147
8868,Asia,4290,UZB,Uzbekistan,2011,64.7,20.4,68.2,71.7,70.8,78.7,58.1,61.7,71.3,19.4,71.5,85.2,93.6,92.3,0.0,64.5,52.8,54.1,40,33,15,30,10,7.97,84876709900000.0,28823196.0,171483146991.364
8869,Asia,4291,UZB,Uzbekistan,2012,65.1,22.1,69.3,72.8,71.2,78.8,58.4,61.6,71.4,18.6,71.5,85.9,93.5,92.1,0.0,64.5,53.6,56.7,45,30,12,60,5,8.06,90905031442600.0,29261903.0,180491445533.307
8870,Asia,4292,UZB,Uzbekistan,2013,65.1,23.7,69.6,72.6,71.4,78.9,58.6,62.4,71.4,19.3,71.5,86.3,93.3,92.5,0.0,64.4,53.2,52.9,55,33,15,33,5,8.16,97537962850400.0,29724065.0,190612221117.744
8871,Asia,4293,UZB,Uzbekistan,2014,65.6,25.2,67.5,73.3,71.7,79.0,58.7,63.0,74.1,19.4,71.5,87.2,93.2,92.7,0.0,64.4,56.5,52.0,20,45,12,55,15,8.25,104242564835200.0,30222994.0,199766953604.239
8872,Asia,4294,UZB,Uzbekistan,2015,66.3,37.0,67.2,74.6,71.4,76.0,58.7,63.4,74.0,23.1,71.5,86.3,93.1,93.2,0.0,64.4,56.2,50.7,55,35,14,55,5,8.34,111767599489800.0,30749346.0,209082432928.014
8873,Asia,4295,UZB,Uzbekistan,2016,67.4,47.6,66.5,74.9,71.8,75.8,58.8,63.4,74.0,28.2,71.5,86.9,93.1,93.0,0.0,64.8,57.7,50.1,60,30,12,35,10,8.41,118397822037000.0,31284568.0,216467147312.947
8874,Asia,4296,UZB,Uzbekistan,2017,67.7,51.7,67.3,76.5,72.6,76.0,58.8,63.6,72.2,29.3,71.5,86.8,93.1,93.2,0.0,64.8,55.8,49.5,55,32,10,60,20,8.48,123601731475600.0,31819178.0,248762687744.268
8875,Asia,4297,UZB,Uzbekistan,2018,68.3,55.0,66.1,76.4,74.0,76.2,58.8,63.2,70.2,31.4,71.5,87.0,93.0,92.8,0.0,64.8,56.7,56.3,65,45,28,60,10,8.54,130472993653000.0,32373490.0,263156175277.909
8876,Asia,4298,UZB,Uzbekistan,2019,69.4,56.4,67.2,77.0,77.2,76.4,58.8,63.4,69.9,36.3,71.5,87.3,93.0,92.8,0.0,64.8,58.8,59.0,42,32,18,60,5,8.61,139318963458700.0,32964701.0,281653051331.452
8877,Asia,4299,UZB,Uzbekistan,2020,70.5,55.9,67.2,76.4,83.7,84.6,58.8,63.3,70.8,39.3,71.5,84.8,93.0,92.9,0.0,64.8,58.7,61.5,60,41,15,37,10,8.67,141496996404800.0,33586372.0,283862781607.33
8878,Asia,4300,UZB,Uzbekistan,2021,71.3,59.1,67.3,77.5,85.1,85.0,58.8,63.3,72.6,40.8,71.5,87.3,93.0,92.8,0.0,64.7,59.4,63.1,35,28,18,60,10,,152865831699300.0,34243696.0,316673503929.41
8879,Asia,4301,UZB,Uzbekistan,2022,71.1,61.6,67.5,77.2,85.1,85.1,58.8,63.3,72.5,40.8,71.5,87.3,93.0,92.8,0.0,64.7,59.8,63.2,50,33,19,40,20,,162039833553000.0,34938955.0,359610275444.799
8926,South America,4348,VEN,"Venezuela, RB",2000,62.9,78.3,57.0,68.1,69.3,58.6,76.8,72.0,68.8,20.4,22.3,68.9,84.3,75.6,74.2,79.3,35.3,60.9,10,30,10,17,15,55.72,41013293000.0,24526708.0,283948886276.542
8927,South America,4349,VEN,"Venezuela, RB",2001,63.1,78.3,56.4,66.5,71.5,58.8,76.7,71.0,69.4,20.6,22.3,68.9,84.0,73.9,75.5,82.3,35.5,61.3,5,25,12,15,15,55.54,42405381000.0,24979922.0,300197445878.446
8928,South America,4350,VEN,"Venezuela, RB",2002,62.7,78.3,54.7,66.3,74.5,59.0,76.6,69.4,67.6,20.6,19.7,69.4,84.0,72.1,75.8,82.2,33.9,61.3,25,25,12,15,10,55.35,38650110000.0,25435671.0,277864950396.367
8929,South America,4351,VEN,"Venezuela, RB",2003,63.0,78.3,55.4,67.3,74.1,59.2,76.6,68.8,67.3,21.0,21.0,69.4,84.6,72.6,77.3,82.1,33.9,61.8,35,20,15,15,8,55.16,35652678000.0,25892703.0,261376168115.712
8930,South America,4352,VEN,"Venezuela, RB",2004,63.8,78.3,56.8,68.9,75.4,59.3,76.5,72.8,68.2,21.2,21.8,69.7,83.9,76.8,77.7,82.1,34.1,61.6,40,30,15,15,5,54.98,42172343000.0,26340838.0,317486932765.823
8931,South America,4353,VEN,"Venezuela, RB",2005,63.9,78.3,58.6,69.9,76.0,63.4,76.5,72.5,70.7,21.9,19.0,69.6,82.7,75.8,75.5,82.3,34.1,59.7,40,40,15,15,5,54.79,46523649000.0,26785804.0,361226732421.355
8932,South America,4354,VEN,"Venezuela, RB",2006,64.6,78.3,59.0,68.6,76.6,63.8,76.5,73.7,71.9,22.8,28.6,69.6,83.8,76.4,72.3,82.2,33.9,60.7,40,30,15,20,15,54.6,51116533000.0,27224686.0,409126938870.429
8933,South America,4355,VEN,"Venezuela, RB",2007,64.9,78.3,58.7,65.5,79.4,64.3,76.5,74.7,72.6,23.1,28.6,73.4,83.0,77.6,71.4,82.1,34.9,59.3,40,50,12,15,15,54.42,55591059000.0,27649363.0,456994767685.508
8934,South America,4356,VEN,"Venezuela, RB",2008,64.3,78.3,57.8,63.5,79.7,64.5,76.5,74.3,73.2,24.1,28.6,71.8,82.4,76.1,71.5,82.1,33.2,56.0,55,30,8,15,15,54.23,58525074000.0,28053696.0,490383960468.684
8935,South America,4357,VEN,"Venezuela, RB",2009,65.5,78.3,58.1,69.6,80.7,64.0,76.5,74.2,73.2,25.2,28.6,75.6,82.1,76.3,72.8,82.0,33.0,63.3,45,38,12,15,10,54.04,56650924000.0,28438298.0,477608118914.653
8936,South America,4358,VEN,"Venezuela, RB",2010,65.4,78.3,58.4,70.7,80.4,63.9,76.5,72.1,72.6,28.5,28.6,75.0,80.9,75.2,71.7,81.9,33.0,63.3,60,55,15,15,5,53.86,55807510000.0,28813101.0,476215424867.172
8937,South America,4359,VEN,"Venezuela, RB",2011,65.7,79.0,58.3,69.1,81.5,64.0,76.5,73.4,72.8,30.4,28.6,75.0,81.1,76.2,70.8,81.9,33.2,64.4,50,40,12,20,10,53.67,58138269000.0,29185212.0,506339379526.118
8938,South America,4360,VEN,"Venezuela, RB",2012,65.7,80.1,58.6,69.3,81.7,64.1,76.4,72.3,72.9,31.6,28.6,74.6,79.8,75.9,72.0,81.8,33.0,63.9,50,40,10,13,10,53.48,61409103000.0,29553826.0,
8939,South America,4361,VEN,"Venezuela, RB",2013,65.4,80.1,60.2,68.6,82.6,65.6,76.4,73.5,72.3,32.5,28.6,70.2,79.2,74.1,71.3,81.7,31.7,62.4,65,45,12,15,15,53.3,62233885000.0,29912198.0,
8940,South America,4362,VEN,"Venezuela, RB",2014,65.1,78.6,59.5,67.2,85.3,65.7,76.4,71.0,74.7,36.2,28.6,63.9,79.5,75.6,70.6,81.6,31.1,62.0,68,40,12,15,7,53.11,59810257000.0,30254079.0,
8941,South America,4363,VEN,"Venezuela, RB",2015,63.2,76.2,56.6,67.4,87.0,65.7,76.4,74.3,72.3,36.1,28.6,60.3,76.2,59.3,74.6,81.6,30.7,51.0,62,55,12,12,12,52.93,,30573972.0,
8942,South America,4364,VEN,"Venezuela, RB",2016,63.9,68.9,54.5,63.3,83.0,64.4,76.4,73.3,73.1,35.8,28.6,65.3,80.8,80.3,77.4,81.5,29.8,49.1,65,45,15,11,8,52.82,,30765720.0,
8943,South America,4365,VEN,"Venezuela, RB",2017,63.4,61.0,51.6,63.2,81.2,67.9,76.3,73.8,76.1,36.0,28.6,56.6,79.6,81.3,80.1,81.5,30.6,52.8,74,45,11,8,10,52.72,,30565323.0,
8944,South America,4366,VEN,"Venezuela, RB",2018,62.6,46.6,51.3,62.4,81.2,67.8,76.3,74.7,75.4,35.4,28.6,53.0,82.9,91.4,80.7,80.1,28.5,48.0,73,30,9,11,15,52.62,,29807592.0,
8945,South America,4367,VEN,"Venezuela, RB",2019,61.6,28.3,51.1,63.2,81.2,67.6,76.3,75.3,75.4,34.9,28.6,54.4,82.6,92.3,80.9,80.1,27.9,46.5,70,20,15,12,10,52.52,,28938098.0,
8946,South America,4368,VEN,"Venezuela, RB",2020,61.1,16.5,53.4,60.3,81.2,67.6,76.3,75.3,73.8,34.1,28.6,53.3,82.6,93.2,81.3,80.0,30.6,50.1,68,50,15,11,15,52.41,,28444077.0,
8947,South America,4369,VEN,"Venezuela, RB",2021,61.5,16.2,52.4,61.4,81.2,67.8,76.3,75.3,76.1,35.1,28.6,53.3,82.6,92.9,81.3,80.8,32.6,51.0,68,55,12,11,10,,,28237826.0,
8948,South America,4370,VEN,"Venezuela, RB",2022,62.9,19.7,52.4,62.8,81.2,68.1,76.3,75.3,76.6,34.8,28.6,71.2,82.6,92.9,81.3,80.7,32.5,52.2,68,45,11,14,10,,,28213017.0,
8949,Asia,4371,VNM,Vietnam,2000,63.5,81.9,59.5,61.0,83.6,67.3,61.0,48.5,72.8,25.7,64.9,57.2,91.6,97.3,56.2,39.2,59.2,52.2,25,25,14,25,8,38.0,1445085269300000.0,77154011.0,201689720071.721
8950,Asia,4372,VNM,Vietnam,2001,63.7,81.9,60.3,61.4,82.4,67.5,61.7,49.9,72.5,25.7,64.9,57.7,91.6,97.2,55.5,41.0,59.2,52.9,35,30,15,75,5,38.52,1534577858300000.0,77969361.0,219002822090.418
8951,Asia,4373,VNM,Vietnam,2002,64.2,81.9,60.2,61.5,82.4,68.4,62.3,50.6,72.9,25.7,64.9,59.5,91.4,97.0,55.5,45.2,59.2,52.9,37,40,15,35,8,39.04,1631575777700000.0,78772224.0,236464006596.447
8952,Asia,4374,VNM,Vietnam,2003,64.5,81.9,59.0,64.0,82.4,68.5,62.9,51.2,72.8,25.9,64.9,60.0,91.3,96.9,55.6,45.6,59.2,55.0,35,38,12,60,10,39.56,1744139226500000.0,79563777.0,257768437989.974
8953,Asia,4375,VNM,Vietnam,2004,64.8,81.9,59.4,63.9,82.4,68.7,63.5,51.6,72.9,26.5,66.4,61.8,91.0,96.6,54.9,45.9,59.2,54.9,40,30,15,45,10,40.07,1875584720200000.0,80338971.0,284648940280.108
8954,Asia,4376,VNM,Vietnam,2005,65.3,81.9,60.3,64.6,85.4,68.9,64.1,54.1,72.9,27.2,66.4,61.9,91.3,96.5,54.4,45.8,59.2,55.2,35,35,16,55,10,40.59,2017139745400000.0,81088313.0,315730733877.768
8955,Asia,4377,VNM,Vietnam,2006,66.0,81.9,61.7,64.5,86.6,69.0,64.8,56.0,72.9,27.9,70.2,63.7,91.3,96.5,53.6,46.1,59.2,55.8,30,35,15,45,8,41.11,2157894845300000.0,82167897.0,348178319133.389
8956,Asia,4378,VNM,Vietnam,2007,65.8,81.9,61.6,63.5,86.6,68.4,65.5,56.6,72.9,28.5,70.2,62.2,91.1,96.4,52.9,46.0,57.9,56.3,30,40,15,60,8,41.63,2311742055100000.0,83633375.0,383107288441.867
8957,Asia,4379,VNM,Vietnam,2008,66.7,81.9,64.4,64.8,89.3,68.5,66.2,57.2,73.0,29.0,70.7,66.0,91.2,96.2,52.3,45.8,60.3,56.5,30,40,15,65,7,42.14,2442627601200000.0,85175788.0,412597227896.963
8958,Asia,4380,VNM,Vietnam,2009,66.8,81.9,64.1,65.1,91.1,68.7,66.9,58.7,73.1,29.4,70.7,66.9,90.5,96.0,51.6,45.7,60.5,55.4,35,30,15,35,10,42.66,2574478136400000.0,86460018.0,437550990419.396
8959,Asia,4381,VNM,Vietnam,2010,66.5,81.9,67.8,66.1,91.1,70.9,67.6,59.3,73.4,30.0,55.7,68.7,90.6,95.8,50.9,45.5,57.6,57.9,35,25,15,72,7,43.18,2739843170000000.0,87455152.0,471315016650.192
8960,Asia,4382,VNM,Vietnam,2011,66.8,85.3,67.4,68.0,89.7,70.4,68.3,61.7,73.5,31.6,55.7,66.5,90.7,95.6,50.5,46.3,58.4,56.4,40,45,15,72,10,43.61,2915553940000000.0,88468314.0,511888589641.725
8961,Asia,4383,VNM,Vietnam,2012,68.3,88.1,68.6,67.5,88.9,70.7,69.0,63.8,73.5,33.1,70.4,70.9,90.7,95.9,49.8,46.4,58.4,56.2,35,38,15,40,10,44.05,3076041910000000.0,89510356.0,570789428423.56
8962,Asia,4384,VNM,Vietnam,2013,68.3,89.1,68.2,62.9,90.5,69.4,69.7,64.7,73.3,34.4,70.4,71.5,90.4,95.6,49.4,46.7,57.4,57.3,30,38,15,60,15,44.48,3246870230000000.0,90573104.0,612129658830.052
8963,Asia,4385,VNM,Vietnam,2014,69.6,90.3,70.5,68.1,95.8,69.6,70.5,65.6,74.8,39.4,74.0,70.7,90.3,94.9,50.4,48.2,56.7,54.0,40,43,15,60,10,44.92,3455392130000000.0,91679578.0,668974831523.37
8964,Asia,4386,VNM,Vietnam,2015,70.6,92.1,69.7,69.2,98.4,69.6,71.2,70.1,75.2,41.4,74.0,75.4,89.7,94.3,49.4,48.2,57.2,55.2,38,45,15,70,15,45.35,3696825710000000.0,92823254.0,712101202507.931
8965,Asia,4387,VNM,Vietnam,2016,70.5,93.2,69.7,68.8,98.0,71.1,71.9,69.3,75.2,41.2,72.1,74.3,89.6,94.1,48.6,48.0,57.5,55.4,35,42,17,65,7,45.73,3944143680000000.0,94000117.0,787204623262.451
8966,Asia,4388,VNM,Vietnam,2017,70.9,93.9,70.5,68.9,98.2,71.2,72.5,71.6,74.5,42.5,72.1,74.9,89.5,93.9,47.7,47.8,58.5,56.4,44,37,18,75,10,46.1,4217874760000000.0,95176977.0,872747364096.311
8967,Asia,4389,VNM,Vietnam,2018,71.3,94.5,71.7,66.6,97.5,71.1,73.1,70.3,76.2,50.0,70.4,82.6,89.2,93.0,47.6,42.0,59.5,57.2,38,44,15,70,10,46.48,4532739400000000.0,96237319.0,963332818078.272
8968,Asia,4390,VNM,Vietnam,2019,71.4,95.5,72.2,68.5,97.9,71.3,73.7,68.6,75.6,50.4,70.4,83.0,89.1,91.9,47.4,41.8,60.4,56.8,40,35,18,50,10,46.85,4866315600000000.0,97173776.0,1071756124195.5
8969,Asia,4391,VNM,Vietnam,2020,71.8,95.4,73.1,69.6,97.8,71.7,74.3,69.0,75.7,52.4,70.4,83.1,89.1,92.1,47.6,41.6,60.4,57.9,42,35,18,65,15,47.23,5005755650000000.0,98079191.0,1138632490789.12
8970,Asia,4392,VNM,Vietnam,2021,72.3,95.6,73.5,68.5,97.4,74.1,74.3,69.0,75.8,53.7,70.4,81.1,90.2,92.2,47.7,44.9,61.6,59.4,41,40,18,65,10,,5133589060000000.0,98935098.0,1192059299524.62
8971,Asia,4393,VNM,Vietnam,2022,73.3,97.0,73.6,69.9,97.4,74.4,74.3,69.0,76.2,58.1,70.4,87.8,90.2,92.2,47.7,44.6,64.4,59.4,52,37,18,75,10,,5571869250000000.0,99680655.0,1386074827447.82
8972,Asia,4394,YEM,"Yemen, Rep.",2000,46.8,42.6,33.8,37.6,29.8,8.3,27.7,29.5,54.6,11.1,73.1,50.3,94.4,97.3,50.8,43.2,46.0,65.9,55,20,10,10,40,1.04,256715000000.0,19624141.0,51486196947.0892
8973,Asia,4395,YEM,"Yemen, Rep.",2001,46.9,42.6,33.7,38.6,29.8,8.3,27.8,29.5,54.5,11.1,73.1,50.3,94.3,97.1,52.0,43.0,46.0,65.3,65,20,10,20,60,1.04,266479529500.0,20226147.0,54647955087.2123
8974,Asia,4396,YEM,"Yemen, Rep.",2002,47.0,42.6,32.5,38.3,29.8,8.3,28.0,31.2,54.4,11.1,73.1,51.0,94.1,97.2,54.3,42.8,46.0,64.9,55,40,12,20,20,1.04,276966115900.0,20835086.0,57681123955.0991
8975,Asia,4397,YEM,"Yemen, Rep.",2003,47.6,42.6,30.8,39.0,33.2,8.3,28.5,31.0,54.3,11.1,73.1,51.2,94.1,97.1,61.1,42.7,46.1,65.1,65,35,10,12,5,1.04,287345139100.0,21456379.0,61024147889.2859
8976,Asia,4398,YEM,"Yemen, Rep.",2004,47.7,42.6,28.4,41.0,34.7,8.3,29.1,30.0,54.2,11.1,73.1,52.0,93.8,97.0,63.6,42.5,46.2,64.1,70,30,10,15,15,1.04,298760489100.0,22095167.0,65154636472.5689
8977,Asia,4399,YEM,"Yemen, Rep.",2005,48.5,42.6,31.4,42.0,35.5,8.3,29.5,31.6,54.1,11.1,73.1,53.1,93.8,96.9,65.7,42.3,49.5,63.4,50,23,15,15,20,1.04,315466423000.0,22790085.0,70955047110.583
8978,Asia,4400,YEM,"Yemen, Rep.",2006,48.9,42.6,32.9,42.6,35.5,8.3,30.0,32.4,54.0,11.1,73.1,54.0,93.6,96.8,67.6,42.2,50.8,63.4,70,30,15,17,10,1.04,325468000000.0,23543083.0,75462123298.8187
8979,Asia,4401,YEM,"Yemen, Rep.",2007,49.0,42.6,32.6,44.0,35.5,8.3,30.5,35.3,53.9,11.5,73.1,54.1,93.6,96.9,65.5,42.0,49.6,63.2,65,35,8,15,75,1.04,336333514700.0,24318082.0,80094088855.2814
8980,Asia,4402,YEM,"Yemen, Rep.",2008,49.6,42.6,32.8,44.1,35.6,8.3,31.0,36.6,53.8,11.8,73.1,55.0,93.8,96.8,72.5,50.9,50.0,54.2,65,30,10,15,70,1.04,348601513300.0,25111941.0,84615045549.7647
8981,Asia,4403,YEM,"Yemen, Rep.",2009,49.4,42.6,32.7,44.3,35.6,8.3,31.4,35.9,53.7,12.3,73.1,54.7,93.4,96.7,72.4,50.7,47.5,53.6,80,30,12,11,40,1.04,362079247900.0,25927724.0,88428524134.3966
8982,Asia,4404,YEM,"Yemen, Rep.",2010,49.6,42.6,32.8,45.8,38.6,8.3,31.9,39.3,53.6,12.6,73.1,52.2,93.9,96.9,72.5,50.6,46.8,51.6,70,37,14,14,40,1.04,389967703320.0,26754387.0,96396994275.687
8983,Asia,4405,YEM,"Yemen, Rep.",2011,49.2,40.5,32.4,44.7,38.6,8.3,32.3,38.7,53.3,13.0,73.1,44.2,94.4,97.4,75.8,50.4,45.9,52.9,70,25,15,5,65,1.04,340383711900.0,27582897.0,85876120603.7268
8984,Asia,4406,YEM,"Yemen, Rep.",2012,49.4,38.4,30.9,45.3,41.1,8.3,32.8,39.2,53.3,15.2,73.1,44.8,94.4,97.2,76.1,50.2,45.1,54.1,75,35,15,15,68,1.04,348529060780.0,28433647.0,85440860540.9299
8985,Asia,4407,YEM,"Yemen, Rep.",2013,49.1,36.2,26.7,47.4,41.6,7.0,33.2,44.2,53.3,15.8,73.1,44.9,94.3,96.7,76.4,50.1,40.0,53.6,70,45,10,10,70,1.04,365340426530.0,29312952.0,92755605479.9207
8986,Asia,4408,YEM,"Yemen, Rep.",2014,48.1,35.3,26.8,46.5,41.6,7.0,33.6,40.6,53.1,11.5,66.3,47.1,94.3,96.8,76.6,49.9,37.5,53.1,78,30,12,9,70,1.04,364651064810.0,30226309.0,
8987,Asia,4409,YEM,"Yemen, Rep.",2015,47.3,21.3,26.5,44.9,41.6,7.0,34.0,46.6,52.9,11.9,66.3,42.0,94.9,98.4,76.3,49.7,37.5,52.3,84,30,10,5,70,1.04,262568653840.0,31159379.0,
8988,Asia,4410,YEM,"Yemen, Rep.",2016,47.3,15.9,24.3,45.7,41.8,7.0,34.5,46.9,53.2,12.0,66.3,50.1,94.8,98.7,75.9,49.6,35.0,52.3,78,50,5,5,72,1.04,237952517420.0,32109010.0,
8989,Asia,4411,YEM,"Yemen, Rep.",2017,47.3,12.0,25.5,44.2,41.8,7.0,34.9,48.2,53.3,12.3,66.3,49.9,94.9,98.8,75.7,49.4,35.7,54.2,75,35,7,5,73,1.04,225884052010.0,33090921.0,
8990,Asia,4412,YEM,"Yemen, Rep.",2018,46.4,11.0,27.2,43.7,41.8,7.5,35.4,33.9,53.4,13.9,66.3,47.1,95.9,98.8,75.3,49.3,35.5,52.6,80,56,8,5,60,1.04,227583711120.0,34085182.0,
8991,Asia,4413,YEM,"Yemen, Rep.",2019,47.0,10.4,27.9,45.0,41.8,13.1,35.8,36.6,53.5,14.0,66.3,48.8,96.0,98.6,75.0,49.1,35.5,51.7,82,40,10,10,60,1.04,,35111408.0,
8992,Asia,4414,YEM,"Yemen, Rep.",2020,46.8,5.7,28.5,45.2,41.8,13.1,36.2,36.9,53.0,14.1,66.3,48.9,96.0,98.7,75.0,48.9,36.0,51.1,78,30,12,11,10,1.04,,36134863.0,
8993,Asia,4415,YEM,"Yemen, Rep.",2021,46.6,4.4,28.6,45.5,41.8,13.1,36.2,36.9,52.8,14.2,66.3,48.9,96.0,98.7,74.9,48.7,35.7,49.9,60,40,8,6,10,,,37140230.0,
8994,Asia,4416,YEM,"Yemen, Rep.",2022,46.8,4.6,28.8,44.5,41.8,13.1,36.2,36.9,53.2,14.2,66.3,53.0,96.0,98.7,74.9,48.4,35.9,50.1,78,55,10,8,75,,,38222876.0,
8995,Africa,4417,ZMB,Zambia,2000,47.1,6.7,54.9,19.2,26.5,44.2,45.0,38.5,56.6,5.3,43.0,60.0,95.5,98.5,0.0,70.6,40.6,49.3,15,30,15,22,15,63.3,47404862600.0,10017631.0,17115278098.8344
8996,Africa,4418,ZMB,Zambia,2001,47.2,6.7,53.7,19.8,27.4,44.6,45.4,39.6,56.2,5.3,43.0,59.8,95.2,98.5,0.0,70.6,40.6,49.2,20,42,20,32,10,63.25,49925316700.0,10325185.0,18431148187.9665
8997,Africa,4419,ZMB,Zambia,2002,47.5,6.7,52.3,20.3,33.9,46.1,45.8,39.1,55.9,5.3,43.0,60.0,95.0,98.5,0.0,70.6,40.6,47.5,20,35,12,20,10,63.2,52174958600.0,10647949.0,19560983498.7598
8998,Africa,4420,ZMB,Zambia,2003,47.7,6.7,53.6,21.2,33.9,46.6,46.3,39.6,55.6,5.3,43.0,59.8,95.1,98.5,0.0,70.6,40.6,46.3,25,35,15,30,8,63.15,55798495900.0,10983595.0,21332505255.3822
8999,Africa,4421,ZMB,Zambia,2004,46.5,6.7,53.4,22.0,43.0,47.1,46.7,40.4,55.2,5.4,12.3,60.0,95.2,98.5,0.0,70.6,40.6,47.7,25,40,20,20,10,63.1,59722466600.0,11338198.0,23446682383.9838
9000,Africa,4422,ZMB,Zambia,2005,47.1,6.7,54.0,22.9,50.8,47.9,47.1,41.4,54.9,5.4,12.3,60.4,95.3,98.5,0.0,70.6,40.6,45.1,30,40,20,30,7,63.06,64043744800.0,11718819.0,25931543608.2792
9001,Africa,4423,ZMB,Zambia,2006,47.3,6.7,55.3,23.6,49.6,49.4,47.5,41.9,56.4,5.4,11.8,60.7,95.1,98.5,0.0,70.6,40.6,44.1,15,40,30,30,10,63.01,69105566700.0,12129553.0,28843984822.4952
9002,Africa,4424,ZMB,Zambia,2007,47.4,6.7,55.6,23.8,52.0,52.5,47.9,40.5,57.9,5.5,11.8,57.2,95.5,98.5,0.0,70.6,39.9,42.9,20,55,20,25,15,62.96,74877565100.0,12565085.0,32099889161.7082
9003,Africa,4425,ZMB,Zambia,2008,48.4,6.7,55.8,26.5,58.5,53.1,48.3,41.8,59.4,6.5,11.8,61.9,95.6,98.5,0.0,70.6,37.1,41.8,40,50,20,23,15,62.91,80698469000.0,13021324.0,35261852123.7694
9004,Africa,4426,ZMB,Zambia,2009,48.3,6.7,56.5,28.5,55.5,53.0,48.7,41.9,57.9,6.5,11.8,58.9,95.4,98.4,0.0,70.6,38.8,43.1,10,38,20,30,15,62.86,88139149000.0,13490389.0,38750659226.177
9005,Africa,4427,ZMB,Zambia,2010,49.2,6.7,58.2,30.0,66.7,53.6,49.1,40.8,56.4,6.6,10.4,59.0,95.2,98.4,0.0,70.6,38.9,46.0,35,50,18,30,15,62.81,97215915400.0,13965594.0,43260717842.1382
9006,Africa,4428,ZMB,Zambia,2011,50.0,7.5,58.3,30.6,68.3,53.0,49.5,42.6,57.9,6.7,10.4,62.9,95.1,98.1,0.0,70.6,39.7,49.4,40,48,30,25,15,62.56,102630114900.0,14437796.0,46612238752.7655
9007,Africa,4429,ZMB,Zambia,2012,50.1,8.7,59.3,31.4,68.4,53.7,49.9,42.9,59.4,6.8,10.4,56.3,94.8,97.8,0.0,70.6,41.5,49.5,35,45,30,30,10,62.31,110427315800.0,14913629.0,49567431316.5811
9008,Africa,4430,ZMB,Zambia,2013,50.4,9.5,57.6,33.0,66.3,58.4,50.3,43.2,59.3,6.9,10.4,55.2,94.6,97.5,0.0,70.6,44.3,49.4,40,60,25,25,5,62.06,116012218100.0,15398997.0,53546651818.13
9009,Africa,4431,ZMB,Zambia,2014,51.6,10.2,57.5,34.9,66.3,58.8,50.7,42.1,61.5,11.3,10.4,61.0,94.7,97.7,0.0,70.6,45.4,53.1,35,55,30,35,12,61.8,121457000000.0,15895315.0,54700785564.6956
9010,Africa,4432,ZMB,Zambia,2015,51.6,10.4,57.2,38.6,66.3,60.7,51.1,42.9,62.3,12.4,8.3,52.7,94.7,97.8,0.0,70.6,47.6,52.9,30,55,18,33,10,61.55,125004000000.0,16399089.0,54731517891.6164
9011,Africa,4433,ZMB,Zambia,2016,52.2,10.5,56.3,39.6,66.3,64.0,51.5,43.2,62.2,14.9,8.3,59.8,94.8,98.1,0.0,70.6,44.7,50.7,30,50,25,42,10,61.3,129698025600.0,16914423.0,56043424009.9189
9012,Africa,4434,ZMB,Zambia,2017,52.5,10.6,57.0,39.8,64.0,64.6,51.8,44.0,64.1,17.2,8.3,58.8,94.7,97.9,0.0,70.6,45.9,51.2,35,58,30,35,15,61.04,134271000000.0,17441320.0,59154463773.684
9013,Africa,4435,ZMB,Zambia,2018,53.4,10.7,57.9,41.8,66.1,66.3,52.2,44.1,66.8,19.3,8.3,59.2,95.0,97.9,0.0,68.9,44.9,55.6,30,58,25,30,15,60.79,139688155300.0,17973569.0,61869932575.7693
9014,Africa,4436,ZMB,Zambia,2019,53.4,10.4,58.7,42.8,66.1,65.9,52.6,44.5,66.4,18.9,8.3,57.1,94.9,97.9,0.0,68.9,45.4,55.3,35,60,30,45,20,60.54,141701489100.0,18513839.0,62232372185.4722
9015,Africa,4437,ZMB,Zambia,2020,53.6,9.4,59.1,45.9,66.7,66.2,52.9,44.7,65.3,19.8,8.3,56.9,94.9,98.0,0.0,68.9,44.4,55.2,30,55,25,35,30,60.28,137755024600.0,19059395.0,60176229608.2428
9016,Africa,4438,ZMB,Zambia,2021,53.2,9.7,59.4,44.9,66.7,65.1,52.9,44.7,65.1,20.2,8.3,54.5,94.9,98.0,0.0,68.4,43.9,55.2,38,48,32,30,10,,146343943000.0,19603607.0,68672119764.9363
9017,Africa,4439,ZMB,Zambia,2022,54.3,9.9,59.5,45.6,66.7,65.1,52.9,44.7,65.1,20.2,8.3,58.1,94.9,98.0,0.0,68.4,44.1,54.9,35,65,20,43,5,,153970253100.0,20152938.0,77401882826.5905
9018,Africa,4440,ZWE,Zimbabwe,2000,52.0,31.3,44.4,26.7,60.1,57.1,56.1,34.3,60.4,13.8,37.0,68.6,93.6,96.9,0.0,70.6,42.7,38.0,73,40,12,15,7,47.48,81700967.5977845,11892055.0,26675976007.5113
9019,Africa,4441,ZWE,Zimbabwe,2001,52.0,31.3,43.6,24.3,61.9,57.7,55.8,35.8,60.6,13.8,37.0,68.6,93.4,97.1,0.0,70.6,42.7,38.0,60,20,10,15,10,47.36,82877147.3058131,11971901.0,27669314925.6851
9020,Africa,4442,ZWE,Zimbabwe,2002,52.0,31.3,40.9,24.2,60.5,57.8,55.3,37.0,60.7,13.8,37.0,68.4,93.3,97.2,0.0,74.0,42.6,38.0,70,20,15,14,8,47.24,75506034.239393,12087653.0,25600136698.7602
9021,Africa,4443,ZWE,Zimbabwe,2003,52.1,31.3,41.0,22.6,60.2,58.5,55.4,38.9,60.9,13.8,37.0,68.0,93.8,97.4,0.0,74.0,43.1,38.0,55,30,10,15,8,47.12,62673727.296514,12232323.0,21668903858.7572
9022,Africa,4444,ZWE,Zimbabwe,2004,52.5,31.3,45.8,22.1,60.2,59.1,55.5,39.9,61.1,13.7,37.0,67.8,93.8,97.5,0.0,74.0,43.3,38.0,40,15,10,10,5,47.0,59033926.7535009,12365896.0,20959329554.4539
9023,Africa,4445,ZWE,Zimbabwe,2005,52.4,31.3,41.6,21.4,60.2,62.8,55.5,38.8,61.1,13.8,37.0,67.6,94.3,97.4,0.0,74.0,43.2,38.0,60,30,8,13,7,46.88,55662449.7813724,12483432.0,20381963410.0714
9024,Africa,4446,ZWE,Zimbabwe,2006,52.5,31.3,42.8,20.3,60.2,63.7,55.4,38.8,61.0,13.8,37.0,67.4,94.8,97.4,0.0,74.0,44.5,38.0,65,37,12,15,5,46.76,53735696.760771,12636445.0,20283232096.368
9025,Africa,4447,ZWE,Zimbabwe,2007,52.2,31.3,42.2,18.3,60.2,64.0,55.4,38.5,60.9,14.0,37.0,65.3,94.7,97.5,0.0,73.9,43.6,38.0,75,60,12,11,8,46.64,51772556.1308447,12804058.0,20071668570.7541
9026,Africa,4448,ZWE,Zimbabwe,2008,51.9,31.3,40.2,17.9,60.2,64.2,55.1,39.7,60.8,14.0,37.0,62.7,94.9,97.8,0.0,73.9,43.2,38.0,75,45,7,12,10,46.52,42624890.974362,12959149.0,16843609167.2042
9027,Africa,4449,ZWE,Zimbabwe,2009,52.9,31.3,44.0,19.5,60.2,64.6,54.9,42.3,60.8,14.0,37.0,70.0,94.7,97.8,0.0,73.9,44.3,38.0,69,25,12,25,10,46.4,48282100.0,13142790.0,19196782459.2674
9028,Africa,4450,ZWE,Zimbabwe,2010,53.8,31.3,43.5,24.8,60.2,65.2,54.6,40.1,60.7,15.1,37.0,71.0,94.7,97.7,0.0,73.9,44.9,45.9,50,25,10,15,5,46.28,57781800.0,13356548.0,23253025533.2756
9029,Africa,4451,ZWE,Zimbabwe,2011,53.8,31.3,43.1,27.1,60.2,65.8,54.3,38.7,60.5,17.1,37.0,73.6,93.4,95.3,0.0,73.9,44.1,45.9,55,40,10,18,5,46.17,65983300.0,13595424.0,27101368989.8634
9030,Africa,4452,ZWE,Zimbabwe,2012,55.8,39.8,45.9,29.5,65.4,66.3,54.1,41.4,60.6,20.2,37.0,71.3,93.6,94.9,0.0,73.8,45.7,53.0,30,40,14,25,15,46.05,76979700.0,13817887.0,31387948467.0715
9031,Africa,4453,ZWE,Zimbabwe,2013,56.2,34.4,45.4,30.7,64.0,73.4,53.8,38.6,60.7,22.6,37.0,73.2,93.5,95.2,0.0,78.1,45.3,52.9,50,40,12,20,8,45.93,78511200.0,14013808.0,34688215407.4666
9032,Africa,4454,ZWE,Zimbabwe,2014,56.3,31.0,46.1,33.2,63.5,74.1,53.5,36.6,59.7,23.6,37.0,74.0,93.7,95.4,0.0,78.0,46.5,54.3,55,40,15,23,10,45.81,80377400.0,14207359.0,36277750598.7166
9033,Africa,4455,ZWE,Zimbabwe,2015,56.3,37.0,44.6,35.1,58.4,75.0,53.3,36.5,60.9,24.6,37.0,75.8,93.6,94.2,0.0,78.0,46.5,50.7,43,55,15,26,10,45.69,81808000.0,14399013.0,38109087385.8666
9034,Africa,4456,ZWE,Zimbabwe,2016,56.1,29.1,43.7,36.9,60.8,75.8,53.0,37.6,60.6,25.4,37.0,76.1,93.5,94.8,0.0,78.0,46.2,48.6,38,45,10,25,15,45.57,82426300.0,14600294.0,40834213264.9256
9035,Africa,4457,ZWE,Zimbabwe,2017,56.4,27.6,46.4,38.5,59.6,77.2,52.8,39.2,63.6,25.7,32.4,75.7,94.5,94.9,0.0,78.0,44.9,51.9,40,55,15,30,15,45.45,86328700.0,14812482.0,104359364850.156
9036,Africa,4458,ZWE,Zimbabwe,2018,55.9,26.4,46.6,39.8,57.9,76.7,51.6,40.6,63.8,23.5,32.4,79.2,94.6,94.1,0.0,76.4,45.5,45.6,35,43,18,25,5,45.33,90653700.0,15034452.0,39306151205.7135
9037,Africa,4459,ZWE,Zimbabwe,2019,53.7,21.4,46.0,40.6,60.6,77.0,51.3,39.9,62.8,23.8,24.0,58.6,94.6,94.2,0.0,76.4,44.0,44.5,40,40,15,25,15,45.21,84913100.0,15271368.0,49040227035.1543
9038,Africa,4460,ZWE,Zimbabwe,2020,54.3,20.1,47.2,41.5,62.0,77.0,51.1,41.6,62.9,25.4,24.0,60.0,94.6,94.3,0.0,76.4,44.6,46.0,55,58,15,22,0,45.09,78275500.0,15526888.0,54509873679.9634
9039,Africa,4461,ZWE,Zimbabwe,2021,54.8,20.8,48.4,41.9,62.5,77.1,51.1,41.6,63.1,27.0,24.0,61.2,94.5,94.3,0.0,77.9,43.1,48.1,50,38,22,28,15,,84903900.0,15797210.0,50310711158.7869
9040,Africa,4462,ZWE,Zimbabwe,2022,55.6,21.5,48.5,41.9,62.5,77.2,51.1,41.6,63.2,27.0,24.0,65.7,94.5,94.3,0.0,77.9,40.5,47.8,38,50,15,33,10,,90116300.0,16069056.0,57206472522.111
